# Started at: 2022-04-28 11:54:55 +0000, Version: v0.1-177-gf3f14d1, Generated by: thermobench --verbose --fan-cmd=fan --fan-on=0 --time=300 --wait=50 --wait-timeout=60 --sensors_file=/root/thermobench/src/sensors.imx8 --cpu-usage --column=CPU0_work_done --column=CPU1_work_done --column=CPU2_work_done --column=CPU3_work_done --column=CPU4_work_done --column=CPU5_work_done --output=/root/JSA/coefficients_experiment/measurements/imx8a//iirflt-4M_A53_one.json.yaml.csv -- demos-sched -p high -c /root/JSA/coefficients_experiment/demos_configurations/imx8//iirflt-4M_A53_one.json.yaml
time/ms,CPU_0_temp/m°C,CPU_1_temp/m°C,GPU_0_temp/m°C,GPU_1_temp/m°C,DRC_temp/m°C,PMIC_temp/m°C,Cortex_A53_0_freq/Hz,Cortex_A53_1_freq/Hz,Cortex_A53_2_freq/Hz,Cortex_A53_3_freq/Hz,Cortex_A72_0_freq/Hz,Cortex_A72_1_freq/Hz,ambient,energy,cam_cpu,cam_mem,heat_sources,CPU0_work_done,CPU1_work_done,CPU2_work_done,CPU3_work_done,CPU4_work_done,CPU5_work_done,CPU0_load/%,CPU1_load/%,CPU2_load/%,CPU3_load/%,CPU4_load/%,CPU5_load/%
1.13653,48100,49500,49700,47700,48100,70000,600000,600000,600000,600000,600000,600000,,,,,,,,,,,,0,0,33.3333,33.3333,0,0
254.977,,,,,,,,,,,,,,,,,,0,,,,,,,,,,,
993.949,48300,49300,49100,47700,48100,70000,1.2e+06,1.2e+06,1.2e+06,1.2e+06,1.596e+06,1.596e+06,27.625,102856.104,,,,,,,,,,86.8687,1.0101,8.82353,4.0404,3.9604,2
1994.09,48100,49100,48900,47400,47900,70000,1.2e+06,1.2e+06,1.2e+06,1.2e+06,1.596e+06,1.596e+06,,102863.063,,,,,,,,,,100,0,0,0,0,0
2994.61,47900,48900,48900,47400,47900,70000,1.2e+06,1.2e+06,1.2e+06,1.2e+06,1.596e+06,1.596e+06,,102870.007,,,,,,,,,,100,0,0,0,0,0
3993.93,47700,48700,48900,47200,47900,70000,1.2e+06,1.2e+06,1.2e+06,1.2e+06,1.596e+06,1.596e+06,,102876.878,,,,,,,,,,100,0,0,0.990099,0,0
4993.63,47900,48900,49100,47000,47700,70000,1.2e+06,1.2e+06,1.2e+06,1.2e+06,1.596e+06,1.596e+06,,102883.831,,,,,,,,,,100,0,0,0,0,0
5994.67,48100,49100,49100,47200,47700,70000,1.2e+06,1.2e+06,1.2e+06,1.2e+06,1.596e+06,1.596e+06,,102890.712,,,,,,,,,,100,0.990099,0,0,0,0
6994.24,47900,49100,49100,47400,47700,70000,1.2e+06,1.2e+06,1.2e+06,1.2e+06,1.596e+06,1.596e+06,,102897.668,,,,,,,,,,100,0,0,0,0,0
7993.79,48100,49100,49100,47400,48100,70000,1.2e+06,1.2e+06,1.2e+06,1.2e+06,1.596e+06,1.596e+06,,102904.545,,,,,,,,,,100,0,0,0,0,0
8994.28,48100,48900,49300,47400,48100,70000,1.2e+06,1.2e+06,1.2e+06,1.2e+06,1.596e+06,1.596e+06,,102911.498,,,,,,,,,,100,0,0,0,0,0
9994.16,48300,49300,49100,47400,48100,70000,1.2e+06,1.2e+06,1.2e+06,1.2e+06,1.596e+06,1.596e+06,,102918.365,,,,,,,,,,100,0,0,0,0,0
10994.2,48300,49300,49300,47700,48100,70000,1.2e+06,1.2e+06,1.2e+06,1.2e+06,1.596e+06,1.596e+06,27.592,102925.302,,,,,,,,,,100,0,0,0,0,0
11994.1,48300,49300,49300,47500,48300,70000,1.2e+06,1.2e+06,1.2e+06,1.2e+06,1.596e+06,1.596e+06,,102932.244,,,,,,,,,,100,0,0,0,0,0
12420.4,,,,,,,,,,,,,,,,,,1,,,,,,,,,,,
12993.8,48500,49300,49700,47700,48100,70000,1.2e+06,1.2e+06,1.2e+06,1.2e+06,1.596e+06,1.596e+06,,102939.148,,,,,,,,,,100,0,0.990099,0,0,0
13994.1,48300,49300,49300,47500,48500,70000,1.2e+06,1.2e+06,1.2e+06,1.2e+06,1.596e+06,1.596e+06,,102946.082,,,,,,,,,,100,0,0,0,0,0
14994.1,48500,49500,49700,47500,48500,70000,1.2e+06,1.2e+06,1.2e+06,1.2e+06,1.596e+06,1.596e+06,,102953.089,,,,,,,,,,100,0,0,0,1,0
15994.6,48700,49500,49700,47700,48500,70000,1.2e+06,1.2e+06,1.2e+06,1.2e+06,1.596e+06,1.596e+06,,102960.099,,,,,,,,,,100,0,0,0,0,0
16994.3,48700,49700,49500,47700,48300,70000,1.2e+06,1.2e+06,1.2e+06,1.2e+06,1.596e+06,1.596e+06,,102967.039,,,,,,,,,,100,0,0,0,0,0
17993.8,48900,49900,49700,47900,48500,70000,1.2e+06,1.2e+06,1.2e+06,1.2e+06,1.596e+06,1.596e+06,,102974.033,,,,,,,,,,100,0,0,0,0,0
18994.2,48900,49500,49700,48100,48700,70000,1.2e+06,1.2e+06,1.2e+06,1.2e+06,1.596e+06,1.596e+06,,102980.973,,,,,,,,,,100,0,0,0,0,0
19994.1,48900,49900,49900,47900,48500,70000,1.2e+06,1.2e+06,1.2e+06,1.2e+06,1.596e+06,1.596e+06,,102987.986,,,,,,,,,,100,0,0,0,0,0
20993.9,48900,50300,49900,48100,48900,70000,1.2e+06,1.2e+06,1.2e+06,1.2e+06,1.596e+06,1.596e+06,27.582,102994.992,,,,,,,,,,100,0,0,0,0,0
21994.5,49100,50100,50100,48100,48900,70000,1.2e+06,1.2e+06,1.2e+06,1.2e+06,1.596e+06,1.596e+06,,103001.938,,,,,,,,,,100,0,0.990099,0,0,0
22994.5,49100,49900,49700,48100,48700,70000,1.2e+06,1.2e+06,1.2e+06,1.2e+06,1.596e+06,1.596e+06,,103008.959,,,,,,,,,,100,0,0,0,0,0
23994.1,48900,49700,50100,48100,48700,70000,1.2e+06,1.2e+06,1.2e+06,1.2e+06,1.596e+06,1.596e+06,,103015.906,,,,,,,,,,100,0,0,0,0.990099,0
24587.4,,,,,,,,,,,,,,,,,,2,,,,,,,,,,,
24994.6,49300,50500,50100,48500,49100,70000,1.2e+06,1.2e+06,1.2e+06,1.2e+06,1.596e+06,1.596e+06,,103022.919,,,,,,,,,,100,0.990099,0,0,0,0
25994.2,49300,50100,50100,48300,48900,70000,1.2e+06,1.2e+06,1.2e+06,1.2e+06,1.596e+06,1.596e+06,,103029.882,,,,,,,,,,100,0,0,0,0,0
26993.8,49300,50300,50100,48500,48900,70000,1.2e+06,1.2e+06,1.2e+06,1.2e+06,1.596e+06,1.596e+06,,103036.903,,,,,,,,,,100,0,0,0,0,0
27994.1,49500,50300,50500,48500,48900,70000,1.2e+06,1.2e+06,1.2e+06,1.2e+06,1.596e+06,1.596e+06,,103043.850,,,,,,,,,,100,0,0,0,0,0
28994,49500,50300,50300,48500,49100,70000,1.2e+06,1.2e+06,1.2e+06,1.2e+06,1.596e+06,1.596e+06,,103050.872,,,,,,,,,,100,0,0,0,0,0
29993.9,49500,50300,50500,48500,49300,70000,1.2e+06,1.2e+06,1.2e+06,1.2e+06,1.596e+06,1.596e+06,,103057.891,,,,,,,,,,100,0,0,0,0,0
30993.7,49700,50500,50500,48500,49300,70000,1.2e+06,1.2e+06,1.2e+06,1.2e+06,1.596e+06,1.596e+06,27.625,103064.840,,,,,,,,,,100,0,0.990099,0,0,0
31994.6,49700,50500,50900,48700,49300,70000,1.2e+06,1.2e+06,1.2e+06,1.2e+06,1.596e+06,1.596e+06,,103071.865,,,,,,,,,,100,0,0.990099,0,0,0
32994.2,49700,50500,50500,48700,49300,70000,1.2e+06,1.2e+06,1.2e+06,1.2e+06,1.596e+06,1.596e+06,,103078.820,,,,,,,,,,100,0,0,0,0,0
33993.6,49500,50500,50700,48900,49300,70000,1.2e+06,1.2e+06,1.2e+06,1.2e+06,1.596e+06,1.596e+06,,103085.850,,,,,,,,,,100,0,0,0,0,0
34993.9,49500,50500,50500,48700,49300,70000,1.2e+06,1.2e+06,1.2e+06,1.2e+06,1.596e+06,1.596e+06,,103092.811,,,,,,,,,,100,0,0,0,0,0
35994.2,49700,50700,50900,48900,49700,70000,1.2e+06,1.2e+06,1.2e+06,1.2e+06,1.596e+06,1.596e+06,,103099.839,,,,,,,,,,100,0,0,0,0,0
36739.3,,,,,,,,,,,,,,,,,,3,,,,,,,,,,,
36993.7,49700,50700,50700,48900,49700,70000,1.2e+06,1.2e+06,1.2e+06,1.2e+06,1.596e+06,1.596e+06,,103105.057,,,,,,,,,,100,0.990099,0,0,0,0
37994.2,49900,50700,50900,48900,49700,70000,1.2e+06,1.2e+06,1.2e+06,1.2e+06,1.596e+06,1.596e+06,,103112.087,,,,,,,,,,100,1,0,0,0,0
38993.8,49900,50700,51100,49100,49300,70000,1.2e+06,1.2e+06,1.2e+06,1.2e+06,1.596e+06,1.596e+06,,103119.050,,,,,,,,,,100,0,0,0,0,0
39994.4,49700,50900,50900,49100,49700,70000,1.2e+06,1.2e+06,1.2e+06,1.2e+06,1.596e+06,1.596e+06,,103126.084,,,,,,,,,,100,0,0,0,0,0
40994.3,49900,50700,50900,49100,49500,70000,1.2e+06,1.2e+06,1.2e+06,1.2e+06,1.596e+06,1.596e+06,27.582,103133.048,,,,,,,,,,100,0,0,0,0,0
41993.9,49900,50700,50900,49300,49500,70000,1.2e+06,1.2e+06,1.2e+06,1.2e+06,1.596e+06,1.596e+06,,103140.083,,,,,,,,,,100,0,0,0,0,0
42994.4,49700,50700,50900,48900,49700,70000,1.2e+06,1.2e+06,1.2e+06,1.2e+06,1.596e+06,1.596e+06,,103147.049,,,,,,,,,,100,0,0,0,0,0
43993.7,50100,50900,51300,48900,49500,70000,1.2e+06,1.2e+06,1.2e+06,1.2e+06,1.596e+06,1.596e+06,,103154.089,,,,,,,,,,100,0,0,0,0,0
44994.6,49900,50900,51300,49300,49500,70000,1.2e+06,1.2e+06,1.2e+06,1.2e+06,1.596e+06,1.596e+06,,103161.049,,,,,,,,,,100,0,0.990099,0,0,0
45994.5,49900,50900,50900,49300,49900,70000,1.2e+06,1.2e+06,1.2e+06,1.2e+06,1.596e+06,1.596e+06,,103168.082,,,,,,,,,,100,0,0,0,0,0
46994.1,50100,51100,51100,49300,49900,70000,1.2e+06,1.2e+06,1.2e+06,1.2e+06,1.596e+06,1.596e+06,,103175.132,,,,,,,,,,100,0,0,0,0,0
47994.7,50300,51100,51300,49300,50100,70000,1.2e+06,1.2e+06,1.2e+06,1.2e+06,1.596e+06,1.596e+06,,103182.103,,,,,,,,,,100,0,0.990099,0,0,0
48891.8,,,,,,,,,,,,,,,,,,4,,,,,,,,,,,
48994.1,50100,50900,51300,49300,49900,70000,1.2e+06,1.2e+06,1.2e+06,1.2e+06,1.596e+06,1.596e+06,,103189.145,,,,,,,,,,100,0,0,0,0,0
49994.1,50100,51100,51300,49300,50300,70000,1.2e+06,1.2e+06,1.2e+06,1.2e+06,1.596e+06,1.596e+06,,103196.114,,,,,,,,,,100,0,0,0,0,0
50994.2,50300,51100,51300,49500,49900,70000,1.2e+06,1.2e+06,1.2e+06,1.2e+06,1.596e+06,1.596e+06,27.56,103203.152,,,,,,,,,,100,0,0,0,0,0
51993.9,50300,51100,51300,49300,49900,70000,1.2e+06,1.2e+06,1.2e+06,1.2e+06,1.596e+06,1.596e+06,,103210.127,,,,,,,,,,100,0,0,0.990099,0,0
52993.6,50300,51300,51300,49500,49900,70000,1.2e+06,1.2e+06,1.2e+06,1.2e+06,1.596e+06,1.596e+06,,103217.165,,,,,,,,,,100,0,0,0.990099,0,0
53993.9,50100,51300,51300,49700,49900,70000,1.2e+06,1.2e+06,1.2e+06,1.2e+06,1.596e+06,1.596e+06,,103224.212,,,,,,,,,,100,0,0,0,0,0
54993.9,50300,51300,51300,49700,49900,70000,1.2e+06,1.2e+06,1.2e+06,1.2e+06,1.596e+06,1.596e+06,,103231.193,,,,,,,,,,100,0,0,0,0,0
55994.2,50300,51100,51300,49500,50100,70000,1.2e+06,1.2e+06,1.2e+06,1.2e+06,1.596e+06,1.596e+06,,103238.168,,,,,,,,,,100,0,0,0,0,0
56994.2,50500,51300,51300,49500,49900,70000,1.2e+06,1.2e+06,1.2e+06,1.2e+06,1.596e+06,1.596e+06,,103245.218,,,,,,,,,,100,0,0,0,0,0
57993.6,50700,51500,51700,49700,50300,70000,1.2e+06,1.2e+06,1.2e+06,1.2e+06,1.596e+06,1.596e+06,,103252.205,,,,,,,,,,100,0,0,1,0,0
58994.4,50300,51500,51700,49700,50100,70000,1.2e+06,1.2e+06,1.2e+06,1.2e+06,1.596e+06,1.596e+06,,103259.249,,,,,,,,,,100,0,0,0,0,0
59994.6,50500,51500,51300,49700,50100,70000,1.2e+06,1.2e+06,1.2e+06,1.2e+06,1.596e+06,1.596e+06,,103266.297,,,,,,,,,,100,0,0,0,0,0
60994.6,50700,51700,51700,49700,50100,70000,1.2e+06,1.2e+06,1.2e+06,1.2e+06,1.596e+06,1.596e+06,27.528,103273.279,,,,,,,,,,100,0,0,0,0,0
61044,,,,,,,,,,,,,,,,,,5,,,,,,,,,,,
61994.2,50700,51700,51700,49900,50500,70000,1.2e+06,1.2e+06,1.2e+06,1.2e+06,1.596e+06,1.596e+06,,103280.263,,,,,,,,,,100,0,0,0,0,0
62993.7,50900,51500,51900,49900,50100,70000,1.2e+06,1.2e+06,1.2e+06,1.2e+06,1.596e+06,1.596e+06,,103287.311,,,,,,,,,,100,0,0,0,0,0
63994.2,50500,51700,51700,49900,50300,70000,1.2e+06,1.2e+06,1.2e+06,1.2e+06,1.596e+06,1.596e+06,,103294.367,,,,,,,,,,100,0,0,0,0,0
64994.1,50500,51700,51700,50100,50300,70000,1.2e+06,1.2e+06,1.2e+06,1.2e+06,1.596e+06,1.596e+06,,103301.345,,,,,,,,,,100,0,0,0.990099,0,0
65994.1,50700,51700,51900,49700,50500,70000,1.2e+06,1.2e+06,1.2e+06,1.2e+06,1.596e+06,1.596e+06,,103308.467,,,,,,,,,,100,0,0,0,0,0
66994.1,50700,51700,52100,49900,50300,70000,1.2e+06,1.2e+06,1.2e+06,1.2e+06,1.596e+06,1.596e+06,,103315.450,,,,,,,,,,100,0,0,0,0,0
67994,50900,51900,52100,50100,50500,70000,1.2e+06,1.2e+06,1.2e+06,1.2e+06,1.596e+06,1.596e+06,,103322.507,,,,,,,,,,100,0,0,0,0,0
68994.1,50700,51900,51900,49900,50500,70000,1.2e+06,1.2e+06,1.2e+06,1.2e+06,1.596e+06,1.596e+06,,103329.491,,,,,,,,,,100,0,0,0,0,0
69994.2,50700,51900,52100,50100,50500,70000,1.2e+06,1.2e+06,1.2e+06,1.2e+06,1.596e+06,1.596e+06,,103336.549,,,,,,,,,,100,0.990099,0,0,0,0
70993.9,50900,51900,52100,50100,50500,70000,1.2e+06,1.2e+06,1.2e+06,1.2e+06,1.596e+06,1.596e+06,27.496,103343.602,,,,,,,,,,100,0,0,0,0,0
71994.4,50700,51900,52100,49900,50700,70000,1.2e+06,1.2e+06,1.2e+06,1.2e+06,1.596e+06,1.596e+06,,103350.598,,,,,,,,,,100,0,0,0,0,0
72994.6,50700,51700,51700,50100,50300,70000,1.2e+06,1.2e+06,1.2e+06,1.2e+06,1.596e+06,1.596e+06,,103357.647,,,,,,,,,,100,0,0,0,0,0
73195.2,,,,,,,,,,,,,,,,,,6,,,,,,,,,,,
73994.1,50900,51900,51900,49900,50700,70000,1.2e+06,1.2e+06,1.2e+06,1.2e+06,1.596e+06,1.596e+06,,103364.636,,,,,,,,,,100,0,0,0,0,0
74994.6,50900,51700,51900,50100,50500,70000,1.2e+06,1.2e+06,1.2e+06,1.2e+06,1.596e+06,1.596e+06,,103371.700,,,,,,,,,,100,0,0,0,0,0
75994.2,50900,51900,51700,50100,50500,70000,1.2e+06,1.2e+06,1.2e+06,1.2e+06,1.596e+06,1.596e+06,,103378.680,,,,,,,,,,100,0,0.990099,0,0,0
76994.6,50700,51900,52100,50100,50300,70000,1.2e+06,1.2e+06,1.2e+06,1.2e+06,1.596e+06,1.596e+06,,103385.745,,,,,,,,,,100,0,0,0,0,0
77994.3,50900,51700,52100,49700,50500,70000,1.2e+06,1.2e+06,1.2e+06,1.2e+06,1.596e+06,1.596e+06,,103392.729,,,,,,,,,,100,0,0,0,0,0
78994.2,50900,51900,52100,50100,50500,70000,1.2e+06,1.2e+06,1.2e+06,1.2e+06,1.596e+06,1.596e+06,,103399.827,,,,,,,,,,100,0,0,0,0,0
79994.2,51100,52100,51900,50100,50500,70000,1.2e+06,1.2e+06,1.2e+06,1.2e+06,1.596e+06,1.596e+06,,103406.856,,,,,,,,,,100,0,0,0,0,0
80994.1,51100,52100,52100,49900,50700,70000,1.2e+06,1.2e+06,1.2e+06,1.2e+06,1.596e+06,1.596e+06,27.496,103413.844,,,,,,,,,,100,0,0,0,0,0
81993.8,51100,52100,52100,50100,50500,70000,1.2e+06,1.2e+06,1.2e+06,1.2e+06,1.596e+06,1.596e+06,,103419.099,,,,,,,,,,100,0,0,0,0,0
82994,51100,51900,52100,50100,50500,70000,1.2e+06,1.2e+06,1.2e+06,1.2e+06,1.596e+06,1.596e+06,,103426.153,,,,,,,,,,100,0,0.990099,0.990099,0,0
83994.6,50900,51900,52100,50100,50700,70000,1.2e+06,1.2e+06,1.2e+06,1.2e+06,1.596e+06,1.596e+06,,103433.222,,,,,,,,,,100,0,0,0,0,0
84993.6,51500,52100,52100,50300,50700,70000,1.2e+06,1.2e+06,1.2e+06,1.2e+06,1.596e+06,1.596e+06,,103440.211,,,,,,,,,,100,0,0,0,0,0
85347.2,,,,,,,,,,,,,,,,,,7,,,,,,,,,,,
85994.6,51100,52100,52300,50300,50700,70000,1.2e+06,1.2e+06,1.2e+06,1.2e+06,1.596e+06,1.596e+06,,103447.271,,,,,,,,,,100,0,0,0,0,0
86993.8,51100,52100,52100,50100,50700,70000,1.2e+06,1.2e+06,1.2e+06,1.2e+06,1.596e+06,1.596e+06,,103454.266,,,,,,,,,,100,0,0,0,0,0
87994,51300,52100,52100,50100,50700,70000,1.2e+06,1.2e+06,1.2e+06,1.2e+06,1.596e+06,1.596e+06,,103461.327,,,,,,,,,,100,0,0,0,0,0
88994.2,51300,52300,52500,50300,50900,70000,1.2e+06,1.2e+06,1.2e+06,1.2e+06,1.596e+06,1.596e+06,,103468.333,,,,,,,,,,100,0,0,0,0,0
89994.3,51300,52100,52100,50500,50900,70000,1.2e+06,1.2e+06,1.2e+06,1.2e+06,1.596e+06,1.596e+06,,103475.391,,,,,,,,,,100,0,0,0.990099,0,0
90994.3,51100,52300,52300,50500,50700,70000,1.2e+06,1.2e+06,1.2e+06,1.2e+06,1.596e+06,1.596e+06,27.507,103482.406,,,,,,,,,,100,0,0,0,0,0
91994.5,51500,52500,52500,50500,51100,70000,1.2e+06,1.2e+06,1.2e+06,1.2e+06,1.596e+06,1.596e+06,,103489.453,,,,,,,,,,100,0,0,0,0,0
92994.4,51300,52500,52100,50500,50900,70000,1.2e+06,1.2e+06,1.2e+06,1.2e+06,1.596e+06,1.596e+06,,103496.448,,,,,,,,,,100,0,0,0,0,0
93994.5,51100,52100,52100,50100,50900,70000,1.2e+06,1.2e+06,1.2e+06,1.2e+06,1.596e+06,1.596e+06,,103503.517,,,,,,,,,,100,0,0,0,0,0
94994,51300,52100,52500,50500,51100,70000,1.2e+06,1.2e+06,1.2e+06,1.2e+06,1.596e+06,1.596e+06,,103510.580,,,,,,,,,,100,0,0,0,0,0
95993.8,51300,52300,52500,50500,50900,70000,1.2e+06,1.2e+06,1.2e+06,1.2e+06,1.596e+06,1.596e+06,,103517.657,,,,,,,,,,100,0,0,0,0,0
96993.7,51300,52300,52300,50300,51100,70000,1.2e+06,1.2e+06,1.2e+06,1.2e+06,1.596e+06,1.596e+06,,103524.655,,,,,,,,,,100,0,0,0,0,0
97498.4,,,,,,,,,,,,,,,,,,8,,,,,,,,,,,
97993.9,51300,52500,52500,50500,50900,70000,1.2e+06,1.2e+06,1.2e+06,1.2e+06,1.596e+06,1.596e+06,,103531.720,,,,,,,,,,100,0,0,0,0,0
98994.2,51300,52500,52600,50500,51100,70000,1.2e+06,1.2e+06,1.2e+06,1.2e+06,1.596e+06,1.596e+06,,103538.726,,,,,,,,,,100,0,0,0,0,0
99994.2,51300,52600,52500,50700,51300,70000,1.2e+06,1.2e+06,1.2e+06,1.2e+06,1.596e+06,1.596e+06,,103545.798,,,,,,,,,,100,0,0,0,0,0
100994,51300,52300,52600,50500,51100,70000,1.2e+06,1.2e+06,1.2e+06,1.2e+06,1.596e+06,1.596e+06,27.517,103552.794,,,,,,,,,,100,0,0,0,0,0
101994,51700,52300,52600,50500,51100,70000,1.2e+06,1.2e+06,1.2e+06,1.2e+06,1.596e+06,1.596e+06,,103559.861,,,,,,,,,,100,0,0,0,0,0
102994,51300,52300,52500,50500,51100,70000,1.2e+06,1.2e+06,1.2e+06,1.2e+06,1.596e+06,1.596e+06,,103566.874,,,,,,,,,,100,0,0,0,0,0
103994,51700,52300,52600,50700,51100,70000,1.2e+06,1.2e+06,1.2e+06,1.2e+06,1.596e+06,1.596e+06,,103573.937,,,,,,,,,,100,0,0,0,0,0
104994,51500,52300,52600,50500,51300,70000,1.2e+06,1.2e+06,1.2e+06,1.2e+06,1.596e+06,1.596e+06,,103580.944,,,,,,,,,,100,0,0,0.990099,0,0
105994,51500,52600,52800,50700,51300,70000,1.2e+06,1.2e+06,1.2e+06,1.2e+06,1.596e+06,1.596e+06,,103588.010,,,,,,,,,,100,0,0.990099,0,0,0
106994,51500,52600,52800,50500,51300,70000,1.2e+06,1.2e+06,1.2e+06,1.2e+06,1.596e+06,1.596e+06,,103595.084,,,,,,,,,,100,0,0,0,0,0
107994,51500,52300,52500,50700,50900,70000,1.2e+06,1.2e+06,1.2e+06,1.2e+06,1.596e+06,1.596e+06,,103602.082,,,,,,,,,,100,0,0,0,0,0
108994,51300,52600,52600,50500,51100,70000,1.2e+06,1.2e+06,1.2e+06,1.2e+06,1.596e+06,1.596e+06,,103609.161,,,,,,,,,,100,0,0,0,0,0
109651,,,,,,,,,,,,,,,,,,9,,,,,,,,,,,
109994,51700,52500,52600,50500,50900,70000,1.2e+06,1.2e+06,1.2e+06,1.2e+06,1.596e+06,1.596e+06,,103616.169,,,,,,,,,,100,0.990099,0,0,0,0
110994,51300,52300,52600,50500,51300,70000,1.2e+06,1.2e+06,1.2e+06,1.2e+06,1.596e+06,1.596e+06,27.496,103623.239,,,,,,,,,,100,0,0.990099,0,0,0
111994,51300,52600,52800,50900,51300,70000,1.2e+06,1.2e+06,1.2e+06,1.2e+06,1.596e+06,1.596e+06,,103630.304,,,,,,,,,,100,0,0,0,0,0
112994,51700,52300,52500,50900,51100,70000,1.2e+06,1.2e+06,1.2e+06,1.2e+06,1.596e+06,1.596e+06,,103637.309,,,,,,,,,,100,0,0,0,0,0
113994,51700,52500,52800,50500,51300,70000,1.2e+06,1.2e+06,1.2e+06,1.2e+06,1.596e+06,1.596e+06,,103644.316,,,,,,,,,,100,0,0,0,0,0
114994,51500,52800,52800,50700,51300,70000,1.2e+06,1.2e+06,1.2e+06,1.2e+06,1.596e+06,1.596e+06,,103651.392,,,,,,,,,,100,0,0,0,0,0
115994,51700,52600,52800,50900,51500,70000,1.2e+06,1.2e+06,1.2e+06,1.2e+06,1.596e+06,1.596e+06,,103658.472,,,,,,,,,,100,0,0,0,0,0
116995,51700,52600,52800,50900,51300,70000,1.2e+06,1.2e+06,1.2e+06,1.2e+06,1.596e+06,1.596e+06,,103665.478,,,,,,,,,,100,0,0,0.990099,0,0
117995,51500,52500,52800,50500,51300,70000,1.2e+06,1.2e+06,1.2e+06,1.2e+06,1.596e+06,1.596e+06,,103672.559,,,,,,,,,,100,0.990099,0,0.990099,0,0
118995,51500,52500,52600,50700,51300,70000,1.2e+06,1.2e+06,1.2e+06,1.2e+06,1.596e+06,1.596e+06,,103679.568,,,,,,,,,,100,0,0,0,0,0
119994,51700,52800,52800,50900,51300,70000,1.2e+06,1.2e+06,1.2e+06,1.2e+06,1.596e+06,1.596e+06,,103686.642,,,,,,,,,,100,0,0,0,0,0
120994,51700,52600,52800,50900,51300,70000,1.2e+06,1.2e+06,1.2e+06,1.2e+06,1.596e+06,1.596e+06,27.485,103693.653,,,,,,,,,,100,0,0,0,0,0.990099
121803,,,,,,,,,,,,,,,,,,10,,,,,,,,,,,
121994,51500,52600,52800,50900,51300,70000,1.2e+06,1.2e+06,1.2e+06,1.2e+06,1.596e+06,1.596e+06,,103700.731,,,,,,,,,,100,0,0,0,0,0
122995,51900,52600,52800,50700,51300,70000,1.2e+06,1.2e+06,1.2e+06,1.2e+06,1.596e+06,1.596e+06,,103707.741,,,,,,,,,,100,0,0,0,0,0
123994,51900,52600,52800,50700,51500,70000,1.2e+06,1.2e+06,1.2e+06,1.2e+06,1.596e+06,1.596e+06,,103714.823,,,,,,,,,,100,0,0,1.96078,0,0
124994,51500,52300,52500,50900,51100,70000,1.2e+06,1.2e+06,1.2e+06,1.2e+06,1.596e+06,1.596e+06,,103721.834,,,,,,,,,,100,0,0,0,0,0
125994,51500,52600,52600,50900,51500,70000,1.2e+06,1.2e+06,1.2e+06,1.2e+06,1.596e+06,1.596e+06,,103728.914,,,,,,,,,,100,0,0,0,0,0
126994,51500,52800,52600,50900,51300,70000,1.2e+06,1.2e+06,1.2e+06,1.2e+06,1.596e+06,1.596e+06,,103734.175,,,,,,,,,,100,0,0,0,0,0
127994,51900,52600,52800,50900,51300,70000,1.2e+06,1.2e+06,1.2e+06,1.2e+06,1.596e+06,1.596e+06,,103741.248,,,,,,,,,,100,0,0.990099,0,0,0
128994,51700,52500,52800,50900,51300,70000,1.2e+06,1.2e+06,1.2e+06,1.2e+06,1.596e+06,1.596e+06,,103748.256,,,,,,,,,,100,0,0,0,0,0
129994,51700,52500,52600,50900,51100,70000,1.2e+06,1.2e+06,1.2e+06,1.2e+06,1.596e+06,1.596e+06,,103755.336,,,,,,,,,,100,0,0,0,0,0
130994,51700,52600,52800,51100,51300,70000,1.2e+06,1.2e+06,1.2e+06,1.2e+06,1.596e+06,1.596e+06,27.464,103762.352,,,,,,,,,,100,0,0,0,0,0
131994,51700,52600,53000,50900,51300,70000,1.2e+06,1.2e+06,1.2e+06,1.2e+06,1.596e+06,1.596e+06,,103769.442,,,,,,,,,,100,0,0,0,0,0
132995,51900,52800,52800,51100,51500,70000,1.2e+06,1.2e+06,1.2e+06,1.2e+06,1.596e+06,1.596e+06,,103776.450,,,,,,,,,,100,0,0,0,0,0
133954,,,,,,,,,,,,,,,,,,11,,,,,,,,,,,
133994,52100,52600,52600,51300,51300,70000,1.2e+06,1.2e+06,1.2e+06,1.2e+06,1.596e+06,1.596e+06,,103783.528,,,,,,,,,,100,0,0,0,0,0
134995,51900,52600,52800,51300,51500,70000,1.2e+06,1.2e+06,1.2e+06,1.2e+06,1.596e+06,1.596e+06,,103790.548,,,,,,,,,,100,0,0,0,0,0
135994,51900,53000,53000,51300,51300,70000,1.2e+06,1.2e+06,1.2e+06,1.2e+06,1.596e+06,1.596e+06,,103797.624,,,,,,,,,,100,0,0,0,0,0
136994,51700,52800,52800,50900,51700,70000,1.2e+06,1.2e+06,1.2e+06,1.2e+06,1.596e+06,1.596e+06,,103804.628,,,,,,,,,,100,0,0,1,0,0
137994,51900,52800,52800,50900,51500,70000,1.2e+06,1.2e+06,1.2e+06,1.2e+06,1.596e+06,1.596e+06,,103811.710,,,,,,,,,,100,0,0,0,0,0
138995,52100,52800,53000,51300,51500,70000,1.2e+06,1.2e+06,1.2e+06,1.2e+06,1.596e+06,1.596e+06,,103818.730,,,,,,,,,,100,0,0,0,0,0
139995,52100,53000,53000,51100,51500,70000,1.2e+06,1.2e+06,1.2e+06,1.2e+06,1.596e+06,1.596e+06,,103825.814,,,,,,,,,,100,0,0,0,0,0
140994,51700,52600,52800,50900,51300,70000,1.2e+06,1.2e+06,1.2e+06,1.2e+06,1.596e+06,1.596e+06,27.442,103832.823,,,,,,,,,,100,0,0,0,0,0
141994,52100,52800,53200,50900,51700,70000,1.2e+06,1.2e+06,1.2e+06,1.2e+06,1.596e+06,1.596e+06,,103839.900,,,,,,,,,,100,0,0,0,0,0
142994,51900,53000,53200,51100,51500,70000,1.2e+06,1.2e+06,1.2e+06,1.2e+06,1.596e+06,1.596e+06,,103846.923,,,,,,,,,,100,0,0,0,0,0
143994,52100,52800,53200,51300,51700,70000,1.2e+06,1.2e+06,1.2e+06,1.2e+06,1.596e+06,1.596e+06,,103854.004,,,,,,,,,,100,0,0,0,0,0
144995,51900,52800,53000,51300,51300,70000,1.2e+06,1.2e+06,1.2e+06,1.2e+06,1.596e+06,1.596e+06,,103861.020,,,,,,,,,,100,0,0,0,0,0
145994,51900,52800,53200,50900,51700,70000,1.2e+06,1.2e+06,1.2e+06,1.2e+06,1.596e+06,1.596e+06,,103868.103,,,,,,,,,,100,0,0,0.990099,0,0
146106,,,,,,,,,,,,,,,,,,12,,,,,,,,,,,
146994,51700,52600,53000,50900,51500,70000,1.2e+06,1.2e+06,1.2e+06,1.2e+06,1.596e+06,1.596e+06,,103875.109,,,,,,,,,,100,0,0,0,0,0
147994,51900,52800,53000,51100,51300,70000,1.2e+06,1.2e+06,1.2e+06,1.2e+06,1.596e+06,1.596e+06,,103882.195,,,,,,,,,,100,0,0,0,0,0
148994,51900,52600,52800,50900,51700,70000,1.2e+06,1.2e+06,1.2e+06,1.2e+06,1.596e+06,1.596e+06,,103889.210,,,,,,,,,,100,0.990099,0,0.990099,0,0
149994,52100,52600,52800,50900,51500,70000,1.2e+06,1.2e+06,1.2e+06,1.2e+06,1.596e+06,1.596e+06,,103896.302,,,,,,,,,,100,0,0,0,0,0
150994,51900,52800,53000,51300,51700,70000,1.2e+06,1.2e+06,1.2e+06,1.2e+06,1.596e+06,1.596e+06,27.517,103903.320,,,,,,,,,,100,0,0,0,0,0
151994,51900,52800,53200,51300,51700,70000,1.2e+06,1.2e+06,1.2e+06,1.2e+06,1.596e+06,1.596e+06,,103910.411,,,,,,,,,,100,0,0,0,0,0
152994,51900,52600,53200,50900,51500,70000,1.2e+06,1.2e+06,1.2e+06,1.2e+06,1.596e+06,1.596e+06,,103917.426,,,,,,,,,,100,0,0,0,0,0
153994,52100,52600,53000,51100,51500,70000,1.2e+06,1.2e+06,1.2e+06,1.2e+06,1.596e+06,1.596e+06,,103924.514,,,,,,,,,,100,0,0,0,0,0
154994,51900,52600,52600,50900,51300,70000,1.2e+06,1.2e+06,1.2e+06,1.2e+06,1.596e+06,1.596e+06,,103931.526,,,,,,,,,,100,0,0,0,0,0
155994,51900,53000,53000,51300,51500,70000,1.2e+06,1.2e+06,1.2e+06,1.2e+06,1.596e+06,1.596e+06,,103938.619,,,,,,,,,,100,0,0,0,0,0
156994,52100,52800,53000,50900,51700,70000,1.2e+06,1.2e+06,1.2e+06,1.2e+06,1.596e+06,1.596e+06,,103945.633,,,,,,,,,,100,0,0,0,0,0
157994,52100,52600,53000,51100,51500,70000,1.2e+06,1.2e+06,1.2e+06,1.2e+06,1.596e+06,1.596e+06,,103952.727,,,,,,,,,,100,0,0,0,0,0
158257,,,,,,,,,,,,,,,,,,13,,,,,,,,,,,
158994,52100,52800,53000,51100,51700,70000,1.2e+06,1.2e+06,1.2e+06,1.2e+06,1.596e+06,1.596e+06,,103959.739,,,,,,,,,,100,0,0,0,0,0
159994,51900,52600,52800,50900,51300,70000,1.2e+06,1.2e+06,1.2e+06,1.2e+06,1.596e+06,1.596e+06,,103966.823,,,,,,,,,,100,0,0,0,0,0
160994,51900,52800,52800,50900,51500,70000,1.2e+06,1.2e+06,1.2e+06,1.2e+06,1.596e+06,1.596e+06,27.55,103973.840,,,,,,,,,,100,0,0,0,0,0
161994,51900,52800,53000,51300,51500,70000,1.2e+06,1.2e+06,1.2e+06,1.2e+06,1.596e+06,1.596e+06,,103980.922,,,,,,,,,,100,0,0,0,0,0
162995,52100,53000,53200,51100,51900,70000,1.2e+06,1.2e+06,1.2e+06,1.2e+06,1.596e+06,1.596e+06,,103987.946,,,,,,,,,,100,0,0,0,0,0
163995,51900,52800,53200,51100,51500,70000,1.2e+06,1.2e+06,1.2e+06,1.2e+06,1.596e+06,1.596e+06,,103995.040,,,,,,,,,,100,0,0,0.990099,0,0
164994,51700,52800,53000,51100,51700,70000,1.2e+06,1.2e+06,1.2e+06,1.2e+06,1.596e+06,1.596e+06,,104002.050,,,,,,,,,,100,0,0,0,0,0
165994,52100,52800,53000,50900,51700,70000,1.2e+06,1.2e+06,1.2e+06,1.2e+06,1.596e+06,1.596e+06,,104009.141,,,,,,,,,,100,0,0,0,0,0
166994,51900,52800,53000,51100,51700,70000,1.2e+06,1.2e+06,1.2e+06,1.2e+06,1.596e+06,1.596e+06,,104016.160,,,,,,,,,,100,0,0,0,0,0
167994,52100,53000,53000,51100,51700,70000,1.2e+06,1.2e+06,1.2e+06,1.2e+06,1.596e+06,1.596e+06,,104023.252,,,,,,,,,,100,0,0,0,0,0
168994,52100,52800,53000,51300,51500,70000,1.2e+06,1.2e+06,1.2e+06,1.2e+06,1.596e+06,1.596e+06,,104030.350,,,,,,,,,,100,0,0,0,0,0.990099
169994,51900,53000,53200,51300,51700,70000,1.2e+06,1.2e+06,1.2e+06,1.2e+06,1.596e+06,1.596e+06,,104037.366,,,,,,,,,,100,0,0,0,0,0
170409,,,,,,,,,,,,,,,,,,14,,,,,,,,,,,
170994,52100,52800,53000,51100,51700,70000,1.2e+06,1.2e+06,1.2e+06,1.2e+06,1.596e+06,1.596e+06,27.56,104044.455,,,,,,,,,,100,0,0,0,0,0
171994,52100,53000,53200,51300,51500,70000,1.2e+06,1.2e+06,1.2e+06,1.2e+06,1.596e+06,1.596e+06,,104051.467,,,,,,,,,,100,0,0,0,0,0
172994,52500,52800,53200,51300,51500,70000,1.2e+06,1.2e+06,1.2e+06,1.2e+06,1.596e+06,1.596e+06,,104058.561,,,,,,,,,,100,0,0,0,0,0
173994,52100,53000,53200,51300,51700,70000,1.2e+06,1.2e+06,1.2e+06,1.2e+06,1.596e+06,1.596e+06,,104065.582,,,,,,,,,,100,0,0,0,0,0
174994,52300,53200,53200,51500,51700,70000,1.2e+06,1.2e+06,1.2e+06,1.2e+06,1.596e+06,1.596e+06,,104072.667,,,,,,,,,,100,0,0,0,0,0
175994,51900,53200,52800,51100,51500,70000,1.2e+06,1.2e+06,1.2e+06,1.2e+06,1.596e+06,1.596e+06,,104077.936,,,,,,,,,,100,0,0,0,0,0
176994,51900,53200,53200,51300,51700,70000,1.2e+06,1.2e+06,1.2e+06,1.2e+06,1.596e+06,1.596e+06,,104084.955,,,,,,,,,,100,0,0,0,0,0
177994,52100,53000,53200,51100,51700,70000,1.2e+06,1.2e+06,1.2e+06,1.2e+06,1.596e+06,1.596e+06,,104092.047,,,,,,,,,,100,0,0,0,0,0
178994,52100,53000,53200,51300,51700,70000,1.2e+06,1.2e+06,1.2e+06,1.2e+06,1.596e+06,1.596e+06,,104099.063,,,,,,,,,,100,0,0,0,0.990099,0
179994,52300,53200,53200,51100,51700,70000,1.2e+06,1.2e+06,1.2e+06,1.2e+06,1.596e+06,1.596e+06,,104106.155,,,,,,,,,,100,0,0,0,0,0
180994,52100,53000,53200,51300,51700,70000,1.2e+06,1.2e+06,1.2e+06,1.2e+06,1.596e+06,1.596e+06,27.646,104113.175,,,,,,,,,,100,0,0,0,0,0
181994,52100,53200,53200,51300,51900,70000,1.2e+06,1.2e+06,1.2e+06,1.2e+06,1.596e+06,1.596e+06,,104120.267,,,,,,,,,,100,0,0,0,0,0
182561,,,,,,,,,,,,,,,,,,15,,,,,,,,,,,
182994,52300,53200,53400,51300,51700,70000,1.2e+06,1.2e+06,1.2e+06,1.2e+06,1.596e+06,1.596e+06,,104127.286,,,,,,,,,,100,0,0,0.990099,0,0
183995,52300,53400,53200,51300,51700,70000,1.2e+06,1.2e+06,1.2e+06,1.2e+06,1.596e+06,1.596e+06,,104134.381,,,,,,,,,,100,0,0,0,0,0
184994,52100,53200,53200,51300,51900,70000,1.2e+06,1.2e+06,1.2e+06,1.2e+06,1.596e+06,1.596e+06,,104141.394,,,,,,,,,,100,0,0,0,0,0
185994,52300,53200,53200,51300,51900,70000,1.2e+06,1.2e+06,1.2e+06,1.2e+06,1.596e+06,1.596e+06,,104148.483,,,,,,,,,,100,0,0,0,0,0
186994,52100,53000,53200,51300,51700,70000,1.2e+06,1.2e+06,1.2e+06,1.2e+06,1.596e+06,1.596e+06,,104155.503,,,,,,,,,,100,0,0.990099,0,0,0
187994,52300,53200,53200,51300,51700,70000,1.2e+06,1.2e+06,1.2e+06,1.2e+06,1.596e+06,1.596e+06,,104162.594,,,,,,,,,,100,0,0,0,0,0
188994,52300,53000,53200,51300,51900,70000,1.2e+06,1.2e+06,1.2e+06,1.2e+06,1.596e+06,1.596e+06,,104169.620,,,,,,,,,,100,0,0,0,0,0
189994,52100,53000,53200,51300,51900,70000,1.2e+06,1.2e+06,1.2e+06,1.2e+06,1.596e+06,1.596e+06,,104176.711,,,,,,,,,,100,0.990099,0.990099,0,0,0
190994,52100,53000,53200,51300,51700,70000,1.2e+06,1.2e+06,1.2e+06,1.2e+06,1.596e+06,1.596e+06,27.657,104183.733,,,,,,,,,,100,0,0,0,0,0
191995,52100,53000,53200,51300,51900,70000,1.2e+06,1.2e+06,1.2e+06,1.2e+06,1.596e+06,1.596e+06,,104190.829,,,,,,,,,,100,0,0,1,0,0
192994,52100,53200,53200,51300,51700,70000,1.2e+06,1.2e+06,1.2e+06,1.2e+06,1.596e+06,1.596e+06,,104197.853,,,,,,,,,,100,0,0,0,0,0
193995,52300,53000,53200,51300,51900,70000,1.2e+06,1.2e+06,1.2e+06,1.2e+06,1.596e+06,1.596e+06,,104204.940,,,,,,,,,,100,0,0.990099,0,0,0
194713,,,,,,,,,,,,,,,,,,16,,,,,,,,,,,
194994,52100,53200,53200,51300,51700,70000,1.2e+06,1.2e+06,1.2e+06,1.2e+06,1.596e+06,1.596e+06,,104211.959,,,,,,,,,,100,0,0,0,0,0
195994,52100,53000,53200,51300,51900,70000,1.2e+06,1.2e+06,1.2e+06,1.2e+06,1.596e+06,1.596e+06,,104219.055,,,,,,,,,,100,0,0,0,0,0
196994,52100,53000,53200,51300,51700,70000,1.2e+06,1.2e+06,1.2e+06,1.2e+06,1.596e+06,1.596e+06,,104226.080,,,,,,,,,,100,0,0,0.990099,0,0
197994,52100,53000,53600,51300,51700,70000,1.2e+06,1.2e+06,1.2e+06,1.2e+06,1.596e+06,1.596e+06,,104233.163,,,,,,,,,,100,0,0,0,0,0
198994,52100,53000,53200,51300,51700,70000,1.2e+06,1.2e+06,1.2e+06,1.2e+06,1.596e+06,1.596e+06,,104240.188,,,,,,,,,,100,0,0,0,0,0
199995,52100,53000,53200,51300,51700,70000,1.2e+06,1.2e+06,1.2e+06,1.2e+06,1.596e+06,1.596e+06,,104247.282,,,,,,,,,,100,0,0,0,0,0
200995,52100,53000,53200,51300,51700,70000,1.2e+06,1.2e+06,1.2e+06,1.2e+06,1.596e+06,1.596e+06,27.625,104254.300,,,,,,,,,,100,0,0.990099,0,0,0
201994,52100,53000,53400,51100,51500,70000,1.2e+06,1.2e+06,1.2e+06,1.2e+06,1.596e+06,1.596e+06,,104261.396,,,,,,,,,,100,0,0.990099,0,0,0
202994,52100,53200,53400,51300,51900,70000,1.2e+06,1.2e+06,1.2e+06,1.2e+06,1.596e+06,1.596e+06,,104268.417,,,,,,,,,,100,0,0,0,0,0
203994,52100,53200,53200,51300,51700,70000,1.2e+06,1.2e+06,1.2e+06,1.2e+06,1.596e+06,1.596e+06,,104275.510,,,,,,,,,,100,0,0,0,0,0
204994,52500,53200,53400,51300,51900,70000,1.2e+06,1.2e+06,1.2e+06,1.2e+06,1.596e+06,1.596e+06,,104282.594,,,,,,,,,,100,0,0,0.990099,0,0
205995,52100,53000,53200,51500,51700,70000,1.2e+06,1.2e+06,1.2e+06,1.2e+06,1.596e+06,1.596e+06,,104289.617,,,,,,,,,,100,0,0,0,0,0
206865,,,,,,,,,,,,,,,,,,17,,,,,,,,,,,
206994,52500,53200,53200,51300,51900,70000,1.2e+06,1.2e+06,1.2e+06,1.2e+06,1.596e+06,1.596e+06,,104296.716,,,,,,,,,,100,0,0,0,0,0
207994,52300,53000,53000,51300,51500,70000,1.2e+06,1.2e+06,1.2e+06,1.2e+06,1.596e+06,1.596e+06,,104303.742,,,,,,,,,,100,0,0,0,0,0
208995,52100,53000,53200,51300,51700,70000,1.2e+06,1.2e+06,1.2e+06,1.2e+06,1.596e+06,1.596e+06,,104310.844,,,,,,,,,,100,0,0,0,0,0
209994,52100,53000,53200,51500,51700,70000,1.2e+06,1.2e+06,1.2e+06,1.2e+06,1.596e+06,1.596e+06,,104317.861,,,,,,,,,,100,0,0,0,0,0
210994,52100,53000,53200,51300,51700,70000,1.2e+06,1.2e+06,1.2e+06,1.2e+06,1.596e+06,1.596e+06,27.582,104324.951,,,,,,,,,,100,0,0,1,0,0
211994,51900,52800,53400,51500,51700,70000,1.2e+06,1.2e+06,1.2e+06,1.2e+06,1.596e+06,1.596e+06,,104331.972,,,,,,,,,,100,0,0,0.990099,0,0
212994,52300,53000,53200,51500,52100,70000,1.2e+06,1.2e+06,1.2e+06,1.2e+06,1.596e+06,1.596e+06,,104339.067,,,,,,,,,,100,0,0,0.990099,0,0
213994,52300,53000,53200,51300,51700,70000,1.2e+06,1.2e+06,1.2e+06,1.2e+06,1.596e+06,1.596e+06,,104346.093,,,,,,,,,,100,0,0,0,0,0
214994,52500,53200,53600,51300,51700,70000,1.2e+06,1.2e+06,1.2e+06,1.2e+06,1.596e+06,1.596e+06,,104353.184,,,,,,,,,,100,0,0,0,0,0
215994,52300,53200,53200,51300,51700,70000,1.2e+06,1.2e+06,1.2e+06,1.2e+06,1.596e+06,1.596e+06,,104360.206,,,,,,,,,,100,0,0,0,0,0
216994,52300,53400,53200,51300,51700,70000,1.2e+06,1.2e+06,1.2e+06,1.2e+06,1.596e+06,1.596e+06,,104367.305,,,,,,,,,,100,0,0.990099,0,0,0
217995,52100,53200,53600,51500,52100,70000,1.2e+06,1.2e+06,1.2e+06,1.2e+06,1.596e+06,1.596e+06,,104374.329,,,,,,,,,,100,0,0,0,0,0
218994,52300,53200,53200,51300,52100,70000,1.2e+06,1.2e+06,1.2e+06,1.2e+06,1.596e+06,1.596e+06,,104381.429,,,,,,,,,,100,0,0,0,0,0
219017,,,,,,,,,,,,,,,,,,18,,,,,,,,,,,
219994,52100,53400,53200,51300,51900,70000,1.2e+06,1.2e+06,1.2e+06,1.2e+06,1.596e+06,1.596e+06,,104388.458,,,,,,,,,,100,0,0,0,0,0
220994,52100,53000,53200,51300,51700,70000,1.2e+06,1.2e+06,1.2e+06,1.2e+06,1.596e+06,1.596e+06,27.539,104395.558,,,,,,,,,,100,0,0,0,0,0
221994,52100,53000,53200,51300,51700,70000,1.2e+06,1.2e+06,1.2e+06,1.2e+06,1.596e+06,1.596e+06,,104402.585,,,,,,,,,,100,0,0,0,0,0
222994,52100,53000,53400,51500,51900,70000,1.2e+06,1.2e+06,1.2e+06,1.2e+06,1.596e+06,1.596e+06,,104409.679,,,,,,,,,,100,0,0,0.990099,0,0
223995,52300,53200,53200,51300,51900,70000,1.2e+06,1.2e+06,1.2e+06,1.2e+06,1.596e+06,1.596e+06,,104416.707,,,,,,,,,,100,0,0,0,0,0
224994,52100,52800,52800,51300,51700,70000,1.2e+06,1.2e+06,1.2e+06,1.2e+06,1.596e+06,1.596e+06,,104423.803,,,,,,,,,,100,0,0,0,0,0
225994,52100,53200,53200,51300,51900,70000,1.2e+06,1.2e+06,1.2e+06,1.2e+06,1.596e+06,1.596e+06,,104429.059,,,,,,,,,,100,0,0,0,0,0
226994,52100,53200,53200,51300,52100,70000,1.2e+06,1.2e+06,1.2e+06,1.2e+06,1.596e+06,1.596e+06,,104436.163,,,,,,,,,,100,0,0,0,0,0
227994,52300,53400,53200,51500,51700,70000,1.2e+06,1.2e+06,1.2e+06,1.2e+06,1.596e+06,1.596e+06,,104443.191,,,,,,,,,,100,0,0,0.990099,0,0
228994,52100,53000,53600,51500,51700,70000,1.2e+06,1.2e+06,1.2e+06,1.2e+06,1.596e+06,1.596e+06,,104450.287,,,,,,,,,,100,0,0,0,0,0
229995,52300,53000,53200,51300,51700,70000,1.2e+06,1.2e+06,1.2e+06,1.2e+06,1.596e+06,1.596e+06,,104457.310,,,,,,,,,,100,0.990099,0,0,0,0
230994,52100,53200,53200,51300,51700,70000,1.2e+06,1.2e+06,1.2e+06,1.2e+06,1.596e+06,1.596e+06,27.464,104464.400,,,,,,,,,,100,0,0,0.990099,0,0
231169,,,,,,,,,,,,,,,,,,19,,,,,,,,,,,
231994,52300,53200,53200,51500,51700,70000,1.2e+06,1.2e+06,1.2e+06,1.2e+06,1.596e+06,1.596e+06,,104471.429,,,,,,,,,,100,0,0,0,0,0
232994,52100,53000,53200,51500,52100,70000,1.2e+06,1.2e+06,1.2e+06,1.2e+06,1.596e+06,1.596e+06,,104478.453,,,,,,,,,,100,0,0,0,0,0
233994,52300,53000,53200,51300,51700,70000,1.2e+06,1.2e+06,1.2e+06,1.2e+06,1.596e+06,1.596e+06,,104485.549,,,,,,,,,,100,0,0,0,0,0
234994,52300,53000,53200,51300,52100,70000,1.2e+06,1.2e+06,1.2e+06,1.2e+06,1.596e+06,1.596e+06,,104492.590,,,,,,,,,,100,0,0,0,0,0
235994,52300,53200,53600,51700,52100,70000,1.2e+06,1.2e+06,1.2e+06,1.2e+06,1.596e+06,1.596e+06,,104499.686,,,,,,,,,,100,0,0,0,0.990099,0
236994,52500,53400,53600,51700,52100,70000,1.2e+06,1.2e+06,1.2e+06,1.2e+06,1.596e+06,1.596e+06,,104506.699,,,,,,,,,,100,0,0,0,0,0
237994,52500,53200,53600,51500,51700,70000,1.2e+06,1.2e+06,1.2e+06,1.2e+06,1.596e+06,1.596e+06,,104513.793,,,,,,,,,,100,0,0,0,0,0
238994,52600,53400,53600,51700,52100,70000,1.2e+06,1.2e+06,1.2e+06,1.2e+06,1.596e+06,1.596e+06,,104520.824,,,,,,,,,,100,0,0,0,0,0
239994,52500,53200,53200,51700,52100,70000,1.2e+06,1.2e+06,1.2e+06,1.2e+06,1.596e+06,1.596e+06,,104527.926,,,,,,,,,,100,0,0,0,0,0
240994,52500,53400,53400,51700,51700,70000,1.2e+06,1.2e+06,1.2e+06,1.2e+06,1.596e+06,1.596e+06,27.389,104535.013,,,,,,,,,,100,0,0.990099,0,0,0
241994,52500,53400,53600,51300,52100,70000,1.2e+06,1.2e+06,1.2e+06,1.2e+06,1.596e+06,1.596e+06,,104542.039,,,,,,,,,,100,0,0.990099,0,0,0
242994,52500,53000,53200,51700,52100,70000,1.2e+06,1.2e+06,1.2e+06,1.2e+06,1.596e+06,1.596e+06,,104549.146,,,,,,,,,,100,0,0,0,0,0
243321,,,,,,,,,,,,,,,,,,20,,,,,,,,,,,
243994,52300,53400,53400,51500,51700,70000,1.2e+06,1.2e+06,1.2e+06,1.2e+06,1.596e+06,1.596e+06,,104556.171,,,,,,,,,,100,0,0,0,0,0
244994,52300,53400,53400,51700,51900,70000,1.2e+06,1.2e+06,1.2e+06,1.2e+06,1.596e+06,1.596e+06,,104563.269,,,,,,,,,,100,0,0,0,0,0
245995,52300,53400,53600,51700,51900,70000,1.2e+06,1.2e+06,1.2e+06,1.2e+06,1.596e+06,1.596e+06,,104570.301,,,,,,,,,,100,0,0,0,0,0
246994,52500,53400,53600,51700,52100,70000,1.2e+06,1.2e+06,1.2e+06,1.2e+06,1.596e+06,1.596e+06,,104577.390,,,,,,,,,,100,0,0,0,0,0
247994,52500,53400,53400,51700,52100,70000,1.2e+06,1.2e+06,1.2e+06,1.2e+06,1.596e+06,1.596e+06,,104584.420,,,,,,,,,,100,0,0,0,0,0
248995,52500,53400,53600,51700,52100,70000,1.2e+06,1.2e+06,1.2e+06,1.2e+06,1.596e+06,1.596e+06,,104591.525,,,,,,,,,,100,0,0,0,0,0
249994,52500,53400,53600,51500,52100,70000,1.2e+06,1.2e+06,1.2e+06,1.2e+06,1.596e+06,1.596e+06,,104598.629,,,,,,,,,,100,0,0,0,0,0
250994,52100,53000,53200,51500,51900,70000,1.2e+06,1.2e+06,1.2e+06,1.2e+06,1.596e+06,1.596e+06,27.367,104605.663,,,,,,,,,,100,0,0,0,0,0
251994,52500,53000,53200,51300,51900,70000,1.2e+06,1.2e+06,1.2e+06,1.2e+06,1.596e+06,1.596e+06,,104612.759,,,,,,,,,,100,0,0,0,0,0
252994,52500,53000,53400,51300,52100,70000,1.2e+06,1.2e+06,1.2e+06,1.2e+06,1.596e+06,1.596e+06,,104619.794,,,,,,,,,,100,0,0,0,0,0
253994,52500,53200,53200,51700,51900,70000,1.2e+06,1.2e+06,1.2e+06,1.2e+06,1.596e+06,1.596e+06,,104626.882,,,,,,,,,,100,0,0,0,0,0
254994,52300,53200,53600,51700,51900,70000,1.2e+06,1.2e+06,1.2e+06,1.2e+06,1.596e+06,1.596e+06,,104633.988,,,,,,,,,,100,0,0,0,0,0
255472,,,,,,,,,,,,,,,,,,21,,,,,,,,,,,
255994,52500,53400,53600,51700,52100,70000,1.2e+06,1.2e+06,1.2e+06,1.2e+06,1.596e+06,1.596e+06,,104641.020,,,,,,,,,,100,0,0,0,0,0
256994,52500,53200,53600,51300,52100,70000,1.2e+06,1.2e+06,1.2e+06,1.2e+06,1.596e+06,1.596e+06,,104648.115,,,,,,,,,,100,0,0,0,0,0
257994,52500,53200,53400,51700,51900,70000,1.2e+06,1.2e+06,1.2e+06,1.2e+06,1.596e+06,1.596e+06,,104655.223,,,,,,,,,,100,0,0,0,0,0
258995,52300,53200,53400,51500,52100,70000,1.2e+06,1.2e+06,1.2e+06,1.2e+06,1.596e+06,1.596e+06,,104662.247,,,,,,,,,,100,0,0,0,0,0
259994,52500,53200,53200,51500,52100,70000,1.2e+06,1.2e+06,1.2e+06,1.2e+06,1.596e+06,1.596e+06,,104669.349,,,,,,,,,,100,0,0,0,0,0
260995,52300,53400,53400,51300,52100,70000,1.2e+06,1.2e+06,1.2e+06,1.2e+06,1.596e+06,1.596e+06,27.346,104676.387,,,,,,,,,,100,0,0,0,0,0
261995,52500,53400,53400,51300,52100,70000,1.2e+06,1.2e+06,1.2e+06,1.2e+06,1.596e+06,1.596e+06,,104683.482,,,,,,,,,,100,0,0,0.990099,0,0
262994,52500,53400,53200,51500,52100,70000,1.2e+06,1.2e+06,1.2e+06,1.2e+06,1.596e+06,1.596e+06,,104690.504,,,,,,,,,,100,0,0,0,0,0
263994,52500,53200,53400,51700,51900,70000,1.2e+06,1.2e+06,1.2e+06,1.2e+06,1.596e+06,1.596e+06,,104697.596,,,,,,,,,,100,0,0,0,0,0
264994,52500,53400,53200,51500,52100,70000,1.2e+06,1.2e+06,1.2e+06,1.2e+06,1.596e+06,1.596e+06,,104704.618,,,,,,,,,,100,0,0,0,0,0
265994,52500,53200,53600,51500,52100,70000,1.2e+06,1.2e+06,1.2e+06,1.2e+06,1.596e+06,1.596e+06,,104711.646,,,,,,,,,,100,0,0,0,0,0
266994,52500,53400,53600,51700,52100,70000,1.2e+06,1.2e+06,1.2e+06,1.2e+06,1.596e+06,1.596e+06,,104718.751,,,,,,,,,,100,0,0,1,0,0
267624,,,,,,,,,,,,,,,,,,22,,,,,,,,,,,
267994,52300,53400,53600,51700,52100,70000,1.2e+06,1.2e+06,1.2e+06,1.2e+06,1.596e+06,1.596e+06,,104725.856,,,,,,,,,,100,0,1,0,0,0
268995,52500,53400,53600,51700,52100,70000,1.2e+06,1.2e+06,1.2e+06,1.2e+06,1.596e+06,1.596e+06,,104732.884,,,,,,,,,,100,0,0,0,0,0
269994,52500,53400,53600,51700,52100,70000,1.2e+06,1.2e+06,1.2e+06,1.2e+06,1.596e+06,1.596e+06,,104739.985,,,,,,,,,,100,1,0,0,0,0
270994,52500,53200,53400,51700,51900,70000,1.2e+06,1.2e+06,1.2e+06,1.2e+06,1.596e+06,1.596e+06,27.335,104747.017,,,,,,,,,,100,0,0,0,0,0.990099
271994,52500,53400,53600,51700,51900,70000,1.2e+06,1.2e+06,1.2e+06,1.2e+06,1.596e+06,1.596e+06,,104754.113,,,,,,,,,,100,0,0,0.990099,0,0
272994,52600,53400,53600,51700,52100,70000,1.2e+06,1.2e+06,1.2e+06,1.2e+06,1.596e+06,1.596e+06,,104759.387,,,,,,,,,,100,0,0,0,0,0
273994,52500,53400,53600,51700,52300,70000,1.2e+06,1.2e+06,1.2e+06,1.2e+06,1.596e+06,1.596e+06,,104766.495,,,,,,,,,,100,0,0,0,0,0
274994,52500,53400,53600,51700,52300,70000,1.2e+06,1.2e+06,1.2e+06,1.2e+06,1.596e+06,1.596e+06,,104773.590,,,,,,,,,,100,0,0,0,0,0
275994,52500,53400,53600,51700,52100,70000,1.2e+06,1.2e+06,1.2e+06,1.2e+06,1.596e+06,1.596e+06,,104780.624,,,,,,,,,,100,0,0,0,0,0
276995,52600,53400,53800,51700,52100,70000,1.2e+06,1.2e+06,1.2e+06,1.2e+06,1.596e+06,1.596e+06,,104787.726,,,,,,,,,,100,0,0,0,0,0
277994,52600,53400,53800,51700,52100,70000,1.2e+06,1.2e+06,1.2e+06,1.2e+06,1.596e+06,1.596e+06,,104794.750,,,,,,,,,,100,0,0,0,0,0
278995,52500,53400,53600,51700,52100,70000,1.2e+06,1.2e+06,1.2e+06,1.2e+06,1.596e+06,1.596e+06,,104801.845,,,,,,,,,,100,0,0.990099,0,0,0
279775,,,,,,,,,,,,,,,,,,23,,,,,,,,,,,
279994,52500,53400,53600,51700,52300,70000,1.2e+06,1.2e+06,1.2e+06,1.2e+06,1.596e+06,1.596e+06,,104808.872,,,,,,,,,,100,0,0,0,0,0
280995,52500,53200,53600,51700,51700,70000,1.2e+06,1.2e+06,1.2e+06,1.2e+06,1.596e+06,1.596e+06,27.281,104815.974,,,,,,,,,,100,0,0,0,0,0
281994,52300,53400,53400,51700,52100,70000,1.2e+06,1.2e+06,1.2e+06,1.2e+06,1.596e+06,1.596e+06,,104823.006,,,,,,,,,,100,0,0.990099,0,0,0
282994,52500,53400,53600,51700,52100,70000,1.2e+06,1.2e+06,1.2e+06,1.2e+06,1.596e+06,1.596e+06,,104830.108,,,,,,,,,,100,0,0,0,0,0
283994,52500,53400,53600,51500,52100,70000,1.2e+06,1.2e+06,1.2e+06,1.2e+06,1.596e+06,1.596e+06,,104837.142,,,,,,,,,,100,0,0,0,0,0
284994,52600,53600,53600,51900,52300,70000,1.2e+06,1.2e+06,1.2e+06,1.2e+06,1.596e+06,1.596e+06,,104844.243,,,,,,,,,,100,0,0,0,0,0
285994,52500,53400,53600,51700,52100,70000,1.2e+06,1.2e+06,1.2e+06,1.2e+06,1.596e+06,1.596e+06,,104851.341,,,,,,,,,,100,0,0.990099,0,0,0
286994,52300,53400,53600,51700,52100,70000,1.2e+06,1.2e+06,1.2e+06,1.2e+06,1.596e+06,1.596e+06,,104858.371,,,,,,,,,,100,0,0,0,0,0
287994,52300,53400,53600,51700,52100,70000,1.2e+06,1.2e+06,1.2e+06,1.2e+06,1.596e+06,1.596e+06,,104865.465,,,,,,,,,,100,0,0,0,0,0
288995,52500,53000,53600,51700,52100,70000,1.2e+06,1.2e+06,1.2e+06,1.2e+06,1.596e+06,1.596e+06,,104872.499,,,,,,,,,,100,0,0,0,0,0
289994,52500,53200,53600,51900,52100,70000,1.2e+06,1.2e+06,1.2e+06,1.2e+06,1.596e+06,1.596e+06,,104879.593,,,,,,,,,,100,0,0,0,0,0
290995,52500,53200,53600,51300,52100,70000,1.2e+06,1.2e+06,1.2e+06,1.2e+06,1.596e+06,1.596e+06,27.249,104886.625,,,,,,,,,,100,0,0,0,0,0
291927,,,,,,,,,,,,,,,,,,24,,,,,,,,,,,
291994,52500,53400,53400,51700,52100,70000,1.2e+06,1.2e+06,1.2e+06,1.2e+06,1.596e+06,1.596e+06,,104893.724,,,,,,,,,,100,0,0,0,0,0
292995,52500,53400,53600,51900,51700,70000,1.2e+06,1.2e+06,1.2e+06,1.2e+06,1.596e+06,1.596e+06,,104900.754,,,,,,,,,,100,0,0,0,0,0
293994,52800,53600,53600,51700,52300,70000,1.2e+06,1.2e+06,1.2e+06,1.2e+06,1.596e+06,1.596e+06,,104907.851,,,,,,,,,,100,0,0,0,0,0
294994,52600,53600,53600,51700,52100,70000,1.2e+06,1.2e+06,1.2e+06,1.2e+06,1.596e+06,1.596e+06,,104914.879,,,,,,,,,,100,0,0,0,0,0
295994,52500,53400,53600,51700,52100,70000,1.2e+06,1.2e+06,1.2e+06,1.2e+06,1.596e+06,1.596e+06,,104921.992,,,,,,,,,,100,0,0,0,0,0
296994,52600,53400,53600,51700,52300,70000,1.2e+06,1.2e+06,1.2e+06,1.2e+06,1.596e+06,1.596e+06,,104929.019,,,,,,,,,,100,0,0,0,0,0
297994,52600,53400,53600,51500,52100,70000,1.2e+06,1.2e+06,1.2e+06,1.2e+06,1.596e+06,1.596e+06,,104936.117,,,,,,,,,,100,0,0,0,0,0
298995,52300,53400,53200,51700,52100,70000,1.2e+06,1.2e+06,1.2e+06,1.2e+06,1.596e+06,1.596e+06,,104943.219,,,,,,,,,,100,0,0,0.990099,0,0
299994,52300,53400,53600,51700,52100,70000,1.2e+06,1.2e+06,1.2e+06,1.2e+06,1.596e+06,1.596e+06,,104950.249,,,,,,,,,,100,0,0,0,0,0
