# Started at: 2022-04-28 16:52:00 +0000, Version: v0.1-177-gf3f14d1, Generated by: thermobench --verbose --fan-cmd=fan --fan-on=0 --time=300 --wait=50 --wait-timeout=60 --sensors_file=/root/thermobench/src/sensors.imx8 --cpu-usage --column=CPU0_work_done --column=CPU1_work_done --column=CPU2_work_done --column=CPU3_work_done --column=CPU4_work_done --column=CPU5_work_done --output=/root/JSA/coefficients_experiment/measurements/imx8a//membench-4M-RW-S_A72_all.json.yaml.csv -- demos-sched -p high -c /root/JSA/coefficients_experiment/demos_configurations/imx8//membench-4M-RW-S_A72_all.json.yaml
time/ms,CPU_0_temp/m°C,CPU_1_temp/m°C,GPU_0_temp/m°C,GPU_1_temp/m°C,DRC_temp/m°C,PMIC_temp/m°C,Cortex_A53_0_freq/Hz,Cortex_A53_1_freq/Hz,Cortex_A53_2_freq/Hz,Cortex_A53_3_freq/Hz,Cortex_A72_0_freq/Hz,Cortex_A72_1_freq/Hz,ambient,energy,cam_cpu,cam_mem,heat_sources,CPU0_work_done,CPU1_work_done,CPU2_work_done,CPU3_work_done,CPU4_work_done,CPU5_work_done,CPU0_load/%,CPU1_load/%,CPU2_load/%,CPU3_load/%,CPU4_load/%,CPU5_load/%
1.12915,48500,49700,49900,48100,48900,70000,600000,600000,600000,600000,1.056e+06,1.056e+06,,,,,,,,,,,,0,0,0,0,33.3333,0
994.053,48900,50900,50300,48900,49100,70000,1.2e+06,1.2e+06,1.2e+06,1.2e+06,1.596e+06,1.596e+06,27.389,238207.018,,,,,,,,,,3.06122,1,7.92079,0,87.7551,87.6289
1500.87,,,,,,,,,,,,,,,,,,,,,,0,,,,,,,
1506.01,,,,,,,,,,,,,,,,,,,,,,,0,,,,,,
1993.91,49500,51100,50500,48700,49500,70000,1.2e+06,1.2e+06,1.2e+06,1.2e+06,1.596e+06,1.596e+06,,238216.073,,,,,,,,,,0,0,0,0,100,100
2847.82,,,,,,,,,,,,,,,,,,,,,,1,,,,,,,
2853.99,,,,,,,,,,,,,,,,,,,,,,,1,,,,,,
2994.22,48900,50700,50300,48500,49500,70000,1.2e+06,1.2e+06,1.2e+06,1.2e+06,1.596e+06,1.596e+06,,238225.242,,,,,,,,,,0,0,0,0,100,100
3993.88,49100,51100,50100,48500,49700,70000,1.2e+06,1.2e+06,1.2e+06,1.2e+06,1.596e+06,1.596e+06,,238234.321,,,,,,,,,,0,0,0,0,100,100
4194.62,,,,,,,,,,,,,,,,,,,,,,2,,,,,,,
4202.22,,,,,,,,,,,,,,,,,,,,,,,2,,,,,,
4993.94,49300,51300,50500,48900,49700,70000,1.2e+06,1.2e+06,1.2e+06,1.2e+06,1.596e+06,1.596e+06,,238243.494,,,,,,,,,,0,0,0,0,100,100
5539.34,,,,,,,,,,,,,,,,,,,,,,3,,,,,,,
5548.26,,,,,,,,,,,,,,,,,,,,,,,3,,,,,,
5993.87,49300,51100,50500,48900,49700,70000,1.2e+06,1.2e+06,1.2e+06,1.2e+06,1.596e+06,1.596e+06,,238252.591,,,,,,,,,,0.990099,0,0.990099,0,100,100
6881.39,,,,,,,,,,,,,,,,,,,,,,4,,,,,,,
6891.52,,,,,,,,,,,,,,,,,,,,,,,4,,,,,,
6993.64,49700,51500,50500,49100,49900,70000,1.2e+06,1.2e+06,1.2e+06,1.2e+06,1.596e+06,1.596e+06,,238261.775,,,,,,,,,,1,1,0,0,100,100
7994.33,49700,51500,50500,49100,49700,70000,1.2e+06,1.2e+06,1.2e+06,1.2e+06,1.596e+06,1.596e+06,,238270.944,,,,,,,,,,0,0,0,0,100,100
8225.4,,,,,,,,,,,,,,,,,,,,,,5,,,,,,,
8237.24,,,,,,,,,,,,,,,,,,,,,,,5,,,,,,
8994.43,49900,51700,50900,49300,50100,70000,1.2e+06,1.2e+06,1.2e+06,1.2e+06,1.596e+06,1.596e+06,,238280.061,,,,,,,,,,0,0,0,0,100,100
9568.25,,,,,,,,,,,,,,,,,,,,,,6,,,,,,,
9581.26,,,,,,,,,,,,,,,,,,,,,,,6,,,,,,
9993.98,49900,51700,51100,49300,50100,70000,1.2e+06,1.2e+06,1.2e+06,1.2e+06,1.596e+06,1.596e+06,,238289.263,,,,,,,,,,0,0,0,0,100,100
10913.5,,,,,,,,,,,,,,,,,,,,,,7,,,,,,,
10927.7,,,,,,,,,,,,,,,,,,,,,,,7,,,,,,
10993.9,50100,51900,50900,49500,50100,70000,1.2e+06,1.2e+06,1.2e+06,1.2e+06,1.596e+06,1.596e+06,27.346,238298.365,,,,,,,,,,0,0,0,0,100,100
11993.6,50100,51900,51300,49700,50500,70000,1.2e+06,1.2e+06,1.2e+06,1.2e+06,1.596e+06,1.596e+06,,238307.486,,,,,,,,,,0.990099,0,0,0,100,100
12251.2,,,,,,,,,,,,,,,,,,,,,,8,,,,,,,
12266.9,,,,,,,,,,,,,,,,,,,,,,,8,,,,,,
12993.6,50300,52300,51500,49900,50500,70000,1.2e+06,1.2e+06,1.2e+06,1.2e+06,1.596e+06,1.596e+06,,238316.701,,,,,,,,,,0,0,0,0,100,100
13593.3,,,,,,,,,,,,,,,,,,,,,,9,,,,,,,
13610.4,,,,,,,,,,,,,,,,,,,,,,,9,,,,,,
13993.9,50500,52600,51700,50100,50700,70000,1.2e+06,1.2e+06,1.2e+06,1.2e+06,1.596e+06,1.596e+06,,238325.914,,,,,,,,,,0,0,0,0,100,100
14932.2,,,,,,,,,,,,,,,,,,,,,,10,,,,,,,
14950.3,,,,,,,,,,,,,,,,,,,,,,,10,,,,,,
14994.4,50900,52500,51900,50300,50900,70000,1.2e+06,1.2e+06,1.2e+06,1.2e+06,1.596e+06,1.596e+06,,238335.049,,,,,,,,,,0.990099,0,0,0,100,100
15994.1,50900,52500,51700,50100,50900,70000,1.2e+06,1.2e+06,1.2e+06,1.2e+06,1.596e+06,1.596e+06,,238344.270,,,,,,,,,,0,0,0,0,100,100
16273.2,,,,,,,,,,,,,,,,,,,,,,11,,,,,,,
16292.4,,,,,,,,,,,,,,,,,,,,,,,11,,,,,,
16993.9,50900,53000,52100,50500,50900,70000,1.2e+06,1.2e+06,1.2e+06,1.2e+06,1.596e+06,1.596e+06,,238353.405,,,,,,,,,,1,0,0,0,100,100
17619.4,,,,,,,,,,,,,,,,,,,,,,12,,,,,,,
17639.6,,,,,,,,,,,,,,,,,,,,,,,12,,,,,,
17994.5,50900,52800,52100,50700,51300,70000,1.2e+06,1.2e+06,1.2e+06,1.2e+06,1.596e+06,1.596e+06,,238362.642,,,,,,,,,,0,0.990099,0,0,100,100
18960.7,,,,,,,,,,,,,,,,,,,,,,13,,,,,,,
18983,,,,,,,,,,,,,,,,,,,,,,,13,,,,,,
18994.2,51300,53200,52500,50700,51500,70000,1.2e+06,1.2e+06,1.2e+06,1.2e+06,1.596e+06,1.596e+06,,238371.796,,,,,,,,,,0,0,0,0,100,100
19993.7,51500,53200,52600,50900,51700,70000,1.2e+06,1.2e+06,1.2e+06,1.2e+06,1.596e+06,1.596e+06,,238381.051,,,,,,,,,,0,0.990099,0,0,100,100
20303.2,,,,,,,,,,,,,,,,,,,,,,14,,,,,,,
20327.1,,,,,,,,,,,,,,,,,,,,,,,14,,,,,,
20994.3,51500,53400,52600,50900,51500,70000,1.2e+06,1.2e+06,1.2e+06,1.2e+06,1.596e+06,1.596e+06,27.356,238390.288,,,,,,,,,,0,0,0,0,100,100
21649.5,,,,,,,,,,,,,,,,,,,,,,15,,,,,,,
21673.6,,,,,,,,,,,,,,,,,,,,,,,15,,,,,,
21994.3,51700,53400,52800,50900,51500,70000,1.2e+06,1.2e+06,1.2e+06,1.2e+06,1.596e+06,1.596e+06,,238399.435,,,,,,,,,,0,0,0,0,100,100
22991,,,,,,,,,,,,,,,,,,,,,,16,,,,,,,
22994.2,51500,53600,52800,51300,51700,70000,1.2e+06,1.2e+06,1.2e+06,1.2e+06,1.596e+06,1.596e+06,,238408.690,,,,,,,,,,1,0,0,0,100,100
23016.7,,,,,,,,,,,,,,,,,,,,,,,16,,,,,,
23994.3,51700,53600,53000,51300,51900,70000,1.2e+06,1.2e+06,1.2e+06,1.2e+06,1.596e+06,1.596e+06,,238417.846,,,,,,,,,,0,0,0,0,100,100
24336.4,,,,,,,,,,,,,,,,,,,,,,17,,,,,,,
24363.4,,,,,,,,,,,,,,,,,,,,,,,17,,,,,,
24993.8,51900,54000,53200,51300,51900,70000,1.2e+06,1.2e+06,1.2e+06,1.2e+06,1.596e+06,1.596e+06,,238427.114,,,,,,,,,,0,0,0,0,100,100
25680.5,,,,,,,,,,,,,,,,,,,,,,18,,,,,,,
25708.9,,,,,,,,,,,,,,,,,,,,,,,18,,,,,,
25994.5,52100,53800,53200,51700,52100,70000,1.2e+06,1.2e+06,1.2e+06,1.2e+06,1.596e+06,1.596e+06,,238436.272,,,,,,,,,,0,1,0,0,100,100
26994.6,52100,54000,53200,51700,52100,70000,1.2e+06,1.2e+06,1.2e+06,1.2e+06,1.596e+06,1.596e+06,,238445.527,,,,,,,,,,0,0,0,0,100,100
27022.8,,,,,,,,,,,,,,,,,,,,,,19,,,,,,,
27053.2,,,,,,,,,,,,,,,,,,,,,,,19,,,,,,
27994,52300,54400,53600,51700,52500,70000,1.2e+06,1.2e+06,1.2e+06,1.2e+06,1.596e+06,1.596e+06,,238454.710,,,,,,,,,,0.990099,0,0,0,100,100
28365.2,,,,,,,,,,,,,,,,,,,,,,20,,,,,,,
28396.6,,,,,,,,,,,,,,,,,,,,,,,20,,,,,,
28993.9,52500,54600,53800,51900,52500,70000,1.2e+06,1.2e+06,1.2e+06,1.2e+06,1.596e+06,1.596e+06,,238463.989,,,,,,,,,,1,0,0,0,100,100
29706.7,,,,,,,,,,,,,,,,,,,,,,21,,,,,,,
29738.7,,,,,,,,,,,,,,,,,,,,,,,21,,,,,,
29994.2,52500,54200,53600,52100,52500,70000,1.2e+06,1.2e+06,1.2e+06,1.2e+06,1.596e+06,1.596e+06,,238473.174,,,,,,,,,,0,0,0,0,100,100
30994.3,52600,54600,53800,52100,52600,70000,1.2e+06,1.2e+06,1.2e+06,1.2e+06,1.596e+06,1.596e+06,27.335,238482.437,,,,,,,,,,0,0,0,0,100,100
31052.7,,,,,,,,,,,,,,,,,,,,,,22,,,,,,,
31086.4,,,,,,,,,,,,,,,,,,,,,,,22,,,,,,
31994.2,52800,54800,54000,52300,52800,70000,1.2e+06,1.2e+06,1.2e+06,1.2e+06,1.596e+06,1.596e+06,,238491.635,,,,,,,,,,0,0,0,0.990099,100,100
32396.5,,,,,,,,,,,,,,,,,,,,,,23,,,,,,,
32431.1,,,,,,,,,,,,,,,,,,,,,,,23,,,,,,
32993.7,52800,54600,54000,52500,52800,70000,1.2e+06,1.2e+06,1.2e+06,1.2e+06,1.596e+06,1.596e+06,,238500.902,,,,,,,,,,1.96078,0,0,0,100,100
33737.9,,,,,,,,,,,,,,,,,,,,,,24,,,,,,,
33773.6,,,,,,,,,,,,,,,,,,,,,,,24,,,,,,
33994.4,53200,54800,54200,52500,52800,70000,1.2e+06,1.2e+06,1.2e+06,1.2e+06,1.596e+06,1.596e+06,,238510.095,,,,,,,,,,0,0,0.990099,0,100,100
34994.3,53000,55000,54400,52500,53000,70000,1.2e+06,1.2e+06,1.2e+06,1.2e+06,1.596e+06,1.596e+06,,238519.378,,,,,,,,,,0,0,0,0,100,100
35081.9,,,,,,,,,,,,,,,,,,,,,,25,,,,,,,
35119.6,,,,,,,,,,,,,,,,,,,,,,,25,,,,,,
35994.3,53000,55000,54400,52800,53200,70000,1.2e+06,1.2e+06,1.2e+06,1.2e+06,1.596e+06,1.596e+06,,238528.577,,,,,,,,,,0,0,0,0,100,100
36429.4,,,,,,,,,,,,,,,,,,,,,,26,,,,,,,
36468.3,,,,,,,,,,,,,,,,,,,,,,,26,,,,,,
36994.5,53200,55200,54400,52600,53200,70000,1.2e+06,1.2e+06,1.2e+06,1.2e+06,1.596e+06,1.596e+06,,238537.864,,,,,,,,,,0,0,0,0,100,100
37773,,,,,,,,,,,,,,,,,,,,,,27,,,,,,,
37812.9,,,,,,,,,,,,,,,,,,,,,,,27,,,,,,
37994,53200,55000,54600,52800,53200,70000,1.2e+06,1.2e+06,1.2e+06,1.2e+06,1.596e+06,1.596e+06,,238547.064,,,,,,,,,,1,0,0,0,100,100
38994.2,53600,55600,54800,53000,53600,70000,1.2e+06,1.2e+06,1.2e+06,1.2e+06,1.596e+06,1.596e+06,,238556.375,,,,,,,,,,0,0,0,0,100,100
39112.9,,,,,,,,,,,,,,,,,,,,,,28,,,,,,,
39154.4,,,,,,,,,,,,,,,,,,,,,,,28,,,,,,
39994.1,53600,55800,54800,53000,53600,70000,1.2e+06,1.2e+06,1.2e+06,1.2e+06,1.596e+06,1.596e+06,,238565.594,,,,,,,,,,0,0,0,0,100,100
40456.5,,,,,,,,,,,,,,,,,,,,,,29,,,,,,,
40499.4,,,,,,,,,,,,,,,,,,,,,,,29,,,,,,
40994.6,53600,55600,54800,53000,53600,70000,1.2e+06,1.2e+06,1.2e+06,1.2e+06,1.596e+06,1.596e+06,27.324,238574.896,,,,,,,,,,0,0,0,0,100,100
41800.4,,,,,,,,,,,,,,,,,,,,,,30,,,,,,,
41844.7,,,,,,,,,,,,,,,,,,,,,,,30,,,,,,
41993.8,54000,55400,54800,53200,53600,70000,1.2e+06,1.2e+06,1.2e+06,1.2e+06,1.596e+06,1.596e+06,,238584.102,,,,,,,,,,0,0,0,0,100,100
42994.3,53800,55600,55200,53200,53800,70000,1.2e+06,1.2e+06,1.2e+06,1.2e+06,1.596e+06,1.596e+06,,238593.423,,,,,,,,,,0.990099,0,0,0,100,100
43141.2,,,,,,,,,,,,,,,,,,,,,,31,,,,,,,
43186.4,,,,,,,,,,,,,,,,,,,,,,,31,,,,,,
43994,54000,55800,55200,53400,53800,70000,1.2e+06,1.2e+06,1.2e+06,1.2e+06,1.596e+06,1.596e+06,,238602.654,,,,,,,,,,0,0,0,0,100,100
44484.5,,,,,,,,,,,,,,,,,,,,,,32,,,,,,,
44531.2,,,,,,,,,,,,,,,,,,,,,,,32,,,,,,
44994.3,54000,56200,55400,53600,54000,70000,1.2e+06,1.2e+06,1.2e+06,1.2e+06,1.596e+06,1.596e+06,,238611.954,,,,,,,,,,0,0,0,0,100,100
45832.5,,,,,,,,,,,,,,,,,,,,,,33,,,,,,,
45879.6,,,,,,,,,,,,,,,,,,,,,,,33,,,,,,
45993.8,54000,56400,55600,53800,54000,70000,1.2e+06,1.2e+06,1.2e+06,1.2e+06,1.596e+06,1.596e+06,,238621.179,,,,,,,,,,0,0,0,0,100,100
46994.3,54000,56200,55600,53600,54000,70000,1.2e+06,1.2e+06,1.2e+06,1.2e+06,1.596e+06,1.596e+06,,238630.503,,,,,,,,,,0,0,0,0,100,100
47172.7,,,,,,,,,,,,,,,,,,,,,,34,,,,,,,
47221,,,,,,,,,,,,,,,,,,,,,,,34,,,,,,
47994,54000,56200,55400,53800,54000,70000,1.2e+06,1.2e+06,1.2e+06,1.2e+06,1.596e+06,1.596e+06,,238639.723,,,,,,,,,,1,0,0,0,100,100
48522.9,,,,,,,,,,,,,,,,,,,,,,35,,,,,,,
48575,,,,,,,,,,,,,,,,,,,,,,,35,,,,,,
48993.7,54400,56200,55600,53800,54000,70000,1.2e+06,1.2e+06,1.2e+06,1.2e+06,1.596e+06,1.596e+06,,238646.728,,,,,,,,,,0,0,0,0,100,100
49870.5,,,,,,,,,,,,,,,,,,,,,,36,,,,,,,
49920.9,,,,,,,,,,,,,,,,,,,,,,,36,,,,,,
49994.1,54200,56200,55600,54000,54000,70000,1.2e+06,1.2e+06,1.2e+06,1.2e+06,1.596e+06,1.596e+06,,238655.972,,,,,,,,,,0,0,0,0,100,100
50994,54400,56400,55600,54000,54400,70000,1.2e+06,1.2e+06,1.2e+06,1.2e+06,1.596e+06,1.596e+06,27.303,238665.296,,,,,,,,,,0,0,0,0,100,100
51220.8,,,,,,,,,,,,,,,,,,,,,,37,,,,,,,
51274,,,,,,,,,,,,,,,,,,,,,,,37,,,,,,
51994.5,54400,56600,56000,54000,54400,70000,1.2e+06,1.2e+06,1.2e+06,1.2e+06,1.596e+06,1.596e+06,,238674.619,,,,,,,,,,0.990099,0.990099,0,0,100,100
52568.4,,,,,,,,,,,,,,,,,,,,,,38,,,,,,,
52621.6,,,,,,,,,,,,,,,,,,,,,,,38,,,,,,
52993.6,54600,56600,56000,54200,54400,70000,1.2e+06,1.2e+06,1.2e+06,1.2e+06,1.596e+06,1.596e+06,,238683.853,,,,,,,,,,1,0.990099,0,0,100,100
53912.9,,,,,,,,,,,,,,,,,,,,,,39,,,,,,,
53967.7,,,,,,,,,,,,,,,,,,,,,,,39,,,,,,
53993.8,54800,56600,56000,54200,54800,70000,1.2e+06,1.2e+06,1.2e+06,1.2e+06,1.596e+06,1.596e+06,,238693.091,,,,,,,,,,0,0,0,0,100,100
54994,54400,56400,56000,54000,54600,70000,1.2e+06,1.2e+06,1.2e+06,1.2e+06,1.596e+06,1.596e+06,,238702.430,,,,,,,,,,0,0,0,0,100,100
55254.9,,,,,,,,,,,,,,,,,,,,,,40,,,,,,,
55311,,,,,,,,,,,,,,,,,,,,,,,40,,,,,,
55994.6,54800,56800,56000,54400,54800,70000,1.2e+06,1.2e+06,1.2e+06,1.2e+06,1.596e+06,1.596e+06,,238711.773,,,,,,,,,,0,0,0,0,100,100
56600,,,,,,,,,,,,,,,,,,,,,,41,,,,,,,
56657.2,,,,,,,,,,,,,,,,,,,,,,,41,,,,,,
56994.3,54800,56800,56400,54400,54800,70000,1.2e+06,1.2e+06,1.2e+06,1.2e+06,1.596e+06,1.596e+06,,238721.003,,,,,,,,,,0,0,0,0,100,100
57945.1,,,,,,,,,,,,,,,,,,,,,,42,,,,,,,
57994.2,55200,57000,56000,54400,54800,70000,1.2e+06,1.2e+06,1.2e+06,1.2e+06,1.596e+06,1.596e+06,,238730.348,,,,,,,,,,0.990099,0,0,0,100,100
58003.7,,,,,,,,,,,,,,,,,,,,,,,42,,,,,,
58994.6,54800,57000,56400,54400,54800,70000,1.2e+06,1.2e+06,1.2e+06,1.2e+06,1.596e+06,1.596e+06,,238739.608,,,,,,,,,,0,0,0,0,100,100
59290.6,,,,,,,,,,,,,,,,,,,,,,43,,,,,,,
59350.5,,,,,,,,,,,,,,,,,,,,,,,43,,,,,,
59993.9,55000,57000,56200,54800,54800,70000,1.2e+06,1.2e+06,1.2e+06,1.2e+06,1.596e+06,1.596e+06,,238748.984,,,,,,,,,,0,0,0,0,100,100
60631.5,,,,,,,,,,,,,,,,,,,,,,44,,,,,,,
60693.1,,,,,,,,,,,,,,,,,,,,,,,44,,,,,,
60993.6,55200,57200,56400,54400,54800,70000,1.2e+06,1.2e+06,1.2e+06,1.2e+06,1.596e+06,1.596e+06,27.292,238758.235,,,,,,,,,,0,0,0,0,100,100
61979.4,,,,,,,,,,,,,,,,,,,,,,45,,,,,,,
61994.5,55200,57200,56400,54600,55200,70000,1.2e+06,1.2e+06,1.2e+06,1.2e+06,1.596e+06,1.596e+06,,238767.592,,,,,,,,,,0,0,0,0,100,100
62042.5,,,,,,,,,,,,,,,,,,,,,,,45,,,,,,
62993.6,55400,57200,56600,54800,55200,70000,1.2e+06,1.2e+06,1.2e+06,1.2e+06,1.596e+06,1.596e+06,,238776.835,,,,,,,,,,1,0.990099,0,0,100,100
63320.8,,,,,,,,,,,,,,,,,,,,,,46,,,,,,,
63384.5,,,,,,,,,,,,,,,,,,,,,,,46,,,,,,
63994.4,55200,57400,56800,54800,55400,70000,1.2e+06,1.2e+06,1.2e+06,1.2e+06,1.596e+06,1.596e+06,,238786.189,,,,,,,,,,0,0,0,0,100,100
64666.8,,,,,,,,,,,,,,,,,,,,,,47,,,,,,,
64731.1,,,,,,,,,,,,,,,,,,,,,,,47,,,,,,
64993.8,55600,57400,56800,55000,55200,70000,1.2e+06,1.2e+06,1.2e+06,1.2e+06,1.596e+06,1.596e+06,,238795.440,,,,,,,,,,0,0,0,0,100,100
65994,55600,57500,56800,55200,55200,70000,1.2e+06,1.2e+06,1.2e+06,1.2e+06,1.596e+06,1.596e+06,,238804.807,,,,,,,,,,0,0,0,0,100,100
66009.1,,,,,,,,,,,,,,,,,,,,,,48,,,,,,,
66074.4,,,,,,,,,,,,,,,,,,,,,,,48,,,,,,
66994.3,55800,57500,57200,55000,55400,70000,1.2e+06,1.2e+06,1.2e+06,1.2e+06,1.596e+06,1.596e+06,,238814.164,,,,,,,,,,0,0,0,0,100,100
67353.8,,,,,,,,,,,,,,,,,,,,,,49,,,,,,,
67420.4,,,,,,,,,,,,,,,,,,,,,,,49,,,,,,
67994.5,55600,57400,56800,55200,55400,70000,1.2e+06,1.2e+06,1.2e+06,1.2e+06,1.596e+06,1.596e+06,,238823.446,,,,,,,,,,0,0.990099,0,0,100,100
68696.1,,,,,,,,,,,,,,,,,,,,,,50,,,,,,,
68764.4,,,,,,,,,,,,,,,,,,,,,,,50,,,,,,
68993.9,55600,57500,57200,55200,55600,70000,1.2e+06,1.2e+06,1.2e+06,1.2e+06,1.596e+06,1.596e+06,,238832.722,,,,,,,,,,1,0,0,0,100,100
69993.8,55800,57700,57200,55200,55600,70000,1.2e+06,1.2e+06,1.2e+06,1.2e+06,1.596e+06,1.596e+06,,238842.092,,,,,,,,,,0,0,0,0,100,100
70037.3,,,,,,,,,,,,,,,,,,,,,,51,,,,,,,
70106.1,,,,,,,,,,,,,,,,,,,,,,,51,,,,,,
70994.3,55800,57700,57200,55200,55400,70000,1.2e+06,1.2e+06,1.2e+06,1.2e+06,1.596e+06,1.596e+06,27.26,238851.384,,,,,,,,,,0,0,0,0,100,100
71380.8,,,,,,,,,,,,,,,,,,,,,,52,,,,,,,
71451,,,,,,,,,,,,,,,,,,,,,,,52,,,,,,
71994.5,56000,57700,57400,55200,55600,70000,1.2e+06,1.2e+06,1.2e+06,1.2e+06,1.596e+06,1.596e+06,,238860.752,,,,,,,,,,0,0,0,0,100,100
72726.7,,,,,,,,,,,,,,,,,,,,,,53,,,,,,,
72798.4,,,,,,,,,,,,,,,,,,,,,,,53,,,,,,
72994.3,56000,57900,57400,55400,56000,70000,1.2e+06,1.2e+06,1.2e+06,1.2e+06,1.596e+06,1.596e+06,,238870.132,,,,,,,,,,0,0,0,0,100,100
73993.9,56000,57900,57400,55600,55800,70000,1.2e+06,1.2e+06,1.2e+06,1.2e+06,1.596e+06,1.596e+06,,238879.390,,,,,,,,,,0.990099,0,0,0,100,100
74074.1,,,,,,,,,,,,,,,,,,,,,,54,,,,,,,
74148,,,,,,,,,,,,,,,,,,,,,,,54,,,,,,
74994.2,56000,57900,57500,55600,56000,70000,1.2e+06,1.2e+06,1.2e+06,1.2e+06,1.596e+06,1.596e+06,,238888.768,,,,,,,,,,1,0,0,0,100,100
75416.6,,,,,,,,,,,,,,,,,,,,,,55,,,,,,,
75490.9,,,,,,,,,,,,,,,,,,,,,,,55,,,,,,
75994.4,56000,57900,57500,55600,55600,70000,1.2e+06,1.2e+06,1.2e+06,1.2e+06,1.596e+06,1.596e+06,,238898.050,,,,,,,,,,0,0,0,0,100,100
76763.4,,,,,,,,,,,,,,,,,,,,,,56,,,,,,,
76839.8,,,,,,,,,,,,,,,,,,,,,,,56,,,,,,
76994,56000,58100,57500,55600,56000,70000,1.2e+06,1.2e+06,1.2e+06,1.2e+06,1.596e+06,1.596e+06,,238907.446,,,,,,,,,,0,0,0,0,100,100
77993.7,56000,58100,57500,55600,55600,70000,1.2e+06,1.2e+06,1.2e+06,1.2e+06,1.596e+06,1.596e+06,,238916.749,,,,,,,,,,0,0,0,0,100,100
78106.9,,,,,,,,,,,,,,,,,,,,,,57,,,,,,,
78184.9,,,,,,,,,,,,,,,,,,,,,,,57,,,,,,
78994.3,56400,58300,57900,55800,56200,70000,1.2e+06,1.2e+06,1.2e+06,1.2e+06,1.596e+06,1.596e+06,,238926.125,,,,,,,,,,0.990099,0,0,0,100,100
79453.4,,,,,,,,,,,,,,,,,,,,,,58,,,,,,,
79532.1,,,,,,,,,,,,,,,,,,,,,,,58,,,,,,
79993.8,56400,58300,57500,55600,56000,70000,1.2e+06,1.2e+06,1.2e+06,1.2e+06,1.596e+06,1.596e+06,,238935.434,,,,,,,,,,0,0,0,0,100,100
80796.3,,,,,,,,,,,,,,,,,,,,,,59,,,,,,,
80876,,,,,,,,,,,,,,,,,,,,,,,59,,,,,,
80993.9,56400,58300,57900,55600,56200,70000,1.2e+06,1.2e+06,1.2e+06,1.2e+06,1.596e+06,1.596e+06,27.249,238944.811,,,,,,,,,,0,0,0,0,100,100
81994.4,56400,58100,57900,55800,56000,70000,1.2e+06,1.2e+06,1.2e+06,1.2e+06,1.596e+06,1.596e+06,,238954.207,,,,,,,,,,0,0,0,0,100,100
82140.8,,,,,,,,,,,,,,,,,,,,,,60,,,,,,,
82220.8,,,,,,,,,,,,,,,,,,,,,,,60,,,,,,
82993.6,56400,58300,57500,56000,56000,70000,1.2e+06,1.2e+06,1.2e+06,1.2e+06,1.596e+06,1.596e+06,,238963.499,,,,,,,,,,0,0,0,0,100,100
83483.8,,,,,,,,,,,,,,,,,,,,,,61,,,,,,,
83565.8,,,,,,,,,,,,,,,,,,,,,,,61,,,,,,
83993.6,56400,58500,57900,56000,56400,70000,1.2e+06,1.2e+06,1.2e+06,1.2e+06,1.596e+06,1.596e+06,,238972.877,,,,,,,,,,1,0,0,0,100,100
84830.9,,,,,,,,,,,,,,,,,,,,,,62,,,,,,,
84914.6,,,,,,,,,,,,,,,,,,,,,,,62,,,,,,
84994.3,56600,58500,57900,56000,56400,70000,1.2e+06,1.2e+06,1.2e+06,1.2e+06,1.596e+06,1.596e+06,,238982.171,,,,,,,,,,0,0,0,0,100,100
85994.2,56400,58500,57900,56000,56600,70000,1.2e+06,1.2e+06,1.2e+06,1.2e+06,1.596e+06,1.596e+06,,238991.562,,,,,,,,,,0,0,0,0,100,100
86176.5,,,,,,,,,,,,,,,,,,,,,,63,,,,,,,
86260.6,,,,,,,,,,,,,,,,,,,,,,,63,,,,,,
86994.6,56800,58700,57900,56000,56400,70000,1.2e+06,1.2e+06,1.2e+06,1.2e+06,1.596e+06,1.596e+06,,239000.854,,,,,,,,,,0,0,0,0,100,100
87526.8,,,,,,,,,,,,,,,,,,,,,,64,,,,,,,
87612.2,,,,,,,,,,,,,,,,,,,,,,,64,,,,,,
87994.6,56600,58500,58300,56200,56400,70000,1.2e+06,1.2e+06,1.2e+06,1.2e+06,1.596e+06,1.596e+06,,239010.248,,,,,,,,,,0,0.990099,0,0,100,100
88872.6,,,,,,,,,,,,,,,,,,,,,,65,,,,,,,
88959.6,,,,,,,,,,,,,,,,,,,,,,,65,,,,,,
88993.7,56400,58500,57900,56200,56600,70000,1.2e+06,1.2e+06,1.2e+06,1.2e+06,1.596e+06,1.596e+06,,239019.548,,,,,,,,,,0,0,0,0,100,100
89994,56600,58700,58100,56000,56600,70000,1.2e+06,1.2e+06,1.2e+06,1.2e+06,1.596e+06,1.596e+06,,239028.946,,,,,,,,,,1,0,0,0,100,100
90217.1,,,,,,,,,,,,,,,,,,,,,,66,,,,,,,
90304.4,,,,,,,,,,,,,,,,,,,,,,,66,,,,,,
90994.5,56800,58700,58100,56400,56800,70000,1.2e+06,1.2e+06,1.2e+06,1.2e+06,1.596e+06,1.596e+06,27.238,239038.259,,,,,,,,,,0,0,0,0,100,100
91558.5,,,,,,,,,,,,,,,,,,,,,,67,,,,,,,
91648.1,,,,,,,,,,,,,,,,,,,,,,,67,,,,,,
91993.7,56800,58900,58100,56400,56800,70000,1.2e+06,1.2e+06,1.2e+06,1.2e+06,1.596e+06,1.596e+06,,239047.674,,,,,,,,,,0,0,0,0,100,100
92905.1,,,,,,,,,,,,,,,,,,,,,,68,,,,,,,
92994,57000,58900,58300,56400,56800,70000,1.2e+06,1.2e+06,1.2e+06,1.2e+06,1.596e+06,1.596e+06,,239056.995,,,,,,,,,,0,0,0,0,100,100
92995.2,,,,,,,,,,,,,,,,,,,,,,,68,,,,,,
93993.6,57200,59100,58500,56600,56800,70000,1.2e+06,1.2e+06,1.2e+06,1.2e+06,1.596e+06,1.596e+06,,239066.401,,,,,,,,,,0,0,0,0,100,100
94246.7,,,,,,,,,,,,,,,,,,,,,,69,,,,,,,
94337.4,,,,,,,,,,,,,,,,,,,,,,,69,,,,,,
94993.8,57000,59100,58500,56800,56800,70000,1.2e+06,1.2e+06,1.2e+06,1.2e+06,1.596e+06,1.596e+06,,239075.814,,,,,,,,,,0.990099,0,0,0,100,100
95590.5,,,,,,,,,,,,,,,,,,,,,,70,,,,,,,
95682.5,,,,,,,,,,,,,,,,,,,,,,,70,,,,,,
95993.8,57200,59100,58500,56800,57000,70000,1.2e+06,1.2e+06,1.2e+06,1.2e+06,1.596e+06,1.596e+06,,239082.809,,,,,,,,,,0,0,0,0,100,100
96936.3,,,,,,,,,,,,,,,,,,,,,,71,,,,,,,
96994.4,57200,59100,58300,56800,56800,70000,1.2e+06,1.2e+06,1.2e+06,1.2e+06,1.596e+06,1.596e+06,,239092.134,,,,,,,,,,0,0,0,0,100,100
97031.9,,,,,,,,,,,,,,,,,,,,,,,71,,,,,,
97994,57200,59100,58300,56400,57000,70000,1.2e+06,1.2e+06,1.2e+06,1.2e+06,1.596e+06,1.596e+06,,239101.541,,,,,,,,,,0.990099,0,0,0,100,100
98288.4,,,,,,,,,,,,,,,,,,,,,,72,,,,,,,
98383.5,,,,,,,,,,,,,,,,,,,,,,,72,,,,,,
98994.5,57200,59300,58700,56600,57200,70000,1.2e+06,1.2e+06,1.2e+06,1.2e+06,1.596e+06,1.596e+06,,239110.856,,,,,,,,,,0,0,0,0,100,100
99643.2,,,,,,,,,,,,,,,,,,,,,,73,,,,,,,
99738.2,,,,,,,,,,,,,,,,,,,,,,,73,,,,,,
99994.4,57400,59300,58700,56800,57200,70000,1.2e+06,1.2e+06,1.2e+06,1.2e+06,1.596e+06,1.596e+06,,239120.262,,,,,,,,,,0,0,0,0,100,100
100987,,,,,,,,,,,,,,,,,,,,,,74,,,,,,,
100994,57400,59300,58700,56800,57200,70000,1.2e+06,1.2e+06,1.2e+06,1.2e+06,1.596e+06,1.596e+06,27.249,239129.601,,,,,,,,,,0.990099,0,0.990099,0,100,100
101083,,,,,,,,,,,,,,,,,,,,,,,74,,,,,,
101994,57200,59300,58700,56800,57000,70000,1.2e+06,1.2e+06,1.2e+06,1.2e+06,1.596e+06,1.596e+06,,239139.030,,,,,,,,,,0,0,0,0,100,100
102333,,,,,,,,,,,,,,,,,,,,,,75,,,,,,,
102431,,,,,,,,,,,,,,,,,,,,,,,75,,,,,,
102994,57200,59300,58700,56800,57000,70000,1.2e+06,1.2e+06,1.2e+06,1.2e+06,1.596e+06,1.596e+06,,239148.431,,,,,,,,,,0,0,0,0,100,100
103678,,,,,,,,,,,,,,,,,,,,,,76,,,,,,,
103778,,,,,,,,,,,,,,,,,,,,,,,76,,,,,,
103994,57500,59300,58700,56800,57200,70000,1.2e+06,1.2e+06,1.2e+06,1.2e+06,1.596e+06,1.596e+06,,239157.756,,,,,,,,,,0,1,0,0,100,100
104994,57200,59300,58700,56800,57200,70000,1.2e+06,1.2e+06,1.2e+06,1.2e+06,1.596e+06,1.596e+06,,239167.163,,,,,,,,,,0,0,0,0,100,100
105020,,,,,,,,,,,,,,,,,,,,,,77,,,,,,,
105120,,,,,,,,,,,,,,,,,,,,,,,77,,,,,,
105994,57500,59500,58700,57200,57200,70000,1.2e+06,1.2e+06,1.2e+06,1.2e+06,1.596e+06,1.596e+06,,239176.496,,,,,,,,,,1,0,0,0,100,100
106361,,,,,,,,,,,,,,,,,,,,,,78,,,,,,,
106464,,,,,,,,,,,,,,,,,,,,,,,78,,,,,,
106994,57500,59500,58900,57200,57500,70000,1.2e+06,1.2e+06,1.2e+06,1.2e+06,1.596e+06,1.596e+06,,239185.925,,,,,,,,,,0,0,0,0,100,100
107713,,,,,,,,,,,,,,,,,,,,,,79,,,,,,,
107817,,,,,,,,,,,,,,,,,,,,,,,79,,,,,,
107994,57500,59500,58700,57200,57200,70000,1.2e+06,1.2e+06,1.2e+06,1.2e+06,1.596e+06,1.596e+06,,239195.340,,,,,,,,,,0,0,0,0,100,100
108994,57500,59300,58900,57200,57200,70000,1.2e+06,1.2e+06,1.2e+06,1.2e+06,1.596e+06,1.596e+06,,239204.679,,,,,,,,,,0,0,0,0,100,100
109056,,,,,,,,,,,,,,,,,,,,,,80,,,,,,,
109160,,,,,,,,,,,,,,,,,,,,,,,80,,,,,,
109994,57500,59300,58900,56800,57400,70000,1.2e+06,1.2e+06,1.2e+06,1.2e+06,1.596e+06,1.596e+06,,239214.105,,,,,,,,,,0,0,0,0,100,100
110401,,,,,,,,,,,,,,,,,,,,,,81,,,,,,,
110505,,,,,,,,,,,,,,,,,,,,,,,81,,,,,,
110995,57700,59500,58900,57000,57200,70000,1.2e+06,1.2e+06,1.2e+06,1.2e+06,1.596e+06,1.596e+06,27.249,239223.547,,,,,,,,,,0.990099,0,0,0,100,100
111742,,,,,,,,,,,,,,,,,,,,,,82,,,,,,,
111848,,,,,,,,,,,,,,,,,,,,,,,82,,,,,,
111995,57500,59500,58900,57200,57200,70000,1.2e+06,1.2e+06,1.2e+06,1.2e+06,1.596e+06,1.596e+06,,239232.903,,,,,,,,,,0,0,0,0,100,100
112994,57500,59500,59100,57200,57400,70000,1.2e+06,1.2e+06,1.2e+06,1.2e+06,1.596e+06,1.596e+06,,239242.335,,,,,,,,,,0,0,0,0,100,100
113088,,,,,,,,,,,,,,,,,,,,,,83,,,,,,,
113196,,,,,,,,,,,,,,,,,,,,,,,83,,,,,,
113994,57700,59700,59100,57200,57200,70000,1.2e+06,1.2e+06,1.2e+06,1.2e+06,1.596e+06,1.596e+06,,239251.684,,,,,,,,,,0,0,0,0,100,100
114433,,,,,,,,,,,,,,,,,,,,,,84,,,,,,,
114542,,,,,,,,,,,,,,,,,,,,,,,84,,,,,,
114994,57700,60100,59100,57200,57500,70000,1.2e+06,1.2e+06,1.2e+06,1.2e+06,1.596e+06,1.596e+06,,239261.111,,,,,,,,,,0,0,0,0,100,100
115780,,,,,,,,,,,,,,,,,,,,,,85,,,,,,,
115889,,,,,,,,,,,,,,,,,,,,,,,85,,,,,,
115994,57900,59700,59100,57500,57500,70000,1.2e+06,1.2e+06,1.2e+06,1.2e+06,1.596e+06,1.596e+06,,239270.464,,,,,,,,,,1,0,0,0,100,100
116994,57700,59900,59100,57200,57500,70000,1.2e+06,1.2e+06,1.2e+06,1.2e+06,1.596e+06,1.596e+06,,239279.916,,,,,,,,,,0.990099,0,0,0,100,100
117123,,,,,,,,,,,,,,,,,,,,,,86,,,,,,,
117235,,,,,,,,,,,,,,,,,,,,,,,86,,,,,,
117994,57900,59700,59300,57500,57700,70000,1.2e+06,1.2e+06,1.2e+06,1.2e+06,1.596e+06,1.596e+06,,239289.361,,,,,,,,,,0,0,0,0,100,100
118467,,,,,,,,,,,,,,,,,,,,,,87,,,,,,,
118578,,,,,,,,,,,,,,,,,,,,,,,87,,,,,,
118994,57700,59900,59300,57500,57500,70000,1.2e+06,1.2e+06,1.2e+06,1.2e+06,1.596e+06,1.596e+06,,239298.702,,,,,,,,,,0,0,0,0,100,100
119811,,,,,,,,,,,,,,,,,,,,,,88,,,,,,,
119923,,,,,,,,,,,,,,,,,,,,,,,88,,,,,,
119994,57900,59900,59500,57500,57500,70000,1.2e+06,1.2e+06,1.2e+06,1.2e+06,1.596e+06,1.596e+06,,239308.141,,,,,,,,,,0.990099,0,0,0,100,100
120994,57700,59900,59500,57500,57500,70000,1.2e+06,1.2e+06,1.2e+06,1.2e+06,1.596e+06,1.596e+06,27.238,239317.505,,,,,,,,,,0,0.990099,0,0,100,100
121158,,,,,,,,,,,,,,,,,,,,,,89,,,,,,,
121273,,,,,,,,,,,,,,,,,,,,,,,89,,,,,,
121994,58100,60100,59500,57500,57500,70000,1.2e+06,1.2e+06,1.2e+06,1.2e+06,1.596e+06,1.596e+06,,239326.966,,,,,,,,,,1,0,0,0,100,100
122504,,,,,,,,,,,,,,,,,,,,,,90,,,,,,,
122620,,,,,,,,,,,,,,,,,,,,,,,90,,,,,,
122994,58100,60100,59500,57500,57900,70000,1.2e+06,1.2e+06,1.2e+06,1.2e+06,1.596e+06,1.596e+06,,239336.315,,,,,,,,,,0,0,0,0,100,100
123847,,,,,,,,,,,,,,,,,,,,,,91,,,,,,,
123965,,,,,,,,,,,,,,,,,,,,,,,91,,,,,,
123994,57900,60100,59500,57500,57700,70000,1.2e+06,1.2e+06,1.2e+06,1.2e+06,1.596e+06,1.596e+06,,239345.760,,,,,,,,,,0,0,0,0,100,100
124994,57900,60100,59500,57500,57500,70000,1.2e+06,1.2e+06,1.2e+06,1.2e+06,1.596e+06,1.596e+06,,239355.119,,,,,,,,,,0,0,0,0,100,100
125191,,,,,,,,,,,,,,,,,,,,,,92,,,,,,,
125310,,,,,,,,,,,,,,,,,,,,,,,92,,,,,,
125994,57900,59900,59500,57500,57700,70000,1.2e+06,1.2e+06,1.2e+06,1.2e+06,1.596e+06,1.596e+06,,239364.562,,,,,,,,,,0,0,0,0,100,100
126540,,,,,,,,,,,,,,,,,,,,,,93,,,,,,,
126659,,,,,,,,,,,,,,,,,,,,,,,93,,,,,,
126994,58300,60100,59500,57700,57900,70000,1.2e+06,1.2e+06,1.2e+06,1.2e+06,1.596e+06,1.596e+06,,239373.914,,,,,,,,,,0.990099,0,0,0,100,100
127882,,,,,,,,,,,,,,,,,,,,,,94,,,,,,,
127994,58300,60100,59500,57500,57900,70000,1.2e+06,1.2e+06,1.2e+06,1.2e+06,1.596e+06,1.596e+06,,239383.374,,,,,,,,,,0,0,0,0,100,100
128002,,,,,,,,,,,,,,,,,,,,,,,94,,,,,,
128994,58300,60100,59500,57700,57900,70000,1.2e+06,1.2e+06,1.2e+06,1.2e+06,1.596e+06,1.596e+06,,239392.705,,,,,,,,,,0,0,0,0,100,100
129228,,,,,,,,,,,,,,,,,,,,,,95,,,,,,,
129349,,,,,,,,,,,,,,,,,,,,,,,95,,,,,,
129995,58300,60300,59900,57900,57900,70000,1.2e+06,1.2e+06,1.2e+06,1.2e+06,1.596e+06,1.596e+06,,239402.163,,,,,,,,,,0,0,0,0,100,100
130577,,,,,,,,,,,,,,,,,,,,,,96,,,,,,,
130699,,,,,,,,,,,,,,,,,,,,,,,96,,,,,,
130994,58300,60300,59900,57900,57900,70000,1.2e+06,1.2e+06,1.2e+06,1.2e+06,1.596e+06,1.596e+06,27.228,239411.534,,,,,,,,,,0,0,0,0,100,100
131924,,,,,,,,,,,,,,,,,,,,,,97,,,,,,,
131994,58300,60300,59700,57700,57900,70000,1.2e+06,1.2e+06,1.2e+06,1.2e+06,1.596e+06,1.596e+06,,239420.987,,,,,,,,,,1,0,0,0,100,100
132046,,,,,,,,,,,,,,,,,,,,,,,97,,,,,,
132994,58300,60500,59900,57900,58100,70000,1.2e+06,1.2e+06,1.2e+06,1.2e+06,1.596e+06,1.596e+06,,239430.376,,,,,,,,,,0,0,0,0,100,100
133264,,,,,,,,,,,,,,,,,,,,,,98,,,,,,,
133389,,,,,,,,,,,,,,,,,,,,,,,98,,,,,,
133995,58500,60300,59900,57700,57900,70000,1.2e+06,1.2e+06,1.2e+06,1.2e+06,1.596e+06,1.596e+06,,239439.820,,,,,,,,,,0.990099,0,0,0,100,100
134611,,,,,,,,,,,,,,,,,,,,,,99,,,,,,,
134735,,,,,,,,,,,,,,,,,,,,,,,99,,,,,,
134994,58500,60500,59900,57900,58300,70000,1.2e+06,1.2e+06,1.2e+06,1.2e+06,1.596e+06,1.596e+06,,239449.200,,,,,,,,,,0,0,0,0,100,100
135954,,,,,,,,,,,,,,,,,,,,,,100,,,,,,,
135994,58500,60500,59900,57900,58300,70000,1.2e+06,1.2e+06,1.2e+06,1.2e+06,1.596e+06,1.596e+06,,239458.666,,,,,,,,,,0,0,0,0,100,100
136082,,,,,,,,,,,,,,,,,,,,,,,100,,,,,,
136994,58300,60500,59900,57900,58300,70000,1.2e+06,1.2e+06,1.2e+06,1.2e+06,1.596e+06,1.596e+06,,239468.046,,,,,,,,,,0.990099,0.990099,0,0,100,100
137301,,,,,,,,,,,,,,,,,,,,,,101,,,,,,,
137431,,,,,,,,,,,,,,,,,,,,,,,101,,,,,,
137994,58500,60500,60100,58300,58300,70000,1.2e+06,1.2e+06,1.2e+06,1.2e+06,1.596e+06,1.596e+06,,239477.504,,,,,,,,,,0.990099,0,0,0,100,100
138647,,,,,,,,,,,,,,,,,,,,,,102,,,,,,,
138776,,,,,,,,,,,,,,,,,,,,,,,102,,,,,,
138994,58300,60500,59900,57900,58100,70000,1.2e+06,1.2e+06,1.2e+06,1.2e+06,1.596e+06,1.596e+06,,239486.880,,,,,,,,,,0,0,0,0,100,100
139994,58700,60700,59900,58300,58300,70000,1.2e+06,1.2e+06,1.2e+06,1.2e+06,1.596e+06,1.596e+06,,239496.339,,,,,,,,,,0,0,0,0,100,100
139995,,,,,,,,,,,,,,,,,,,,,,103,,,,,,,
140125,,,,,,,,,,,,,,,,,,,,,,,103,,,,,,
140994,58700,60500,59900,58100,58100,70000,1.2e+06,1.2e+06,1.2e+06,1.2e+06,1.596e+06,1.596e+06,27.238,239505.716,,,,,,,,,,0,0,0,0,100,100
141340,,,,,,,,,,,,,,,,,,,,,,104,,,,,,,
141471,,,,,,,,,,,,,,,,,,,,,,,104,,,,,,
141994,58700,60700,59900,58300,58100,70000,1.2e+06,1.2e+06,1.2e+06,1.2e+06,1.596e+06,1.596e+06,,239512.842,,,,,,,,,,0,1.96078,0,0,100,100
142684,,,,,,,,,,,,,,,,,,,,,,105,,,,,,,
142819,,,,,,,,,,,,,,,,,,,,,,,105,,,,,,
142994,58700,60900,59900,58100,58300,70000,1.2e+06,1.2e+06,1.2e+06,1.2e+06,1.596e+06,1.596e+06,,239522.313,,,,,,,,,,1.96078,0,0,0.990099,100,100
143994,58700,60700,60300,58300,58300,70000,1.2e+06,1.2e+06,1.2e+06,1.2e+06,1.596e+06,1.596e+06,,239531.698,,,,,,,,,,0,0,0,0,100,100
144030,,,,,,,,,,,,,,,,,,,,,,106,,,,,,,
144169,,,,,,,,,,,,,,,,,,,,,,,106,,,,,,
144994,58700,60700,60300,58300,58500,70000,1.2e+06,1.2e+06,1.2e+06,1.2e+06,1.596e+06,1.596e+06,,239541.171,,,,,,,,,,0,0,0,0,100,100
145379,,,,,,,,,,,,,,,,,,,,,,107,,,,,,,
145516,,,,,,,,,,,,,,,,,,,,,,,107,,,,,,
145994,58700,60900,59900,58300,58300,70000,1.2e+06,1.2e+06,1.2e+06,1.2e+06,1.596e+06,1.596e+06,,239550.541,,,,,,,,,,0,0,0,0,100,100
146724,,,,,,,,,,,,,,,,,,,,,,108,,,,,,,
146861,,,,,,,,,,,,,,,,,,,,,,,108,,,,,,
146994,58900,61100,60300,58300,58500,70000,1.2e+06,1.2e+06,1.2e+06,1.2e+06,1.596e+06,1.596e+06,,239560.010,,,,,,,,,,0,0,0,0,100,100
147994,58700,61100,60300,58300,58700,70000,1.2e+06,1.2e+06,1.2e+06,1.2e+06,1.596e+06,1.596e+06,,239569.413,,,,,,,,,,1,0,0,0,100,100
148071,,,,,,,,,,,,,,,,,,,,,,109,,,,,,,
148210,,,,,,,,,,,,,,,,,,,,,,,109,,,,,,
148994,58700,61100,60300,58300,58500,70000,1.2e+06,1.2e+06,1.2e+06,1.2e+06,1.596e+06,1.596e+06,,239578.878,,,,,,,,,,0,0,0,0,100,100
149416,,,,,,,,,,,,,,,,,,,,,,110,,,,,,,
149554,,,,,,,,,,,,,,,,,,,,,,,110,,,,,,
149995,58700,60900,60300,58500,58700,70000,1.2e+06,1.2e+06,1.2e+06,1.2e+06,1.596e+06,1.596e+06,,239588.268,,,,,,,,,,0,0,0,0,100,100
150758,,,,,,,,,,,,,,,,,,,,,,111,,,,,,,
150901,,,,,,,,,,,,,,,,,,,,,,,111,,,,,,
150994,58700,60900,60300,58300,58500,70000,1.2e+06,1.2e+06,1.2e+06,1.2e+06,1.596e+06,1.596e+06,27.217,239597.753,,,,,,,,,,0,0,0,0.990099,100,100
151994,58700,60900,60300,58500,58500,70000,1.2e+06,1.2e+06,1.2e+06,1.2e+06,1.596e+06,1.596e+06,,239607.245,,,,,,,,,,0,0,0,0,100,100
152103,,,,,,,,,,,,,,,,,,,,,,112,,,,,,,
152246,,,,,,,,,,,,,,,,,,,,,,,112,,,,,,
152994,58700,60900,60500,58300,58700,70000,1.2e+06,1.2e+06,1.2e+06,1.2e+06,1.596e+06,1.596e+06,,239616.627,,,,,,,,,,0.990099,1,0,0,100,100
153448,,,,,,,,,,,,,,,,,,,,,,113,,,,,,,
153593,,,,,,,,,,,,,,,,,,,,,,,113,,,,,,
153994,58700,60700,60300,58300,58500,70000,1.2e+06,1.2e+06,1.2e+06,1.2e+06,1.596e+06,1.596e+06,,239626.106,,,,,,,,,,0,0,0,0,100,100
154797,,,,,,,,,,,,,,,,,,,,,,114,,,,,,,
154942,,,,,,,,,,,,,,,,,,,,,,,114,,,,,,
154994,59100,61100,60300,58700,58700,70000,1.2e+06,1.2e+06,1.2e+06,1.2e+06,1.596e+06,1.596e+06,,239635.492,,,,,,,,,,0,0,0,0,100,100
155994,59100,61100,60700,58500,58700,70000,1.2e+06,1.2e+06,1.2e+06,1.2e+06,1.596e+06,1.596e+06,,239644.984,,,,,,,,,,0,0,0,0,100,100
156144,,,,,,,,,,,,,,,,,,,,,,115,,,,,,,
156288,,,,,,,,,,,,,,,,,,,,,,,115,,,,,,
156994,59100,61100,60700,58300,58500,70000,1.2e+06,1.2e+06,1.2e+06,1.2e+06,1.596e+06,1.596e+06,,239654.378,,,,,,,,,,0,0,0,0,100,100
157483,,,,,,,,,,,,,,,,,,,,,,116,,,,,,,
157630,,,,,,,,,,,,,,,,,,,,,,,116,,,,,,
157994,59100,61300,60700,58700,58700,70000,1.2e+06,1.2e+06,1.2e+06,1.2e+06,1.596e+06,1.596e+06,,239663.872,,,,,,,,,,0,0,0,0,100,100
158828,,,,,,,,,,,,,,,,,,,,,,117,,,,,,,
158978,,,,,,,,,,,,,,,,,,,,,,,117,,,,,,
158994,59100,61100,60700,58700,58700,70000,1.2e+06,1.2e+06,1.2e+06,1.2e+06,1.596e+06,1.596e+06,,239673.258,,,,,,,,,,0.990099,0,0,0,100,100
159994,59100,61300,60700,58700,58900,70000,1.2e+06,1.2e+06,1.2e+06,1.2e+06,1.596e+06,1.596e+06,,239682.739,,,,,,,,,,0,0,0,0,100,100
160175,,,,,,,,,,,,,,,,,,,,,,118,,,,,,,
160323,,,,,,,,,,,,,,,,,,,,,,,118,,,,,,
160994,59100,61500,60900,58700,58900,70000,1.2e+06,1.2e+06,1.2e+06,1.2e+06,1.596e+06,1.596e+06,27.196,239692.146,,,,,,,,,,0,0,0,0,100,100
161520,,,,,,,,,,,,,,,,,,,,,,119,,,,,,,
161669,,,,,,,,,,,,,,,,,,,,,,,119,,,,,,
161994,59100,61100,60700,58700,58900,70000,1.2e+06,1.2e+06,1.2e+06,1.2e+06,1.596e+06,1.596e+06,,239701.634,,,,,,,,,,0,0,0,0,100,100
162861,,,,,,,,,,,,,,,,,,,,,,120,,,,,,,
162994,59100,61100,60700,58700,58700,70000,1.2e+06,1.2e+06,1.2e+06,1.2e+06,1.596e+06,1.596e+06,,239711.052,,,,,,,,,,0,0,0,0,100,100
163012,,,,,,,,,,,,,,,,,,,,,,,120,,,,,,
163994,59100,61300,60700,58700,58700,70000,1.2e+06,1.2e+06,1.2e+06,1.2e+06,1.596e+06,1.596e+06,,239720.540,,,,,,,,,,1,0,0,0,100,100
164205,,,,,,,,,,,,,,,,,,,,,,121,,,,,,,
164356,,,,,,,,,,,,,,,,,,,,,,,121,,,,,,
164994,59500,61500,60700,58900,58900,70000,1.2e+06,1.2e+06,1.2e+06,1.2e+06,1.596e+06,1.596e+06,,239729.943,,,,,,,,,,0,0,0,0,100,100
165548,,,,,,,,,,,,,,,,,,,,,,122,,,,,,,
165699,,,,,,,,,,,,,,,,,,,,,,,122,,,,,,
165994,59300,61500,60700,58900,58900,70000,1.2e+06,1.2e+06,1.2e+06,1.2e+06,1.596e+06,1.596e+06,,239739.438,,,,,,,,,,0.990099,0,0,0,100,100
166892,,,,,,,,,,,,,,,,,,,,,,123,,,,,,,
166994,59300,61300,61100,59100,59100,70000,1.2e+06,1.2e+06,1.2e+06,1.2e+06,1.596e+06,1.596e+06,,239748.917,,,,,,,,,,0,0,0,0,100,100
167046,,,,,,,,,,,,,,,,,,,,,,,123,,,,,,
167994,59300,61300,60500,58900,58900,70000,1.2e+06,1.2e+06,1.2e+06,1.2e+06,1.596e+06,1.596e+06,,239758.307,,,,,,,,,,0,0,0,0,100,100
168236,,,,,,,,,,,,,,,,,,,,,,124,,,,,,,
168390,,,,,,,,,,,,,,,,,,,,,,,124,,,,,,
168995,59100,61300,60700,58700,58900,70000,1.2e+06,1.2e+06,1.2e+06,1.2e+06,1.596e+06,1.596e+06,,239767.714,,,,,,,,,,0.990099,0,0,0,100,100
169581,,,,,,,,,,,,,,,,,,,,,,125,,,,,,,
169736,,,,,,,,,,,,,,,,,,,,,,,125,,,,,,
169994,59100,61300,60700,58700,58900,70000,1.2e+06,1.2e+06,1.2e+06,1.2e+06,1.596e+06,1.596e+06,,239777.197,,,,,,,,,,1,0,0,0,100,100
170927,,,,,,,,,,,,,,,,,,,,,,126,,,,,,,
170994,59500,61500,60700,58700,58900,70000,1.2e+06,1.2e+06,1.2e+06,1.2e+06,1.596e+06,1.596e+06,27.196,239786.602,,,,,,,,,,0,0,0,0,100,100
171083,,,,,,,,,,,,,,,,,,,,,,,126,,,,,,
171994,59500,61700,61100,58700,59100,70000,1.2e+06,1.2e+06,1.2e+06,1.2e+06,1.596e+06,1.596e+06,,239796.109,,,,,,,,,,0,1,0,0,100,100
172267,,,,,,,,,,,,,,,,,,,,,,127,,,,,,,
172427,,,,,,,,,,,,,,,,,,,,,,,127,,,,,,
172994,59500,61700,60900,58700,59100,70000,1.2e+06,1.2e+06,1.2e+06,1.2e+06,1.596e+06,1.596e+06,,239805.506,,,,,,,,,,0,0,0,0,100,100
173619,,,,,,,,,,,,,,,,,,,,,,128,,,,,,,
173779,,,,,,,,,,,,,,,,,,,,,,,128,,,,,,
173994,59300,61500,60900,58900,59100,70000,1.2e+06,1.2e+06,1.2e+06,1.2e+06,1.596e+06,1.596e+06,,239815.007,,,,,,,,,,0,0,0,0,100,100
174967,,,,,,,,,,,,,,,,,,,,,,129,,,,,,,
174994,59500,61500,60700,58700,59100,70000,1.2e+06,1.2e+06,1.2e+06,1.2e+06,1.596e+06,1.596e+06,,239824.391,,,,,,,,,,0.990099,0,0,0,100,100
175127,,,,,,,,,,,,,,,,,,,,,,,129,,,,,,
175994,59300,61500,60900,59100,59100,70000,1.2e+06,1.2e+06,1.2e+06,1.2e+06,1.596e+06,1.596e+06,,239833.909,,,,,,,,,,0,0,0,0,100,100
176308,,,,,,,,,,,,,,,,,,,,,,130,,,,,,,
176470,,,,,,,,,,,,,,,,,,,,,,,130,,,,,,
176994,59300,61500,61100,58900,59100,70000,1.2e+06,1.2e+06,1.2e+06,1.2e+06,1.596e+06,1.596e+06,,239843.317,,,,,,,,,,0,0,0,0,100,100
177651,,,,,,,,,,,,,,,,,,,,,,131,,,,,,,
177814,,,,,,,,,,,,,,,,,,,,,,,131,,,,,,
177994,59500,61500,61100,59300,59100,70000,1.2e+06,1.2e+06,1.2e+06,1.2e+06,1.596e+06,1.596e+06,,239852.819,,,,,,,,,,0,0,0,0,100,100
178993,,,,,,,,,,,,,,,,,,,,,,132,,,,,,,
178994,59500,61700,61100,59100,59100,70000,1.2e+06,1.2e+06,1.2e+06,1.2e+06,1.596e+06,1.596e+06,,239862.238,,,,,,,,,,0,0,0,0,100,100
179158,,,,,,,,,,,,,,,,,,,,,,,132,,,,,,
179994,59700,61700,61100,59100,59300,70000,1.2e+06,1.2e+06,1.2e+06,1.2e+06,1.596e+06,1.596e+06,,239871.748,,,,,,,,,,1,0,0,0,100,100
180336,,,,,,,,,,,,,,,,,,,,,,133,,,,,,,
180501,,,,,,,,,,,,,,,,,,,,,,,133,,,,,,
180994,59500,61900,61100,59500,59100,70000,1.2e+06,1.2e+06,1.2e+06,1.2e+06,1.596e+06,1.596e+06,27.206,239881.152,,,,,,,,,,0,0,0,0,100,100
181678,,,,,,,,,,,,,,,,,,,,,,134,,,,,,,
181850,,,,,,,,,,,,,,,,,,,,,,,134,,,,,,
181994,59500,61700,61100,59100,59500,70000,1.2e+06,1.2e+06,1.2e+06,1.2e+06,1.596e+06,1.596e+06,,239890.657,,,,,,,,,,0,0,0,0,100,100
182994,59900,61700,61100,59100,59500,70000,1.2e+06,1.2e+06,1.2e+06,1.2e+06,1.596e+06,1.596e+06,,239900.158,,,,,,,,,,0,0,0,0,100,100
183035,,,,,,,,,,,,,,,,,,,,,,135,,,,,,,
183204,,,,,,,,,,,,,,,,,,,,,,,135,,,,,,
183994,59700,61900,61100,59500,59300,70000,1.2e+06,1.2e+06,1.2e+06,1.2e+06,1.596e+06,1.596e+06,,239909.570,,,,,,,,,,0,0,0,0,100,100
184382,,,,,,,,,,,,,,,,,,,,,,136,,,,,,,
184552,,,,,,,,,,,,,,,,,,,,,,,136,,,,,,
184994,59900,61900,61500,59500,59500,70000,1.2e+06,1.2e+06,1.2e+06,1.2e+06,1.596e+06,1.596e+06,,239919.086,,,,,,,,,,0.990099,0,0,0,100,100
185724,,,,,,,,,,,,,,,,,,,,,,137,,,,,,,
185898,,,,,,,,,,,,,,,,,,,,,,,137,,,,,,
185994,59900,61900,61300,59300,59100,70000,1.2e+06,1.2e+06,1.2e+06,1.2e+06,1.596e+06,1.596e+06,,239928.588,,,,,,,,,,0,0,0,0,100,100
186994,59900,61900,61100,59100,59500,70000,1.2e+06,1.2e+06,1.2e+06,1.2e+06,1.596e+06,1.596e+06,,239938.053,,,,,,,,,,0,0,0,0,100,100
187070,,,,,,,,,,,,,,,,,,,,,,138,,,,,,,
187243,,,,,,,,,,,,,,,,,,,,,,,138,,,,,,
187994,59900,61900,61500,59500,59500,70000,1.2e+06,1.2e+06,1.2e+06,1.2e+06,1.596e+06,1.596e+06,,239945.156,,,,,,,,,,0,0,0,0,100,100
188417,,,,,,,,,,,,,,,,,,,,,,139,,,,,,,
188590,,,,,,,,,,,,,,,,,,,,,,,139,,,,,,
188995,59900,61900,61300,59500,59500,70000,1.2e+06,1.2e+06,1.2e+06,1.2e+06,1.596e+06,1.596e+06,,239954.676,,,,,,,,,,0.990099,0,0,0,100,100
189758,,,,,,,,,,,,,,,,,,,,,,140,,,,,,,
189931,,,,,,,,,,,,,,,,,,,,,,,140,,,,,,
189995,59900,61900,61500,59100,59300,70000,1.2e+06,1.2e+06,1.2e+06,1.2e+06,1.596e+06,1.596e+06,,239964.096,,,,,,,,,,0,0,0,0,100,100
190994,59900,61900,61300,59300,59500,70000,1.2e+06,1.2e+06,1.2e+06,1.2e+06,1.596e+06,1.596e+06,27.217,239973.622,,,,,,,,,,0.990099,1,0,0,100,100
191099,,,,,,,,,,,,,,,,,,,,,,141,,,,,,,
191274,,,,,,,,,,,,,,,,,,,,,,,141,,,,,,
191994,59900,62100,61500,59500,59500,70000,1.2e+06,1.2e+06,1.2e+06,1.2e+06,1.596e+06,1.596e+06,,239983.041,,,,,,,,,,0,0,0,0,100,100
192441,,,,,,,,,,,,,,,,,,,,,,142,,,,,,,
192617,,,,,,,,,,,,,,,,,,,,,,,142,,,,,,
192994,59900,62100,61500,59700,59500,70000,1.2e+06,1.2e+06,1.2e+06,1.2e+06,1.596e+06,1.596e+06,,239992.562,,,,,,,,,,0,0,0,0,100,100
193785,,,,,,,,,,,,,,,,,,,,,,143,,,,,,,
193962,,,,,,,,,,,,,,,,,,,,,,,143,,,,,,
193994,59900,62300,61500,59500,59700,70000,1.2e+06,1.2e+06,1.2e+06,1.2e+06,1.596e+06,1.596e+06,,240001.979,,,,,,,,,,0,0,0,0,100,100
194994,59900,61900,61500,59500,59700,70000,1.2e+06,1.2e+06,1.2e+06,1.2e+06,1.596e+06,1.596e+06,,240011.494,,,,,,,,,,0,0,0,0,100,100
195129,,,,,,,,,,,,,,,,,,,,,,144,,,,,,,
195307,,,,,,,,,,,,,,,,,,,,,,,144,,,,,,
195994,60100,62300,61700,59500,59900,70000,1.2e+06,1.2e+06,1.2e+06,1.2e+06,1.596e+06,1.596e+06,,240021.019,,,,,,,,,,1,1,0,0,100,100
196477,,,,,,,,,,,,,,,,,,,,,,145,,,,,,,
196659,,,,,,,,,,,,,,,,,,,,,,,145,,,,,,
196994,60100,62300,61500,59700,59500,70000,1.2e+06,1.2e+06,1.2e+06,1.2e+06,1.596e+06,1.596e+06,,240030.437,,,,,,,,,,0,0,0,0,100,100
197825,,,,,,,,,,,,,,,,,,,,,,146,,,,,,,
197994,60300,62100,61900,59700,59900,70000,1.2e+06,1.2e+06,1.2e+06,1.2e+06,1.596e+06,1.596e+06,,240039.865,,,,,,,,,,0,0,0,0,100,100
198006,,,,,,,,,,,,,,,,,,,,,,,146,,,,,,
198994,60300,62300,61500,59700,59900,70000,1.2e+06,1.2e+06,1.2e+06,1.2e+06,1.596e+06,1.596e+06,,240049.383,,,,,,,,,,0,0,0,0,100,100
199166,,,,,,,,,,,,,,,,,,,,,,147,,,,,,,
199347,,,,,,,,,,,,,,,,,,,,,,,147,,,,,,
199994,59900,62100,61900,59700,59900,70000,1.2e+06,1.2e+06,1.2e+06,1.2e+06,1.596e+06,1.596e+06,,240058.912,,,,,,,,,,0,0,0.990099,0,100,100
200515,,,,,,,,,,,,,,,,,,,,,,148,,,,,,,
200700,,,,,,,,,,,,,,,,,,,,,,,148,,,,,,
200994,60100,62500,61700,59500,60100,70000,1.2e+06,1.2e+06,1.2e+06,1.2e+06,1.596e+06,1.596e+06,27.238,240068.330,,,,,,,,,,0,0,0,0,100,100
201863,,,,,,,,,,,,,,,,,,,,,,149,,,,,,,
201994,60100,61900,61500,59500,59500,70000,1.2e+06,1.2e+06,1.2e+06,1.2e+06,1.596e+06,1.596e+06,,240077.865,,,,,,,,,,1,0,0,0,100,100
202050,,,,,,,,,,,,,,,,,,,,,,,149,,,,,,
202994,60300,62100,61700,59900,59900,70000,1.2e+06,1.2e+06,1.2e+06,1.2e+06,1.596e+06,1.596e+06,,240087.280,,,,,,,,,,0,0,0,0,100,100
203210,,,,,,,,,,,,,,,,,,,,,,150,,,,,,,
203397,,,,,,,,,,,,,,,,,,,,,,,150,,,,,,
203995,60100,62100,61900,59900,59700,70000,1.2e+06,1.2e+06,1.2e+06,1.2e+06,1.596e+06,1.596e+06,,240096.790,,,,,,,,,,0,0,0,0,100,100
204560,,,,,,,,,,,,,,,,,,,,,,151,,,,,,,
204747,,,,,,,,,,,,,,,,,,,,,,,151,,,,,,
204995,60300,62100,61700,59500,59900,70000,1.2e+06,1.2e+06,1.2e+06,1.2e+06,1.596e+06,1.596e+06,,240106.228,,,,,,,,,,0,0,0,0,100,100
205906,,,,,,,,,,,,,,,,,,,,,,152,,,,,,,
205994,59900,62300,61900,59900,59900,70000,1.2e+06,1.2e+06,1.2e+06,1.2e+06,1.596e+06,1.596e+06,,240115.765,,,,,,,,,,0,0,0.990099,0,100,100
206095,,,,,,,,,,,,,,,,,,,,,,,152,,,,,,
206994,60100,62300,61900,59700,59700,70000,1.2e+06,1.2e+06,1.2e+06,1.2e+06,1.596e+06,1.596e+06,,240125.189,,,,,,,,,,0.990099,0,0,0,100,100
207249,,,,,,,,,,,,,,,,,,,,,,153,,,,,,,
207441,,,,,,,,,,,,,,,,,,,,,,,153,,,,,,
207994,60100,62300,61900,59700,59700,70000,1.2e+06,1.2e+06,1.2e+06,1.2e+06,1.596e+06,1.596e+06,,240134.717,,,,,,,,,,0,0,0,0,100,100
208594,,,,,,,,,,,,,,,,,,,,,,154,,,,,,,
208785,,,,,,,,,,,,,,,,,,,,,,,154,,,,,,
208994,60300,62300,61700,59500,59700,70000,1.2e+06,1.2e+06,1.2e+06,1.2e+06,1.596e+06,1.596e+06,,240144.244,,,,,,,,,,0,0,0,0,100,100
209935,,,,,,,,,,,,,,,,,,,,,,155,,,,,,,
209995,60300,62500,61900,59700,59900,70000,1.2e+06,1.2e+06,1.2e+06,1.2e+06,1.596e+06,1.596e+06,,240153.669,,,,,,,,,,0,0,0,0,100,100
210127,,,,,,,,,,,,,,,,,,,,,,,155,,,,,,
210994,60300,62300,61700,59500,59700,70000,1.2e+06,1.2e+06,1.2e+06,1.2e+06,1.596e+06,1.596e+06,27.217,240163.202,,,,,,,,,,1,0,0,0,100,100
211281,,,,,,,,,,,,,,,,,,,,,,156,,,,,,,
211476,,,,,,,,,,,,,,,,,,,,,,,156,,,,,,
211995,60300,62500,61900,59900,59900,70000,1.2e+06,1.2e+06,1.2e+06,1.2e+06,1.596e+06,1.596e+06,,240172.731,,,,,,,,,,0,0,0,0,100,100
212622,,,,,,,,,,,,,,,,,,,,,,157,,,,,,,
212819,,,,,,,,,,,,,,,,,,,,,,,157,,,,,,
212994,60300,62300,61900,59900,59900,70000,1.2e+06,1.2e+06,1.2e+06,1.2e+06,1.596e+06,1.596e+06,,240182.167,,,,,,,,,,0.990099,0,0,0,100,100
213969,,,,,,,,,,,,,,,,,,,,,,158,,,,,,,
213994,60300,62300,61900,59700,59900,70000,1.2e+06,1.2e+06,1.2e+06,1.2e+06,1.596e+06,1.596e+06,,240191.601,,,,,,,,,,0,0,0,0,100,100
214166,,,,,,,,,,,,,,,,,,,,,,,158,,,,,,
214994,60300,62500,61700,59900,59900,70000,1.2e+06,1.2e+06,1.2e+06,1.2e+06,1.596e+06,1.596e+06,,240201.132,,,,,,,,,,0,0,0,0,100,100
215314,,,,,,,,,,,,,,,,,,,,,,159,,,,,,,
215513,,,,,,,,,,,,,,,,,,,,,,,159,,,,,,
215994,60300,62500,61900,59900,59900,70000,1.2e+06,1.2e+06,1.2e+06,1.2e+06,1.596e+06,1.596e+06,,240210.557,,,,,,,,,,0,0,0,0,100,100
216660,,,,,,,,,,,,,,,,,,,,,,160,,,,,,,
216859,,,,,,,,,,,,,,,,,,,,,,,160,,,,,,
216994,60300,62500,61900,59900,59900,70000,1.2e+06,1.2e+06,1.2e+06,1.2e+06,1.596e+06,1.596e+06,,240220.093,,,,,,,,,,0,0,0,0,100,100
217994,60300,62600,61900,59900,59900,70000,1.2e+06,1.2e+06,1.2e+06,1.2e+06,1.596e+06,1.596e+06,,240229.527,,,,,,,,,,1,0,0,0,100,100
218003,,,,,,,,,,,,,,,,,,,,,,161,,,,,,,
218204,,,,,,,,,,,,,,,,,,,,,,,161,,,,,,
218994,60700,62500,61900,59900,59900,70000,1.2e+06,1.2e+06,1.2e+06,1.2e+06,1.596e+06,1.596e+06,,240239.064,,,,,,,,,,0,0.990099,0,0,100,100
219348,,,,,,,,,,,,,,,,,,,,,,162,,,,,,,
219550,,,,,,,,,,,,,,,,,,,,,,,162,,,,,,
219995,60500,62600,61900,59900,60100,70000,1.2e+06,1.2e+06,1.2e+06,1.2e+06,1.596e+06,1.596e+06,,240248.587,,,,,,,,,,0,0,0,0,100,100
220690,,,,,,,,,,,,,,,,,,,,,,163,,,,,,,
220893,,,,,,,,,,,,,,,,,,,,,,,163,,,,,,
220994,60300,62500,61900,59900,59900,70000,1.2e+06,1.2e+06,1.2e+06,1.2e+06,1.596e+06,1.596e+06,27.217,240258.033,,,,,,,,,,0,0,0,0,100,100
221994,60300,62500,61900,60100,59900,70000,1.2e+06,1.2e+06,1.2e+06,1.2e+06,1.596e+06,1.596e+06,,240267.573,,,,,,,,,,0,0,0,0,100,100
222035,,,,,,,,,,,,,,,,,,,,,,164,,,,,,,
222239,,,,,,,,,,,,,,,,,,,,,,,164,,,,,,
222994,60500,62500,61900,60300,59900,70000,1.2e+06,1.2e+06,1.2e+06,1.2e+06,1.596e+06,1.596e+06,,240277.012,,,,,,,,,,0.990099,0,0,0,100,100
223376,,,,,,,,,,,,,,,,,,,,,,165,,,,,,,
223581,,,,,,,,,,,,,,,,,,,,,,,165,,,,,,
223994,60300,62600,61900,59900,59900,70000,1.2e+06,1.2e+06,1.2e+06,1.2e+06,1.596e+06,1.596e+06,,240286.564,,,,,,,,,,0,0,0,0,100,100
224717,,,,,,,,,,,,,,,,,,,,,,166,,,,,,,
224925,,,,,,,,,,,,,,,,,,,,,,,166,,,,,,
224994,60700,62600,62300,60100,60300,70000,1.2e+06,1.2e+06,1.2e+06,1.2e+06,1.596e+06,1.596e+06,,240296.011,,,,,,,,,,0,0,0,0,100,100
225994,60300,62600,62300,59900,60100,70000,1.2e+06,1.2e+06,1.2e+06,1.2e+06,1.596e+06,1.596e+06,,240305.544,,,,,,,,,,0,0,0,0,100,100
226061,,,,,,,,,,,,,,,,,,,,,,167,,,,,,,
226269,,,,,,,,,,,,,,,,,,,,,,,167,,,,,,
226994,60500,62600,61900,59900,60100,70000,1.2e+06,1.2e+06,1.2e+06,1.2e+06,1.596e+06,1.596e+06,,240314.970,,,,,,,,,,1,0,0,0,100,100
227405,,,,,,,,,,,,,,,,,,,,,,168,,,,,,,
227615,,,,,,,,,,,,,,,,,,,,,,,168,,,,,,
227994,60500,62800,62300,60300,60100,70000,1.2e+06,1.2e+06,1.2e+06,1.2e+06,1.596e+06,1.596e+06,,240324.511,,,,,,,,,,0,0,0,0,100,100
228749,,,,,,,,,,,,,,,,,,,,,,169,,,,,,,
228962,,,,,,,,,,,,,,,,,,,,,,,169,,,,,,
228994,60500,62600,61900,60100,60100,70000,1.2e+06,1.2e+06,1.2e+06,1.2e+06,1.596e+06,1.596e+06,,240333.956,,,,,,,,,,0.990099,0,0,0,100,100
229994,60700,62600,62300,60100,60100,70000,1.2e+06,1.2e+06,1.2e+06,1.2e+06,1.596e+06,1.596e+06,,240343.475,,,,,,,,,,0,0,0,0,100,100
230100,,,,,,,,,,,,,,,,,,,,,,170,,,,,,,
230312,,,,,,,,,,,,,,,,,,,,,,,170,,,,,,
230995,60300,62800,62100,60100,60100,70000,1.2e+06,1.2e+06,1.2e+06,1.2e+06,1.596e+06,1.596e+06,27.228,240352.911,,,,,,,,,,0,0,0,0,100,100
231439,,,,,,,,,,,,,,,,,,,,,,171,,,,,,,
231653,,,,,,,,,,,,,,,,,,,,,,,171,,,,,,
231994,60700,62600,61900,60300,60100,70000,1.2e+06,1.2e+06,1.2e+06,1.2e+06,1.596e+06,1.596e+06,,240362.452,,,,,,,,,,0,0,0,0,100,100
232782,,,,,,,,,,,,,,,,,,,,,,172,,,,,,,
232994,60500,62600,62300,60300,60100,70000,1.2e+06,1.2e+06,1.2e+06,1.2e+06,1.596e+06,1.596e+06,,240372.004,,,,,,,,,,0,0,0,0,100,100
232998,,,,,,,,,,,,,,,,,,,,,,,172,,,,,,
233994,60700,62600,62300,60300,60300,70000,1.2e+06,1.2e+06,1.2e+06,1.2e+06,1.596e+06,1.596e+06,,240379.084,,,,,,,,,,1.9802,0,0,0,100,100
234125,,,,,,,,,,,,,,,,,,,,,,173,,,,,,,
234341,,,,,,,,,,,,,,,,,,,,,,,173,,,,,,
234994,60700,62800,62300,60300,60300,70000,1.2e+06,1.2e+06,1.2e+06,1.2e+06,1.596e+06,1.596e+06,,240388.524,,,,,,,,,,0,0,0,0,100,100
235467,,,,,,,,,,,,,,,,,,,,,,174,,,,,,,
235683,,,,,,,,,,,,,,,,,,,,,,,174,,,,,,
235994,60700,62800,61900,60300,60100,70000,1.2e+06,1.2e+06,1.2e+06,1.2e+06,1.596e+06,1.596e+06,,240398.056,,,,,,,,,,0,0,0,0,100,100
236806,,,,,,,,,,,,,,,,,,,,,,175,,,,,,,
236994,60700,62600,62300,60300,60300,70000,1.2e+06,1.2e+06,1.2e+06,1.2e+06,1.596e+06,1.596e+06,,240407.521,,,,,,,,,,0,0,0,0,100,100
237025,,,,,,,,,,,,,,,,,,,,,,,175,,,,,,
237994,60700,62600,62100,60300,60300,70000,1.2e+06,1.2e+06,1.2e+06,1.2e+06,1.596e+06,1.596e+06,,240417.060,,,,,,,,,,0,0,0,0,100,100
238149,,,,,,,,,,,,,,,,,,,,,,176,,,,,,,
238369,,,,,,,,,,,,,,,,,,,,,,,176,,,,,,
238994,60700,62800,62300,60300,60100,70000,1.2e+06,1.2e+06,1.2e+06,1.2e+06,1.596e+06,1.596e+06,,240426.508,,,,,,,,,,0.990099,0,0,0,100,100
239493,,,,,,,,,,,,,,,,,,,,,,177,,,,,,,
239717,,,,,,,,,,,,,,,,,,,,,,,177,,,,,,
239994,60700,62600,62100,60300,60300,70000,1.2e+06,1.2e+06,1.2e+06,1.2e+06,1.596e+06,1.596e+06,,240436.054,,,,,,,,,,0,0,0,0,100,100
240835,,,,,,,,,,,,,,,,,,,,,,178,,,,,,,
240994,60700,63000,62300,60300,60300,70000,1.2e+06,1.2e+06,1.2e+06,1.2e+06,1.596e+06,1.596e+06,27.249,240445.611,,,,,,,,,,0,0,0,0,100,100
241058,,,,,,,,,,,,,,,,,,,,,,,178,,,,,,
241994,60900,63000,62300,60500,60500,70000,1.2e+06,1.2e+06,1.2e+06,1.2e+06,1.596e+06,1.596e+06,,240455.064,,,,,,,,,,0,0,0,0,100,100
242183,,,,,,,,,,,,,,,,,,,,,,179,,,,,,,
242407,,,,,,,,,,,,,,,,,,,,,,,179,,,,,,
242994,60700,63000,62300,60300,60100,70000,1.2e+06,1.2e+06,1.2e+06,1.2e+06,1.596e+06,1.596e+06,,240464.595,,,,,,,,,,0,0.990099,0,0,100,100
243528,,,,,,,,,,,,,,,,,,,,,,180,,,,,,,
243752,,,,,,,,,,,,,,,,,,,,,,,180,,,,,,
243994,60700,63000,62300,60300,60300,70000,1.2e+06,1.2e+06,1.2e+06,1.2e+06,1.596e+06,1.596e+06,,240474.058,,,,,,,,,,0,0.990099,0,0,100,100
244871,,,,,,,,,,,,,,,,,,,,,,181,,,,,,,
244994,60700,63000,62500,60300,60100,70000,1.2e+06,1.2e+06,1.2e+06,1.2e+06,1.596e+06,1.596e+06,,240483.620,,,,,,,,,,0.990099,0,0,0,100,100
245097,,,,,,,,,,,,,,,,,,,,,,,181,,,,,,
245994,60700,63000,62300,60300,60300,70000,1.2e+06,1.2e+06,1.2e+06,1.2e+06,1.596e+06,1.596e+06,,240493.086,,,,,,,,,,0,0,0,0,100,100
246216,,,,,,,,,,,,,,,,,,,,,,182,,,,,,,
246442,,,,,,,,,,,,,,,,,,,,,,,182,,,,,,
246994,60900,63000,62300,60100,60300,70000,1.2e+06,1.2e+06,1.2e+06,1.2e+06,1.596e+06,1.596e+06,,240502.628,,,,,,,,,,0,0,0,0,100,100
247557,,,,,,,,,,,,,,,,,,,,,,183,,,,,,,
247786,,,,,,,,,,,,,,,,,,,,,,,183,,,,,,
247995,60900,63000,62300,60300,60300,70000,1.2e+06,1.2e+06,1.2e+06,1.2e+06,1.596e+06,1.596e+06,,240512.187,,,,,,,,,,0,0,0,0,100,100
248903,,,,,,,,,,,,,,,,,,,,,,184,,,,,,,
248994,60700,62800,62300,60300,60300,70000,1.2e+06,1.2e+06,1.2e+06,1.2e+06,1.596e+06,1.596e+06,,240521.651,,,,,,,,,,0,0,0,0,100,100
249132,,,,,,,,,,,,,,,,,,,,,,,184,,,,,,
249994,60900,62800,62300,60300,60300,70000,1.2e+06,1.2e+06,1.2e+06,1.2e+06,1.596e+06,1.596e+06,,240531.113,,,,,,,,,,1,0,0,0,100,100
250242,,,,,,,,,,,,,,,,,,,,,,185,,,,,,,
250473,,,,,,,,,,,,,,,,,,,,,,,185,,,,,,
250994,60700,63000,62600,60500,60700,70000,1.2e+06,1.2e+06,1.2e+06,1.2e+06,1.596e+06,1.596e+06,27.281,240540.675,,,,,,,,,,0,0,0,0,100,100
251588,,,,,,,,,,,,,,,,,,,,,,186,,,,,,,
251823,,,,,,,,,,,,,,,,,,,,,,,186,,,,,,
251994,61100,63000,62300,60300,60500,70000,1.2e+06,1.2e+06,1.2e+06,1.2e+06,1.596e+06,1.596e+06,,240550.136,,,,,,,,,,0,0,0,0,100,100
252935,,,,,,,,,,,,,,,,,,,,,,187,,,,,,,
252995,61100,63000,62500,60300,60700,70000,1.2e+06,1.2e+06,1.2e+06,1.2e+06,1.596e+06,1.596e+06,,240559.692,,,,,,,,,,0,0,0,0,100,100
253171,,,,,,,,,,,,,,,,,,,,,,,187,,,,,,
253994,60900,63000,62500,60300,60300,70000,1.2e+06,1.2e+06,1.2e+06,1.2e+06,1.596e+06,1.596e+06,,240569.156,,,,,,,,,,0,0.990099,0,0,100,100
254283,,,,,,,,,,,,,,,,,,,,,,188,,,,,,,
254519,,,,,,,,,,,,,,,,,,,,,,,188,,,,,,
254994,61100,63000,62500,60300,60500,70000,1.2e+06,1.2e+06,1.2e+06,1.2e+06,1.596e+06,1.596e+06,,240578.708,,,,,,,,,,0,0,0,0,100,100
255626,,,,,,,,,,,,,,,,,,,,,,189,,,,,,,
255862,,,,,,,,,,,,,,,,,,,,,,,189,,,,,,
255994,61100,63200,62600,60700,60500,70000,1.2e+06,1.2e+06,1.2e+06,1.2e+06,1.596e+06,1.596e+06,,240588.175,,,,,,,,,,0.990099,0,0,0,100,100
256970,,,,,,,,,,,,,,,,,,,,,,190,,,,,,,
256994,61100,63200,62600,60700,60700,70000,1.2e+06,1.2e+06,1.2e+06,1.2e+06,1.596e+06,1.596e+06,,240597.741,,,,,,,,,,0.990099,0,0,0,100,100
257207,,,,,,,,,,,,,,,,,,,,,,,190,,,,,,
257994,60900,63200,62600,60500,60700,70000,1.2e+06,1.2e+06,1.2e+06,1.2e+06,1.596e+06,1.596e+06,,240607.185,,,,,,,,,,0,0,0,0,100,100
258315,,,,,,,,,,,,,,,,,,,,,,191,,,,,,,
258553,,,,,,,,,,,,,,,,,,,,,,,191,,,,,,
258995,61100,63000,62600,60500,60700,70000,1.2e+06,1.2e+06,1.2e+06,1.2e+06,1.596e+06,1.596e+06,,240616.741,,,,,,,,,,0,0,0,0,100,100
259659,,,,,,,,,,,,,,,,,,,,,,192,,,,,,,
259903,,,,,,,,,,,,,,,,,,,,,,,192,,,,,,
259994,61100,63200,62600,60700,60500,70000,1.2e+06,1.2e+06,1.2e+06,1.2e+06,1.596e+06,1.596e+06,,240626.288,,,,,,,,,,0,0,0,0,100,100
260994,61100,63000,62600,60300,60500,70000,1.2e+06,1.2e+06,1.2e+06,1.2e+06,1.596e+06,1.596e+06,27.335,240635.760,,,,,,,,,,0.990099,0,0,0,100,100
261004,,,,,,,,,,,,,,,,,,,,,,193,,,,,,,
261246,,,,,,,,,,,,,,,,,,,,,,,193,,,,,,
261994,61100,63200,62500,60500,60500,70000,1.2e+06,1.2e+06,1.2e+06,1.2e+06,1.596e+06,1.596e+06,,240645.318,,,,,,,,,,0,0.990099,0,0,100,100
262347,,,,,,,,,,,,,,,,,,,,,,194,,,,,,,
262588,,,,,,,,,,,,,,,,,,,,,,,194,,,,,,
262994,61100,63000,62600,60500,60500,70000,1.2e+06,1.2e+06,1.2e+06,1.2e+06,1.596e+06,1.596e+06,,240654.774,,,,,,,,,,0,0,0.990099,0,100,100
263695,,,,,,,,,,,,,,,,,,,,,,195,,,,,,,
263939,,,,,,,,,,,,,,,,,,,,,,,195,,,,,,
263994,61100,63000,62600,60700,60700,70000,1.2e+06,1.2e+06,1.2e+06,1.2e+06,1.596e+06,1.596e+06,,240664.331,,,,,,,,,,0,0,0,0,100,100
264994,61100,63400,62600,60700,60500,70000,1.2e+06,1.2e+06,1.2e+06,1.2e+06,1.596e+06,1.596e+06,,240673.796,,,,,,,,,,0,0,0,0,100,100
265039,,,,,,,,,,,,,,,,,,,,,,196,,,,,,,
265284,,,,,,,,,,,,,,,,,,,,,,,196,,,,,,
265994,61100,63000,62600,60300,60500,70000,1.2e+06,1.2e+06,1.2e+06,1.2e+06,1.596e+06,1.596e+06,,240683.358,,,,,,,,,,0,0,0,0,100,100
266380,,,,,,,,,,,,,,,,,,,,,,197,,,,,,,
266625,,,,,,,,,,,,,,,,,,,,,,,197,,,,,,
266994,61100,63400,62600,60700,60700,70000,1.2e+06,1.2e+06,1.2e+06,1.2e+06,1.596e+06,1.596e+06,,240692.833,,,,,,,,,,0.990099,0,0,0,100,100
267724,,,,,,,,,,,,,,,,,,,,,,198,,,,,,,
267970,,,,,,,,,,,,,,,,,,,,,,,198,,,,,,
267994,61100,63200,63000,60900,61100,70000,1.2e+06,1.2e+06,1.2e+06,1.2e+06,1.596e+06,1.596e+06,,240702.388,,,,,,,,,,0,0,0,0,100,100
268994,61100,63400,62600,60700,60700,70000,1.2e+06,1.2e+06,1.2e+06,1.2e+06,1.596e+06,1.596e+06,,240711.874,,,,,,,,,,0,0,0,0,100,100
269066,,,,,,,,,,,,,,,,,,,,,,199,,,,,,,
269315,,,,,,,,,,,,,,,,,,,,,,,199,,,,,,
269994,61300,63200,62600,60500,60700,70000,1.2e+06,1.2e+06,1.2e+06,1.2e+06,1.596e+06,1.596e+06,,240721.414,,,,,,,,,,0,0,0,0,100,100
270408,,,,,,,,,,,,,,,,,,,,,,200,,,,,,,
270659,,,,,,,,,,,,,,,,,,,,,,,200,,,,,,
270994,61100,63200,62600,60700,60500,70000,1.2e+06,1.2e+06,1.2e+06,1.2e+06,1.596e+06,1.596e+06,27.378,240730.886,,,,,,,,,,0,0,0,0,100,100
271760,,,,,,,,,,,,,,,,,,,,,,201,,,,,,,
271994,61100,63400,62600,60700,61100,70000,1.2e+06,1.2e+06,1.2e+06,1.2e+06,1.596e+06,1.596e+06,,240740.452,,,,,,,,,,1,0,0,0,100,100
272010,,,,,,,,,,,,,,,,,,,,,,,201,,,,,,
272994,61100,63200,62600,60300,60700,70000,1.2e+06,1.2e+06,1.2e+06,1.2e+06,1.596e+06,1.596e+06,,240750.013,,,,,,,,,,0,0,0,0,100,100
273103,,,,,,,,,,,,,,,,,,,,,,202,,,,,,,
273354,,,,,,,,,,,,,,,,,,,,,,,202,,,,,,
273994,61300,63400,62600,60700,60900,70000,1.2e+06,1.2e+06,1.2e+06,1.2e+06,1.596e+06,1.596e+06,,240759.480,,,,,,,,,,0,0,0,0,100,100
274442,,,,,,,,,,,,,,,,,,,,,,203,,,,,,,
274697,,,,,,,,,,,,,,,,,,,,,,,203,,,,,,
274994,61100,63400,62600,60700,60700,70000,1.2e+06,1.2e+06,1.2e+06,1.2e+06,1.596e+06,1.596e+06,,240768.964,,,,,,,,,,0,0,0,0,100,100
275790,,,,,,,,,,,,,,,,,,,,,,204,,,,,,,
275994,61100,63200,62600,60700,60700,70000,1.2e+06,1.2e+06,1.2e+06,1.2e+06,1.596e+06,1.596e+06,,240778.529,,,,,,,,,,0,0,0,0,100,100
276044,,,,,,,,,,,,,,,,,,,,,,,204,,,,,,
276994,61100,63200,62600,60700,60700,70000,1.2e+06,1.2e+06,1.2e+06,1.2e+06,1.596e+06,1.596e+06,,240788.008,,,,,,,,,,0,0,0,0,100,100
277130,,,,,,,,,,,,,,,,,,,,,,205,,,,,,,
277386,,,,,,,,,,,,,,,,,,,,,,,205,,,,,,
277994,61100,63200,62600,60700,60700,70000,1.2e+06,1.2e+06,1.2e+06,1.2e+06,1.596e+06,1.596e+06,,240797.584,,,,,,,,,,0.990099,0,0,0,100,100
278474,,,,,,,,,,,,,,,,,,,,,,206,,,,,,,
278736,,,,,,,,,,,,,,,,,,,,,,,206,,,,,,
278994,61300,63000,62600,60700,60700,70000,1.2e+06,1.2e+06,1.2e+06,1.2e+06,1.596e+06,1.596e+06,,240807.131,,,,,,,,,,0,0,0,0,100,100
279820,,,,,,,,,,,,,,,,,,,,,,207,,,,,,,
279994,61300,63200,62600,60700,60700,70000,1.2e+06,1.2e+06,1.2e+06,1.2e+06,1.596e+06,1.596e+06,,240816.606,,,,,,,,,,0,0,0,0,100,100
280078,,,,,,,,,,,,,,,,,,,,,,,207,,,,,,
280994,61300,63200,62600,60700,60700,70000,1.2e+06,1.2e+06,1.2e+06,1.2e+06,1.596e+06,1.596e+06,27.378,240826.168,,,,,,,,,,0.990099,0,0,0,100,100
281166,,,,,,,,,,,,,,,,,,,,,,208,,,,,,,
281429,,,,,,,,,,,,,,,,,,,,,,,208,,,,,,
281994,61300,63200,62600,61100,60700,70000,1.2e+06,1.2e+06,1.2e+06,1.2e+06,1.596e+06,1.596e+06,,240833.263,,,,,,,,,,0,0,0,0,100,100
282515,,,,,,,,,,,,,,,,,,,,,,209,,,,,,,
282775,,,,,,,,,,,,,,,,,,,,,,,209,,,,,,
282994,61300,63400,62600,60700,60900,70000,1.2e+06,1.2e+06,1.2e+06,1.2e+06,1.596e+06,1.596e+06,,240842.743,,,,,,,,,,0.990099,0,0,0.990099,100,100
283859,,,,,,,,,,,,,,,,,,,,,,210,,,,,,,
283994,61300,63400,63000,61100,60900,70000,1.2e+06,1.2e+06,1.2e+06,1.2e+06,1.596e+06,1.596e+06,,240852.326,,,,,,,,,,0,0,0,0,100,100
284121,,,,,,,,,,,,,,,,,,,,,,,210,,,,,,
284994,61500,63600,62800,60900,60900,70000,1.2e+06,1.2e+06,1.2e+06,1.2e+06,1.596e+06,1.596e+06,,240861.808,,,,,,,,,,0,0,0,0,100,100
285203,,,,,,,,,,,,,,,,,,,,,,211,,,,,,,
285468,,,,,,,,,,,,,,,,,,,,,,,211,,,,,,
285994,61300,63600,63000,60900,60700,70000,1.2e+06,1.2e+06,1.2e+06,1.2e+06,1.596e+06,1.596e+06,,240871.381,,,,,,,,,,0,0,0,0,100,100
286552,,,,,,,,,,,,,,,,,,,,,,212,,,,,,,
286815,,,,,,,,,,,,,,,,,,,,,,,212,,,,,,
286995,61300,63600,63000,60700,60700,70000,1.2e+06,1.2e+06,1.2e+06,1.2e+06,1.596e+06,1.596e+06,,240880.961,,,,,,,,,,0,0,0,0,100,100
287892,,,,,,,,,,,,,,,,,,,,,,213,,,,,,,
287994,61500,63600,63000,61100,60900,70000,1.2e+06,1.2e+06,1.2e+06,1.2e+06,1.596e+06,1.596e+06,,240890.450,,,,,,,,,,0,0,0,0,100,100
288160,,,,,,,,,,,,,,,,,,,,,,,213,,,,,,
288994,61500,63400,62600,60900,60900,70000,1.2e+06,1.2e+06,1.2e+06,1.2e+06,1.596e+06,1.596e+06,,240900.012,,,,,,,,,,1,0,0,0,100,100
289239,,,,,,,,,,,,,,,,,,,,,,214,,,,,,,
289507,,,,,,,,,,,,,,,,,,,,,,,214,,,,,,
289994,61300,63400,62600,60900,60900,70000,1.2e+06,1.2e+06,1.2e+06,1.2e+06,1.596e+06,1.596e+06,,240909.477,,,,,,,,,,0,0,0,0,100,100
290589,,,,,,,,,,,,,,,,,,,,,,215,,,,,,,
290858,,,,,,,,,,,,,,,,,,,,,,,215,,,,,,
290994,61500,63400,62800,61100,61100,70000,1.2e+06,1.2e+06,1.2e+06,1.2e+06,1.596e+06,1.596e+06,27.399,240919.051,,,,,,,,,,0,0,0.990099,0,100,100
291936,,,,,,,,,,,,,,,,,,,,,,216,,,,,,,
291994,61500,63600,63000,61100,60900,70000,1.2e+06,1.2e+06,1.2e+06,1.2e+06,1.596e+06,1.596e+06,,240928.537,,,,,,,,,,0,0,0,0,100,100
292208,,,,,,,,,,,,,,,,,,,,,,,216,,,,,,
292994,61500,63400,63000,61100,60900,70000,1.2e+06,1.2e+06,1.2e+06,1.2e+06,1.596e+06,1.596e+06,,240938.113,,,,,,,,,,0,0,0,0,100,100
293278,,,,,,,,,,,,,,,,,,,,,,217,,,,,,,
293550,,,,,,,,,,,,,,,,,,,,,,,217,,,,,,
293994,61500,63600,63200,61100,60900,70000,1.2e+06,1.2e+06,1.2e+06,1.2e+06,1.596e+06,1.596e+06,,240947.590,,,,,,,,,,0.990099,0,0,0,100,100
294621,,,,,,,,,,,,,,,,,,,,,,218,,,,,,,
294896,,,,,,,,,,,,,,,,,,,,,,,218,,,,,,
294995,61700,63600,63000,61100,61100,70000,1.2e+06,1.2e+06,1.2e+06,1.2e+06,1.596e+06,1.596e+06,,240957.074,,,,,,,,,,0,0,0,0,100,100
295966,,,,,,,,,,,,,,,,,,,,,,219,,,,,,,
295994,61500,63600,62800,61100,60900,70000,1.2e+06,1.2e+06,1.2e+06,1.2e+06,1.596e+06,1.596e+06,,240966.746,,,,,,,,,,0,0,0.990099,0,100,100
296240,,,,,,,,,,,,,,,,,,,,,,,219,,,,,,
296994,61500,63400,63000,61100,61100,70000,1.2e+06,1.2e+06,1.2e+06,1.2e+06,1.596e+06,1.596e+06,,240976.211,,,,,,,,,,0,0,0,0,100,100
297310,,,,,,,,,,,,,,,,,,,,,,220,,,,,,,
297588,,,,,,,,,,,,,,,,,,,,,,,220,,,,,,
297994,61500,63600,63000,61100,61100,70000,1.2e+06,1.2e+06,1.2e+06,1.2e+06,1.596e+06,1.596e+06,,240985.799,,,,,,,,,,0,0,0,0,100,100
298655,,,,,,,,,,,,,,,,,,,,,,221,,,,,,,
298933,,,,,,,,,,,,,,,,,,,,,,,221,,,,,,
298994,61500,63800,63200,61100,61100,70000,1.2e+06,1.2e+06,1.2e+06,1.2e+06,1.596e+06,1.596e+06,,240995.275,,,,,,,,,,0.990099,0,0,0,100,100
299995,61700,64000,63400,61300,61100,70000,1.2e+06,1.2e+06,1.2e+06,1.2e+06,1.596e+06,1.596e+06,,241004.859,,,,,,,,,,0,0,0,0,100,100
