# Started at: 2022-04-28 19:32:48 +0000, Version: v0.1-177-gf3f14d1, Generated by: thermobench --verbose --fan-cmd=fan --fan-on=0 --time=300 --wait=50 --wait-timeout=60 --sensors_file=/root/thermobench/src/sensors.imx8 --cpu-usage --column=CPU0_work_done --column=CPU1_work_done --column=CPU2_work_done --column=CPU3_work_done --column=CPU4_work_done --column=CPU5_work_done --output=/root/JSA/coefficients_experiment/measurements/imx8a//tblook-4K_A53_one.json.yaml.csv -- demos-sched -p high -c /root/JSA/coefficients_experiment/demos_configurations/imx8//tblook-4K_A53_one.json.yaml
time/ms,CPU_0_temp/m°C,CPU_1_temp/m°C,GPU_0_temp/m°C,GPU_1_temp/m°C,DRC_temp/m°C,PMIC_temp/m°C,Cortex_A53_0_freq/Hz,Cortex_A53_1_freq/Hz,Cortex_A53_2_freq/Hz,Cortex_A53_3_freq/Hz,Cortex_A72_0_freq/Hz,Cortex_A72_1_freq/Hz,ambient,energy,cam_cpu,cam_mem,heat_sources,CPU0_work_done,CPU1_work_done,CPU2_work_done,CPU3_work_done,CPU4_work_done,CPU5_work_done,CPU0_load/%,CPU1_load/%,CPU2_load/%,CPU3_load/%,CPU4_load/%,CPU5_load/%
1.12465,49100,50100,50500,48700,48900,70000,600000,600000,600000,600000,600000,600000,,,,,,,,,,,,0,0,0,0,33.3333,66.6667
154.757,,,,,,,,,,,,,,,,,,0,,,,,,,,,,,
655.891,,,,,,,,,,,,,,,,,,96,,,,,,,,,,,
993.668,49300,50300,50100,48500,48900,70000,1.2e+06,1.2e+06,1.2e+06,1.2e+06,1.596e+06,1.596e+06,26.477,311065.682,,,,,,,,,,88.7755,4.12371,0,6.06061,0,0
1160.67,,,,,,,,,,,,,,,,,,193,,,,,,,,,,,
1659.8,,,,,,,,,,,,,,,,,,289,,,,,,,,,,,
1994.4,48900,49900,50100,47700,48500,70000,1.2e+06,1.2e+06,1.2e+06,1.2e+06,1.596e+06,1.596e+06,,311071.716,,,,,,,,,,100,0,0,0,0,0
2164.25,,,,,,,,,,,,,,,,,,386,,,,,,,,,,,
2668.47,,,,,,,,,,,,,,,,,,483,,,,,,,,,,,
2993.99,48700,49700,49700,48100,48500,70000,1.2e+06,1.2e+06,1.2e+06,1.2e+06,1.596e+06,1.596e+06,,311077.661,,,,,,,,,,100,0,0,0,0,0
3172.97,,,,,,,,,,,,,,,,,,580,,,,,,,,,,,
3677.45,,,,,,,,,,,,,,,,,,677,,,,,,,,,,,
3993.94,48500,49700,49700,47700,48500,70000,1.2e+06,1.2e+06,1.2e+06,1.2e+06,1.596e+06,1.596e+06,,311083.680,,,,,,,,,,100,0.990099,0,0,0,0
4181.92,,,,,,,,,,,,,,,,,,774,,,,,,,,,,,
4686.14,,,,,,,,,,,,,,,,,,871,,,,,,,,,,,
4994.62,48500,49500,49300,47700,48300,70000,1.2e+06,1.2e+06,1.2e+06,1.2e+06,1.596e+06,1.596e+06,,311089.688,,,,,,,,,,100,0,0,0,0,0
5190.6,,,,,,,,,,,,,,,,,,968,,,,,,,,,,,
5694.93,,,,,,,,,,,,,,,,,,1065,,,,,,,,,,,
5994.42,48500,49300,49500,47500,48300,70000,1.2e+06,1.2e+06,1.2e+06,1.2e+06,1.596e+06,1.596e+06,,311095.641,,,,,,,,,,100,0,0,0.990099,0.990099,0
6199.4,,,,,,,,,,,,,,,,,,1162,,,,,,,,,,,
6703.64,,,,,,,,,,,,,,,,,,1259,,,,,,,,,,,
6994.13,48100,49300,49300,47400,48300,70000,1.2e+06,1.2e+06,1.2e+06,1.2e+06,1.596e+06,1.596e+06,,311101.592,,,,,,,,,,100,0,0,0,0,0
7202.88,,,,,,,,,,,,,,,,,,1355,,,,,,,,,,,
7707.35,,,,,,,,,,,,,,,,,,1452,,,,,,,,,,,
7993.83,48500,49300,49300,47500,48100,70000,1.2e+06,1.2e+06,1.2e+06,1.2e+06,1.596e+06,1.596e+06,,311107.586,,,,,,,,,,100,0.990099,0,0,0,0.990099
8211.8,,,,,,,,,,,,,,,,,,1549,,,,,,,,,,,
8716.03,,,,,,,,,,,,,,,,,,1646,,,,,,,,,,,
8994.54,48500,49300,49300,47500,48300,70000,1.2e+06,1.2e+06,1.2e+06,1.2e+06,1.596e+06,1.596e+06,,311113.534,,,,,,,,,,100,0,0,0,0,0
9220.52,,,,,,,,,,,,,,,,,,1743,,,,,,,,,,,
9724.88,,,,,,,,,,,,,,,,,,1840,,,,,,,,,,,
9994.37,48500,49300,49300,47700,48100,70000,1.2e+06,1.2e+06,1.2e+06,1.2e+06,1.596e+06,1.596e+06,,311119.531,,,,,,,,,,100,0,0,1,0,0
10229.4,,,,,,,,,,,,,,,,,,1937,,,,,,,,,,,
10733.5,,,,,,,,,,,,,,,,,,2034,,,,,,,,,,,
10994.1,48500,49700,49300,47500,48300,70000,1.2e+06,1.2e+06,1.2e+06,1.2e+06,1.596e+06,1.596e+06,26.456,311125.480,,,,,,,,,,100,0,0,0,0,0
11232.9,,,,,,,,,,,,,,,,,,2130,,,,,,,,,,,
11737.3,,,,,,,,,,,,,,,,,,2227,,,,,,,,,,,
11993.8,48500,49300,49100,47700,48100,70000,1.2e+06,1.2e+06,1.2e+06,1.2e+06,1.596e+06,1.596e+06,,311131.483,,,,,,,,,,100,0,0,0,0,0.990099
12241.7,,,,,,,,,,,,,,,,,,2324,,,,,,,,,,,
12745.9,,,,,,,,,,,,,,,,,,2421,,,,,,,,,,,
12994.4,48500,49300,49300,47500,48100,70000,1.2e+06,1.2e+06,1.2e+06,1.2e+06,1.596e+06,1.596e+06,,311137.422,,,,,,,,,,100,1,0,0,0,0
13250.4,,,,,,,,,,,,,,,,,,2518,,,,,,,,,,,
13754.8,,,,,,,,,,,,,,,,,,2615,,,,,,,,,,,
13994.3,48500,49300,49300,47400,48100,70000,1.2e+06,1.2e+06,1.2e+06,1.2e+06,1.596e+06,1.596e+06,,311143.412,,,,,,,,,,100,0,0,0,0,0
14254.2,,,,,,,,,,,,,,,,,,2711,,,,,,,,,,,
14758.4,,,,,,,,,,,,,,,,,,2808,,,,,,,,,,,
14993.9,48500,49300,49500,47400,48100,70000,1.2e+06,1.2e+06,1.2e+06,1.2e+06,1.596e+06,1.596e+06,,311149.365,,,,,,,,,,100,0,0,0,0,0.990099
15262.8,,,,,,,,,,,,,,,,,,2905,,,,,,,,,,,
15767.2,,,,,,,,,,,,,,,,,,3002,,,,,,,,,,,
15993.6,48500,49300,49300,47500,48100,70000,1.2e+06,1.2e+06,1.2e+06,1.2e+06,1.596e+06,1.596e+06,,311155.370,,,,,,,,,,100,0,0,0,0,0
16271.7,,,,,,,,,,,,,,,,,,3099,,,,,,,,,,,
16775.8,,,,,,,,,,,,,,,,,,3196,,,,,,,,,,,
16994.4,48500,49300,49300,47400,47900,70000,1.2e+06,1.2e+06,1.2e+06,1.2e+06,1.596e+06,1.596e+06,,311161.308,,,,,,,,,,100,0.990099,0,0,0,0
17280.4,,,,,,,,,,,,,,,,,,3293,,,,,,,,,,,
17784.7,,,,,,,,,,,,,,,,,,3390,,,,,,,,,,,
17994.2,48100,49300,49300,47400,48100,70000,1.2e+06,1.2e+06,1.2e+06,1.2e+06,1.596e+06,1.596e+06,,311167.314,,,,,,,,,,100,0,0,0,0,0
18283.9,,,,,,,,,,,,,,,,,,3486,,,,,,,,,,,
18788.1,,,,,,,,,,,,,,,,,,3583,,,,,,,,,,,
18994.6,48300,49300,49300,47700,48100,70000,1.2e+06,1.2e+06,1.2e+06,1.2e+06,1.596e+06,1.596e+06,,311173.304,,,,,,,,,,100,0,0,0,0,0
19292.6,,,,,,,,,,,,,,,,,,3680,,,,,,,,,,,
19797,,,,,,,,,,,,,,,,,,3777,,,,,,,,,,,
19994.4,48500,49300,49300,47500,48300,70000,1.2e+06,1.2e+06,1.2e+06,1.2e+06,1.596e+06,1.596e+06,,311179.235,,,,,,,,,,100,0,0,0,0,0
20301.4,,,,,,,,,,,,,,,,,,3874,,,,,,,,,,,
20805.7,,,,,,,,,,,,,,,,,,3971,,,,,,,,,,,
20994.2,48500,49300,49300,47700,48300,70000,1.2e+06,1.2e+06,1.2e+06,1.2e+06,1.596e+06,1.596e+06,26.456,311185.230,,,,,,,,,,100,0.990099,0,0,0,0
21305,,,,,,,,,,,,,,,,,,4067,,,,,,,,,,,
21809.3,,,,,,,,,,,,,,,,,,4164,,,,,,,,,,,
21993.8,48500,49500,49300,47700,48100,70000,1.2e+06,1.2e+06,1.2e+06,1.2e+06,1.596e+06,1.596e+06,,311191.171,,,,,,,,,,100,0,0,0.990099,0,0.990099
22313.7,,,,,,,,,,,,,,,,,,4261,,,,,,,,,,,
22817.9,,,,,,,,,,,,,,,,,,4358,,,,,,,,,,,
22994.4,48500,49500,49300,47700,48100,70000,1.2e+06,1.2e+06,1.2e+06,1.2e+06,1.596e+06,1.596e+06,,311197.177,,,,,,,,,,100,0,0,0,0,0
23322.3,,,,,,,,,,,,,,,,,,4455,,,,,,,,,,,
23826.7,,,,,,,,,,,,,,,,,,4552,,,,,,,,,,,
23994.1,48500,49700,49300,47700,48300,70000,1.2e+06,1.2e+06,1.2e+06,1.2e+06,1.596e+06,1.596e+06,,311203.189,,,,,,,,,,100,0,0,0,0,0
24325.9,,,,,,,,,,,,,,,,,,4648,,,,,,,,,,,
24830.2,,,,,,,,,,,,,,,,,,4745,,,,,,,,,,,
24994.7,48500,49300,49500,47700,48300,70000,1.2e+06,1.2e+06,1.2e+06,1.2e+06,1.596e+06,1.596e+06,,311209.131,,,,,,,,,,100,0.990099,0,0,0,0
25334.6,,,,,,,,,,,,,,,,,,4842,,,,,,,,,,,
25838.9,,,,,,,,,,,,,,,,,,4939,,,,,,,,,,,
25994.5,48500,49500,49700,47700,48300,70000,1.2e+06,1.2e+06,1.2e+06,1.2e+06,1.596e+06,1.596e+06,,311215.140,,,,,,,,,,100,0,0,0,0,0
26343.3,,,,,,,,,,,,,,,,,,5036,,,,,,,,,,,
26847.5,,,,,,,,,,,,,,,,,,5133,,,,,,,,,,,
26994.6,48500,49500,49500,47500,48300,70000,1.2e+06,1.2e+06,1.2e+06,1.2e+06,1.596e+06,1.596e+06,,311221.078,,,,,,,,,,100,0,0,0,0,0.990099
27351.9,,,,,,,,,,,,,,,,,,5230,,,,,,,,,,,
27856.3,,,,,,,,,,,,,,,,,,5327,,,,,,,,,,,
27993.7,48500,49300,49500,47400,48100,70000,1.2e+06,1.2e+06,1.2e+06,1.2e+06,1.596e+06,1.596e+06,,311227.079,,,,,,,,,,100,0,0,0,0,0
28360.7,,,,,,,,,,,,,,,,,,5424,,,,,,,,,,,
28865,,,,,,,,,,,,,,,,,,5521,,,,,,,,,,,
28993.8,48500,49500,49500,47700,48100,70000,1.2e+06,1.2e+06,1.2e+06,1.2e+06,1.596e+06,1.596e+06,,311233.037,,,,,,,,,,100,1,0,0,0,0
29369.4,,,,,,,,,,,,,,,,,,5618,,,,,,,,,,,
29873.6,,,,,,,,,,,,,,,,,,5715,,,,,,,,,,,
29994.6,48500,49300,49500,47700,48300,70000,1.2e+06,1.2e+06,1.2e+06,1.2e+06,1.596e+06,1.596e+06,,311239.031,,,,,,,,,,100,0,0,0,0,1
30372.8,,,,,,,,,,,,,,,,,,5811,,,,,,,,,,,
30877.1,,,,,,,,,,,,,,,,,,5908,,,,,,,,,,,
30993.9,48700,49300,49500,47700,48100,70000,1.2e+06,1.2e+06,1.2e+06,1.2e+06,1.596e+06,1.596e+06,26.456,311244.971,,,,,,,,,,100,0,0,0,0,0
31381.5,,,,,,,,,,,,,,,,,,6005,,,,,,,,,,,
31885.9,,,,,,,,,,,,,,,,,,6102,,,,,,,,,,,
31994.5,48500,49500,49300,47700,48300,70000,1.2e+06,1.2e+06,1.2e+06,1.2e+06,1.596e+06,1.596e+06,,311250.969,,,,,,,,,,100,0,0,1,0,0
32390.3,,,,,,,,,,,,,,,,,,6199,,,,,,,,,,,
32894.4,,,,,,,,,,,,,,,,,,6296,,,,,,,,,,,
32993.7,48500,49300,49500,47700,48300,70000,1.2e+06,1.2e+06,1.2e+06,1.2e+06,1.596e+06,1.596e+06,,311256.910,,,,,,,,,,100,0.990099,0,0,0,0
33398.9,,,,,,,,,,,,,,,,,,6393,,,,,,,,,,,
33903.2,,,,,,,,,,,,,,,,,,6490,,,,,,,,,,,
33994.5,48500,49500,49700,47700,48300,70000,1.2e+06,1.2e+06,1.2e+06,1.2e+06,1.596e+06,1.596e+06,,311262.916,,,,,,,,,,100,0,0,0,0,0.990099
34407.6,,,,,,,,,,,,,,,,,,6587,,,,,,,,,,,
34911.8,,,,,,,,,,,,,,,,,,6684,,,,,,,,,,,
34994.1,48500,49500,49300,47700,48100,70000,1.2e+06,1.2e+06,1.2e+06,1.2e+06,1.596e+06,1.596e+06,,311268.857,,,,,,,,,,100,0,0,0,0,1
35416.2,,,,,,,,,,,,,,,,,,6781,,,,,,,,,,,
35920.6,,,,,,,,,,,,,,,,,,6878,,,,,,,,,,,
35994,48500,49700,49700,47700,48100,70000,1.2e+06,1.2e+06,1.2e+06,1.2e+06,1.596e+06,1.596e+06,,311274.865,,,,,,,,,,100,0,0,0,0,0
36425,,,,,,,,,,,,,,,,,,6975,,,,,,,,,,,
36929.2,,,,,,,,,,,,,,,,,,7072,,,,,,,,,,,
36994.4,48500,49500,49500,47700,48500,70000,1.2e+06,1.2e+06,1.2e+06,1.2e+06,1.596e+06,1.596e+06,,311279.327,,,,,,,,,,100,0,0,0,0,0
37433.7,,,,,,,,,,,,,,,,,,7169,,,,,,,,,,,
37932.8,,,,,,,,,,,,,,,,,,7265,,,,,,,,,,,
37994,48500,49500,49700,47700,48500,70000,1.2e+06,1.2e+06,1.2e+06,1.2e+06,1.596e+06,1.596e+06,,311285.344,,,,,,,,,,100,1,0,0.990099,0,0
38437.3,,,,,,,,,,,,,,,,,,7362,,,,,,,,,,,
38941.5,,,,,,,,,,,,,,,,,,7459,,,,,,,,,,,
38994.6,48900,49700,49700,48100,48500,70000,1.2e+06,1.2e+06,1.2e+06,1.2e+06,1.596e+06,1.596e+06,,311291.303,,,,,,,,,,100,0,0,0,0,0
39445.9,,,,,,,,,,,,,,,,,,7556,,,,,,,,,,,
39950.3,,,,,,,,,,,,,,,,,,7653,,,,,,,,,,,
39994.5,48500,49500,49300,47700,48100,70000,1.2e+06,1.2e+06,1.2e+06,1.2e+06,1.596e+06,1.596e+06,,311297.316,,,,,,,,,,100,0,0,0,0,0
40454.8,,,,,,,,,,,,,,,,,,7750,,,,,,,,,,,
40959.1,,,,,,,,,,,,,,,,,,7847,,,,,,,,,,,
40994.2,48500,49500,49300,47700,48100,70000,1.2e+06,1.2e+06,1.2e+06,1.2e+06,1.596e+06,1.596e+06,26.456,311303.266,,,,,,,,,,100,0,0,0,0,0
41463.5,,,,,,,,,,,,,,,,,,7944,,,,,,,,,,,
41967.9,,,,,,,,,,,,,,,,,,8041,,,,,,,,,,,
41994,48700,49500,49300,47700,48300,70000,1.2e+06,1.2e+06,1.2e+06,1.2e+06,1.596e+06,1.596e+06,,311309.274,,,,,,,,,,100,1,0,0,0,0
42472.3,,,,,,,,,,,,,,,,,,8138,,,,,,,,,,,
42976.5,,,,,,,,,,,,,,,,,,8235,,,,,,,,,,,
42994.6,48500,49500,49500,47700,48100,70000,1.2e+06,1.2e+06,1.2e+06,1.2e+06,1.596e+06,1.596e+06,,311315.221,,,,,,,,,,100,0,0,0,0,0
43480.9,,,,,,,,,,,,,,,,,,8332,,,,,,,,,,,
43985.3,,,,,,,,,,,,,,,,,,8429,,,,,,,,,,,
43994.4,48500,49300,49300,47400,48100,70000,1.2e+06,1.2e+06,1.2e+06,1.2e+06,1.596e+06,1.596e+06,,311321.219,,,,,,,,,,100,0,0,0,0,0
44489.7,,,,,,,,,,,,,,,,,,8526,,,,,,,,,,,
44989.1,,,,,,,,,,,,,,,,,,8622,,,,,,,,,,,
44994.2,48500,49500,49700,47700,48300,70000,1.2e+06,1.2e+06,1.2e+06,1.2e+06,1.596e+06,1.596e+06,,311327.167,,,,,,,,,,100,0,0,0,0,0
45493.5,,,,,,,,,,,,,,,,,,8719,,,,,,,,,,,
45994.4,48700,49700,49300,47700,48100,70000,1.2e+06,1.2e+06,1.2e+06,1.2e+06,1.596e+06,1.596e+06,,311333.160,,,,,,,,,,100,0.990099,0,0,0,0
45998.1,,,,,,,,,,,,,,,,,,8816,,,,,,,,,,,
46502.3,,,,,,,,,,,,,,,,,,8913,,,,,,,,,,,
46994,48900,49500,49700,47700,48300,70000,1.2e+06,1.2e+06,1.2e+06,1.2e+06,1.596e+06,1.596e+06,,311339.118,,,,,,,,,,100,0,0,0,0,0
47006.6,,,,,,,,,,,,,,,,,,9010,,,,,,,,,,,
47510.8,,,,,,,,,,,,,,,,,,9107,,,,,,,,,,,
47993.8,48700,49500,49500,47900,48500,70000,1.2e+06,1.2e+06,1.2e+06,1.2e+06,1.596e+06,1.596e+06,,311345.126,,,,,,,,,,100,0,0,0,0,0
48015.4,,,,,,,,,,,,,,,,,,9204,,,,,,,,,,,
48519.6,,,,,,,,,,,,,,,,,,9301,,,,,,,,,,,
48994.4,48500,49500,49300,47700,48100,70000,1.2e+06,1.2e+06,1.2e+06,1.2e+06,1.596e+06,1.596e+06,,311351.078,,,,,,,,,,100,0,0,0.990099,0,1
49018.8,,,,,,,,,,,,,,,,,,9397,,,,,,,,,,,
49523,,,,,,,,,,,,,,,,,,9494,,,,,,,,,,,
49994.1,48700,49300,49700,47700,48100,70000,1.2e+06,1.2e+06,1.2e+06,1.2e+06,1.596e+06,1.596e+06,,311357.100,,,,,,,,,,100,0,0,0,0,0
50027.6,,,,,,,,,,,,,,,,,,9591,,,,,,,,,,,
50531.8,,,,,,,,,,,,,,,,,,9688,,,,,,,,,,,
50994.7,48700,49700,49700,47500,48100,70000,1.2e+06,1.2e+06,1.2e+06,1.2e+06,1.596e+06,1.596e+06,26.466,311363.042,,,,,,,,,,100,1,0,0,0,0
51036.3,,,,,,,,,,,,,,,,,,9785,,,,,,,,,,,
51540.5,,,,,,,,,,,,,,,,,,9882,,,,,,,,,,,
51994.5,48700,49700,49700,47700,48300,70000,1.2e+06,1.2e+06,1.2e+06,1.2e+06,1.596e+06,1.596e+06,,311369.054,,,,,,,,,,100,0,0,0,0,0
52039.9,,,,,,,,,,,,,,,,,,9978,,,,,,,,,,,
52544.1,,,,,,,,,,,,,,,,,,10075,,,,,,,,,,,
52993.9,48700,49700,49700,47900,48300,70000,1.2e+06,1.2e+06,1.2e+06,1.2e+06,1.596e+06,1.596e+06,,311375.064,,,,,,,,,,100,0,0,0,0,0
53048.6,,,,,,,,,,,,,,,,,,10172,,,,,,,,,,,
53552.7,,,,,,,,,,,,,,,,,,10269,,,,,,,,,,,
53994.7,48500,49700,49700,47700,48500,70000,1.2e+06,1.2e+06,1.2e+06,1.2e+06,1.596e+06,1.596e+06,,311381.002,,,,,,,,,,100,0,0,0,0,0
54052.1,,,,,,,,,,,,,,,,,,10365,,,,,,,,,,,
54556.3,,,,,,,,,,,,,,,,,,10462,,,,,,,,,,,
54994.1,48500,49700,49500,47700,48300,70000,1.2e+06,1.2e+06,1.2e+06,1.2e+06,1.596e+06,1.596e+06,,311386.955,,,,,,,,,,100,1,0,0.990099,0,0
55060.8,,,,,,,,,,,,,,,,,,10559,,,,,,,,,,,
55559.8,,,,,,,,,,,,,,,,,,10655,,,,,,,,,,,
55993.7,48900,49700,49700,47900,48300,70000,1.2e+06,1.2e+06,1.2e+06,1.2e+06,1.596e+06,1.596e+06,,311392.954,,,,,,,,,,100,0.990099,0,0,0,0
56064.4,,,,,,,,,,,,,,,,,,10752,,,,,,,,,,,
56568.6,,,,,,,,,,,,,,,,,,10849,,,,,,,,,,,
56994.4,48700,49700,49500,47900,48300,70000,1.2e+06,1.2e+06,1.2e+06,1.2e+06,1.596e+06,1.596e+06,,311398.957,,,,,,,,,,100,0.990099,0.990099,0,0,0
57067.9,,,,,,,,,,,,,,,,,,10945,,,,,,,,,,,
57572.1,,,,,,,,,,,,,,,,,,11042,,,,,,,,,,,
57994,48900,49500,49700,47700,48500,70000,1.2e+06,1.2e+06,1.2e+06,1.2e+06,1.596e+06,1.596e+06,,311404.896,,,,,,,,,,100,0,0,0,0,0
58076.7,,,,,,,,,,,,,,,,,,11139,,,,,,,,,,,
58580.9,,,,,,,,,,,,,,,,,,11236,,,,,,,,,,,
58994.6,48700,49700,49700,47700,48300,70000,1.2e+06,1.2e+06,1.2e+06,1.2e+06,1.596e+06,1.596e+06,,311410.899,,,,,,,,,,100,0.990099,0,0,0,0
59085.3,,,,,,,,,,,,,,,,,,11333,,,,,,,,,,,
59589.5,,,,,,,,,,,,,,,,,,11430,,,,,,,,,,,
59994.2,48700,49700,49700,48100,48500,70000,1.2e+06,1.2e+06,1.2e+06,1.2e+06,1.596e+06,1.596e+06,,311416.850,,,,,,,,,,100,0,0,0,0,0
60088.9,,,,,,,,,,,,,,,,,,11526,,,,,,,,,,,
60593.1,,,,,,,,,,,,,,,,,,11623,,,,,,,,,,,
60993.8,48700,49500,49700,47700,48100,70000,1.2e+06,1.2e+06,1.2e+06,1.2e+06,1.596e+06,1.596e+06,26.466,311422.866,,,,,,,,,,100,0,0,0,0,0
61097.5,,,,,,,,,,,,,,,,,,11720,,,,,,,,,,,
61601.8,,,,,,,,,,,,,,,,,,11817,,,,,,,,,,,
61994.4,48700,49700,49700,47900,48300,70000,1.2e+06,1.2e+06,1.2e+06,1.2e+06,1.596e+06,1.596e+06,,311428.811,,,,,,,,,,100,0,0,0,0,0.990099
62106.3,,,,,,,,,,,,,,,,,,11914,,,,,,,,,,,
62610.6,,,,,,,,,,,,,,,,,,12011,,,,,,,,,,,
62994.2,48900,49700,49700,47700,48300,70000,1.2e+06,1.2e+06,1.2e+06,1.2e+06,1.596e+06,1.596e+06,,311434.814,,,,,,,,,,100,0.990099,0,1,0,1
63115,,,,,,,,,,,,,,,,,,12108,,,,,,,,,,,
63619.2,,,,,,,,,,,,,,,,,,12205,,,,,,,,,,,
63993.8,48700,49700,49700,47900,48500,70000,1.2e+06,1.2e+06,1.2e+06,1.2e+06,1.596e+06,1.596e+06,,311440.756,,,,,,,,,,100,0,0,0,0,0
64123.7,,,,,,,,,,,,,,,,,,12302,,,,,,,,,,,
64627.9,,,,,,,,,,,,,,,,,,12399,,,,,,,,,,,
64994.5,48700,49700,49700,48100,48500,70000,1.2e+06,1.2e+06,1.2e+06,1.2e+06,1.596e+06,1.596e+06,,311446.784,,,,,,,,,,100,0,0,0,0,0
65132.3,,,,,,,,,,,,,,,,,,12496,,,,,,,,,,,
65636.5,,,,,,,,,,,,,,,,,,12593,,,,,,,,,,,
65994.1,48700,49500,49500,47700,48500,70000,1.2e+06,1.2e+06,1.2e+06,1.2e+06,1.596e+06,1.596e+06,,311452.732,,,,,,,,,,100,0,0,0,0,0
66141,,,,,,,,,,,,,,,,,,12690,,,,,,,,,,,
66645.2,,,,,,,,,,,,,,,,,,12787,,,,,,,,,,,
66993.8,48900,49700,49700,47700,48300,70000,1.2e+06,1.2e+06,1.2e+06,1.2e+06,1.596e+06,1.596e+06,,311458.731,,,,,,,,,,100,1,0,0,0,0
67149.6,,,,,,,,,,,,,,,,,,12884,,,,,,,,,,,
67653.9,,,,,,,,,,,,,,,,,,12981,,,,,,,,,,,
67994.5,48900,49900,49700,47900,48300,70000,1.2e+06,1.2e+06,1.2e+06,1.2e+06,1.596e+06,1.596e+06,,311464.683,,,,,,,,,,100,0,0,0,0,0
68158.4,,,,,,,,,,,,,,,,,,13078,,,,,,,,,,,
68662.8,,,,,,,,,,,,,,,,,,13175,,,,,,,,,,,
68994.3,48500,49500,49700,47700,48300,70000,1.2e+06,1.2e+06,1.2e+06,1.2e+06,1.596e+06,1.596e+06,,311470.704,,,,,,,,,,100,0,0,0,0,0
69161.9,,,,,,,,,,,,,,,,,,13271,,,,,,,,,,,
69666.1,,,,,,,,,,,,,,,,,,13368,,,,,,,,,,,
69994.6,48500,49700,49700,47700,48300,70000,1.2e+06,1.2e+06,1.2e+06,1.2e+06,1.596e+06,1.596e+06,,311476.671,,,,,,,,,,100,0,0,0,0,0
70170.7,,,,,,,,,,,,,,,,,,13465,,,,,,,,,,,
70674.9,,,,,,,,,,,,,,,,,,13562,,,,,,,,,,,
70994.5,48500,49500,49500,48100,48300,70000,1.2e+06,1.2e+06,1.2e+06,1.2e+06,1.596e+06,1.596e+06,26.488,311482.674,,,,,,,,,,100,0.990099,0,0,0,0
71179.4,,,,,,,,,,,,,,,,,,13659,,,,,,,,,,,
71683.7,,,,,,,,,,,,,,,,,,13756,,,,,,,,,,,
71994,48500,49500,49700,47700,48500,70000,1.2e+06,1.2e+06,1.2e+06,1.2e+06,1.596e+06,1.596e+06,,311488.639,,,,,,,,,,100,0,0,0,0,0
72183,,,,,,,,,,,,,,,,,,13852,,,,,,,,,,,
72687.2,,,,,,,,,,,,,,,,,,13949,,,,,,,,,,,
72994.1,48500,49500,49500,47700,48300,70000,1.2e+06,1.2e+06,1.2e+06,1.2e+06,1.596e+06,1.596e+06,,311494.639,,,,,,,,,,100,0,0,0,0,0
73191.6,,,,,,,,,,,,,,,,,,14046,,,,,,,,,,,
73695.8,,,,,,,,,,,,,,,,,,14143,,,,,,,,,,,
73994.3,48700,49700,49700,47700,48300,70000,1.2e+06,1.2e+06,1.2e+06,1.2e+06,1.596e+06,1.596e+06,,311500.597,,,,,,,,,,100,0,0,0,0,0
74200.6,,,,,,,,,,,,,,,,,,14240,,,,,,,,,,,
74704.8,,,,,,,,,,,,,,,,,,14337,,,,,,,,,,,
74994.2,48700,49700,49700,47700,48300,70000,1.2e+06,1.2e+06,1.2e+06,1.2e+06,1.596e+06,1.596e+06,,311506.593,,,,,,,,,,100,0.990099,0,0,0,0
75209.2,,,,,,,,,,,,,,,,,,14434,,,,,,,,,,,
75713.7,,,,,,,,,,,,,,,,,,14531,,,,,,,,,,,
75994.2,48500,49500,49500,47700,48300,70000,1.2e+06,1.2e+06,1.2e+06,1.2e+06,1.596e+06,1.596e+06,,311512.591,,,,,,,,,,100,0,0,0,0,0
76213.1,,,,,,,,,,,,,,,,,,14627,,,,,,,,,,,
76717.3,,,,,,,,,,,,,,,,,,14724,,,,,,,,,,,
76993.7,48500,49500,49700,47700,48500,70000,1.2e+06,1.2e+06,1.2e+06,1.2e+06,1.596e+06,1.596e+06,,311518.540,,,,,,,,,,100,0,0,1,0,1
77221.7,,,,,,,,,,,,,,,,,,14821,,,,,,,,,,,
77726,,,,,,,,,,,,,,,,,,14918,,,,,,,,,,,
77994.4,48900,49700,49700,47900,48300,70000,1.2e+06,1.2e+06,1.2e+06,1.2e+06,1.596e+06,1.596e+06,,311524.547,,,,,,,,,,100,0,0,0.990099,0,0
78230.5,,,,,,,,,,,,,,,,,,15015,,,,,,,,,,,
78734.8,,,,,,,,,,,,,,,,,,15112,,,,,,,,,,,
78994.2,48700,49900,49500,47700,48300,70000,1.2e+06,1.2e+06,1.2e+06,1.2e+06,1.596e+06,1.596e+06,,311530.489,,,,,,,,,,100,0,0,0,0,0
79234,,,,,,,,,,,,,,,,,,15208,,,,,,,,,,,
79738.2,,,,,,,,,,,,,,,,,,15305,,,,,,,,,,,
79994.7,48700,49500,49500,47700,48500,70000,1.2e+06,1.2e+06,1.2e+06,1.2e+06,1.596e+06,1.596e+06,,311536.493,,,,,,,,,,100,1,0,0,0,0
80242.8,,,,,,,,,,,,,,,,,,15402,,,,,,,,,,,
80741.8,,,,,,,,,,,,,,,,,,15498,,,,,,,,,,,
80994.4,48900,49900,49700,47700,48500,70000,1.2e+06,1.2e+06,1.2e+06,1.2e+06,1.596e+06,1.596e+06,26.477,311542.449,,,,,,,,,,100,0,0,0,0,0
81246.3,,,,,,,,,,,,,,,,,,15595,,,,,,,,,,,
81750.5,,,,,,,,,,,,,,,,,,15692,,,,,,,,,,,
81994,48500,49500,49300,47700,48300,70000,1.2e+06,1.2e+06,1.2e+06,1.2e+06,1.596e+06,1.596e+06,,311548.459,,,,,,,,,,100,0,0,0,0,0
82249.8,,,,,,,,,,,,,,,,,,15788,,,,,,,,,,,
82754.1,,,,,,,,,,,,,,,,,,15885,,,,,,,,,,,
82994.6,48700,49700,49700,47900,48500,70000,1.2e+06,1.2e+06,1.2e+06,1.2e+06,1.596e+06,1.596e+06,,311554.408,,,,,,,,,,100,0,0,0,0,0
83258.5,,,,,,,,,,,,,,,,,,15982,,,,,,,,,,,
83762.7,,,,,,,,,,,,,,,,,,16079,,,,,,,,,,,
83994.3,48500,49700,49900,47900,48500,70000,1.2e+06,1.2e+06,1.2e+06,1.2e+06,1.596e+06,1.596e+06,,311560.415,,,,,,,,,,100,0.990099,0,0,0,0
84262.1,,,,,,,,,,,,,,,,,,16175,,,,,,,,,,,
84766.3,,,,,,,,,,,,,,,,,,16272,,,,,,,,,,,
84993.8,48700,49700,49900,47700,48300,70000,1.2e+06,1.2e+06,1.2e+06,1.2e+06,1.596e+06,1.596e+06,,311564.879,,,,,,,,,,100,0,0,0,0,0
85270.7,,,,,,,,,,,,,,,,,,16369,,,,,,,,,,,
85775,,,,,,,,,,,,,,,,,,16466,,,,,,,,,,,
85994.4,48500,49700,49700,47700,48300,70000,1.2e+06,1.2e+06,1.2e+06,1.2e+06,1.596e+06,1.596e+06,,311570.890,,,,,,,,,,100,0,0,0,0,0
86279.5,,,,,,,,,,,,,,,,,,16563,,,,,,,,,,,
86783.8,,,,,,,,,,,,,,,,,,16660,,,,,,,,,,,
86994.2,48700,49700,49700,47700,48500,70000,1.2e+06,1.2e+06,1.2e+06,1.2e+06,1.596e+06,1.596e+06,,311576.838,,,,,,,,,,100,0.990099,0,0,0,0
87282.9,,,,,,,,,,,,,,,,,,16756,,,,,,,,,,,
87787.2,,,,,,,,,,,,,,,,,,16853,,,,,,,,,,,
87994.6,48900,49900,49700,48100,48500,70000,1.2e+06,1.2e+06,1.2e+06,1.2e+06,1.596e+06,1.596e+06,,311582.843,,,,,,,,,,100,0.990099,0,0.990099,0,0
88291.7,,,,,,,,,,,,,,,,,,16950,,,,,,,,,,,
88795.9,,,,,,,,,,,,,,,,,,17047,,,,,,,,,,,
88994.4,48700,49700,49500,47700,48300,70000,1.2e+06,1.2e+06,1.2e+06,1.2e+06,1.596e+06,1.596e+06,,311588.805,,,,,,,,,,100,0,0,0,0,0
89300.4,,,,,,,,,,,,,,,,,,17144,,,,,,,,,,,
89804.5,,,,,,,,,,,,,,,,,,17241,,,,,,,,,,,
89994,48700,49700,49700,47700,48300,70000,1.2e+06,1.2e+06,1.2e+06,1.2e+06,1.596e+06,1.596e+06,,311594.822,,,,,,,,,,100,0,0,0,0,0
90303.9,,,,,,,,,,,,,,,,,,17337,,,,,,,,,,,
90808.1,,,,,,,,,,,,,,,,,,17434,,,,,,,,,,,
90994.6,48500,49700,49300,47700,48100,70000,1.2e+06,1.2e+06,1.2e+06,1.2e+06,1.596e+06,1.596e+06,26.477,311600.760,,,,,,,,,,100,0,0,0,0,0
91312.6,,,,,,,,,,,,,,,,,,17531,,,,,,,,,,,
91816.8,,,,,,,,,,,,,,,,,,17628,,,,,,,,,,,
91994.2,48500,49500,49500,47700,48500,70000,1.2e+06,1.2e+06,1.2e+06,1.2e+06,1.596e+06,1.596e+06,,311606.778,,,,,,,,,,100,1,0,0,0,0
92316.2,,,,,,,,,,,,,,,,,,17724,,,,,,,,,,,
92820.4,,,,,,,,,,,,,,,,,,17821,,,,,,,,,,,
92993.8,48900,49700,49700,47900,48500,70000,1.2e+06,1.2e+06,1.2e+06,1.2e+06,1.596e+06,1.596e+06,,311612.789,,,,,,,,,,100,0,0,0,0,0.990099
93324.8,,,,,,,,,,,,,,,,,,17918,,,,,,,,,,,
93829,,,,,,,,,,,,,,,,,,18015,,,,,,,,,,,
93994.3,48500,49300,49300,47700,48100,70000,1.2e+06,1.2e+06,1.2e+06,1.2e+06,1.596e+06,1.596e+06,,311618.736,,,,,,,,,,100,0,0,0,0,0
94333.5,,,,,,,,,,,,,,,,,,18112,,,,,,,,,,,
94837.7,,,,,,,,,,,,,,,,,,18209,,,,,,,,,,,
94994,48700,49500,49500,47700,48500,70000,1.2e+06,1.2e+06,1.2e+06,1.2e+06,1.596e+06,1.596e+06,,311624.735,,,,,,,,,,100,0,0,0,0,0
95337,,,,,,,,,,,,,,,,,,18305,,,,,,,,,,,
95841.2,,,,,,,,,,,,,,,,,,18402,,,,,,,,,,,
95994.5,48900,49700,49700,47700,48500,70000,1.2e+06,1.2e+06,1.2e+06,1.2e+06,1.596e+06,1.596e+06,,311630.693,,,,,,,,,,100,0.990099,0,0,0,0
96345.7,,,,,,,,,,,,,,,,,,18499,,,,,,,,,,,
96844.8,,,,,,,,,,,,,,,,,,18595,,,,,,,,,,,
96994.1,48700,49500,49700,47700,48300,70000,1.2e+06,1.2e+06,1.2e+06,1.2e+06,1.596e+06,1.596e+06,,311636.683,,,,,,,,,,100,0,0,0,0,0
97349.2,,,,,,,,,,,,,,,,,,18692,,,,,,,,,,,
97853.4,,,,,,,,,,,,,,,,,,18789,,,,,,,,,,,
97993.6,48500,49500,49700,48100,48100,70000,1.2e+06,1.2e+06,1.2e+06,1.2e+06,1.596e+06,1.596e+06,,311642.640,,,,,,,,,,100,0,0,0,0,0
98357.9,,,,,,,,,,,,,,,,,,18886,,,,,,,,,,,
98862.1,,,,,,,,,,,,,,,,,,18983,,,,,,,,,,,
98994.3,48500,49500,49500,47700,48500,70000,1.2e+06,1.2e+06,1.2e+06,1.2e+06,1.596e+06,1.596e+06,,311648.646,,,,,,,,,,100,0,0,0,0,0
99366.4,,,,,,,,,,,,,,,,,,19080,,,,,,,,,,,
99870.7,,,,,,,,,,,,,,,,,,19177,,,,,,,,,,,
99994,48900,49700,49700,47700,48300,70000,1.2e+06,1.2e+06,1.2e+06,1.2e+06,1.596e+06,1.596e+06,,311654.594,,,,,,,,,,100,0.990099,0,0.990099,0,0
100370,,,,,,,,,,,,,,,,,,19273,,,,,,,,,,,
100874,,,,,,,,,,,,,,,,,,19370,,,,,,,,,,,
100995,48700,49700,49700,47700,48500,70000,1.2e+06,1.2e+06,1.2e+06,1.2e+06,1.596e+06,1.596e+06,26.466,311660.614,,,,,,,,,,100,0,0,0,0,0
101379,,,,,,,,,,,,,,,,,,19467,,,,,,,,,,,
101883,,,,,,,,,,,,,,,,,,19564,,,,,,,,,,,
101994,48300,49700,49700,47700,48500,70000,1.2e+06,1.2e+06,1.2e+06,1.2e+06,1.596e+06,1.596e+06,,311666.568,,,,,,,,,,100,0,0,0,0,0
102388,,,,,,,,,,,,,,,,,,19661,,,,,,,,,,,
102892,,,,,,,,,,,,,,,,,,19758,,,,,,,,,,,
102994,48700,49500,49300,47700,48300,70000,1.2e+06,1.2e+06,1.2e+06,1.2e+06,1.596e+06,1.596e+06,,311672.579,,,,,,,,,,100,0,0,0,0,0
103391,,,,,,,,,,,,,,,,,,19854,,,,,,,,,,,
103895,,,,,,,,,,,,,,,,,,19951,,,,,,,,,,,
103995,48500,49500,49700,47700,48300,70000,1.2e+06,1.2e+06,1.2e+06,1.2e+06,1.596e+06,1.596e+06,,311678.527,,,,,,,,,,100,0.990099,0,0.990099,0,0
104400,,,,,,,,,,,,,,,,,,20048,,,,,,,,,,,
104904,,,,,,,,,,,,,,,,,,20145,,,,,,,,,,,
104994,48700,49700,49300,47700,48100,70000,1.2e+06,1.2e+06,1.2e+06,1.2e+06,1.596e+06,1.596e+06,,311684.534,,,,,,,,,,100,0,0,0,0,1
105409,,,,,,,,,,,,,,,,,,20242,,,,,,,,,,,
105913,,,,,,,,,,,,,,,,,,20339,,,,,,,,,,,
105994,48700,49700,49500,47700,48500,70000,1.2e+06,1.2e+06,1.2e+06,1.2e+06,1.596e+06,1.596e+06,,311690.474,,,,,,,,,,100,0,0,0,0,0
106412,,,,,,,,,,,,,,,,,,20435,,,,,,,,,,,
106916,,,,,,,,,,,,,,,,,,20532,,,,,,,,,,,
106995,48700,49500,49700,47700,48300,70000,1.2e+06,1.2e+06,1.2e+06,1.2e+06,1.596e+06,1.596e+06,,311696.484,,,,,,,,,,100,0,0,0,0,0
107421,,,,,,,,,,,,,,,,,,20629,,,,,,,,,,,
107925,,,,,,,,,,,,,,,,,,20726,,,,,,,,,,,
107994,48700,49500,49500,47700,48300,70000,1.2e+06,1.2e+06,1.2e+06,1.2e+06,1.596e+06,1.596e+06,,311702.440,,,,,,,,,,100,0,0,0,0,0
108430,,,,,,,,,,,,,,,,,,20823,,,,,,,,,,,
108934,,,,,,,,,,,,,,,,,,20920,,,,,,,,,,,
108994,48700,49500,49300,47700,48300,70000,1.2e+06,1.2e+06,1.2e+06,1.2e+06,1.596e+06,1.596e+06,,311708.446,,,,,,,,,,100,0.990099,0,0,0,0
109438,,,,,,,,,,,,,,,,,,21017,,,,,,,,,,,
109942,,,,,,,,,,,,,,,,,,21114,,,,,,,,,,,
109995,48500,49700,49700,47700,48500,70000,1.2e+06,1.2e+06,1.2e+06,1.2e+06,1.596e+06,1.596e+06,,311714.391,,,,,,,,,,100,0,0,0,0.990099,0
110442,,,,,,,,,,,,,,,,,,21210,,,,,,,,,,,
110946,,,,,,,,,,,,,,,,,,21307,,,,,,,,,,,
110994,48700,49700,49700,47700,48500,70000,1.2e+06,1.2e+06,1.2e+06,1.2e+06,1.596e+06,1.596e+06,26.466,311720.389,,,,,,,,,,100,0,0,0,0,0
111451,,,,,,,,,,,,,,,,,,21404,,,,,,,,,,,
111955,,,,,,,,,,,,,,,,,,21501,,,,,,,,,,,
111994,48900,49700,49700,47900,48500,70000,1.2e+06,1.2e+06,1.2e+06,1.2e+06,1.596e+06,1.596e+06,,311726.323,,,,,,,,,,100,0,0,0,0,0
112454,,,,,,,,,,,,,,,,,,21597,,,,,,,,,,,
112958,,,,,,,,,,,,,,,,,,21694,,,,,,,,,,,
112995,48700,49700,50100,47700,48500,70000,1.2e+06,1.2e+06,1.2e+06,1.2e+06,1.596e+06,1.596e+06,,311732.330,,,,,,,,,,100,0.990099,0,0,0,0
113463,,,,,,,,,,,,,,,,,,21791,,,,,,,,,,,
113967,,,,,,,,,,,,,,,,,,21888,,,,,,,,,,,
113994,48700,49700,49700,47700,48700,70000,1.2e+06,1.2e+06,1.2e+06,1.2e+06,1.596e+06,1.596e+06,,311738.279,,,,,,,,,,100,0,0,0,0,0
114471,,,,,,,,,,,,,,,,,,21985,,,,,,,,,,,
114976,,,,,,,,,,,,,,,,,,22082,,,,,,,,,,,
114994,48900,49700,49500,47900,48700,70000,1.2e+06,1.2e+06,1.2e+06,1.2e+06,1.596e+06,1.596e+06,,311744.279,,,,,,,,,,100,0,0,0,0,0
115475,,,,,,,,,,,,,,,,,,22178,,,,,,,,,,,
115979,,,,,,,,,,,,,,,,,,22275,,,,,,,,,,,
115994,48700,49700,49700,47700,48500,70000,1.2e+06,1.2e+06,1.2e+06,1.2e+06,1.596e+06,1.596e+06,,311750.294,,,,,,,,,,100,0,0,0,0,0
116484,,,,,,,,,,,,,,,,,,22372,,,,,,,,,,,
116988,,,,,,,,,,,,,,,,,,22469,,,,,,,,,,,
116994,48700,49700,49700,47700,48500,70000,1.2e+06,1.2e+06,1.2e+06,1.2e+06,1.596e+06,1.596e+06,,311756.238,,,,,,,,,,100,0.990099,0,0.990099,0,0
117492,,,,,,,,,,,,,,,,,,22566,,,,,,,,,,,
117994,48900,49500,49700,47700,48500,70000,1.2e+06,1.2e+06,1.2e+06,1.2e+06,1.596e+06,1.596e+06,,311762.179,,,,,,,,,,100,0,0,0,0,0
117997,,,,,,,,,,,,,,,,,,22663,,,,,,,,,,,
118501,,,,,,,,,,,,,,,,,,22760,,,,,,,,,,,
118994,48700,49700,49700,47700,48500,70000,1.2e+06,1.2e+06,1.2e+06,1.2e+06,1.596e+06,1.596e+06,,311768.187,,,,,,,,,,100,0,0,0,0.990099,0.990099
119006,,,,,,,,,,,,,,,,,,22857,,,,,,,,,,,
119510,,,,,,,,,,,,,,,,,,22954,,,,,,,,,,,
119995,48700,49700,49500,47900,48500,70000,1.2e+06,1.2e+06,1.2e+06,1.2e+06,1.596e+06,1.596e+06,,311774.131,,,,,,,,,,100,0,0,0,0,0
120014,,,,,,,,,,,,,,,,,,23051,,,,,,,,,,,
120519,,,,,,,,,,,,,,,,,,23148,,,,,,,,,,,
120995,48700,49700,49700,47900,48300,70000,1.2e+06,1.2e+06,1.2e+06,1.2e+06,1.596e+06,1.596e+06,26.477,311780.133,,,,,,,,,,100,1,0,0,0,0
121018,,,,,,,,,,,,,,,,,,23244,,,,,,,,,,,
121522,,,,,,,,,,,,,,,,,,23341,,,,,,,,,,,
121995,48900,49500,49500,48100,48100,70000,1.2e+06,1.2e+06,1.2e+06,1.2e+06,1.596e+06,1.596e+06,,311786.080,,,,,,,,,,100,0,0,0,0,0
122027,,,,,,,,,,,,,,,,,,23438,,,,,,,,,,,
122531,,,,,,,,,,,,,,,,,,23535,,,,,,,,,,,
122994,48700,49500,49700,48100,48500,70000,1.2e+06,1.2e+06,1.2e+06,1.2e+06,1.596e+06,1.596e+06,,311792.093,,,,,,,,,,100,0,0,0,0.990099,0
123035,,,,,,,,,,,,,,,,,,23632,,,,,,,,,,,
123540,,,,,,,,,,,,,,,,,,23729,,,,,,,,,,,
123994,48900,49500,49700,47700,48700,70000,1.2e+06,1.2e+06,1.2e+06,1.2e+06,1.596e+06,1.596e+06,,311798.041,,,,,,,,,,100,0,0,0,0,0
124044,,,,,,,,,,,,,,,,,,23826,,,,,,,,,,,
124548,,,,,,,,,,,,,,,,,,23923,,,,,,,,,,,
124994,48900,49900,49900,47900,48500,70000,1.2e+06,1.2e+06,1.2e+06,1.2e+06,1.596e+06,1.596e+06,,311804.053,,,,,,,,,,100,0,0,1,0,0
125053,,,,,,,,,,,,,,,,,,24020,,,,,,,,,,,
125557,,,,,,,,,,,,,,,,,,24117,,,,,,,,,,,
125995,48900,49700,49700,48100,48500,70000,1.2e+06,1.2e+06,1.2e+06,1.2e+06,1.596e+06,1.596e+06,,311810.059,,,,,,,,,,100,0.990099,0,0,0,0
126061,,,,,,,,,,,,,,,,,,24214,,,,,,,,,,,
126565,,,,,,,,,,,,,,,,,,24311,,,,,,,,,,,
126994,48700,49700,49700,47700,48500,70000,1.2e+06,1.2e+06,1.2e+06,1.2e+06,1.596e+06,1.596e+06,,311815.991,,,,,,,,,,100,0,0,0,0,0
127070,,,,,,,,,,,,,,,,,,24408,,,,,,,,,,,
127574,,,,,,,,,,,,,,,,,,24505,,,,,,,,,,,
127994,48700,49900,49700,47700,48300,70000,1.2e+06,1.2e+06,1.2e+06,1.2e+06,1.596e+06,1.596e+06,,311821.989,,,,,,,,,,100,0,0,0,0,0
128079,,,,,,,,,,,,,,,,,,24602,,,,,,,,,,,
128578,,,,,,,,,,,,,,,,,,24698,,,,,,,,,,,
128995,48700,49700,49700,47700,48500,70000,1.2e+06,1.2e+06,1.2e+06,1.2e+06,1.596e+06,1.596e+06,,311827.924,,,,,,,,,,100,0,0,0.990099,0,0
129082,,,,,,,,,,,,,,,,,,24795,,,,,,,,,,,
129586,,,,,,,,,,,,,,,,,,24892,,,,,,,,,,,
129994,48700,49500,49700,47700,48300,70000,1.2e+06,1.2e+06,1.2e+06,1.2e+06,1.596e+06,1.596e+06,,311833.928,,,,,,,,,,100,1,0,0,1,0
130091,,,,,,,,,,,,,,,,,,24989,,,,,,,,,,,
130595,,,,,,,,,,,,,,,,,,25086,,,,,,,,,,,
130995,48900,49900,49700,47900,48500,70000,1.2e+06,1.2e+06,1.2e+06,1.2e+06,1.596e+06,1.596e+06,26.456,311839.935,,,,,,,,,,100,0,0.990099,0,0,0
131100,,,,,,,,,,,,,,,,,,25183,,,,,,,,,,,
131599,,,,,,,,,,,,,,,,,,25279,,,,,,,,,,,
131994,48700,49500,49700,47700,48100,70000,1.2e+06,1.2e+06,1.2e+06,1.2e+06,1.596e+06,1.596e+06,,311844.404,,,,,,,,,,100,0.990099,0,0,0,0
132103,,,,,,,,,,,,,,,,,,25376,,,,,,,,,,,
132608,,,,,,,,,,,,,,,,,,25473,,,,,,,,,,,
132994,48500,49700,49500,47700,48100,70000,1.2e+06,1.2e+06,1.2e+06,1.2e+06,1.596e+06,1.596e+06,,311850.407,,,,,,,,,,100,1,0,0,0.990099,0
133112,,,,,,,,,,,,,,,,,,25570,,,,,,,,,,,
133616,,,,,,,,,,,,,,,,,,25667,,,,,,,,,,,
133994,48700,49500,49500,47700,48100,70000,1.2e+06,1.2e+06,1.2e+06,1.2e+06,1.596e+06,1.596e+06,,311856.335,,,,,,,,,,100,0.990099,0,0,0,0
134121,,,,,,,,,,,,,,,,,,25764,,,,,,,,,,,
134625,,,,,,,,,,,,,,,,,,25861,,,,,,,,,,,
134994,48500,49700,49700,47900,48500,70000,1.2e+06,1.2e+06,1.2e+06,1.2e+06,1.596e+06,1.596e+06,,311862.352,,,,,,,,,,100,0,0,0,0,0
135129,,,,,,,,,,,,,,,,,,25958,,,,,,,,,,,
135634,,,,,,,,,,,,,,,,,,26055,,,,,,,,,,,
135994,48700,49700,49700,47700,48100,70000,1.2e+06,1.2e+06,1.2e+06,1.2e+06,1.596e+06,1.596e+06,,311868.370,,,,,,,,,,100,1,0,0,0,0
136138,,,,,,,,,,,,,,,,,,26152,,,,,,,,,,,
136642,,,,,,,,,,,,,,,,,,26249,,,,,,,,,,,
136994,48900,49700,49900,47700,48500,70000,1.2e+06,1.2e+06,1.2e+06,1.2e+06,1.596e+06,1.596e+06,,311874.316,,,,,,,,,,100,0,0,0,0,0
137142,,,,,,,,,,,,,,,,,,26345,,,,,,,,,,,
137646,,,,,,,,,,,,,,,,,,26442,,,,,,,,,,,
137995,48700,49500,49700,47700,48500,70000,1.2e+06,1.2e+06,1.2e+06,1.2e+06,1.596e+06,1.596e+06,,311880.319,,,,,,,,,,100,0.990099,0,0,0,0
138150,,,,,,,,,,,,,,,,,,26539,,,,,,,,,,,
138655,,,,,,,,,,,,,,,,,,26636,,,,,,,,,,,
138994,48900,49900,50100,48100,48700,70000,1.2e+06,1.2e+06,1.2e+06,1.2e+06,1.596e+06,1.596e+06,,311886.270,,,,,,,,,,100,0,0,0,0,0
139159,,,,,,,,,,,,,,,,,,26733,,,,,,,,,,,
139663,,,,,,,,,,,,,,,,,,26830,,,,,,,,,,,
139994,48900,49700,49700,47900,48500,70000,1.2e+06,1.2e+06,1.2e+06,1.2e+06,1.596e+06,1.596e+06,,311892.280,,,,,,,,,,100,0,0,0,0.990099,0
140168,,,,,,,,,,,,,,,,,,26927,,,,,,,,,,,
140672,,,,,,,,,,,,,,,,,,27024,,,,,,,,,,,
140995,48500,49500,49500,47700,48300,70000,1.2e+06,1.2e+06,1.2e+06,1.2e+06,1.596e+06,1.596e+06,26.456,311898.227,,,,,,,,,,100,0,0,0,0,0
141177,,,,,,,,,,,,,,,,,,27121,,,,,,,,,,,
141681,,,,,,,,,,,,,,,,,,27218,,,,,,,,,,,
141994,48500,49700,49500,47700,48100,70000,1.2e+06,1.2e+06,1.2e+06,1.2e+06,1.596e+06,1.596e+06,,311904.231,,,,,,,,,,100,0.990099,0,0,0,0
142185,,,,,,,,,,,,,,,,,,27315,,,,,,,,,,,
142690,,,,,,,,,,,,,,,,,,27412,,,,,,,,,,,
142994,48500,49500,49500,47900,48300,70000,1.2e+06,1.2e+06,1.2e+06,1.2e+06,1.596e+06,1.596e+06,,311910.184,,,,,,,,,,100,0,0,0.990099,0,0
143194,,,,,,,,,,,,,,,,,,27509,,,,,,,,,,,
143698,,,,,,,,,,,,,,,,,,27606,,,,,,,,,,,
143995,48500,49500,49700,47700,48300,70000,1.2e+06,1.2e+06,1.2e+06,1.2e+06,1.596e+06,1.596e+06,,311916.169,,,,,,,,,,100,0,0,0,0,0
144203,,,,,,,,,,,,,,,,,,27703,,,,,,,,,,,
144707,,,,,,,,,,,,,,,,,,27800,,,,,,,,,,,
144994,48900,49700,49700,48100,48500,70000,1.2e+06,1.2e+06,1.2e+06,1.2e+06,1.596e+06,1.596e+06,,311922.176,,,,,,,,,,100,0,0,0,0,0
145211,,,,,,,,,,,,,,,,,,27897,,,,,,,,,,,
145716,,,,,,,,,,,,,,,,,,27994,,,,,,,,,,,
145994,48900,49700,49700,47700,48500,70000,1.2e+06,1.2e+06,1.2e+06,1.2e+06,1.596e+06,1.596e+06,,311928.107,,,,,,,,,,100,1,0,0,0,0
146215,,,,,,,,,,,,,,,,,,28090,,,,,,,,,,,
146719,,,,,,,,,,,,,,,,,,28187,,,,,,,,,,,
146995,48700,49700,49700,47900,48500,70000,1.2e+06,1.2e+06,1.2e+06,1.2e+06,1.596e+06,1.596e+06,,311934.111,,,,,,,,,,100,0,0,0,0.990099,0
147224,,,,,,,,,,,,,,,,,,28284,,,,,,,,,,,
147728,,,,,,,,,,,,,,,,,,28381,,,,,,,,,,,
147994,48700,49700,49900,47700,48100,70000,1.2e+06,1.2e+06,1.2e+06,1.2e+06,1.596e+06,1.596e+06,,311940.057,,,,,,,,,,100,0,0,1,0,0
148227,,,,,,,,,,,,,,,,,,28477,,,,,,,,,,,
148731,,,,,,,,,,,,,,,,,,28574,,,,,,,,,,,
148994,48700,49700,49900,48100,48700,70000,1.2e+06,1.2e+06,1.2e+06,1.2e+06,1.596e+06,1.596e+06,,311946.010,,,,,,,,,,100,0,0,0,0,0
149236,,,,,,,,,,,,,,,,,,28671,,,,,,,,,,,
149740,,,,,,,,,,,,,,,,,,28768,,,,,,,,,,,
149994,48900,49700,49700,47700,48500,70000,1.2e+06,1.2e+06,1.2e+06,1.2e+06,1.596e+06,1.596e+06,,311952.007,,,,,,,,,,100,0.990099,0,0,0,0
150244,,,,,,,,,,,,,,,,,,28865,,,,,,,,,,,
150749,,,,,,,,,,,,,,,,,,28962,,,,,,,,,,,
150994,48700,49900,49700,47700,48500,70000,1.2e+06,1.2e+06,1.2e+06,1.2e+06,1.596e+06,1.596e+06,26.456,311957.950,,,,,,,,,,100,0,0,0,0,0
151248,,,,,,,,,,,,,,,,,,29058,,,,,,,,,,,
151752,,,,,,,,,,,,,,,,,,29155,,,,,,,,,,,
151995,48700,49900,49700,47900,48500,70000,1.2e+06,1.2e+06,1.2e+06,1.2e+06,1.596e+06,1.596e+06,,311963.952,,,,,,,,,,100,0,0,0,0,0
152257,,,,,,,,,,,,,,,,,,29252,,,,,,,,,,,
152761,,,,,,,,,,,,,,,,,,29349,,,,,,,,,,,
152994,48500,49500,49700,47700,48300,70000,1.2e+06,1.2e+06,1.2e+06,1.2e+06,1.596e+06,1.596e+06,,311969.890,,,,,,,,,,100,0,0,0,0,0
153265,,,,,,,,,,,,,,,,,,29446,,,,,,,,,,,
153770,,,,,,,,,,,,,,,,,,29543,,,,,,,,,,,
153994,48700,49700,49900,47700,48300,70000,1.2e+06,1.2e+06,1.2e+06,1.2e+06,1.596e+06,1.596e+06,,311975.904,,,,,,,,,,100,0.990099,0,0,0.990099,0
154274,,,,,,,,,,,,,,,,,,29640,,,,,,,,,,,
154778,,,,,,,,,,,,,,,,,,29737,,,,,,,,,,,
154994,48500,49700,49700,47900,48300,70000,1.2e+06,1.2e+06,1.2e+06,1.2e+06,1.596e+06,1.596e+06,,311981.926,,,,,,,,,,100,0,0,0,0.990099,0
155283,,,,,,,,,,,,,,,,,,29834,,,,,,,,,,,
155782,,,,,,,,,,,,,,,,,,29930,,,,,,,,,,,
155994,48700,49700,49700,47900,48100,70000,1.2e+06,1.2e+06,1.2e+06,1.2e+06,1.596e+06,1.596e+06,,311987.864,,,,,,,,,,100,0,0,0,0,0
156286,,,,,,,,,,,,,,,,,,30027,,,,,,,,,,,
156790,,,,,,,,,,,,,,,,,,30124,,,,,,,,,,,
156994,48500,49700,49700,47700,48500,70000,1.2e+06,1.2e+06,1.2e+06,1.2e+06,1.596e+06,1.596e+06,,311993.807,,,,,,,,,,100,0,0,0,0,0
157295,,,,,,,,,,,,,,,,,,30221,,,,,,,,,,,
157799,,,,,,,,,,,,,,,,,,30318,,,,,,,,,,,
157995,48900,49700,49500,47700,48500,70000,1.2e+06,1.2e+06,1.2e+06,1.2e+06,1.596e+06,1.596e+06,,311999.804,,,,,,,,,,100,1,0,0,0,0
158303,,,,,,,,,,,,,,,,,,30415,,,,,,,,,,,
158808,,,,,,,,,,,,,,,,,,30512,,,,,,,,,,,
158994,48900,49700,49700,47900,48500,70000,1.2e+06,1.2e+06,1.2e+06,1.2e+06,1.596e+06,1.596e+06,,312005.746,,,,,,,,,,100,0,0,0.990099,0,0
159312,,,,,,,,,,,,,,,,,,30609,,,,,,,,,,,
159816,,,,,,,,,,,,,,,,,,30706,,,,,,,,,,,
159994,48700,49700,49700,47900,48500,70000,1.2e+06,1.2e+06,1.2e+06,1.2e+06,1.596e+06,1.596e+06,,312011.758,,,,,,,,,,100,0,0,0,0,0
160321,,,,,,,,,,,,,,,,,,30803,,,,,,,,,,,
160825,,,,,,,,,,,,,,,,,,30900,,,,,,,,,,,
160994,48500,49900,49700,47700,48700,70000,1.2e+06,1.2e+06,1.2e+06,1.2e+06,1.596e+06,1.596e+06,26.456,312017.761,,,,,,,,,,100,0,0,0,0,0
161330,,,,,,,,,,,,,,,,,,30997,,,,,,,,,,,
161834,,,,,,,,,,,,,,,,,,31094,,,,,,,,,,,
161994,48500,49700,49700,47700,48300,70000,1.2e+06,1.2e+06,1.2e+06,1.2e+06,1.596e+06,1.596e+06,,312023.701,,,,,,,,,,100,0.990099,0,0,0,0
162338,,,,,,,,,,,,,,,,,,31191,,,,,,,,,,,
162843,,,,,,,,,,,,,,,,,,31288,,,,,,,,,,,
162994,48900,49700,49500,47700,48500,70000,1.2e+06,1.2e+06,1.2e+06,1.2e+06,1.596e+06,1.596e+06,,312029.703,,,,,,,,,,100,0,0,0,0,0
163347,,,,,,,,,,,,,,,,,,31385,,,,,,,,,,,
163851,,,,,,,,,,,,,,,,,,31482,,,,,,,,,,,
163994,48900,49700,49700,48100,48500,70000,1.2e+06,1.2e+06,1.2e+06,1.2e+06,1.596e+06,1.596e+06,,312035.648,,,,,,,,,,100,0,0,0,0,0
164356,,,,,,,,,,,,,,,,,,31579,,,,,,,,,,,
164860,,,,,,,,,,,,,,,,,,31676,,,,,,,,,,,
164995,48500,49500,49700,47700,48500,70000,1.2e+06,1.2e+06,1.2e+06,1.2e+06,1.596e+06,1.596e+06,,312041.651,,,,,,,,,,100,0,0,0,0,0
165365,,,,,,,,,,,,,,,,,,31773,,,,,,,,,,,
165869,,,,,,,,,,,,,,,,,,31870,,,,,,,,,,,
165994,48500,49500,49300,47700,48500,70000,1.2e+06,1.2e+06,1.2e+06,1.2e+06,1.596e+06,1.596e+06,,312047.587,,,,,,,,,,100,0.990099,0,0,0,0
166373,,,,,,,,,,,,,,,,,,31967,,,,,,,,,,,
166878,,,,,,,,,,,,,,,,,,32064,,,,,,,,,,,
166994,48500,49700,49700,47700,48500,70000,1.2e+06,1.2e+06,1.2e+06,1.2e+06,1.596e+06,1.596e+06,,312053.604,,,,,,,,,,100,0,0,0,0,0
167382,,,,,,,,,,,,,,,,,,32161,,,,,,,,,,,
167887,,,,,,,,,,,,,,,,,,32258,,,,,,,,,,,
167994,48900,49700,49700,47900,48500,70000,1.2e+06,1.2e+06,1.2e+06,1.2e+06,1.596e+06,1.596e+06,,312059.551,,,,,,,,,,100,0,0,0,0,0
168386,,,,,,,,,,,,,,,,,,32354,,,,,,,,,,,
168890,,,,,,,,,,,,,,,,,,32451,,,,,,,,,,,
168995,48700,49700,49500,48100,48500,70000,1.2e+06,1.2e+06,1.2e+06,1.2e+06,1.596e+06,1.596e+06,,312065.558,,,,,,,,,,100,0,0.990099,0,0,0
169395,,,,,,,,,,,,,,,,,,32548,,,,,,,,,,,
169899,,,,,,,,,,,,,,,,,,32645,,,,,,,,,,,
169994,48700,49900,49700,48100,48500,70000,1.2e+06,1.2e+06,1.2e+06,1.2e+06,1.596e+06,1.596e+06,,312071.556,,,,,,,,,,100,0,0,0,0,0
170398,,,,,,,,,,,,,,,,,,32741,,,,,,,,,,,
170902,,,,,,,,,,,,,,,,,,32838,,,,,,,,,,,
170994,48900,49700,49900,48100,48500,70000,1.2e+06,1.2e+06,1.2e+06,1.2e+06,1.596e+06,1.596e+06,26.466,312077.508,,,,,,,,,,100,1,0,0.990099,0,0
171407,,,,,,,,,,,,,,,,,,32935,,,,,,,,,,,
171911,,,,,,,,,,,,,,,,,,33032,,,,,,,,,,,
171994,48900,49700,49900,47700,48500,70000,1.2e+06,1.2e+06,1.2e+06,1.2e+06,1.596e+06,1.596e+06,,312083.524,,,,,,,,,,100,0,0,1,0,0
172415,,,,,,,,,,,,,,,,,,33129,,,,,,,,,,,
172920,,,,,,,,,,,,,,,,,,33226,,,,,,,,,,,
172994,48700,49700,49700,47700,48500,70000,1.2e+06,1.2e+06,1.2e+06,1.2e+06,1.596e+06,1.596e+06,,312089.457,,,,,,,,,,100,0,0,0,0,0
173424,,,,,,,,,,,,,,,,,,33323,,,,,,,,,,,
173929,,,,,,,,,,,,,,,,,,33420,,,,,,,,,,,
173994,48500,49500,49700,47700,48500,70000,1.2e+06,1.2e+06,1.2e+06,1.2e+06,1.596e+06,1.596e+06,,312095.466,,,,,,,,,,100,0,0,0,0,0.990099
174433,,,,,,,,,,,,,,,,,,33517,,,,,,,,,,,
174937,,,,,,,,,,,,,,,,,,33614,,,,,,,,,,,
174994,48500,49700,49700,47700,48500,70000,1.2e+06,1.2e+06,1.2e+06,1.2e+06,1.596e+06,1.596e+06,,312101.415,,,,,,,,,,100,1.96078,0,0,0,0
175442,,,,,,,,,,,,,,,,,,33711,,,,,,,,,,,
175941,,,,,,,,,,,,,,,,,,33807,,,,,,,,,,,
175994,48700,49700,49700,47900,48500,70000,1.2e+06,1.2e+06,1.2e+06,1.2e+06,1.596e+06,1.596e+06,,312107.412,,,,,,,,,,100,0,0,0,0,0
176445,,,,,,,,,,,,,,,,,,33904,,,,,,,,,,,
176950,,,,,,,,,,,,,,,,,,34001,,,,,,,,,,,
176994,48700,49700,49700,47900,48500,70000,1.2e+06,1.2e+06,1.2e+06,1.2e+06,1.596e+06,1.596e+06,,312113.366,,,,,,,,,,100,0,0,0,0,0
177454,,,,,,,,,,,,,,,,,,34098,,,,,,,,,,,
177958,,,,,,,,,,,,,,,,,,34195,,,,,,,,,,,
177994,48700,49900,49700,48100,48300,70000,1.2e+06,1.2e+06,1.2e+06,1.2e+06,1.596e+06,1.596e+06,,312117.883,,,,,,,,,,100,0,0,0,0,0
178463,,,,,,,,,,,,,,,,,,34292,,,,,,,,,,,
178967,,,,,,,,,,,,,,,,,,34389,,,,,,,,,,,
178994,48700,49900,49900,48100,48500,70000,1.2e+06,1.2e+06,1.2e+06,1.2e+06,1.596e+06,1.596e+06,,312123.834,,,,,,,,,,100,0.990099,0,0,0,0
179471,,,,,,,,,,,,,,,,,,34486,,,,,,,,,,,
179976,,,,,,,,,,,,,,,,,,34583,,,,,,,,,,,
179995,48700,49900,49700,47900,48500,70000,1.2e+06,1.2e+06,1.2e+06,1.2e+06,1.596e+06,1.596e+06,,312129.841,,,,,,,,,,100,0.990099,0,0,0,0
180480,,,,,,,,,,,,,,,,,,34680,,,,,,,,,,,
180984,,,,,,,,,,,,,,,,,,34777,,,,,,,,,,,
180995,48900,49700,49700,48100,48300,70000,1.2e+06,1.2e+06,1.2e+06,1.2e+06,1.596e+06,1.596e+06,26.488,312135.786,,,,,,,,,,100,0,0,0,0,0
181489,,,,,,,,,,,,,,,,,,34874,,,,,,,,,,,
181993,,,,,,,,,,,,,,,,,,34971,,,,,,,,,,,
181994,48900,49700,49700,47700,48500,70000,1.2e+06,1.2e+06,1.2e+06,1.2e+06,1.596e+06,1.596e+06,,312141.788,,,,,,,,,,100,0,0,0,0,0
182497,,,,,,,,,,,,,,,,,,35068,,,,,,,,,,,
182994,48900,49900,49700,47900,48700,70000,1.2e+06,1.2e+06,1.2e+06,1.2e+06,1.596e+06,1.596e+06,,312147.734,,,,,,,,,,100,0.990099,0,1,0,0
183002,,,,,,,,,,,,,,,,,,35165,,,,,,,,,,,
183506,,,,,,,,,,,,,,,,,,35262,,,,,,,,,,,
183994,48700,49500,49700,47700,48500,70000,1.2e+06,1.2e+06,1.2e+06,1.2e+06,1.596e+06,1.596e+06,,312153.750,,,,,,,,,,100,0,0,0,0,0
184011,,,,,,,,,,,,,,,,,,35359,,,,,,,,,,,
184515,,,,,,,,,,,,,,,,,,35456,,,,,,,,,,,
184994,48500,49700,49700,47700,48500,70000,1.2e+06,1.2e+06,1.2e+06,1.2e+06,1.596e+06,1.596e+06,,312159.682,,,,,,,,,,100,0,0,0,1,0
185020,,,,,,,,,,,,,,,,,,35553,,,,,,,,,,,
185524,,,,,,,,,,,,,,,,,,35650,,,,,,,,,,,
185995,48700,49700,49500,47700,48500,70000,1.2e+06,1.2e+06,1.2e+06,1.2e+06,1.596e+06,1.596e+06,,312165.700,,,,,,,,,,100,0,0,0,0,0
186023,,,,,,,,,,,,,,,,,,35746,,,,,,,,,,,
186527,,,,,,,,,,,,,,,,,,35843,,,,,,,,,,,
186994,48700,49500,49700,47900,48500,70000,1.2e+06,1.2e+06,1.2e+06,1.2e+06,1.596e+06,1.596e+06,,312171.666,,,,,,,,,,100,0,0,0,0,0
187032,,,,,,,,,,,,,,,,,,35940,,,,,,,,,,,
187536,,,,,,,,,,,,,,,,,,36037,,,,,,,,,,,
187994,48700,49900,49700,47900,48500,70000,1.2e+06,1.2e+06,1.2e+06,1.2e+06,1.596e+06,1.596e+06,,312177.674,,,,,,,,,,100,0.990099,0,0,0,0
188040,,,,,,,,,,,,,,,,,,36134,,,,,,,,,,,
188545,,,,,,,,,,,,,,,,,,36231,,,,,,,,,,,
188994,48700,49500,49700,47700,48500,70000,1.2e+06,1.2e+06,1.2e+06,1.2e+06,1.596e+06,1.596e+06,,312183.628,,,,,,,,,,100,0,0,0,0,0
189044,,,,,,,,,,,,,,,,,,36327,,,,,,,,,,,
189548,,,,,,,,,,,,,,,,,,36424,,,,,,,,,,,
189994,48500,49700,49700,47700,48300,70000,1.2e+06,1.2e+06,1.2e+06,1.2e+06,1.596e+06,1.596e+06,,312189.623,,,,,,,,,,100,0,0,0,0,0
190053,,,,,,,,,,,,,,,,,,36521,,,,,,,,,,,
190557,,,,,,,,,,,,,,,,,,36618,,,,,,,,,,,
190995,48700,49700,49700,47700,48500,70000,1.2e+06,1.2e+06,1.2e+06,1.2e+06,1.596e+06,1.596e+06,26.498,312195.578,,,,,,,,,,100,0,0,0,0,0
191061,,,,,,,,,,,,,,,,,,36715,,,,,,,,,,,
191566,,,,,,,,,,,,,,,,,,36812,,,,,,,,,,,
191995,48500,49700,49500,47700,48300,70000,1.2e+06,1.2e+06,1.2e+06,1.2e+06,1.596e+06,1.596e+06,,312201.582,,,,,,,,,,100,0.990099,0,0,0.990099,0
192065,,,,,,,,,,,,,,,,,,36908,,,,,,,,,,,
192569,,,,,,,,,,,,,,,,,,37005,,,,,,,,,,,
192994,48900,49900,49700,47700,48300,70000,1.2e+06,1.2e+06,1.2e+06,1.2e+06,1.596e+06,1.596e+06,,312207.540,,,,,,,,,,100,0,0,0,0,0
193074,,,,,,,,,,,,,,,,,,37102,,,,,,,,,,,
193578,,,,,,,,,,,,,,,,,,37199,,,,,,,,,,,
193995,48500,49700,49500,47700,48300,70000,1.2e+06,1.2e+06,1.2e+06,1.2e+06,1.596e+06,1.596e+06,,312213.538,,,,,,,,,,100,0,0,0,0,0
194082,,,,,,,,,,,,,,,,,,37296,,,,,,,,,,,
194587,,,,,,,,,,,,,,,,,,37393,,,,,,,,,,,
194994,48700,49700,49700,47700,48300,70000,1.2e+06,1.2e+06,1.2e+06,1.2e+06,1.596e+06,1.596e+06,,312219.542,,,,,,,,,,100,0,0,0,0,0
195086,,,,,,,,,,,,,,,,,,37489,,,,,,,,,,,
195590,,,,,,,,,,,,,,,,,,37586,,,,,,,,,,,
195994,48700,49500,49500,47700,48300,70000,1.2e+06,1.2e+06,1.2e+06,1.2e+06,1.596e+06,1.596e+06,,312225.480,,,,,,,,,,100,1,0,1,0,0
196095,,,,,,,,,,,,,,,,,,37683,,,,,,,,,,,
196599,,,,,,,,,,,,,,,,,,37780,,,,,,,,,,,
196995,48700,49700,49700,47700,48500,70000,1.2e+06,1.2e+06,1.2e+06,1.2e+06,1.596e+06,1.596e+06,,312231.490,,,,,,,,,,100,0,0,0,0,0
197103,,,,,,,,,,,,,,,,,,37877,,,,,,,,,,,
197608,,,,,,,,,,,,,,,,,,37974,,,,,,,,,,,
197994,48700,49500,49700,47700,48500,70000,1.2e+06,1.2e+06,1.2e+06,1.2e+06,1.596e+06,1.596e+06,,312237.437,,,,,,,,,,100,0,0,0,0,0
198107,,,,,,,,,,,,,,,,,,38070,,,,,,,,,,,
198611,,,,,,,,,,,,,,,,,,38167,,,,,,,,,,,
198994,48900,49700,49500,47900,48500,70000,1.2e+06,1.2e+06,1.2e+06,1.2e+06,1.596e+06,1.596e+06,,312243.446,,,,,,,,,,100,0,0,0.990099,0,0
199116,,,,,,,,,,,,,,,,,,38264,,,,,,,,,,,
199620,,,,,,,,,,,,,,,,,,38361,,,,,,,,,,,
199994,48700,49700,49700,47700,48500,70000,1.2e+06,1.2e+06,1.2e+06,1.2e+06,1.596e+06,1.596e+06,,312249.404,,,,,,,,,,100,1,0,0,0.990099,0
200125,,,,,,,,,,,,,,,,,,38458,,,,,,,,,,,
200629,,,,,,,,,,,,,,,,,,38555,,,,,,,,,,,
200994,48700,49900,49700,47700,48500,70000,1.2e+06,1.2e+06,1.2e+06,1.2e+06,1.596e+06,1.596e+06,26.498,312255.404,,,,,,,,,,100,0,0,0,0,0
201128,,,,,,,,,,,,,,,,,,38651,,,,,,,,,,,
201632,,,,,,,,,,,,,,,,,,38748,,,,,,,,,,,
201994,48700,49500,49700,47700,48100,70000,1.2e+06,1.2e+06,1.2e+06,1.2e+06,1.596e+06,1.596e+06,,312261.347,,,,,,,,,,100,0,0,0,0,0
202137,,,,,,,,,,,,,,,,,,38845,,,,,,,,,,,
202641,,,,,,,,,,,,,,,,,,38942,,,,,,,,,,,
202995,48700,49500,49700,47700,48100,70000,1.2e+06,1.2e+06,1.2e+06,1.2e+06,1.596e+06,1.596e+06,,312267.354,,,,,,,,,,100,0,0,0,0,0
203146,,,,,,,,,,,,,,,,,,39039,,,,,,,,,,,
203650,,,,,,,,,,,,,,,,,,39136,,,,,,,,,,,
203994,48500,49700,49700,47700,48300,70000,1.2e+06,1.2e+06,1.2e+06,1.2e+06,1.596e+06,1.596e+06,,312273.312,,,,,,,,,,100,0,0,0,0,0
204154,,,,,,,,,,,,,,,,,,39233,,,,,,,,,,,
204658,,,,,,,,,,,,,,,,,,39330,,,,,,,,,,,
204994,48700,49500,49700,47700,48500,70000,1.2e+06,1.2e+06,1.2e+06,1.2e+06,1.596e+06,1.596e+06,,312279.311,,,,,,,,,,100,0.990099,0,0,0,0
205158,,,,,,,,,,,,,,,,,,39426,,,,,,,,,,,
205662,,,,,,,,,,,,,,,,,,39523,,,,,,,,,,,
205995,48700,49700,49700,47700,48300,70000,1.2e+06,1.2e+06,1.2e+06,1.2e+06,1.596e+06,1.596e+06,,312285.318,,,,,,,,,,100,0,0,0,0,0
206166,,,,,,,,,,,,,,,,,,39620,,,,,,,,,,,
206671,,,,,,,,,,,,,,,,,,39717,,,,,,,,,,,
206994,48900,49500,49900,47700,48500,70000,1.2e+06,1.2e+06,1.2e+06,1.2e+06,1.596e+06,1.596e+06,,312291.257,,,,,,,,,,100,0,0,0,0,0
207170,,,,,,,,,,,,,,,,,,39813,,,,,,,,,,,
207674,,,,,,,,,,,,,,,,,,39910,,,,,,,,,,,
207994,48500,49500,49700,47700,48500,70000,1.2e+06,1.2e+06,1.2e+06,1.2e+06,1.596e+06,1.596e+06,,312297.201,,,,,,,,,,100,0,0,0,0,0
208179,,,,,,,,,,,,,,,,,,40007,,,,,,,,,,,
208683,,,,,,,,,,,,,,,,,,40104,,,,,,,,,,,
208994,48700,49700,49700,47700,48300,70000,1.2e+06,1.2e+06,1.2e+06,1.2e+06,1.596e+06,1.596e+06,,312303.210,,,,,,,,,,100,1,0,1,0,0
209188,,,,,,,,,,,,,,,,,,40201,,,,,,,,,,,
209692,,,,,,,,,,,,,,,,,,40298,,,,,,,,,,,
209994,48500,49700,49700,47700,48500,70000,1.2e+06,1.2e+06,1.2e+06,1.2e+06,1.596e+06,1.596e+06,,312309.200,,,,,,,,,,100,0.990099,0,0,0.990099,0
210191,,,,,,,,,,,,,,,,,,40394,,,,,,,,,,,
210695,,,,,,,,,,,,,,,,,,40491,,,,,,,,,,,
210995,48500,49500,49300,47700,48300,70000,1.2e+06,1.2e+06,1.2e+06,1.2e+06,1.596e+06,1.596e+06,26.52,312315.203,,,,,,,,,,100,0,0,0,0,0
211200,,,,,,,,,,,,,,,,,,40588,,,,,,,,,,,
211704,,,,,,,,,,,,,,,,,,40685,,,,,,,,,,,
211994,48900,49700,49700,47700,48700,70000,1.2e+06,1.2e+06,1.2e+06,1.2e+06,1.596e+06,1.596e+06,,312321.149,,,,,,,,,,100,0,0,0,0,0
212208,,,,,,,,,,,,,,,,,,40782,,,,,,,,,,,
212712,,,,,,,,,,,,,,,,,,40879,,,,,,,,,,,
212994,48500,49700,49700,47900,48500,70000,1.2e+06,1.2e+06,1.2e+06,1.2e+06,1.596e+06,1.596e+06,,312327.097,,,,,,,,,,100,1,0,0,0,0
213217,,,,,,,,,,,,,,,,,,40976,,,,,,,,,,,
213721,,,,,,,,,,,,,,,,,,41073,,,,,,,,,,,
213995,48500,49700,49300,47700,48500,70000,1.2e+06,1.2e+06,1.2e+06,1.2e+06,1.596e+06,1.596e+06,,312333.104,,,,,,,,,,100,0,0,0,0,0
214226,,,,,,,,,,,,,,,,,,41170,,,,,,,,,,,
214730,,,,,,,,,,,,,,,,,,41267,,,,,,,,,,,
214994,48700,49700,49700,47700,48500,70000,1.2e+06,1.2e+06,1.2e+06,1.2e+06,1.596e+06,1.596e+06,,312339.031,,,,,,,,,,100,0,0,0,0,0
215234,,,,,,,,,,,,,,,,,,41364,,,,,,,,,,,
215739,,,,,,,,,,,,,,,,,,41461,,,,,,,,,,,
215994,48500,49700,49700,47900,48300,70000,1.2e+06,1.2e+06,1.2e+06,1.2e+06,1.596e+06,1.596e+06,,312345.043,,,,,,,,,,100,0,0,0,0,0
216238,,,,,,,,,,,,,,,,,,41557,,,,,,,,,,,
216742,,,,,,,,,,,,,,,,,,41654,,,,,,,,,,,
216994,48700,49500,49300,47900,48500,70000,1.2e+06,1.2e+06,1.2e+06,1.2e+06,1.596e+06,1.596e+06,,312351.054,,,,,,,,,,100,0.990099,0,0,0,0
217247,,,,,,,,,,,,,,,,,,41751,,,,,,,,,,,
217751,,,,,,,,,,,,,,,,,,41848,,,,,,,,,,,
217994,48700,49500,49500,47700,48300,70000,1.2e+06,1.2e+06,1.2e+06,1.2e+06,1.596e+06,1.596e+06,,312357.005,,,,,,,,,,100,0,0,0,0,0
218250,,,,,,,,,,,,,,,,,,41944,,,,,,,,,,,
218754,,,,,,,,,,,,,,,,,,42041,,,,,,,,,,,
218994,48700,49700,49900,47700,48500,70000,1.2e+06,1.2e+06,1.2e+06,1.2e+06,1.596e+06,1.596e+06,,312363.006,,,,,,,,,,100,0,0,0,0,0
219259,,,,,,,,,,,,,,,,,,42138,,,,,,,,,,,
219763,,,,,,,,,,,,,,,,,,42235,,,,,,,,,,,
219994,48700,49700,49700,48100,48500,70000,1.2e+06,1.2e+06,1.2e+06,1.2e+06,1.596e+06,1.596e+06,,312368.949,,,,,,,,,,100,0,0,0.990099,0.990099,0
220267,,,,,,,,,,,,,,,,,,42332,,,,,,,,,,,
220772,,,,,,,,,,,,,,,,,,42429,,,,,,,,,,,
220994,48700,49700,49700,48100,48300,70000,1.2e+06,1.2e+06,1.2e+06,1.2e+06,1.596e+06,1.596e+06,26.52,312374.902,,,,,,,,,,100,0.990099,0,0,0,0
221271,,,,,,,,,,,,,,,,,,42525,,,,,,,,,,,
221775,,,,,,,,,,,,,,,,,,42622,,,,,,,,,,,
221994,48500,49700,49700,47700,48300,70000,1.2e+06,1.2e+06,1.2e+06,1.2e+06,1.596e+06,1.596e+06,,312380.899,,,,,,,,,,100,0,0,0,0,0
222280,,,,,,,,,,,,,,,,,,42719,,,,,,,,,,,
222784,,,,,,,,,,,,,,,,,,42816,,,,,,,,,,,
222994,48900,49900,49700,48100,48500,70000,1.2e+06,1.2e+06,1.2e+06,1.2e+06,1.596e+06,1.596e+06,,312386.909,,,,,,,,,,100,0,0,1,0,0
223288,,,,,,,,,,,,,,,,,,42913,,,,,,,,,,,
223793,,,,,,,,,,,,,,,,,,43010,,,,,,,,,,,
223995,48900,49700,49700,47900,48500,70000,1.2e+06,1.2e+06,1.2e+06,1.2e+06,1.596e+06,1.596e+06,,312392.904,,,,,,,,,,100,0,0,0,0.990099,0
224292,,,,,,,,,,,,,,,,,,43106,,,,,,,,,,,
224796,,,,,,,,,,,,,,,,,,43203,,,,,,,,,,,
224995,48700,49700,49700,47900,48500,70000,1.2e+06,1.2e+06,1.2e+06,1.2e+06,1.596e+06,1.596e+06,,312397.358,,,,,,,,,,100,1,0,0,0,0
225301,,,,,,,,,,,,,,,,,,43300,,,,,,,,,,,
225805,,,,,,,,,,,,,,,,,,43397,,,,,,,,,,,
225994,48900,49500,49700,47700,48100,70000,1.2e+06,1.2e+06,1.2e+06,1.2e+06,1.596e+06,1.596e+06,,312403.287,,,,,,,,,,100,0,0,0,0,0
226309,,,,,,,,,,,,,,,,,,43494,,,,,,,,,,,
226814,,,,,,,,,,,,,,,,,,43591,,,,,,,,,,,
226994,48900,49700,49700,47700,48300,70000,1.2e+06,1.2e+06,1.2e+06,1.2e+06,1.596e+06,1.596e+06,,312409.279,,,,,,,,,,100,0,0,0,0,0
227313,,,,,,,,,,,,,,,,,,43687,,,,,,,,,,,
227817,,,,,,,,,,,,,,,,,,43784,,,,,,,,,,,
227994,48900,49500,49700,47700,48300,70000,1.2e+06,1.2e+06,1.2e+06,1.2e+06,1.596e+06,1.596e+06,,312415.277,,,,,,,,,,100,0,0,0,0,0
228321,,,,,,,,,,,,,,,,,,43881,,,,,,,,,,,
228826,,,,,,,,,,,,,,,,,,43978,,,,,,,,,,,
228994,48700,50100,49700,48100,48500,70000,1.2e+06,1.2e+06,1.2e+06,1.2e+06,1.596e+06,1.596e+06,,312421.229,,,,,,,,,,100,0.990099,0,0,1.96078,0
229325,,,,,,,,,,,,,,,,,,44074,,,,,,,,,,,
229830,,,,,,,,,,,,,,,,,,44171,,,,,,,,,,,
229994,48500,49700,49500,47700,48300,70000,1.2e+06,1.2e+06,1.2e+06,1.2e+06,1.596e+06,1.596e+06,,312427.236,,,,,,,,,,100,0,0,0,0,0
230334,,,,,,,,,,,,,,,,,,44268,,,,,,,,,,,
230838,,,,,,,,,,,,,,,,,,44365,,,,,,,,,,,
230995,48500,49700,49700,47700,48500,70000,1.2e+06,1.2e+06,1.2e+06,1.2e+06,1.596e+06,1.596e+06,26.52,312433.178,,,,,,,,,,100,0,0,0,0,0
231343,,,,,,,,,,,,,,,,,,44462,,,,,,,,,,,
231842,,,,,,,,,,,,,,,,,,44558,,,,,,,,,,,
231994,48700,49700,49700,47700,48300,70000,1.2e+06,1.2e+06,1.2e+06,1.2e+06,1.596e+06,1.596e+06,,312439.204,,,,,,,,,,100,0,0,0,0,0
232346,,,,,,,,,,,,,,,,,,44655,,,,,,,,,,,
232850,,,,,,,,,,,,,,,,,,44752,,,,,,,,,,,
232994,48900,49900,49700,47700,48500,70000,1.2e+06,1.2e+06,1.2e+06,1.2e+06,1.596e+06,1.596e+06,,312445.151,,,,,,,,,,100,0.990099,0,0,0,0
233355,,,,,,,,,,,,,,,,,,44849,,,,,,,,,,,
233859,,,,,,,,,,,,,,,,,,44946,,,,,,,,,,,
233995,48500,49500,49500,47700,48100,70000,1.2e+06,1.2e+06,1.2e+06,1.2e+06,1.596e+06,1.596e+06,,312451.157,,,,,,,,,,100,0,0,0,0,0
234364,,,,,,,,,,,,,,,,,,45043,,,,,,,,,,,
234868,,,,,,,,,,,,,,,,,,45140,,,,,,,,,,,
234994,48700,49900,49700,48100,48500,70000,1.2e+06,1.2e+06,1.2e+06,1.2e+06,1.596e+06,1.596e+06,,312457.157,,,,,,,,,,100,0,0,0,0,0
235372,,,,,,,,,,,,,,,,,,45237,,,,,,,,,,,
235877,,,,,,,,,,,,,,,,,,45334,,,,,,,,,,,
235994,48500,49500,49700,47700,48300,70000,1.2e+06,1.2e+06,1.2e+06,1.2e+06,1.596e+06,1.596e+06,,312463.096,,,,,,,,,,100,0,0,0,0,0
236381,,,,,,,,,,,,,,,,,,45431,,,,,,,,,,,
236885,,,,,,,,,,,,,,,,,,45528,,,,,,,,,,,
236994,48700,49700,49700,47700,48300,70000,1.2e+06,1.2e+06,1.2e+06,1.2e+06,1.596e+06,1.596e+06,,312469.100,,,,,,,,,,100,1,0,0,0,0
237390,,,,,,,,,,,,,,,,,,45625,,,,,,,,,,,
237894,,,,,,,,,,,,,,,,,,45722,,,,,,,,,,,
237994,48700,49700,49700,48100,48500,70000,1.2e+06,1.2e+06,1.2e+06,1.2e+06,1.596e+06,1.596e+06,,312475.095,,,,,,,,,,100,0,0,1,0,0
238398,,,,,,,,,,,,,,,,,,45819,,,,,,,,,,,
238903,,,,,,,,,,,,,,,,,,45916,,,,,,,,,,,
238994,48500,49700,49700,47900,48500,70000,1.2e+06,1.2e+06,1.2e+06,1.2e+06,1.596e+06,1.596e+06,,312481.036,,,,,,,,,,100,0,0,0,0,0
239402,,,,,,,,,,,,,,,,,,46012,,,,,,,,,,,
239906,,,,,,,,,,,,,,,,,,46109,,,,,,,,,,,
239995,48700,49900,49700,48100,48300,70000,1.2e+06,1.2e+06,1.2e+06,1.2e+06,1.596e+06,1.596e+06,,312487.060,,,,,,,,,,100,0,0,0,0,0
240411,,,,,,,,,,,,,,,,,,46206,,,,,,,,,,,
240915,,,,,,,,,,,,,,,,,,46303,,,,,,,,,,,
240994,48500,49700,49700,47700,48300,70000,1.2e+06,1.2e+06,1.2e+06,1.2e+06,1.596e+06,1.596e+06,26.541,312492.997,,,,,,,,,,100,0.990099,0,0,0,0
241419,,,,,,,,,,,,,,,,,,46400,,,,,,,,,,,
241924,,,,,,,,,,,,,,,,,,46497,,,,,,,,,,,
241994,48700,49700,49700,47900,48500,70000,1.2e+06,1.2e+06,1.2e+06,1.2e+06,1.596e+06,1.596e+06,,312499.005,,,,,,,,,,100,0,0,0.990099,0,0
242423,,,,,,,,,,,,,,,,,,46593,,,,,,,,,,,
242927,,,,,,,,,,,,,,,,,,46690,,,,,,,,,,,
242994,48500,49500,49700,47700,48500,70000,1.2e+06,1.2e+06,1.2e+06,1.2e+06,1.596e+06,1.596e+06,,312504.943,,,,,,,,,,100,0,0,0,0,0
243432,,,,,,,,,,,,,,,,,,46787,,,,,,,,,,,
243931,,,,,,,,,,,,,,,,,,46883,,,,,,,,,,,
243994,48500,49500,49700,47700,48500,70000,1.2e+06,1.2e+06,1.2e+06,1.2e+06,1.596e+06,1.596e+06,,312510.949,,,,,,,,,,100,0,0,0,0,0
244435,,,,,,,,,,,,,,,,,,46980,,,,,,,,,,,
244940,,,,,,,,,,,,,,,,,,47077,,,,,,,,,,,
244994,48700,49700,49700,47700,48500,70000,1.2e+06,1.2e+06,1.2e+06,1.2e+06,1.596e+06,1.596e+06,,312516.879,,,,,,,,,,100,0,0,0,1,0
245439,,,,,,,,,,,,,,,,,,47173,,,,,,,,,,,
245943,,,,,,,,,,,,,,,,,,47270,,,,,,,,,,,
245994,48500,49500,49500,47700,48100,70000,1.2e+06,1.2e+06,1.2e+06,1.2e+06,1.596e+06,1.596e+06,,312522.882,,,,,,,,,,100,0.990099,0,0,0,0
246448,,,,,,,,,,,,,,,,,,47367,,,,,,,,,,,
246952,,,,,,,,,,,,,,,,,,47464,,,,,,,,,,,
246994,48700,49500,49700,47700,48500,70000,1.2e+06,1.2e+06,1.2e+06,1.2e+06,1.596e+06,1.596e+06,,312528.890,,,,,,,,,,100,0,0,0,0,0
247456,,,,,,,,,,,,,,,,,,47561,,,,,,,,,,,
247961,,,,,,,,,,,,,,,,,,47658,,,,,,,,,,,
247994,48700,49700,49700,47700,48300,70000,1.2e+06,1.2e+06,1.2e+06,1.2e+06,1.596e+06,1.596e+06,,312534.835,,,,,,,,,,100,0,0,0,0,0
248460,,,,,,,,,,,,,,,,,,47754,,,,,,,,,,,
248964,,,,,,,,,,,,,,,,,,47851,,,,,,,,,,,
248994,48300,49700,49700,47700,48300,70000,1.2e+06,1.2e+06,1.2e+06,1.2e+06,1.596e+06,1.596e+06,,312540.837,,,,,,,,,,100,0,0,1,0,0
249468,,,,,,,,,,,,,,,,,,47948,,,,,,,,,,,
249973,,,,,,,,,,,,,,,,,,48045,,,,,,,,,,,
249994,48700,49500,49700,47700,48100,70000,1.2e+06,1.2e+06,1.2e+06,1.2e+06,1.596e+06,1.596e+06,,312546.774,,,,,,,,,,100,1,0,0,0,0
250477,,,,,,,,,,,,,,,,,,48142,,,,,,,,,,,
250982,,,,,,,,,,,,,,,,,,48239,,,,,,,,,,,
250995,48700,49500,49500,47700,48100,70000,1.2e+06,1.2e+06,1.2e+06,1.2e+06,1.596e+06,1.596e+06,26.552,312552.773,,,,,,,,,,100,0,0,0,0,0
251486,,,,,,,,,,,,,,,,,,48336,,,,,,,,,,,
251990,,,,,,,,,,,,,,,,,,48433,,,,,,,,,,,
251995,48700,49500,49500,47700,48500,70000,1.2e+06,1.2e+06,1.2e+06,1.2e+06,1.596e+06,1.596e+06,,312558.798,,,,,,,,,,100,0,0,0,0,0
252495,,,,,,,,,,,,,,,,,,48530,,,,,,,,,,,
252995,48700,49700,49700,47700,48300,70000,1.2e+06,1.2e+06,1.2e+06,1.2e+06,1.596e+06,1.596e+06,,312564.737,,,,,,,,,,100,0,0,0,0,0
252999,,,,,,,,,,,,,,,,,,48627,,,,,,,,,,,
253504,,,,,,,,,,,,,,,,,,48724,,,,,,,,,,,
253994,48500,49700,49500,47700,48300,70000,1.2e+06,1.2e+06,1.2e+06,1.2e+06,1.596e+06,1.596e+06,,312570.744,,,,,,,,,,100,0.990099,0,0,0,0
254003,,,,,,,,,,,,,,,,,,48820,,,,,,,,,,,
254507,,,,,,,,,,,,,,,,,,48917,,,,,,,,,,,
254994,48500,49900,49700,47700,48500,70000,1.2e+06,1.2e+06,1.2e+06,1.2e+06,1.596e+06,1.596e+06,,312576.693,,,,,,,,,,100,0,0,0,0,0
255012,,,,,,,,,,,,,,,,,,49014,,,,,,,,,,,
255516,,,,,,,,,,,,,,,,,,49111,,,,,,,,,,,
255994,48700,49500,49700,47900,48300,70000,1.2e+06,1.2e+06,1.2e+06,1.2e+06,1.596e+06,1.596e+06,,312582.694,,,,,,,,,,100,0,0,0,0,0
256021,,,,,,,,,,,,,,,,,,49208,,,,,,,,,,,
256525,,,,,,,,,,,,,,,,,,49305,,,,,,,,,,,
256995,48700,49500,49700,47700,48300,70000,1.2e+06,1.2e+06,1.2e+06,1.2e+06,1.596e+06,1.596e+06,,312588.642,,,,,,,,,,100,0,0,0,0,0
257024,,,,,,,,,,,,,,,,,,49401,,,,,,,,,,,
257528,,,,,,,,,,,,,,,,,,49498,,,,,,,,,,,
257994,48700,49500,49700,47900,48500,70000,1.2e+06,1.2e+06,1.2e+06,1.2e+06,1.596e+06,1.596e+06,,312594.646,,,,,,,,,,100,0.990099,0,0,0,0
258033,,,,,,,,,,,,,,,,,,49595,,,,,,,,,,,
258537,,,,,,,,,,,,,,,,,,49692,,,,,,,,,,,
258994,48700,49700,49700,47700,48300,70000,1.2e+06,1.2e+06,1.2e+06,1.2e+06,1.596e+06,1.596e+06,,312600.598,,,,,,,,,,100,0,0,0,0,0
259041,,,,,,,,,,,,,,,,,,49789,,,,,,,,,,,
259546,,,,,,,,,,,,,,,,,,49886,,,,,,,,,,,
259994,48700,49900,49900,47700,48500,70000,1.2e+06,1.2e+06,1.2e+06,1.2e+06,1.596e+06,1.596e+06,,312606.587,,,,,,,,,,100,0,0,1,1.96078,0
260045,,,,,,,,,,,,,,,,,,49982,,,,,,,,,,,
260549,,,,,,,,,,,,,,,,,,50079,,,,,,,,,,,
260994,48700,49500,49700,47900,48500,70000,1.2e+06,1.2e+06,1.2e+06,1.2e+06,1.596e+06,1.596e+06,26.552,312612.569,,,,,,,,,,100,0,0,0,0,0
261054,,,,,,,,,,,,,,,,,,50176,,,,,,,,,,,
261558,,,,,,,,,,,,,,,,,,50273,,,,,,,,,,,
261994,48900,49700,49700,47900,48500,70000,1.2e+06,1.2e+06,1.2e+06,1.2e+06,1.596e+06,1.596e+06,,312618.506,,,,,,,,,,100,0,0,0,0,0
262063,,,,,,,,,,,,,,,,,,50370,,,,,,,,,,,
262567,,,,,,,,,,,,,,,,,,50467,,,,,,,,,,,
262995,48500,49500,49700,47900,48300,70000,1.2e+06,1.2e+06,1.2e+06,1.2e+06,1.596e+06,1.596e+06,,312624.514,,,,,,,,,,100,0.990099,0,0,0,0.990099
263071,,,,,,,,,,,,,,,,,,50564,,,,,,,,,,,
263575,,,,,,,,,,,,,,,,,,50661,,,,,,,,,,,
263994,48500,49700,49700,48100,48300,70000,1.2e+06,1.2e+06,1.2e+06,1.2e+06,1.596e+06,1.596e+06,,312630.452,,,,,,,,,,100,0,0,0,0,0
264075,,,,,,,,,,,,,,,,,,50757,,,,,,,,,,,
264579,,,,,,,,,,,,,,,,,,50854,,,,,,,,,,,
264994,48500,49500,49700,47900,48300,70000,1.2e+06,1.2e+06,1.2e+06,1.2e+06,1.596e+06,1.596e+06,,312636.436,,,,,,,,,,100,0,0,1,0,0
265083,,,,,,,,,,,,,,,,,,50951,,,,,,,,,,,
265588,,,,,,,,,,,,,,,,,,51048,,,,,,,,,,,
265995,48500,49700,49700,47700,48300,70000,1.2e+06,1.2e+06,1.2e+06,1.2e+06,1.596e+06,1.596e+06,,312642.373,,,,,,,,,,100,0,0.990099,0,0,0
266087,,,,,,,,,,,,,,,,,,51144,,,,,,,,,,,
266591,,,,,,,,,,,,,,,,,,51241,,,,,,,,,,,
266995,48500,49500,49300,47700,48300,70000,1.2e+06,1.2e+06,1.2e+06,1.2e+06,1.596e+06,1.596e+06,,312648.367,,,,,,,,,,100,1,0,0,0,0
267096,,,,,,,,,,,,,,,,,,51338,,,,,,,,,,,
267600,,,,,,,,,,,,,,,,,,51435,,,,,,,,,,,
267994,48500,49500,49500,47700,48100,70000,1.2e+06,1.2e+06,1.2e+06,1.2e+06,1.596e+06,1.596e+06,,312654.310,,,,,,,,,,100,0,0,0,0,0
268104,,,,,,,,,,,,,,,,,,51532,,,,,,,,,,,
268609,,,,,,,,,,,,,,,,,,51629,,,,,,,,,,,
268994,48700,49700,49700,47700,48500,70000,1.2e+06,1.2e+06,1.2e+06,1.2e+06,1.596e+06,1.596e+06,,312658.820,,,,,,,,,,100,0,0,0,0,0.990099
269108,,,,,,,,,,,,,,,,,,51725,,,,,,,,,,,
269612,,,,,,,,,,,,,,,,,,51822,,,,,,,,,,,
269994,48300,49500,49500,47700,48300,70000,1.2e+06,1.2e+06,1.2e+06,1.2e+06,1.596e+06,1.596e+06,,312664.749,,,,,,,,,,100,0,0,0,0,0
270117,,,,,,,,,,,,,,,,,,51919,,,,,,,,,,,
270616,,,,,,,,,,,,,,,,,,52015,,,,,,,,,,,
270994,48700,49700,49700,47700,48500,70000,1.2e+06,1.2e+06,1.2e+06,1.2e+06,1.596e+06,1.596e+06,26.552,312670.753,,,,,,,,,,100,0.990099,0,0,0,0
271120,,,,,,,,,,,,,,,,,,52112,,,,,,,,,,,
271625,,,,,,,,,,,,,,,,,,52209,,,,,,,,,,,
271994,48700,49500,49700,47900,48100,70000,1.2e+06,1.2e+06,1.2e+06,1.2e+06,1.596e+06,1.596e+06,,312676.704,,,,,,,,,,100,0,0,0,0,0
272124,,,,,,,,,,,,,,,,,,52305,,,,,,,,,,,
272628,,,,,,,,,,,,,,,,,,52402,,,,,,,,,,,
272995,48700,49500,49700,47700,48100,70000,1.2e+06,1.2e+06,1.2e+06,1.2e+06,1.596e+06,1.596e+06,,312682.706,,,,,,,,,,100,0,0,0.990099,0,0
273133,,,,,,,,,,,,,,,,,,52499,,,,,,,,,,,
273637,,,,,,,,,,,,,,,,,,52596,,,,,,,,,,,
273994,48300,49300,49500,47700,48500,70000,1.2e+06,1.2e+06,1.2e+06,1.2e+06,1.596e+06,1.596e+06,,312688.698,,,,,,,,,,100,0,0,0,0,0
274136,,,,,,,,,,,,,,,,,,52692,,,,,,,,,,,
274640,,,,,,,,,,,,,,,,,,52789,,,,,,,,,,,
274994,48300,49500,49300,47500,48300,70000,1.2e+06,1.2e+06,1.2e+06,1.2e+06,1.596e+06,1.596e+06,,312694.632,,,,,,,,,,100,0,0,0,0,0
275145,,,,,,,,,,,,,,,,,,52886,,,,,,,,,,,
275649,,,,,,,,,,,,,,,,,,52983,,,,,,,,,,,
275995,48500,49300,49300,47500,48300,70000,1.2e+06,1.2e+06,1.2e+06,1.2e+06,1.596e+06,1.596e+06,,312700.644,,,,,,,,,,100,0.990099,0,0,0,0
276153,,,,,,,,,,,,,,,,,,53080,,,,,,,,,,,
276658,,,,,,,,,,,,,,,,,,53177,,,,,,,,,,,
276994,48500,49500,49500,47700,48300,70000,1.2e+06,1.2e+06,1.2e+06,1.2e+06,1.596e+06,1.596e+06,,312706.593,,,,,,,,,,100,0,0,0,0,0
277157,,,,,,,,,,,,,,,,,,53273,,,,,,,,,,,
277661,,,,,,,,,,,,,,,,,,53370,,,,,,,,,,,
277994,48500,49500,49300,47700,48100,70000,1.2e+06,1.2e+06,1.2e+06,1.2e+06,1.596e+06,1.596e+06,,312712.579,,,,,,,,,,100,0,0,0,0,0
278166,,,,,,,,,,,,,,,,,,53467,,,,,,,,,,,
278670,,,,,,,,,,,,,,,,,,53564,,,,,,,,,,,
278994,48500,49500,49500,47700,48100,70000,1.2e+06,1.2e+06,1.2e+06,1.2e+06,1.596e+06,1.596e+06,,312718.583,,,,,,,,,,100,0,0,0,0,0
279169,,,,,,,,,,,,,,,,,,53660,,,,,,,,,,,
279673,,,,,,,,,,,,,,,,,,53757,,,,,,,,,,,
279994,48500,49500,49300,47400,48100,70000,1.2e+06,1.2e+06,1.2e+06,1.2e+06,1.596e+06,1.596e+06,,312724.526,,,,,,,,,,100,0.990099,0,0,0,0
280178,,,,,,,,,,,,,,,,,,53854,,,,,,,,,,,
280677,,,,,,,,,,,,,,,,,,53950,,,,,,,,,,,
280994,48500,49500,49500,47500,48100,70000,1.2e+06,1.2e+06,1.2e+06,1.2e+06,1.596e+06,1.596e+06,26.552,312730.541,,,,,,,,,,100,0,0,0,0,0
281181,,,,,,,,,,,,,,,,,,54047,,,,,,,,,,,
281685,,,,,,,,,,,,,,,,,,54144,,,,,,,,,,,
281994,48300,49300,49500,47500,48300,70000,1.2e+06,1.2e+06,1.2e+06,1.2e+06,1.596e+06,1.596e+06,,312736.477,,,,,,,,,,100,0,0,0,0,0
282185,,,,,,,,,,,,,,,,,,54240,,,,,,,,,,,
282689,,,,,,,,,,,,,,,,,,54337,,,,,,,,,,,
282994,48500,49700,49700,47700,48300,70000,1.2e+06,1.2e+06,1.2e+06,1.2e+06,1.596e+06,1.596e+06,,312742.478,,,,,,,,,,100,0,0,0,0,0
283193,,,,,,,,,,,,,,,,,,54434,,,,,,,,,,,
283698,,,,,,,,,,,,,,,,,,54531,,,,,,,,,,,
283994,48300,49500,49500,47700,48300,70000,1.2e+06,1.2e+06,1.2e+06,1.2e+06,1.596e+06,1.596e+06,,312748.475,,,,,,,,,,100,1,0,0,0,0
284197,,,,,,,,,,,,,,,,,,54627,,,,,,,,,,,
284701,,,,,,,,,,,,,,,,,,54724,,,,,,,,,,,
284995,48500,49500,49700,47700,48100,70000,1.2e+06,1.2e+06,1.2e+06,1.2e+06,1.596e+06,1.596e+06,,312754.410,,,,,,,,,,100,0,0,0,0,0
285206,,,,,,,,,,,,,,,,,,54821,,,,,,,,,,,
285710,,,,,,,,,,,,,,,,,,54918,,,,,,,,,,,
285994,48300,49300,49300,47400,48100,70000,1.2e+06,1.2e+06,1.2e+06,1.2e+06,1.596e+06,1.596e+06,,312760.407,,,,,,,,,,100,0,0,0,0,0
286209,,,,,,,,,,,,,,,,,,55014,,,,,,,,,,,
286713,,,,,,,,,,,,,,,,,,55111,,,,,,,,,,,
286994,48300,49300,49300,47400,47900,70000,1.2e+06,1.2e+06,1.2e+06,1.2e+06,1.596e+06,1.596e+06,,312766.344,,,,,,,,,,100,0,0,0,0,0
287218,,,,,,,,,,,,,,,,,,55208,,,,,,,,,,,
287722,,,,,,,,,,,,,,,,,,55305,,,,,,,,,,,
287995,48500,49700,49300,47700,48100,70000,1.2e+06,1.2e+06,1.2e+06,1.2e+06,1.596e+06,1.596e+06,,312772.277,,,,,,,,,,100,1.9802,0.990099,1.96078,0,0
288227,,,,,,,,,,,,,,,,,,55402,,,,,,,,,,,
288731,,,,,,,,,,,,,,,,,,55499,,,,,,,,,,,
288994,48700,49500,49500,47700,48100,70000,1.2e+06,1.2e+06,1.2e+06,1.2e+06,1.596e+06,1.596e+06,,312778.284,,,,,,,,,,100,0,0,0,0,0
289230,,,,,,,,,,,,,,,,,,55595,,,,,,,,,,,
289734,,,,,,,,,,,,,,,,,,55692,,,,,,,,,,,
289994,48500,49300,49300,47400,48300,70000,1.2e+06,1.2e+06,1.2e+06,1.2e+06,1.596e+06,1.596e+06,,312784.283,,,,,,,,,,100,0,0,0,0,1.96078
290239,,,,,,,,,,,,,,,,,,55789,,,,,,,,,,,
290738,,,,,,,,,,,,,,,,,,55885,,,,,,,,,,,
290995,48500,49300,49300,47500,48100,70000,1.2e+06,1.2e+06,1.2e+06,1.2e+06,1.596e+06,1.596e+06,26.563,312790.217,,,,,,,,,,100,0,0,0,0,0
291243,,,,,,,,,,,,,,,,,,55982,,,,,,,,,,,
291747,,,,,,,,,,,,,,,,,,56079,,,,,,,,,,,
291995,48300,49500,49500,47400,48100,70000,1.2e+06,1.2e+06,1.2e+06,1.2e+06,1.596e+06,1.596e+06,,312796.209,,,,,,,,,,100,0,0,0,0,0.990099
292251,,,,,,,,,,,,,,,,,,56176,,,,,,,,,,,
292756,,,,,,,,,,,,,,,,,,56273,,,,,,,,,,,
292994,48500,49300,49300,47500,48100,70000,1.2e+06,1.2e+06,1.2e+06,1.2e+06,1.596e+06,1.596e+06,,312802.151,,,,,,,,,,100,0.990099,0,0,0,0
293255,,,,,,,,,,,,,,,,,,56369,,,,,,,,,,,
293759,,,,,,,,,,,,,,,,,,56466,,,,,,,,,,,
293995,48300,49300,49300,47700,48100,70000,1.2e+06,1.2e+06,1.2e+06,1.2e+06,1.596e+06,1.596e+06,,312808.157,,,,,,,,,,100,0,0,0,0,0
294264,,,,,,,,,,,,,,,,,,56563,,,,,,,,,,,
294768,,,,,,,,,,,,,,,,,,56660,,,,,,,,,,,
294994,48300,49300,49700,47700,48100,70000,1.2e+06,1.2e+06,1.2e+06,1.2e+06,1.596e+06,1.596e+06,,312814.095,,,,,,,,,,100,0,0,0,0,0
295272,,,,,,,,,,,,,,,,,,56757,,,,,,,,,,,
295776,,,,,,,,,,,,,,,,,,56854,,,,,,,,,,,
295994,48300,49500,49700,47700,48100,70000,1.2e+06,1.2e+06,1.2e+06,1.2e+06,1.596e+06,1.596e+06,,312820.099,,,,,,,,,,100,0,0,0,0,0
296281,,,,,,,,,,,,,,,,,,56951,,,,,,,,,,,
296785,,,,,,,,,,,,,,,,,,57048,,,,,,,,,,,
296995,48500,49500,49300,47700,48100,70000,1.2e+06,1.2e+06,1.2e+06,1.2e+06,1.596e+06,1.596e+06,,312826.050,,,,,,,,,,100,0.990099,0,0,0,0
297290,,,,,,,,,,,,,,,,,,57145,,,,,,,,,,,
297794,,,,,,,,,,,,,,,,,,57242,,,,,,,,,,,
297994,48500,49500,49300,47700,48500,70000,1.2e+06,1.2e+06,1.2e+06,1.2e+06,1.596e+06,1.596e+06,,312832.053,,,,,,,,,,100,0,0,0,0,0
298293,,,,,,,,,,,,,,,,,,57338,,,,,,,,,,,
298797,,,,,,,,,,,,,,,,,,57435,,,,,,,,,,,
298994,48700,49700,49700,47700,48300,70000,1.2e+06,1.2e+06,1.2e+06,1.2e+06,1.596e+06,1.596e+06,,312838.052,,,,,,,,,,100,0,0,0,0,0
299302,,,,,,,,,,,,,,,,,,57532,,,,,,,,,,,
299801,,,,,,,,,,,,,,,,,,57628,,,,,,,,,,,
299995,48700,49500,49500,47700,48300,70000,1.2e+06,1.2e+06,1.2e+06,1.2e+06,1.596e+06,1.596e+06,,312843.982,,,,,,,,,,100,0,0,1,0,0
