# Started at: 2022-04-28 20:14:26 +0000, Version: v0.1-177-gf3f14d1, Generated by: thermobench --verbose --fan-cmd=fan --fan-on=0 --time=300 --wait=50 --wait-timeout=60 --sensors_file=/root/thermobench/src/sensors.imx8 --cpu-usage --column=CPU0_work_done --column=CPU1_work_done --column=CPU2_work_done --column=CPU3_work_done --column=CPU4_work_done --column=CPU5_work_done --output=/root/JSA/coefficients_experiment/measurements/imx8a//tinyrenderer-boggie_A53_one.json.yaml.csv -- demos-sched -p high -c /root/JSA/coefficients_experiment/demos_configurations/imx8//tinyrenderer-boggie_A53_one.json.yaml
time/ms,CPU_0_temp/m°C,CPU_1_temp/m°C,GPU_0_temp/m°C,GPU_1_temp/m°C,DRC_temp/m°C,PMIC_temp/m°C,Cortex_A53_0_freq/Hz,Cortex_A53_1_freq/Hz,Cortex_A53_2_freq/Hz,Cortex_A53_3_freq/Hz,Cortex_A72_0_freq/Hz,Cortex_A72_1_freq/Hz,ambient,energy,cam_cpu,cam_mem,heat_sources,CPU0_work_done,CPU1_work_done,CPU2_work_done,CPU3_work_done,CPU4_work_done,CPU5_work_done,CPU0_load/%,CPU1_load/%,CPU2_load/%,CPU3_load/%,CPU4_load/%,CPU5_load/%
1.13553,48500,49900,50100,48100,48900,70000,600000,600000,600000,600000,600000,600000,,,,,,,,,,,,33.3333,33.3333,50,33.3333,0,0
993.81,49100,50100,50100,48100,48900,70000,1.2e+06,1.2e+06,1.2e+06,1.2e+06,1.596e+06,1.596e+06,26.488,330738.756,,,,,,,,,,87.8788,0,4.0404,5.10204,1.0101,1.0101
1994.48,48900,49700,49700,48100,48500,70000,1.2e+06,1.2e+06,1.2e+06,1.2e+06,1.596e+06,1.596e+06,,330745.756,,,,,,,,,,100,0,0,0,0,0
2638.67,,,,,,,,,,,,,,,,,,0,,,,,,,,,,,
2994.36,48500,49700,49700,47900,48500,70000,1.2e+06,1.2e+06,1.2e+06,1.2e+06,1.596e+06,1.596e+06,,330752.812,,,,,,,,,,99,0,0,0,0,0
3266.18,,,,,,,,,,,,,,,,,,2,,,,,,,,,,,
3881.94,,,,,,,,,,,,,,,,,,4,,,,,,,,,,,
3994.2,48500,49700,49700,48100,48500,70000,1.2e+06,1.2e+06,1.2e+06,1.2e+06,1.596e+06,1.596e+06,,330759.881,,,,,,,,,,100,0,0,0,0,0
4498.09,,,,,,,,,,,,,,,,,,6,,,,,,,,,,,
4994.24,48500,49700,49500,47900,48500,70000,1.2e+06,1.2e+06,1.2e+06,1.2e+06,1.596e+06,1.596e+06,,330767.025,,,,,,,,,,100,0,0,0,0,0
5114.35,,,,,,,,,,,,,,,,,,8,,,,,,,,,,,
5730.05,,,,,,,,,,,,,,,,,,10,,,,,,,,,,,
5993.87,48700,49700,49700,48100,48500,70000,1.2e+06,1.2e+06,1.2e+06,1.2e+06,1.596e+06,1.596e+06,,330774.185,,,,,,,,,,100,0,0,0,0,0
6351.15,,,,,,,,,,,,,,,,,,12,,,,,,,,,,,
6966.28,,,,,,,,,,,,,,,,,,14,,,,,,,,,,,
6994.47,48900,49700,49700,48100,48500,70000,1.2e+06,1.2e+06,1.2e+06,1.2e+06,1.596e+06,1.596e+06,,330781.275,,,,,,,,,,100,0,0,0,2,0
7582.42,,,,,,,,,,,,,,,,,,16,,,,,,,,,,,
7994.1,48500,49700,49700,48100,48500,70000,1.2e+06,1.2e+06,1.2e+06,1.2e+06,1.596e+06,1.596e+06,,330788.408,,,,,,,,,,100,0.990099,0,0,0,0
8198.14,,,,,,,,,,,,,,,,,,18,,,,,,,,,,,
8813.28,,,,,,,,,,,,,,,,,,20,,,,,,,,,,,
8993.77,48900,49900,49700,48100,48900,70000,1.2e+06,1.2e+06,1.2e+06,1.2e+06,1.596e+06,1.596e+06,,330795.472,,,,,,,,,,100,0,0,0,0,0
9429.36,,,,,,,,,,,,,,,,,,22,,,,,,,,,,,
9994.44,48900,50100,50100,48100,48900,70000,1.2e+06,1.2e+06,1.2e+06,1.2e+06,1.596e+06,1.596e+06,,330802.604,,,,,,,,,,100,0,0,0,0,0
10044.7,,,,,,,,,,,,,,,,,,24,,,,,,,,,,,
10660.4,,,,,,,,,,,,,,,,,,26,,,,,,,,,,,
10994.2,49300,50500,50100,48500,48900,70000,1.2e+06,1.2e+06,1.2e+06,1.2e+06,1.596e+06,1.596e+06,26.456,330809.747,,,,,,,,,,100,0,0,0,0,0
11276.3,,,,,,,,,,,,,,,,,,28,,,,,,,,,,,
11891.7,,,,,,,,,,,,,,,,,,30,,,,,,,,,,,
11993.9,49300,49900,50100,48300,48900,70000,1.2e+06,1.2e+06,1.2e+06,1.2e+06,1.596e+06,1.596e+06,,330816.824,,,,,,,,,,100,0,0,0,0,0
12507.3,,,,,,,,,,,,,,,,,,32,,,,,,,,,,,
12993.5,49300,50500,50300,48500,49300,70000,1.2e+06,1.2e+06,1.2e+06,1.2e+06,1.596e+06,1.596e+06,,330823.988,,,,,,,,,,100,0.990099,0,0,0,0
13123.1,,,,,,,,,,,,,,,,,,34,,,,,,,,,,,
13738.5,,,,,,,,,,,,,,,,,,36,,,,,,,,,,,
13994.3,49100,50100,50500,48500,49100,70000,1.2e+06,1.2e+06,1.2e+06,1.2e+06,1.596e+06,1.596e+06,,330831.030,,,,,,,,,,100,0,0,0.990099,0,0
14354.2,,,,,,,,,,,,,,,,,,38,,,,,,,,,,,
14969.5,,,,,,,,,,,,,,,,,,40,,,,,,,,,,,
14993.7,49300,50500,50500,48500,49300,70000,1.2e+06,1.2e+06,1.2e+06,1.2e+06,1.596e+06,1.596e+06,,330838.183,,,,,,,,,,100,0,0,0,0,0
15585.4,,,,,,,,,,,,,,,,,,42,,,,,,,,,,,
15993.7,49300,50100,50500,48500,49100,70000,1.2e+06,1.2e+06,1.2e+06,1.2e+06,1.596e+06,1.596e+06,,330845.257,,,,,,,,,,100,0.990099,0,0,0,0
16201.2,,,,,,,,,,,,,,,,,,44,,,,,,,,,,,
16816.4,,,,,,,,,,,,,,,,,,46,,,,,,,,,,,
16994.3,49500,50500,50500,48900,49300,70000,1.2e+06,1.2e+06,1.2e+06,1.2e+06,1.596e+06,1.596e+06,,330852.413,,,,,,,,,,100,0,0,0,0.990099,0
17432.4,,,,,,,,,,,,,,,,,,48,,,,,,,,,,,
17994.2,49300,50300,50300,48500,49300,70000,1.2e+06,1.2e+06,1.2e+06,1.2e+06,1.596e+06,1.596e+06,,330859.580,,,,,,,,,,100,1,0,0,0,0
18047.5,,,,,,,,,,,,,,,,,,50,,,,,,,,,,,
18663,,,,,,,,,,,,,,,,,,52,,,,,,,,,,,
18993.6,49700,50900,50700,48900,49700,70000,1.2e+06,1.2e+06,1.2e+06,1.2e+06,1.596e+06,1.596e+06,,330866.655,,,,,,,,,,100,0,0,0,0,0
19278.5,,,,,,,,,,,,,,,,,,54,,,,,,,,,,,
19893.6,,,,,,,,,,,,,,,,,,56,,,,,,,,,,,
19993.9,49500,50500,50500,48900,49500,70000,1.2e+06,1.2e+06,1.2e+06,1.2e+06,1.596e+06,1.596e+06,,330873.801,,,,,,,,,,100,0,0,0,0,0
20509.1,,,,,,,,,,,,,,,,,,58,,,,,,,,,,,
20993.6,49700,50700,50500,48500,49300,70000,1.2e+06,1.2e+06,1.2e+06,1.2e+06,1.596e+06,1.596e+06,26.434,330880.967,,,,,,,,,,100,1,0,0,0,0
21124.6,,,,,,,,,,,,,,,,,,60,,,,,,,,,,,
21740.1,,,,,,,,,,,,,,,,,,62,,,,,,,,,,,
21994,49700,50900,50700,48900,49700,70000,1.2e+06,1.2e+06,1.2e+06,1.2e+06,1.596e+06,1.596e+06,,330888.063,,,,,,,,,,100,0,0.990099,0.990099,0,0
22355.5,,,,,,,,,,,,,,,,,,64,,,,,,,,,,,
22970.7,,,,,,,,,,,,,,,,,,66,,,,,,,,,,,
22993.9,49700,50900,50900,48900,49700,70000,1.2e+06,1.2e+06,1.2e+06,1.2e+06,1.596e+06,1.596e+06,,330895.227,,,,,,,,,,100,0,0,0,0,0
23586.4,,,,,,,,,,,,,,,,,,68,,,,,,,,,,,
23994.4,49700,50900,50900,49100,49700,70000,1.2e+06,1.2e+06,1.2e+06,1.2e+06,1.596e+06,1.596e+06,,330902.300,,,,,,,,,,100,0,0,0,0,0
24202,,,,,,,,,,,,,,,,,,70,,,,,,,,,,,
24817,,,,,,,,,,,,,,,,,,72,,,,,,,,,,,
24994.1,49700,50900,50900,48900,49700,70000,1.2e+06,1.2e+06,1.2e+06,1.2e+06,1.596e+06,1.596e+06,,330909.407,,,,,,,,,,100,0,0,0,0,0
25432.7,,,,,,,,,,,,,,,,,,74,,,,,,,,,,,
25993.9,49700,50900,50900,49100,49700,70000,1.2e+06,1.2e+06,1.2e+06,1.2e+06,1.596e+06,1.596e+06,,330916.573,,,,,,,,,,100,0,0,0,0,0
26048.3,,,,,,,,,,,,,,,,,,76,,,,,,,,,,,
26663.4,,,,,,,,,,,,,,,,,,78,,,,,,,,,,,
26993.8,50100,50900,50900,49300,49700,70000,1.2e+06,1.2e+06,1.2e+06,1.2e+06,1.596e+06,1.596e+06,,330923.673,,,,,,,,,,100,0,0,0,0,0
27278.9,,,,,,,,,,,,,,,,,,80,,,,,,,,,,,
27893.7,,,,,,,,,,,,,,,,,,82,,,,,,,,,,,
27993.9,50100,50900,51100,49100,49700,70000,1.2e+06,1.2e+06,1.2e+06,1.2e+06,1.596e+06,1.596e+06,,330930.833,,,,,,,,,,100,0,0,0,0,0
28509.2,,,,,,,,,,,,,,,,,,84,,,,,,,,,,,
28993.8,49900,51100,51100,49300,49900,70000,1.2e+06,1.2e+06,1.2e+06,1.2e+06,1.596e+06,1.596e+06,,330937.913,,,,,,,,,,100,0,0,0,0,0
29124.4,,,,,,,,,,,,,,,,,,86,,,,,,,,,,,
29739.6,,,,,,,,,,,,,,,,,,88,,,,,,,,,,,
29993.8,50100,51300,50900,49300,50100,70000,1.2e+06,1.2e+06,1.2e+06,1.2e+06,1.596e+06,1.596e+06,,330945.065,,,,,,,,,,100,0,0,0,0,0
30354.7,,,,,,,,,,,,,,,,,,90,,,,,,,,,,,
30969.8,,,,,,,,,,,,,,,,,,92,,,,,,,,,,,
30994,49700,51100,50900,49300,49700,70000,1.2e+06,1.2e+06,1.2e+06,1.2e+06,1.596e+06,1.596e+06,26.434,330952.159,,,,,,,,,,100,0.990099,0,0,0,0
31585.1,,,,,,,,,,,,,,,,,,94,,,,,,,,,,,
31994.2,50100,51300,51300,49300,50100,70000,1.2e+06,1.2e+06,1.2e+06,1.2e+06,1.596e+06,1.596e+06,,330959.332,,,,,,,,,,100,0,0,0,0,0
32200.5,,,,,,,,,,,,,,,,,,96,,,,,,,,,,,
32815.4,,,,,,,,,,,,,,,,,,98,,,,,,,,,,,
32993.9,50100,51100,51300,49500,50100,70000,1.2e+06,1.2e+06,1.2e+06,1.2e+06,1.596e+06,1.596e+06,,330966.419,,,,,,,,,,100,0,0,0,0,0
33430.6,,,,,,,,,,,,,,,,,,100,,,,,,,,,,,
33994.2,50100,51300,51300,49300,50100,70000,1.2e+06,1.2e+06,1.2e+06,1.2e+06,1.596e+06,1.596e+06,,330973.587,,,,,,,,,,100,0,0,0,0,0
34046.1,,,,,,,,,,,,,,,,,,102,,,,,,,,,,,
34660.9,,,,,,,,,,,,,,,,,,104,,,,,,,,,,,
34994,50100,51300,51300,49500,50100,70000,1.2e+06,1.2e+06,1.2e+06,1.2e+06,1.596e+06,1.596e+06,,330980.693,,,,,,,,,,100,1.96078,0,0,0,0
35276.3,,,,,,,,,,,,,,,,,,106,,,,,,,,,,,
35891.3,,,,,,,,,,,,,,,,,,108,,,,,,,,,,,
35994.1,50300,51300,51500,49700,50100,70000,1.2e+06,1.2e+06,1.2e+06,1.2e+06,1.596e+06,1.596e+06,,330987.877,,,,,,,,,,100,0,0,0,0,0
36506.7,,,,,,,,,,,,,,,,,,110,,,,,,,,,,,
36993.9,50500,51300,51300,49700,50100,70000,1.2e+06,1.2e+06,1.2e+06,1.2e+06,1.596e+06,1.596e+06,,330994.992,,,,,,,,,,100,0,0,0,0,0
37121.9,,,,,,,,,,,,,,,,,,112,,,,,,,,,,,
37736.9,,,,,,,,,,,,,,,,,,114,,,,,,,,,,,
37994.4,50500,51500,51500,49500,50500,70000,1.2e+06,1.2e+06,1.2e+06,1.2e+06,1.596e+06,1.596e+06,,331002.170,,,,,,,,,,100,0,0,0,0,0
38352.1,,,,,,,,,,,,,,,,,,116,,,,,,,,,,,
38966.9,,,,,,,,,,,,,,,,,,118,,,,,,,,,,,
38994,50500,51300,51500,49700,50300,70000,1.2e+06,1.2e+06,1.2e+06,1.2e+06,1.596e+06,1.596e+06,,331009.250,,,,,,,,,,100,0,0.990099,0,0,0
39582.4,,,,,,,,,,,,,,,,,,120,,,,,,,,,,,
39993.8,50500,51500,51700,50100,50100,70000,1.2e+06,1.2e+06,1.2e+06,1.2e+06,1.596e+06,1.596e+06,,331016.419,,,,,,,,,,100,0.990099,0,0,0,0
40197.5,,,,,,,,,,,,,,,,,,122,,,,,,,,,,,
40812.6,,,,,,,,,,,,,,,,,,124,,,,,,,,,,,
40993.7,50500,51700,51500,49500,50100,70000,1.2e+06,1.2e+06,1.2e+06,1.2e+06,1.596e+06,1.596e+06,26.445,331021.756,,,,,,,,,,100,0,1,0,0,0
41428,,,,,,,,,,,,,,,,,,126,,,,,,,,,,,
41994.3,50700,51500,51700,49700,50500,70000,1.2e+06,1.2e+06,1.2e+06,1.2e+06,1.596e+06,1.596e+06,,331028.939,,,,,,,,,,100,0,0,0,0,0
42043.2,,,,,,,,,,,,,,,,,,128,,,,,,,,,,,
42658.1,,,,,,,,,,,,,,,,,,130,,,,,,,,,,,
42994.3,50500,51700,51700,50100,50500,70000,1.2e+06,1.2e+06,1.2e+06,1.2e+06,1.596e+06,1.596e+06,,331036.032,,,,,,,,,,100,0,0,0,0,0
43273.3,,,,,,,,,,,,,,,,,,132,,,,,,,,,,,
43888,,,,,,,,,,,,,,,,,,134,,,,,,,,,,,
43994.3,50900,51700,51700,50100,50500,70000,1.2e+06,1.2e+06,1.2e+06,1.2e+06,1.596e+06,1.596e+06,,331043.225,,,,,,,,,,100,0,0.990099,0,0,0
44503.3,,,,,,,,,,,,,,,,,,136,,,,,,,,,,,
44993.5,50900,51700,51700,50100,50500,70000,1.2e+06,1.2e+06,1.2e+06,1.2e+06,1.596e+06,1.596e+06,,331050.406,,,,,,,,,,100,1,0,0,0,0
45118.6,,,,,,,,,,,,,,,,,,138,,,,,,,,,,,
45733.7,,,,,,,,,,,,,,,,,,140,,,,,,,,,,,
45994.2,50900,51900,51700,50100,50500,70000,1.2e+06,1.2e+06,1.2e+06,1.2e+06,1.596e+06,1.596e+06,,331057.590,,,,,,,,,,100,0,0,0,0,0
46349,,,,,,,,,,,,,,,,,,142,,,,,,,,,,,
46964.1,,,,,,,,,,,,,,,,,,144,,,,,,,,,,,
46994.3,50900,51700,51900,50100,50500,70000,1.2e+06,1.2e+06,1.2e+06,1.2e+06,1.596e+06,1.596e+06,,331064.696,,,,,,,,,,100,0,0,0,0,0
47579.6,,,,,,,,,,,,,,,,,,146,,,,,,,,,,,
47994.3,50900,51700,52100,50100,50500,70000,1.2e+06,1.2e+06,1.2e+06,1.2e+06,1.596e+06,1.596e+06,,331071.873,,,,,,,,,,100,0,0,0,0,0
48194.6,,,,,,,,,,,,,,,,,,148,,,,,,,,,,,
48809.3,,,,,,,,,,,,,,,,,,150,,,,,,,,,,,
48993.6,50700,51900,52100,50100,50700,70000,1.2e+06,1.2e+06,1.2e+06,1.2e+06,1.596e+06,1.596e+06,,331078.973,,,,,,,,,,100,0,0,0,0,0
49424.7,,,,,,,,,,,,,,,,,,152,,,,,,,,,,,
49994.1,50900,52100,52100,50100,50700,70000,1.2e+06,1.2e+06,1.2e+06,1.2e+06,1.596e+06,1.596e+06,,331086.087,,,,,,,,,,100,0.990099,0,0,0,0
50041.5,,,,,,,,,,,,,,,,,,154,,,,,,,,,,,
50656.6,,,,,,,,,,,,,,,,,,156,,,,,,,,,,,
50994,51100,52100,52100,50100,51100,70000,1.2e+06,1.2e+06,1.2e+06,1.2e+06,1.596e+06,1.596e+06,26.445,331093.270,,,,,,,,,,100,0,0,0,0,0
51271.8,,,,,,,,,,,,,,,,,,158,,,,,,,,,,,
51887.6,,,,,,,,,,,,,,,,,,160,,,,,,,,,,,
51993.9,50900,52100,52100,50100,50700,70000,1.2e+06,1.2e+06,1.2e+06,1.2e+06,1.596e+06,1.596e+06,,331100.399,,,,,,,,,,100,0,0,0,0,0
52503,,,,,,,,,,,,,,,,,,162,,,,,,,,,,,
52994.5,50900,51900,51900,50500,50700,70000,1.2e+06,1.2e+06,1.2e+06,1.2e+06,1.596e+06,1.596e+06,,331107.583,,,,,,,,,,100,0,0,0,0,0
53118.4,,,,,,,,,,,,,,,,,,164,,,,,,,,,,,
53733.4,,,,,,,,,,,,,,,,,,166,,,,,,,,,,,
53994.5,51300,52300,52100,50100,50900,70000,1.2e+06,1.2e+06,1.2e+06,1.2e+06,1.596e+06,1.596e+06,,331114.700,,,,,,,,,,100,0,0,0,0,0
54348.6,,,,,,,,,,,,,,,,,,168,,,,,,,,,,,
54963.3,,,,,,,,,,,,,,,,,,170,,,,,,,,,,,
54994.5,51300,52500,52100,50500,51100,70000,1.2e+06,1.2e+06,1.2e+06,1.2e+06,1.596e+06,1.596e+06,,331121.885,,,,,,,,,,100,0,0,0,0,0
55578.7,,,,,,,,,,,,,,,,,,172,,,,,,,,,,,
55993.9,50900,52100,52300,50100,51100,70000,1.2e+06,1.2e+06,1.2e+06,1.2e+06,1.596e+06,1.596e+06,,331129.004,,,,,,,,,,100,0,0,0,0,0
56193.7,,,,,,,,,,,,,,,,,,174,,,,,,,,,,,
56808.7,,,,,,,,,,,,,,,,,,176,,,,,,,,,,,
56993.6,50900,52300,52100,50300,50900,70000,1.2e+06,1.2e+06,1.2e+06,1.2e+06,1.596e+06,1.596e+06,,331136.206,,,,,,,,,,100,0,0,0,0,0
57424,,,,,,,,,,,,,,,,,,178,,,,,,,,,,,
57993.9,50900,52100,52100,50100,50900,70000,1.2e+06,1.2e+06,1.2e+06,1.2e+06,1.596e+06,1.596e+06,,331143.329,,,,,,,,,,100,0,0,0,0,0
58039.2,,,,,,,,,,,,,,,,,,180,,,,,,,,,,,
58654.2,,,,,,,,,,,,,,,,,,182,,,,,,,,,,,
58993.6,51300,52500,52300,50500,51100,70000,1.2e+06,1.2e+06,1.2e+06,1.2e+06,1.596e+06,1.596e+06,,331150.529,,,,,,,,,,100,0.990099,0,0,0,0
59269.1,,,,,,,,,,,,,,,,,,184,,,,,,,,,,,
59884.2,,,,,,,,,,,,,,,,,,186,,,,,,,,,,,
59994.5,51300,52300,52500,50900,50900,70000,1.2e+06,1.2e+06,1.2e+06,1.2e+06,1.596e+06,1.596e+06,,331157.659,,,,,,,,,,100,1,0,0,0,0
60499.3,,,,,,,,,,,,,,,,,,188,,,,,,,,,,,
60994,51300,52500,52500,50500,50900,70000,1.2e+06,1.2e+06,1.2e+06,1.2e+06,1.596e+06,1.596e+06,26.434,331164.857,,,,,,,,,,100,0,0,0,0,0
61114.7,,,,,,,,,,,,,,,,,,190,,,,,,,,,,,
61729.5,,,,,,,,,,,,,,,,,,192,,,,,,,,,,,
61993.6,51300,52500,52600,50900,51100,70000,1.2e+06,1.2e+06,1.2e+06,1.2e+06,1.596e+06,1.596e+06,,331172.002,,,,,,,,,,100,0,0,0,0,0
62344.6,,,,,,,,,,,,,,,,,,194,,,,,,,,,,,
62959.6,,,,,,,,,,,,,,,,,,196,,,,,,,,,,,
62993.8,51300,52500,52500,50900,51300,70000,1.2e+06,1.2e+06,1.2e+06,1.2e+06,1.596e+06,1.596e+06,,331179.202,,,,,,,,,,100,0,0,0,0,0
63574.9,,,,,,,,,,,,,,,,,,198,,,,,,,,,,,
63994.2,51700,52500,52600,50700,51300,70000,1.2e+06,1.2e+06,1.2e+06,1.2e+06,1.596e+06,1.596e+06,,331186.323,,,,,,,,,,100,0,0,0,0,0
64190,,,,,,,,,,,,,,,,,,200,,,,,,,,,,,
64804.8,,,,,,,,,,,,,,,,,,202,,,,,,,,,,,
64994.2,51500,52600,52500,50500,51300,70000,1.2e+06,1.2e+06,1.2e+06,1.2e+06,1.596e+06,1.596e+06,,331193.512,,,,,,,,,,100,0,0,0,0,0
65420.2,,,,,,,,,,,,,,,,,,204,,,,,,,,,,,
65994.3,51700,52500,52500,50900,51300,70000,1.2e+06,1.2e+06,1.2e+06,1.2e+06,1.596e+06,1.596e+06,,331200.697,,,,,,,,,,100,0,0,0,0,0
66035.5,,,,,,,,,,,,,,,,,,206,,,,,,,,,,,
66650.5,,,,,,,,,,,,,,,,,,208,,,,,,,,,,,
66994,51300,52300,52500,50700,51100,70000,1.2e+06,1.2e+06,1.2e+06,1.2e+06,1.596e+06,1.596e+06,,331207.835,,,,,,,,,,100,0,0,0,0,0
67265.6,,,,,,,,,,,,,,,,,,210,,,,,,,,,,,
67880.6,,,,,,,,,,,,,,,,,,212,,,,,,,,,,,
67994,51700,52500,52500,50900,51300,70000,1.2e+06,1.2e+06,1.2e+06,1.2e+06,1.596e+06,1.596e+06,,331214.959,,,,,,,,,,100,0,0,0,0,0
68495.8,,,,,,,,,,,,,,,,,,214,,,,,,,,,,,
68993.6,51500,52500,52500,50700,51300,70000,1.2e+06,1.2e+06,1.2e+06,1.2e+06,1.596e+06,1.596e+06,,331222.139,,,,,,,,,,100,1,0,0,0,0
69111,,,,,,,,,,,,,,,,,,216,,,,,,,,,,,
69726.1,,,,,,,,,,,,,,,,,,218,,,,,,,,,,,
69994.1,51500,52300,52500,50900,51500,70000,1.2e+06,1.2e+06,1.2e+06,1.2e+06,1.596e+06,1.596e+06,,331229.274,,,,,,,,,,100,0,0,0,0,0
70341.1,,,,,,,,,,,,,,,,,,220,,,,,,,,,,,
70956.2,,,,,,,,,,,,,,,,,,222,,,,,,,,,,,
70994.3,51700,52600,52500,50700,51500,70000,1.2e+06,1.2e+06,1.2e+06,1.2e+06,1.596e+06,1.596e+06,26.434,331236.467,,,,,,,,,,100,0,0,0,0,0
71571.3,,,,,,,,,,,,,,,,,,224,,,,,,,,,,,
71993.9,51700,52500,52800,50900,51500,70000,1.2e+06,1.2e+06,1.2e+06,1.2e+06,1.596e+06,1.596e+06,,331243.598,,,,,,,,,,100,0,0,0,0,0
72186.5,,,,,,,,,,,,,,,,,,226,,,,,,,,,,,
72801.3,,,,,,,,,,,,,,,,,,228,,,,,,,,,,,
72994.2,51300,52500,52800,50900,51300,70000,1.2e+06,1.2e+06,1.2e+06,1.2e+06,1.596e+06,1.596e+06,,331250.796,,,,,,,,,,100,0,0,0,0,0
73416.4,,,,,,,,,,,,,,,,,,230,,,,,,,,,,,
73994.4,51700,52600,52600,51100,51700,70000,1.2e+06,1.2e+06,1.2e+06,1.2e+06,1.596e+06,1.596e+06,,331257.931,,,,,,,,,,100,0.990099,0,0.990099,0,0
74031.6,,,,,,,,,,,,,,,,,,232,,,,,,,,,,,
74646.4,,,,,,,,,,,,,,,,,,234,,,,,,,,,,,
74993.8,51700,52600,52800,50900,51300,70000,1.2e+06,1.2e+06,1.2e+06,1.2e+06,1.596e+06,1.596e+06,,331265.125,,,,,,,,,,100,0,0,0,0,0
75261.6,,,,,,,,,,,,,,,,,,236,,,,,,,,,,,
75876.5,,,,,,,,,,,,,,,,,,238,,,,,,,,,,,
75994.3,51700,52600,52800,50900,51300,70000,1.2e+06,1.2e+06,1.2e+06,1.2e+06,1.596e+06,1.596e+06,,331272.318,,,,,,,,,,100,0,0,0,0,0
76491.6,,,,,,,,,,,,,,,,,,240,,,,,,,,,,,
76994.2,51700,52600,52800,50900,51500,70000,1.2e+06,1.2e+06,1.2e+06,1.2e+06,1.596e+06,1.596e+06,,331279.452,,,,,,,,,,100,0,0,0,0,0
77106.6,,,,,,,,,,,,,,,,,,242,,,,,,,,,,,
77722,,,,,,,,,,,,,,,,,,244,,,,,,,,,,,
77993.8,51700,52800,52800,51100,51300,70000,1.2e+06,1.2e+06,1.2e+06,1.2e+06,1.596e+06,1.596e+06,,331286.653,,,,,,,,,,100,0,0,0,0,0
78337.2,,,,,,,,,,,,,,,,,,246,,,,,,,,,,,
78952,,,,,,,,,,,,,,,,,,248,,,,,,,,,,,
78994.2,51700,52600,52600,50900,51300,70000,1.2e+06,1.2e+06,1.2e+06,1.2e+06,1.596e+06,1.596e+06,,331293.778,,,,,,,,,,100,0,0,0,0,0
79567.1,,,,,,,,,,,,,,,,,,250,,,,,,,,,,,
79994.1,51900,53000,52600,51100,51500,70000,1.2e+06,1.2e+06,1.2e+06,1.2e+06,1.596e+06,1.596e+06,,331300.993,,,,,,,,,,100,0,0,0,0,0
80182.4,,,,,,,,,,,,,,,,,,252,,,,,,,,,,,
80797.6,,,,,,,,,,,,,,,,,,254,,,,,,,,,,,
80993.9,51900,53000,53000,51300,51300,70000,1.2e+06,1.2e+06,1.2e+06,1.2e+06,1.596e+06,1.596e+06,26.466,331308.120,,,,,,,,,,100,0,0,0,0,0
81412.8,,,,,,,,,,,,,,,,,,256,,,,,,,,,,,
81994.4,51700,52800,52800,51100,51500,70000,1.2e+06,1.2e+06,1.2e+06,1.2e+06,1.596e+06,1.596e+06,,331315.334,,,,,,,,,,100,0,0,0,0,0
82028.3,,,,,,,,,,,,,,,,,,258,,,,,,,,,,,
82643.2,,,,,,,,,,,,,,,,,,260,,,,,,,,,,,
82993.5,52100,52800,52800,51300,51500,70000,1.2e+06,1.2e+06,1.2e+06,1.2e+06,1.596e+06,1.596e+06,,331322.463,,,,,,,,,,100,0,0,0,0,0
83258.7,,,,,,,,,,,,,,,,,,262,,,,,,,,,,,
83873.5,,,,,,,,,,,,,,,,,,264,,,,,,,,,,,
83994.5,52100,52800,52800,51100,51700,70000,1.2e+06,1.2e+06,1.2e+06,1.2e+06,1.596e+06,1.596e+06,,331329.671,,,,,,,,,,100,0,0,0,0,0
84488.7,,,,,,,,,,,,,,,,,,266,,,,,,,,,,,
84994,52100,53000,53000,51300,51900,70000,1.2e+06,1.2e+06,1.2e+06,1.2e+06,1.596e+06,1.596e+06,,331336.858,,,,,,,,,,100,1,0,0,0,0
85103.7,,,,,,,,,,,,,,,,,,268,,,,,,,,,,,
85718.6,,,,,,,,,,,,,,,,,,270,,,,,,,,,,,
85994.3,52100,53000,52800,50900,51500,70000,1.2e+06,1.2e+06,1.2e+06,1.2e+06,1.596e+06,1.596e+06,,331343.998,,,,,,,,,,100,0,0,0,0,0
86334.2,,,,,,,,,,,,,,,,,,272,,,,,,,,,,,
86948.8,,,,,,,,,,,,,,,,,,274,,,,,,,,,,,
86994.1,52100,53000,53200,51300,51700,70000,1.2e+06,1.2e+06,1.2e+06,1.2e+06,1.596e+06,1.596e+06,,331351.203,,,,,,,,,,100,0,0.990099,0,0,0
87564.2,,,,,,,,,,,,,,,,,,276,,,,,,,,,,,
87993.6,52100,53200,53000,51300,51700,70000,1.2e+06,1.2e+06,1.2e+06,1.2e+06,1.596e+06,1.596e+06,,331358.357,,,,,,,,,,100,1,0,0,0,0
88179.4,,,,,,,,,,,,,,,,,,278,,,,,,,,,,,
88794.2,,,,,,,,,,,,,,,,,,280,,,,,,,,,,,
88993.5,52100,53200,53200,51300,51900,70000,1.2e+06,1.2e+06,1.2e+06,1.2e+06,1.596e+06,1.596e+06,,331363.719,,,,,,,,,,100,0,0,0,0,0
89409.4,,,,,,,,,,,,,,,,,,282,,,,,,,,,,,
89994.4,51900,53000,53000,51300,51700,70000,1.2e+06,1.2e+06,1.2e+06,1.2e+06,1.596e+06,1.596e+06,,331370.941,,,,,,,,,,100,0,0,0,0,0
90024.6,,,,,,,,,,,,,,,,,,284,,,,,,,,,,,
90639.4,,,,,,,,,,,,,,,,,,286,,,,,,,,,,,
90993.5,52100,53200,53000,51500,51900,70000,1.2e+06,1.2e+06,1.2e+06,1.2e+06,1.596e+06,1.596e+06,26.456,331378.163,,,,,,,,,,100,0,0,0,0,0
91254.5,,,,,,,,,,,,,,,,,,288,,,,,,,,,,,
91869.4,,,,,,,,,,,,,,,,,,290,,,,,,,,,,,
91993.7,52100,53000,53000,51700,51900,70000,1.2e+06,1.2e+06,1.2e+06,1.2e+06,1.596e+06,1.596e+06,,331385.310,,,,,,,,,,100,1,0,0,0,0
92484.6,,,,,,,,,,,,,,,,,,292,,,,,,,,,,,
92994.3,52100,53000,53200,51100,51500,70000,1.2e+06,1.2e+06,1.2e+06,1.2e+06,1.596e+06,1.596e+06,,331392.462,,,,,,,,,,100,0,0,0,0,0
93099.7,,,,,,,,,,,,,,,,,,294,,,,,,,,,,,
93714.6,,,,,,,,,,,,,,,,,,296,,,,,,,,,,,
93994.5,52100,52800,52800,51500,51700,70000,1.2e+06,1.2e+06,1.2e+06,1.2e+06,1.596e+06,1.596e+06,,331399.682,,,,,,,,,,100,0,0,0,0,0
94330.1,,,,,,,,,,,,,,,,,,298,,,,,,,,,,,
94944.6,,,,,,,,,,,,,,,,,,300,,,,,,,,,,,
94993.8,52100,52800,53000,51500,52100,70000,1.2e+06,1.2e+06,1.2e+06,1.2e+06,1.596e+06,1.596e+06,,331406.908,,,,,,,,,,100,1,0,0,0,0
95560,,,,,,,,,,,,,,,,,,302,,,,,,,,,,,
95994.4,52100,53000,53000,51300,51900,70000,1.2e+06,1.2e+06,1.2e+06,1.2e+06,1.596e+06,1.596e+06,,331414.061,,,,,,,,,,100,0,0,0,0,0
96175.5,,,,,,,,,,,,,,,,,,304,,,,,,,,,,,
96790.5,,,,,,,,,,,,,,,,,,306,,,,,,,,,,,
96993.9,52100,53000,53200,51300,51900,70000,1.2e+06,1.2e+06,1.2e+06,1.2e+06,1.596e+06,1.596e+06,,331421.283,,,,,,,,,,100,0,0,0,0,0
97405.8,,,,,,,,,,,,,,,,,,308,,,,,,,,,,,
97993.8,52100,53000,53200,51300,51900,70000,1.2e+06,1.2e+06,1.2e+06,1.2e+06,1.596e+06,1.596e+06,,331428.431,,,,,,,,,,100,0,0,0,0,0
98020.9,,,,,,,,,,,,,,,,,,310,,,,,,,,,,,
98636,,,,,,,,,,,,,,,,,,312,,,,,,,,,,,
98994.3,52100,53200,53200,51300,51700,70000,1.2e+06,1.2e+06,1.2e+06,1.2e+06,1.596e+06,1.596e+06,,331435.619,,,,,,,,,,100,0,0,0,0,0
99251.2,,,,,,,,,,,,,,,,,,314,,,,,,,,,,,
99866.2,,,,,,,,,,,,,,,,,,316,,,,,,,,,,,
99994.4,52300,53000,53200,51300,52100,70000,1.2e+06,1.2e+06,1.2e+06,1.2e+06,1.596e+06,1.596e+06,,331442.771,,,,,,,,,,100,0,0,0,0,0
100481,,,,,,,,,,,,,,,,,,318,,,,,,,,,,,
100994,52100,53000,53200,51500,52100,70000,1.2e+06,1.2e+06,1.2e+06,1.2e+06,1.596e+06,1.596e+06,26.456,331449.966,,,,,,,,,,100,0,0,0,0,0
101097,,,,,,,,,,,,,,,,,,320,,,,,,,,,,,
101712,,,,,,,,,,,,,,,,,,322,,,,,,,,,,,
101994,52100,53400,53400,51500,52100,70000,1.2e+06,1.2e+06,1.2e+06,1.2e+06,1.596e+06,1.596e+06,,331457.122,,,,,,,,,,100,0,0,0,0,0
102327,,,,,,,,,,,,,,,,,,324,,,,,,,,,,,
102942,,,,,,,,,,,,,,,,,,326,,,,,,,,,,,
102994,52100,53200,53200,51300,51900,70000,1.2e+06,1.2e+06,1.2e+06,1.2e+06,1.596e+06,1.596e+06,,331464.344,,,,,,,,,,100,0,0,0,0,0
103557,,,,,,,,,,,,,,,,,,328,,,,,,,,,,,
103994,52100,53200,53200,51700,52100,70000,1.2e+06,1.2e+06,1.2e+06,1.2e+06,1.596e+06,1.596e+06,,331471.560,,,,,,,,,,100,0,0,0,0,0
104173,,,,,,,,,,,,,,,,,,330,,,,,,,,,,,
104787,,,,,,,,,,,,,,,,,,332,,,,,,,,,,,
104994,52300,53200,53200,51500,51900,70000,1.2e+06,1.2e+06,1.2e+06,1.2e+06,1.596e+06,1.596e+06,,331478.703,,,,,,,,,,100,0,0,0,0,0
105403,,,,,,,,,,,,,,,,,,334,,,,,,,,,,,
105994,52300,53200,53400,51700,51900,70000,1.2e+06,1.2e+06,1.2e+06,1.2e+06,1.596e+06,1.596e+06,,331485.932,,,,,,,,,,100,0,0,0,0,0
106018,,,,,,,,,,,,,,,,,,336,,,,,,,,,,,
106633,,,,,,,,,,,,,,,,,,338,,,,,,,,,,,
106994,52300,53200,53400,51300,52300,70000,1.2e+06,1.2e+06,1.2e+06,1.2e+06,1.596e+06,1.596e+06,,331493.086,,,,,,,,,,100,0.990099,0,0,0,0
107248,,,,,,,,,,,,,,,,,,340,,,,,,,,,,,
107863,,,,,,,,,,,,,,,,,,342,,,,,,,,,,,
107994,52300,53200,53400,51700,51900,70000,1.2e+06,1.2e+06,1.2e+06,1.2e+06,1.596e+06,1.596e+06,,331500.289,,,,,,,,,,100,0,0,0,0,0
108479,,,,,,,,,,,,,,,,,,344,,,,,,,,,,,
108994,52300,53200,53200,51700,51900,70000,1.2e+06,1.2e+06,1.2e+06,1.2e+06,1.596e+06,1.596e+06,,331507.441,,,,,,,,,,100,0,0.990099,0,0,0
109094,,,,,,,,,,,,,,,,,,346,,,,,,,,,,,
109709,,,,,,,,,,,,,,,,,,348,,,,,,,,,,,
109994,52300,53600,53200,51700,52300,70000,1.2e+06,1.2e+06,1.2e+06,1.2e+06,1.596e+06,1.596e+06,,331514.647,,,,,,,,,,100,0,0.990099,0,0,0
110324,,,,,,,,,,,,,,,,,,350,,,,,,,,,,,
110939,,,,,,,,,,,,,,,,,,352,,,,,,,,,,,
110994,52500,53400,53400,51700,52100,70000,1.2e+06,1.2e+06,1.2e+06,1.2e+06,1.596e+06,1.596e+06,26.456,331521.810,,,,,,,,,,100,0,0,0,0,0
111554,,,,,,,,,,,,,,,,,,354,,,,,,,,,,,
111995,52300,53400,53600,51700,51900,70000,1.2e+06,1.2e+06,1.2e+06,1.2e+06,1.596e+06,1.596e+06,,331529.053,,,,,,,,,,100,0,0,0,0,0
112170,,,,,,,,,,,,,,,,,,356,,,,,,,,,,,
112785,,,,,,,,,,,,,,,,,,358,,,,,,,,,,,
112994,52500,53400,53400,51900,52300,70000,1.2e+06,1.2e+06,1.2e+06,1.2e+06,1.596e+06,1.596e+06,,331536.192,,,,,,,,,,100,0,0,0,0,0
113400,,,,,,,,,,,,,,,,,,360,,,,,,,,,,,
113994,52500,53400,53600,51700,52500,70000,1.2e+06,1.2e+06,1.2e+06,1.2e+06,1.596e+06,1.596e+06,,331543.411,,,,,,,,,,100,0,0,0,0,0
114016,,,,,,,,,,,,,,,,,,362,,,,,,,,,,,
114630,,,,,,,,,,,,,,,,,,364,,,,,,,,,,,
114994,52500,53200,53400,51700,51900,70000,1.2e+06,1.2e+06,1.2e+06,1.2e+06,1.596e+06,1.596e+06,,331550.564,,,,,,,,,,100,0,0,0,0,0
115246,,,,,,,,,,,,,,,,,,366,,,,,,,,,,,
115860,,,,,,,,,,,,,,,,,,368,,,,,,,,,,,
115994,52500,53600,53600,51500,52300,70000,1.2e+06,1.2e+06,1.2e+06,1.2e+06,1.596e+06,1.596e+06,,331557.783,,,,,,,,,,100,0.990099,0,0,0,0
116476,,,,,,,,,,,,,,,,,,370,,,,,,,,,,,
116994,52500,53400,53600,51700,52300,70000,1.2e+06,1.2e+06,1.2e+06,1.2e+06,1.596e+06,1.596e+06,,331564.948,,,,,,,,,,100,1,0,0,0,0
117091,,,,,,,,,,,,,,,,,,372,,,,,,,,,,,
117706,,,,,,,,,,,,,,,,,,374,,,,,,,,,,,
117994,52500,53200,53600,51700,52300,70000,1.2e+06,1.2e+06,1.2e+06,1.2e+06,1.596e+06,1.596e+06,,331572.161,,,,,,,,,,100,0,0,0,0,0
118321,,,,,,,,,,,,,,,,,,376,,,,,,,,,,,
118936,,,,,,,,,,,,,,,,,,378,,,,,,,,,,,
118995,52500,53600,53600,51700,52300,70000,1.2e+06,1.2e+06,1.2e+06,1.2e+06,1.596e+06,1.596e+06,,331579.333,,,,,,,,,,100,0,0,0,0,0
119552,,,,,,,,,,,,,,,,,,380,,,,,,,,,,,
119994,52500,53400,53600,52100,52300,70000,1.2e+06,1.2e+06,1.2e+06,1.2e+06,1.596e+06,1.596e+06,,331586.561,,,,,,,,,,100,0,0,0,0,0
120167,,,,,,,,,,,,,,,,,,382,,,,,,,,,,,
120782,,,,,,,,,,,,,,,,,,384,,,,,,,,,,,
120994,52500,53400,53600,51700,52300,70000,1.2e+06,1.2e+06,1.2e+06,1.2e+06,1.596e+06,1.596e+06,26.466,331593.809,,,,,,,,,,100,0,0,0,0,0
121397,,,,,,,,,,,,,,,,,,386,,,,,,,,,,,
121994,52500,53400,53600,51900,52300,70000,1.2e+06,1.2e+06,1.2e+06,1.2e+06,1.596e+06,1.596e+06,,331600.960,,,,,,,,,,100,0,0,0,0,0
122012,,,,,,,,,,,,,,,,,,388,,,,,,,,,,,
122627,,,,,,,,,,,,,,,,,,390,,,,,,,,,,,
122994,52500,53600,53600,51700,52300,70000,1.2e+06,1.2e+06,1.2e+06,1.2e+06,1.596e+06,1.596e+06,,331608.179,,,,,,,,,,100,0.990099,0,0,0,0
123243,,,,,,,,,,,,,,,,,,392,,,,,,,,,,,
123857,,,,,,,,,,,,,,,,,,394,,,,,,,,,,,
123994,52600,53600,53600,51900,52300,70000,1.2e+06,1.2e+06,1.2e+06,1.2e+06,1.596e+06,1.596e+06,,331615.335,,,,,,,,,,100,1,0,0,0,0
124473,,,,,,,,,,,,,,,,,,396,,,,,,,,,,,
124994,52600,53600,53800,51700,52300,70000,1.2e+06,1.2e+06,1.2e+06,1.2e+06,1.596e+06,1.596e+06,,331622.501,,,,,,,,,,100,0,0,0,0,0
125088,,,,,,,,,,,,,,,,,,398,,,,,,,,,,,
125703,,,,,,,,,,,,,,,,,,400,,,,,,,,,,,
125994,52500,53600,53600,51700,52300,70000,1.2e+06,1.2e+06,1.2e+06,1.2e+06,1.596e+06,1.596e+06,,331629.733,,,,,,,,,,100,0,0,0,0,0
126318,,,,,,,,,,,,,,,,,,402,,,,,,,,,,,
126933,,,,,,,,,,,,,,,,,,404,,,,,,,,,,,
126994,52500,53400,53600,51700,52100,70000,1.2e+06,1.2e+06,1.2e+06,1.2e+06,1.596e+06,1.596e+06,,331636.886,,,,,,,,,,100,1,0,0,0,0
127548,,,,,,,,,,,,,,,,,,406,,,,,,,,,,,
127994,52500,53400,53600,51700,52300,70000,1.2e+06,1.2e+06,1.2e+06,1.2e+06,1.596e+06,1.596e+06,,331644.102,,,,,,,,,,100,0,0,0,0,0
128163,,,,,,,,,,,,,,,,,,408,,,,,,,,,,,
128778,,,,,,,,,,,,,,,,,,410,,,,,,,,,,,
128994,52500,53400,53600,51700,52300,70000,1.2e+06,1.2e+06,1.2e+06,1.2e+06,1.596e+06,1.596e+06,,331651.261,,,,,,,,,,100,0,0,0,0,0
129394,,,,,,,,,,,,,,,,,,412,,,,,,,,,,,
129994,52500,53600,53600,51700,52300,70000,1.2e+06,1.2e+06,1.2e+06,1.2e+06,1.596e+06,1.596e+06,,331658.480,,,,,,,,,,100,0,0,0,0,0
130009,,,,,,,,,,,,,,,,,,414,,,,,,,,,,,
130624,,,,,,,,,,,,,,,,,,416,,,,,,,,,,,
130994,52500,53600,53600,51900,52300,70000,1.2e+06,1.2e+06,1.2e+06,1.2e+06,1.596e+06,1.596e+06,26.477,331665.723,,,,,,,,,,100,0,0,0,0.990099,0
131239,,,,,,,,,,,,,,,,,,418,,,,,,,,,,,
131854,,,,,,,,,,,,,,,,,,420,,,,,,,,,,,
131994,52500,53600,53600,52100,52300,70000,1.2e+06,1.2e+06,1.2e+06,1.2e+06,1.596e+06,1.596e+06,,331672.875,,,,,,,,,,100,0,0,0,0,0
132470,,,,,,,,,,,,,,,,,,422,,,,,,,,,,,
132993,52500,53600,53600,51900,52500,70000,1.2e+06,1.2e+06,1.2e+06,1.2e+06,1.596e+06,1.596e+06,,331680.107,,,,,,,,,,100,1,0.990099,0,0,0
133085,,,,,,,,,,,,,,,,,,424,,,,,,,,,,,
133699,,,,,,,,,,,,,,,,,,426,,,,,,,,,,,
133994,52500,53600,53600,51700,52500,70000,1.2e+06,1.2e+06,1.2e+06,1.2e+06,1.596e+06,1.596e+06,,331687.269,,,,,,,,,,100,0,0,0,0,0
134315,,,,,,,,,,,,,,,,,,428,,,,,,,,,,,
134929,,,,,,,,,,,,,,,,,,430,,,,,,,,,,,
134994,52800,53600,54000,52100,52600,70000,1.2e+06,1.2e+06,1.2e+06,1.2e+06,1.596e+06,1.596e+06,,331694.487,,,,,,,,,,100,0,0,0,0,0
135545,,,,,,,,,,,,,,,,,,432,,,,,,,,,,,
135994,52600,53600,53800,52100,52600,70000,1.2e+06,1.2e+06,1.2e+06,1.2e+06,1.596e+06,1.596e+06,,331699.845,,,,,,,,,,100,0,0,0,0,0
136160,,,,,,,,,,,,,,,,,,434,,,,,,,,,,,
136775,,,,,,,,,,,,,,,,,,436,,,,,,,,,,,
136994,52800,53800,54000,52100,52600,70000,1.2e+06,1.2e+06,1.2e+06,1.2e+06,1.596e+06,1.596e+06,,331707.072,,,,,,,,,,100,0,0,0,0,0
137390,,,,,,,,,,,,,,,,,,438,,,,,,,,,,,
137994,52800,53800,53600,52100,52600,70000,1.2e+06,1.2e+06,1.2e+06,1.2e+06,1.596e+06,1.596e+06,,331714.229,,,,,,,,,,100,0,0,0,0,0
138005,,,,,,,,,,,,,,,,,,440,,,,,,,,,,,
138620,,,,,,,,,,,,,,,,,,442,,,,,,,,,,,
138994,52800,53600,53600,51900,52600,70000,1.2e+06,1.2e+06,1.2e+06,1.2e+06,1.596e+06,1.596e+06,,331721.460,,,,,,,,,,100,0.990099,0,0.990099,0,0
139236,,,,,,,,,,,,,,,,,,444,,,,,,,,,,,
139851,,,,,,,,,,,,,,,,,,446,,,,,,,,,,,
139994,52600,53600,54000,52100,52500,70000,1.2e+06,1.2e+06,1.2e+06,1.2e+06,1.596e+06,1.596e+06,,331728.610,,,,,,,,,,100,0,0,0,0,0
140466,,,,,,,,,,,,,,,,,,448,,,,,,,,,,,
140994,52500,53600,53800,52100,52500,70000,1.2e+06,1.2e+06,1.2e+06,1.2e+06,1.596e+06,1.596e+06,26.456,331735.835,,,,,,,,,,100,0.990099,0,0,0,0
141081,,,,,,,,,,,,,,,,,,450,,,,,,,,,,,
141696,,,,,,,,,,,,,,,,,,452,,,,,,,,,,,
141994,52500,53600,54000,52100,52600,70000,1.2e+06,1.2e+06,1.2e+06,1.2e+06,1.596e+06,1.596e+06,,331742.990,,,,,,,,,,100,0,0,0,0,0
142311,,,,,,,,,,,,,,,,,,454,,,,,,,,,,,
142926,,,,,,,,,,,,,,,,,,456,,,,,,,,,,,
142995,52800,53800,53800,52100,52300,70000,1.2e+06,1.2e+06,1.2e+06,1.2e+06,1.596e+06,1.596e+06,,331750.223,,,,,,,,,,100,0,0,0,0,0
143542,,,,,,,,,,,,,,,,,,458,,,,,,,,,,,
143994,52800,53600,53800,51900,52500,70000,1.2e+06,1.2e+06,1.2e+06,1.2e+06,1.596e+06,1.596e+06,,331757.473,,,,,,,,,,100,0,0,0,0,0
144157,,,,,,,,,,,,,,,,,,460,,,,,,,,,,,
144772,,,,,,,,,,,,,,,,,,462,,,,,,,,,,,
144994,52800,53600,53800,52100,52300,70000,1.2e+06,1.2e+06,1.2e+06,1.2e+06,1.596e+06,1.596e+06,,331764.630,,,,,,,,,,100,0.990099,0,0,0,0
145387,,,,,,,,,,,,,,,,,,464,,,,,,,,,,,
145994,52600,53800,53600,52100,52300,70000,1.2e+06,1.2e+06,1.2e+06,1.2e+06,1.596e+06,1.596e+06,,331771.855,,,,,,,,,,100,0,0,0,0,0
146002,,,,,,,,,,,,,,,,,,466,,,,,,,,,,,
146618,,,,,,,,,,,,,,,,,,468,,,,,,,,,,,
146994,52600,53600,53800,52100,52300,70000,1.2e+06,1.2e+06,1.2e+06,1.2e+06,1.596e+06,1.596e+06,,331779.026,,,,,,,,,,100,0.990099,0,0,0,0
147233,,,,,,,,,,,,,,,,,,470,,,,,,,,,,,
147847,,,,,,,,,,,,,,,,,,472,,,,,,,,,,,
147994,52800,53600,54000,52100,52600,70000,1.2e+06,1.2e+06,1.2e+06,1.2e+06,1.596e+06,1.596e+06,,331786.273,,,,,,,,,,100,0,0,0,0,0
148463,,,,,,,,,,,,,,,,,,474,,,,,,,,,,,
148994,52500,53800,53600,52100,52300,70000,1.2e+06,1.2e+06,1.2e+06,1.2e+06,1.596e+06,1.596e+06,,331793.416,,,,,,,,,,100,0,0,0,0,0
149078,,,,,,,,,,,,,,,,,,476,,,,,,,,,,,
149693,,,,,,,,,,,,,,,,,,478,,,,,,,,,,,
149993,52800,54000,53600,51900,52300,70000,1.2e+06,1.2e+06,1.2e+06,1.2e+06,1.596e+06,1.596e+06,,331800.656,,,,,,,,,,100,0,0,0,0,0
150308,,,,,,,,,,,,,,,,,,480,,,,,,,,,,,
150923,,,,,,,,,,,,,,,,,,482,,,,,,,,,,,
150994,52600,54000,54000,51700,52500,70000,1.2e+06,1.2e+06,1.2e+06,1.2e+06,1.596e+06,1.596e+06,26.488,331807.894,,,,,,,,,,100,0,0,0.990099,0,0
151539,,,,,,,,,,,,,,,,,,484,,,,,,,,,,,
151994,52500,53600,53800,52100,52500,70000,1.2e+06,1.2e+06,1.2e+06,1.2e+06,1.596e+06,1.596e+06,,331815.125,,,,,,,,,,100,0,0,0,0,0.990099
152154,,,,,,,,,,,,,,,,,,486,,,,,,,,,,,
152769,,,,,,,,,,,,,,,,,,488,,,,,,,,,,,
152994,52500,53800,53800,51700,52500,70000,1.2e+06,1.2e+06,1.2e+06,1.2e+06,1.596e+06,1.596e+06,,331822.292,,,,,,,,,,100,0.990099,0,0,0,0
153384,,,,,,,,,,,,,,,,,,490,,,,,,,,,,,
153994,52600,53800,53800,51900,52500,70000,1.2e+06,1.2e+06,1.2e+06,1.2e+06,1.596e+06,1.596e+06,,331829.529,,,,,,,,,,100,0,0,0,0,0
153999,,,,,,,,,,,,,,,,,,492,,,,,,,,,,,
154614,,,,,,,,,,,,,,,,,,494,,,,,,,,,,,
154994,52500,53600,53800,52100,52500,70000,1.2e+06,1.2e+06,1.2e+06,1.2e+06,1.596e+06,1.596e+06,,331836.691,,,,,,,,,,100,0,0,0,0,0
155229,,,,,,,,,,,,,,,,,,496,,,,,,,,,,,
155844,,,,,,,,,,,,,,,,,,498,,,,,,,,,,,
155994,52500,53600,54000,52100,52500,70000,1.2e+06,1.2e+06,1.2e+06,1.2e+06,1.596e+06,1.596e+06,,331843.850,,,,,,,,,,100,0,0,0,0,0
156460,,,,,,,,,,,,,,,,,,500,,,,,,,,,,,
156994,52600,53600,53800,52100,52600,70000,1.2e+06,1.2e+06,1.2e+06,1.2e+06,1.596e+06,1.596e+06,,331851.093,,,,,,,,,,100,0,0,0,0,0
157075,,,,,,,,,,,,,,,,,,502,,,,,,,,,,,
157690,,,,,,,,,,,,,,,,,,504,,,,,,,,,,,
157994,52800,53600,54000,52100,52600,70000,1.2e+06,1.2e+06,1.2e+06,1.2e+06,1.596e+06,1.596e+06,,331858.264,,,,,,,,,,100,0,0,0,0,0
158305,,,,,,,,,,,,,,,,,,506,,,,,,,,,,,
158920,,,,,,,,,,,,,,,,,,508,,,,,,,,,,,
158994,52800,53600,54000,52100,52300,70000,1.2e+06,1.2e+06,1.2e+06,1.2e+06,1.596e+06,1.596e+06,,331865.490,,,,,,,,,,100,0,0,0,0,0
159535,,,,,,,,,,,,,,,,,,510,,,,,,,,,,,
159994,52600,53800,53800,52100,52500,70000,1.2e+06,1.2e+06,1.2e+06,1.2e+06,1.596e+06,1.596e+06,,331872.728,,,,,,,,,,100,0,0,0,0,0
160151,,,,,,,,,,,,,,,,,,512,,,,,,,,,,,
160766,,,,,,,,,,,,,,,,,,514,,,,,,,,,,,
160994,52500,53800,53600,51700,52500,70000,1.2e+06,1.2e+06,1.2e+06,1.2e+06,1.596e+06,1.596e+06,26.466,331879.878,,,,,,,,,,100,0,0,0,0,0
161381,,,,,,,,,,,,,,,,,,516,,,,,,,,,,,
161994,52600,53800,54000,51900,52300,70000,1.2e+06,1.2e+06,1.2e+06,1.2e+06,1.596e+06,1.596e+06,,331887.100,,,,,,,,,,100,0.990099,0,0,0,0
161996,,,,,,,,,,,,,,,,,,518,,,,,,,,,,,
162611,,,,,,,,,,,,,,,,,,520,,,,,,,,,,,
162994,52800,54000,53800,52100,52600,70000,1.2e+06,1.2e+06,1.2e+06,1.2e+06,1.596e+06,1.596e+06,,331894.256,,,,,,,,,,100,0,0,0,0,0
163226,,,,,,,,,,,,,,,,,,522,,,,,,,,,,,
163841,,,,,,,,,,,,,,,,,,524,,,,,,,,,,,
163994,52600,54000,54000,52100,52600,70000,1.2e+06,1.2e+06,1.2e+06,1.2e+06,1.596e+06,1.596e+06,,331901.479,,,,,,,,,,100,1,0,0,0,0
164457,,,,,,,,,,,,,,,,,,526,,,,,,,,,,,
164994,52800,54000,53600,52100,52500,70000,1.2e+06,1.2e+06,1.2e+06,1.2e+06,1.596e+06,1.596e+06,,331908.635,,,,,,,,,,100,0,0,0,0,0
165072,,,,,,,,,,,,,,,,,,528,,,,,,,,,,,
165687,,,,,,,,,,,,,,,,,,530,,,,,,,,,,,
165994,52600,53600,53800,52100,52500,70000,1.2e+06,1.2e+06,1.2e+06,1.2e+06,1.596e+06,1.596e+06,,331915.863,,,,,,,,,,100,0,0,0,0,0
166302,,,,,,,,,,,,,,,,,,532,,,,,,,,,,,
166917,,,,,,,,,,,,,,,,,,534,,,,,,,,,,,
166994,52500,54000,54000,52100,52300,70000,1.2e+06,1.2e+06,1.2e+06,1.2e+06,1.596e+06,1.596e+06,,331923.031,,,,,,,,,,100,0,0,0,0,0
167532,,,,,,,,,,,,,,,,,,536,,,,,,,,,,,
167994,52800,53600,54000,52100,52500,70000,1.2e+06,1.2e+06,1.2e+06,1.2e+06,1.596e+06,1.596e+06,,331930.294,,,,,,,,,,100,0.990099,0,0,0,0
168147,,,,,,,,,,,,,,,,,,538,,,,,,,,,,,
168762,,,,,,,,,,,,,,,,,,540,,,,,,,,,,,
168994,52600,53800,54000,52100,52500,70000,1.2e+06,1.2e+06,1.2e+06,1.2e+06,1.596e+06,1.596e+06,,331937.470,,,,,,,,,,100,0,0,0,0,0
169378,,,,,,,,,,,,,,,,,,542,,,,,,,,,,,
169993,,,,,,,,,,,,,,,,,,544,,,,,,,,,,,
169994,52800,53800,54000,52100,52500,70000,1.2e+06,1.2e+06,1.2e+06,1.2e+06,1.596e+06,1.596e+06,,331944.633,,,,,,,,,,100,0,0,0,0,0
170608,,,,,,,,,,,,,,,,,,546,,,,,,,,,,,
170994,52800,54000,54000,52100,52600,70000,1.2e+06,1.2e+06,1.2e+06,1.2e+06,1.596e+06,1.596e+06,26.466,331951.866,,,,,,,,,,100,0,0,0,0,0
171224,,,,,,,,,,,,,,,,,,548,,,,,,,,,,,
171839,,,,,,,,,,,,,,,,,,550,,,,,,,,,,,
171994,52800,54000,53800,52100,52600,70000,1.2e+06,1.2e+06,1.2e+06,1.2e+06,1.596e+06,1.596e+06,,331959.037,,,,,,,,,,100,0.990099,0,0,0,0
172454,,,,,,,,,,,,,,,,,,552,,,,,,,,,,,
172994,52800,53600,54000,52100,52500,70000,1.2e+06,1.2e+06,1.2e+06,1.2e+06,1.596e+06,1.596e+06,,331966.274,,,,,,,,,,100,0,0,0,0,0
173069,,,,,,,,,,,,,,,,,,554,,,,,,,,,,,
173684,,,,,,,,,,,,,,,,,,556,,,,,,,,,,,
173994,52800,54000,54000,51900,52600,70000,1.2e+06,1.2e+06,1.2e+06,1.2e+06,1.596e+06,1.596e+06,,331973.443,,,,,,,,,,100,0,0.990099,0,0,0
174300,,,,,,,,,,,,,,,,,,558,,,,,,,,,,,
174915,,,,,,,,,,,,,,,,,,560,,,,,,,,,,,
174994,52800,54000,53800,52100,52600,70000,1.2e+06,1.2e+06,1.2e+06,1.2e+06,1.596e+06,1.596e+06,,331980.682,,,,,,,,,,100,0,0,0,0,0
175530,,,,,,,,,,,,,,,,,,562,,,,,,,,,,,
175994,52800,53800,54000,52300,52600,70000,1.2e+06,1.2e+06,1.2e+06,1.2e+06,1.596e+06,1.596e+06,,331987.906,,,,,,,,,,100,0,0,0,0,0
176145,,,,,,,,,,,,,,,,,,564,,,,,,,,,,,
176760,,,,,,,,,,,,,,,,,,566,,,,,,,,,,,
176994,52800,53800,54000,52100,52500,70000,1.2e+06,1.2e+06,1.2e+06,1.2e+06,1.596e+06,1.596e+06,,331995.144,,,,,,,,,,100,0,0,0,0,0
177375,,,,,,,,,,,,,,,,,,568,,,,,,,,,,,
177990,,,,,,,,,,,,,,,,,,570,,,,,,,,,,,
177994,52800,53600,54000,51900,52500,70000,1.2e+06,1.2e+06,1.2e+06,1.2e+06,1.596e+06,1.596e+06,,332002.299,,,,,,,,,,100,0.990099,0,0,0,0
178606,,,,,,,,,,,,,,,,,,572,,,,,,,,,,,
178994,52600,53600,53800,51900,52600,70000,1.2e+06,1.2e+06,1.2e+06,1.2e+06,1.596e+06,1.596e+06,,332009.535,,,,,,,,,,100,0,0,0,0,0.990099
179221,,,,,,,,,,,,,,,,,,574,,,,,,,,,,,
179835,,,,,,,,,,,,,,,,,,576,,,,,,,,,,,
179994,52800,53800,54000,52100,52600,70000,1.2e+06,1.2e+06,1.2e+06,1.2e+06,1.596e+06,1.596e+06,,332016.755,,,,,,,,,,100,0,0.990099,0,0,0
180451,,,,,,,,,,,,,,,,,,578,,,,,,,,,,,
180994,53000,54000,54200,52500,52800,70000,1.2e+06,1.2e+06,1.2e+06,1.2e+06,1.596e+06,1.596e+06,26.456,332023.915,,,,,,,,,,100,0,0,0,0,0
181066,,,,,,,,,,,,,,,,,,580,,,,,,,,,,,
181681,,,,,,,,,,,,,,,,,,582,,,,,,,,,,,
181994,52800,53800,53800,52100,52600,70000,1.2e+06,1.2e+06,1.2e+06,1.2e+06,1.596e+06,1.596e+06,,332029.303,,,,,,,,,,100,0,1,0,0,0
182297,,,,,,,,,,,,,,,,,,584,,,,,,,,,,,
182911,,,,,,,,,,,,,,,,,,586,,,,,,,,,,,
182994,52800,54000,54000,52100,52800,70000,1.2e+06,1.2e+06,1.2e+06,1.2e+06,1.596e+06,1.596e+06,,332036.538,,,,,,,,,,100,0,0,0,0,0
183527,,,,,,,,,,,,,,,,,,588,,,,,,,,,,,
183994,52800,54000,54000,52100,52500,70000,1.2e+06,1.2e+06,1.2e+06,1.2e+06,1.596e+06,1.596e+06,,332043.692,,,,,,,,,,100,0.990099,0,0,0,0
184142,,,,,,,,,,,,,,,,,,590,,,,,,,,,,,
184757,,,,,,,,,,,,,,,,,,592,,,,,,,,,,,
184994,52800,54000,54000,52500,52600,70000,1.2e+06,1.2e+06,1.2e+06,1.2e+06,1.596e+06,1.596e+06,,332050.941,,,,,,,,,,100,0,1,0,0,0
185372,,,,,,,,,,,,,,,,,,594,,,,,,,,,,,
185986,,,,,,,,,,,,,,,,,,596,,,,,,,,,,,
185994,52800,54000,54200,52300,52600,70000,1.2e+06,1.2e+06,1.2e+06,1.2e+06,1.596e+06,1.596e+06,,332058.122,,,,,,,,,,100,0,0.990099,0,0,0
186602,,,,,,,,,,,,,,,,,,598,,,,,,,,,,,
186994,53200,54000,54200,52500,52600,70000,1.2e+06,1.2e+06,1.2e+06,1.2e+06,1.596e+06,1.596e+06,,332065.356,,,,,,,,,,100,0,0.990099,0,0,0
187217,,,,,,,,,,,,,,,,,,600,,,,,,,,,,,
187832,,,,,,,,,,,,,,,,,,602,,,,,,,,,,,
187994,52800,54000,54000,52500,52600,70000,1.2e+06,1.2e+06,1.2e+06,1.2e+06,1.596e+06,1.596e+06,,332072.581,,,,,,,,,,100,0,0,0,0,0
188447,,,,,,,,,,,,,,,,,,604,,,,,,,,,,,
188994,52800,54000,54400,52100,52600,70000,1.2e+06,1.2e+06,1.2e+06,1.2e+06,1.596e+06,1.596e+06,,332079.752,,,,,,,,,,100,0,0,0,0,0
189062,,,,,,,,,,,,,,,,,,606,,,,,,,,,,,
189677,,,,,,,,,,,,,,,,,,608,,,,,,,,,,,
189994,52800,53800,54000,52100,52500,70000,1.2e+06,1.2e+06,1.2e+06,1.2e+06,1.596e+06,1.596e+06,,332086.962,,,,,,,,,,100,0,0,0,0,0
190293,,,,,,,,,,,,,,,,,,610,,,,,,,,,,,
190908,,,,,,,,,,,,,,,,,,612,,,,,,,,,,,
190994,52800,54000,54200,52100,52500,70000,1.2e+06,1.2e+06,1.2e+06,1.2e+06,1.596e+06,1.596e+06,26.456,332094.143,,,,,,,,,,100,0,0,0,0,0
191523,,,,,,,,,,,,,,,,,,614,,,,,,,,,,,
191994,52800,54000,53800,52100,52600,70000,1.2e+06,1.2e+06,1.2e+06,1.2e+06,1.596e+06,1.596e+06,,332101.358,,,,,,,,,,100,0,0,0,0,0
192138,,,,,,,,,,,,,,,,,,616,,,,,,,,,,,
192753,,,,,,,,,,,,,,,,,,618,,,,,,,,,,,
192994,52800,54000,54200,52300,52600,70000,1.2e+06,1.2e+06,1.2e+06,1.2e+06,1.596e+06,1.596e+06,,332108.530,,,,,,,,,,100,0,0,0,0,0
193369,,,,,,,,,,,,,,,,,,620,,,,,,,,,,,
193983,,,,,,,,,,,,,,,,,,622,,,,,,,,,,,
193994,52800,54000,54000,52100,52600,70000,1.2e+06,1.2e+06,1.2e+06,1.2e+06,1.596e+06,1.596e+06,,332115.776,,,,,,,,,,100,0,0,0,0,0
194599,,,,,,,,,,,,,,,,,,624,,,,,,,,,,,
194994,52800,54000,54000,52500,52600,70000,1.2e+06,1.2e+06,1.2e+06,1.2e+06,1.596e+06,1.596e+06,,332122.943,,,,,,,,,,100,0,0,0,0,0
195214,,,,,,,,,,,,,,,,,,626,,,,,,,,,,,
195829,,,,,,,,,,,,,,,,,,628,,,,,,,,,,,
195994,52800,54000,54000,52500,52600,70000,1.2e+06,1.2e+06,1.2e+06,1.2e+06,1.596e+06,1.596e+06,,332130.181,,,,,,,,,,100,0,0,0,0,0
196444,,,,,,,,,,,,,,,,,,630,,,,,,,,,,,
196994,53200,54000,54400,52500,53000,70000,1.2e+06,1.2e+06,1.2e+06,1.2e+06,1.596e+06,1.596e+06,,332137.423,,,,,,,,,,100,0,0.990099,0,0,0
197059,,,,,,,,,,,,,,,,,,632,,,,,,,,,,,
197674,,,,,,,,,,,,,,,,,,634,,,,,,,,,,,
197994,53000,54000,54400,52500,52800,70000,1.2e+06,1.2e+06,1.2e+06,1.2e+06,1.596e+06,1.596e+06,,332144.584,,,,,,,,,,100,1,0,0.990099,0,0
198289,,,,,,,,,,,,,,,,,,636,,,,,,,,,,,
198904,,,,,,,,,,,,,,,,,,638,,,,,,,,,,,
198994,53200,54000,54400,52500,52800,70000,1.2e+06,1.2e+06,1.2e+06,1.2e+06,1.596e+06,1.596e+06,,332151.835,,,,,,,,,,100,0.990099,0,0,0,0
199519,,,,,,,,,,,,,,,,,,640,,,,,,,,,,,
199994,53200,54000,54400,52500,52800,70000,1.2e+06,1.2e+06,1.2e+06,1.2e+06,1.596e+06,1.596e+06,,332159.073,,,,,,,,,,100,0,0,0,0,0
200135,,,,,,,,,,,,,,,,,,642,,,,,,,,,,,
200750,,,,,,,,,,,,,,,,,,644,,,,,,,,,,,
200994,53000,54000,54400,52500,52600,70000,1.2e+06,1.2e+06,1.2e+06,1.2e+06,1.596e+06,1.596e+06,26.466,332166.258,,,,,,,,,,100,0,0,0,0,0
201365,,,,,,,,,,,,,,,,,,646,,,,,,,,,,,
201980,,,,,,,,,,,,,,,,,,648,,,,,,,,,,,
201994,53200,54200,54400,52500,52600,70000,1.2e+06,1.2e+06,1.2e+06,1.2e+06,1.596e+06,1.596e+06,,332173.483,,,,,,,,,,100,0,0,0,0,0
202595,,,,,,,,,,,,,,,,,,650,,,,,,,,,,,
202994,53000,54400,54000,52500,53000,70000,1.2e+06,1.2e+06,1.2e+06,1.2e+06,1.596e+06,1.596e+06,,332180.645,,,,,,,,,,100,0,0,0,0,0
203210,,,,,,,,,,,,,,,,,,652,,,,,,,,,,,
203825,,,,,,,,,,,,,,,,,,654,,,,,,,,,,,
203994,53000,54200,54400,52500,52800,70000,1.2e+06,1.2e+06,1.2e+06,1.2e+06,1.596e+06,1.596e+06,,332187.887,,,,,,,,,,100,0,0.990099,0,0,0
204440,,,,,,,,,,,,,,,,,,656,,,,,,,,,,,
204994,53000,54000,54400,52500,52800,70000,1.2e+06,1.2e+06,1.2e+06,1.2e+06,1.596e+06,1.596e+06,,332195.056,,,,,,,,,,100,0,0,0,0,0
205056,,,,,,,,,,,,,,,,,,658,,,,,,,,,,,
205671,,,,,,,,,,,,,,,,,,660,,,,,,,,,,,
205994,53200,54200,54000,52500,52800,70000,1.2e+06,1.2e+06,1.2e+06,1.2e+06,1.596e+06,1.596e+06,,332202.307,,,,,,,,,,100,0,0.990099,0,0,0
206287,,,,,,,,,,,,,,,,,,662,,,,,,,,,,,
206902,,,,,,,,,,,,,,,,,,664,,,,,,,,,,,
206994,53000,54000,54400,52500,52800,70000,1.2e+06,1.2e+06,1.2e+06,1.2e+06,1.596e+06,1.596e+06,,332209.462,,,,,,,,,,100,0,0,0,0,0
207517,,,,,,,,,,,,,,,,,,666,,,,,,,,,,,
207994,53200,54400,54200,52500,52800,70000,1.2e+06,1.2e+06,1.2e+06,1.2e+06,1.596e+06,1.596e+06,,332216.689,,,,,,,,,,100,0,0,0,0,0
208132,,,,,,,,,,,,,,,,,,668,,,,,,,,,,,
208747,,,,,,,,,,,,,,,,,,670,,,,,,,,,,,
208993,53000,54400,54400,52500,53000,70000,1.2e+06,1.2e+06,1.2e+06,1.2e+06,1.596e+06,1.596e+06,,332223.841,,,,,,,,,,100,0,0,0,0,0
209362,,,,,,,,,,,,,,,,,,672,,,,,,,,,,,
209977,,,,,,,,,,,,,,,,,,674,,,,,,,,,,,
209994,53200,54400,54400,52500,52800,70000,1.2e+06,1.2e+06,1.2e+06,1.2e+06,1.596e+06,1.596e+06,,332231.093,,,,,,,,,,100,0,0,0,0,0
210592,,,,,,,,,,,,,,,,,,676,,,,,,,,,,,
210994,53000,54000,54400,52500,52600,70000,1.2e+06,1.2e+06,1.2e+06,1.2e+06,1.596e+06,1.596e+06,26.466,332238.246,,,,,,,,,,100,0,0,0,0,0
211207,,,,,,,,,,,,,,,,,,678,,,,,,,,,,,
211822,,,,,,,,,,,,,,,,,,680,,,,,,,,,,,
211994,53200,54200,54200,52500,52800,70000,1.2e+06,1.2e+06,1.2e+06,1.2e+06,1.596e+06,1.596e+06,,332245.503,,,,,,,,,,100,0,0,0,0,0
212438,,,,,,,,,,,,,,,,,,682,,,,,,,,,,,
212994,53200,54200,54200,52500,52800,70000,1.2e+06,1.2e+06,1.2e+06,1.2e+06,1.596e+06,1.596e+06,,332252.675,,,,,,,,,,100,0,0,0,0,0
213053,,,,,,,,,,,,,,,,,,684,,,,,,,,,,,
213668,,,,,,,,,,,,,,,,,,686,,,,,,,,,,,
213994,52800,54000,54000,52300,52600,70000,1.2e+06,1.2e+06,1.2e+06,1.2e+06,1.596e+06,1.596e+06,,332259.841,,,,,,,,,,100,0.990099,0,0,0,0
214283,,,,,,,,,,,,,,,,,,688,,,,,,,,,,,
214898,,,,,,,,,,,,,,,,,,690,,,,,,,,,,,
214994,53200,54400,54400,52500,52800,70000,1.2e+06,1.2e+06,1.2e+06,1.2e+06,1.596e+06,1.596e+06,,332267.085,,,,,,,,,,100,0,0,0,0,0
215513,,,,,,,,,,,,,,,,,,692,,,,,,,,,,,
215994,53000,54000,54200,52500,52800,70000,1.2e+06,1.2e+06,1.2e+06,1.2e+06,1.596e+06,1.596e+06,,332274.249,,,,,,,,,,100,0,0,0,0,0
216128,,,,,,,,,,,,,,,,,,694,,,,,,,,,,,
216743,,,,,,,,,,,,,,,,,,696,,,,,,,,,,,
216994,53000,54000,54200,52500,52800,70000,1.2e+06,1.2e+06,1.2e+06,1.2e+06,1.596e+06,1.596e+06,,332281.486,,,,,,,,,,100,0,0,0,0,0
217359,,,,,,,,,,,,,,,,,,698,,,,,,,,,,,
217974,,,,,,,,,,,,,,,,,,700,,,,,,,,,,,
217994,53000,54400,54400,52500,53000,70000,1.2e+06,1.2e+06,1.2e+06,1.2e+06,1.596e+06,1.596e+06,,332288.703,,,,,,,,,,100,0,0,0,0,0
218589,,,,,,,,,,,,,,,,,,702,,,,,,,,,,,
218994,53000,54000,54400,52500,52800,70000,1.2e+06,1.2e+06,1.2e+06,1.2e+06,1.596e+06,1.596e+06,,332295.873,,,,,,,,,,100,0,0,0,0,0
219204,,,,,,,,,,,,,,,,,,704,,,,,,,,,,,
219819,,,,,,,,,,,,,,,,,,706,,,,,,,,,,,
219994,53000,54000,54400,52500,52800,70000,1.2e+06,1.2e+06,1.2e+06,1.2e+06,1.596e+06,1.596e+06,,332303.061,,,,,,,,,,100,0,0.990099,0,0,0
220434,,,,,,,,,,,,,,,,,,708,,,,,,,,,,,
220994,52800,54000,54400,52300,52600,70000,1.2e+06,1.2e+06,1.2e+06,1.2e+06,1.596e+06,1.596e+06,26.456,332310.311,,,,,,,,,,100,0,0,0,0,0
221050,,,,,,,,,,,,,,,,,,710,,,,,,,,,,,
221665,,,,,,,,,,,,,,,,,,712,,,,,,,,,,,
221994,53000,54000,54200,52500,52600,70000,1.2e+06,1.2e+06,1.2e+06,1.2e+06,1.596e+06,1.596e+06,,332317.462,,,,,,,,,,100,0,0,0,0,0
222280,,,,,,,,,,,,,,,,,,714,,,,,,,,,,,
222895,,,,,,,,,,,,,,,,,,716,,,,,,,,,,,
222994,52800,54000,54000,52500,52800,70000,1.2e+06,1.2e+06,1.2e+06,1.2e+06,1.596e+06,1.596e+06,,332324.713,,,,,,,,,,100,0,0.990099,0,0,0
223510,,,,,,,,,,,,,,,,,,718,,,,,,,,,,,
223994,52800,54000,54000,52300,52800,70000,1.2e+06,1.2e+06,1.2e+06,1.2e+06,1.596e+06,1.596e+06,,332331.878,,,,,,,,,,100,1.96078,0,0,0,0
224125,,,,,,,,,,,,,,,,,,720,,,,,,,,,,,
224740,,,,,,,,,,,,,,,,,,722,,,,,,,,,,,
224994,53200,53800,54400,52500,52600,70000,1.2e+06,1.2e+06,1.2e+06,1.2e+06,1.596e+06,1.596e+06,,332339.106,,,,,,,,,,100,0,0,0,0,0
225356,,,,,,,,,,,,,,,,,,724,,,,,,,,,,,
225971,,,,,,,,,,,,,,,,,,726,,,,,,,,,,,
225994,53000,54400,54400,52600,53000,70000,1.2e+06,1.2e+06,1.2e+06,1.2e+06,1.596e+06,1.596e+06,,332346.331,,,,,,,,,,100,0,0,0,0,0
226586,,,,,,,,,,,,,,,,,,728,,,,,,,,,,,
226994,53200,54400,54400,52500,52800,70000,1.2e+06,1.2e+06,1.2e+06,1.2e+06,1.596e+06,1.596e+06,,332353.499,,,,,,,,,,100,0,0.990099,0,0,0
227201,,,,,,,,,,,,,,,,,,730,,,,,,,,,,,
227816,,,,,,,,,,,,,,,,,,732,,,,,,,,,,,
227994,53200,54200,54400,52500,53200,70000,1.2e+06,1.2e+06,1.2e+06,1.2e+06,1.596e+06,1.596e+06,,332360.672,,,,,,,,,,100,0,0,0,0,0
228431,,,,,,,,,,,,,,,,,,734,,,,,,,,,,,
228994,53200,54400,54200,52500,52800,70000,1.2e+06,1.2e+06,1.2e+06,1.2e+06,1.596e+06,1.596e+06,,332367.922,,,,,,,,,,100,0,0,0,0,0
229047,,,,,,,,,,,,,,,,,,736,,,,,,,,,,,
229661,,,,,,,,,,,,,,,,,,738,,,,,,,,,,,
229994,53200,54400,54400,52500,53000,70000,1.2e+06,1.2e+06,1.2e+06,1.2e+06,1.596e+06,1.596e+06,,332373.389,,,,,,,,,,100,0,0,0,0,0
230277,,,,,,,,,,,,,,,,,,740,,,,,,,,,,,
230892,,,,,,,,,,,,,,,,,,742,,,,,,,,,,,
230994,52800,54200,54400,52500,52800,70000,1.2e+06,1.2e+06,1.2e+06,1.2e+06,1.596e+06,1.596e+06,26.466,332380.561,,,,,,,,,,100,0,0,0,0,0
231507,,,,,,,,,,,,,,,,,,744,,,,,,,,,,,
231994,53000,54200,54400,52300,53000,70000,1.2e+06,1.2e+06,1.2e+06,1.2e+06,1.596e+06,1.596e+06,,332387.794,,,,,,,,,,100,0,0,0,0,0
232123,,,,,,,,,,,,,,,,,,746,,,,,,,,,,,
232737,,,,,,,,,,,,,,,,,,748,,,,,,,,,,,
232994,53200,54200,54400,52500,52800,70000,1.2e+06,1.2e+06,1.2e+06,1.2e+06,1.596e+06,1.596e+06,,332394.985,,,,,,,,,,100,0.990099,0,0,0,0
233353,,,,,,,,,,,,,,,,,,750,,,,,,,,,,,
233968,,,,,,,,,,,,,,,,,,752,,,,,,,,,,,
233994,53200,54000,54400,52500,52800,70000,1.2e+06,1.2e+06,1.2e+06,1.2e+06,1.596e+06,1.596e+06,,332402.243,,,,,,,,,,100,0,0.990099,0,0,0
234583,,,,,,,,,,,,,,,,,,754,,,,,,,,,,,
234994,53000,54000,54000,52500,52600,70000,1.2e+06,1.2e+06,1.2e+06,1.2e+06,1.596e+06,1.596e+06,,332409.419,,,,,,,,,,100,0,0,0,0.990099,0
235198,,,,,,,,,,,,,,,,,,756,,,,,,,,,,,
235813,,,,,,,,,,,,,,,,,,758,,,,,,,,,,,
235994,53000,54400,54400,52500,53000,70000,1.2e+06,1.2e+06,1.2e+06,1.2e+06,1.596e+06,1.596e+06,,332416.651,,,,,,,,,,100,1,1,0,0,0
236429,,,,,,,,,,,,,,,,,,760,,,,,,,,,,,
236994,53200,54000,54400,52500,52800,70000,1.2e+06,1.2e+06,1.2e+06,1.2e+06,1.596e+06,1.596e+06,,332423.822,,,,,,,,,,100,0,0,0,0,0
237044,,,,,,,,,,,,,,,,,,762,,,,,,,,,,,
237659,,,,,,,,,,,,,,,,,,764,,,,,,,,,,,
237994,53200,54400,54400,52500,53000,70000,1.2e+06,1.2e+06,1.2e+06,1.2e+06,1.596e+06,1.596e+06,,332431.058,,,,,,,,,,100,0,0,0,0,0
238274,,,,,,,,,,,,,,,,,,766,,,,,,,,,,,
238889,,,,,,,,,,,,,,,,,,768,,,,,,,,,,,
238994,53200,54200,54400,52300,53000,70000,1.2e+06,1.2e+06,1.2e+06,1.2e+06,1.596e+06,1.596e+06,,332438.236,,,,,,,,,,100,0,0,0,0,0
239504,,,,,,,,,,,,,,,,,,770,,,,,,,,,,,
239994,53200,54200,54400,52500,52600,70000,1.2e+06,1.2e+06,1.2e+06,1.2e+06,1.596e+06,1.596e+06,,332445.467,,,,,,,,,,100,0,0,0,0,0
240119,,,,,,,,,,,,,,,,,,772,,,,,,,,,,,
240734,,,,,,,,,,,,,,,,,,774,,,,,,,,,,,
240994,53200,54200,54400,52500,53000,70000,1.2e+06,1.2e+06,1.2e+06,1.2e+06,1.596e+06,1.596e+06,26.466,332452.638,,,,,,,,,,100,0,0,0,0,0
241350,,,,,,,,,,,,,,,,,,776,,,,,,,,,,,
241965,,,,,,,,,,,,,,,,,,778,,,,,,,,,,,
241994,53200,54200,54400,52300,53000,70000,1.2e+06,1.2e+06,1.2e+06,1.2e+06,1.596e+06,1.596e+06,,332459.885,,,,,,,,,,100,0,0.990099,0,0,0
242580,,,,,,,,,,,,,,,,,,780,,,,,,,,,,,
242994,53200,54200,54400,52500,52800,70000,1.2e+06,1.2e+06,1.2e+06,1.2e+06,1.596e+06,1.596e+06,,332467.075,,,,,,,,,,100,0,0,0,0,0
243195,,,,,,,,,,,,,,,,,,782,,,,,,,,,,,
243810,,,,,,,,,,,,,,,,,,784,,,,,,,,,,,
243994,53000,54200,54000,52600,52600,70000,1.2e+06,1.2e+06,1.2e+06,1.2e+06,1.596e+06,1.596e+06,,332474.243,,,,,,,,,,100,0,0,0,0,0
244426,,,,,,,,,,,,,,,,,,786,,,,,,,,,,,
244994,53200,54400,54400,52300,52800,70000,1.2e+06,1.2e+06,1.2e+06,1.2e+06,1.596e+06,1.596e+06,,332481.467,,,,,,,,,,100,0,0,0,0,0
245041,,,,,,,,,,,,,,,,,,788,,,,,,,,,,,
245655,,,,,,,,,,,,,,,,,,790,,,,,,,,,,,
245994,53200,54400,54400,52500,53000,70000,1.2e+06,1.2e+06,1.2e+06,1.2e+06,1.596e+06,1.596e+06,,332488.703,,,,,,,,,,100,0,1,0,0,0
246271,,,,,,,,,,,,,,,,,,792,,,,,,,,,,,
246886,,,,,,,,,,,,,,,,,,794,,,,,,,,,,,
246994,53400,54200,54400,52800,53000,70000,1.2e+06,1.2e+06,1.2e+06,1.2e+06,1.596e+06,1.596e+06,,332495.859,,,,,,,,,,100,0,0,0,0,0
247501,,,,,,,,,,,,,,,,,,796,,,,,,,,,,,
247994,53200,54200,54400,52500,53000,70000,1.2e+06,1.2e+06,1.2e+06,1.2e+06,1.596e+06,1.596e+06,,332503.106,,,,,,,,,,100,0,0,0,0,0
248116,,,,,,,,,,,,,,,,,,798,,,,,,,,,,,
248731,,,,,,,,,,,,,,,,,,800,,,,,,,,,,,
248994,53200,54400,54600,52500,53000,70000,1.2e+06,1.2e+06,1.2e+06,1.2e+06,1.596e+06,1.596e+06,,332510.262,,,,,,,,,,100,0,0,0,0,0
249347,,,,,,,,,,,,,,,,,,802,,,,,,,,,,,
249961,,,,,,,,,,,,,,,,,,804,,,,,,,,,,,
249993,53200,54200,54400,52600,53000,70000,1.2e+06,1.2e+06,1.2e+06,1.2e+06,1.596e+06,1.596e+06,,332517.513,,,,,,,,,,100,0,0,0,0,0
250576,,,,,,,,,,,,,,,,,,806,,,,,,,,,,,
250994,53200,54400,54400,52600,52800,70000,1.2e+06,1.2e+06,1.2e+06,1.2e+06,1.596e+06,1.596e+06,26.456,332524.679,,,,,,,,,,100,0.990099,0,0,0,0
251192,,,,,,,,,,,,,,,,,,808,,,,,,,,,,,
251807,,,,,,,,,,,,,,,,,,810,,,,,,,,,,,
251994,53200,54400,54400,52500,53000,70000,1.2e+06,1.2e+06,1.2e+06,1.2e+06,1.596e+06,1.596e+06,,332531.942,,,,,,,,,,100,0.990099,0,0,0,0
252422,,,,,,,,,,,,,,,,,,812,,,,,,,,,,,
252994,53200,54400,54400,52500,53000,70000,1.2e+06,1.2e+06,1.2e+06,1.2e+06,1.596e+06,1.596e+06,,332539.118,,,,,,,,,,100,0,1,0,0,0
253037,,,,,,,,,,,,,,,,,,814,,,,,,,,,,,
253652,,,,,,,,,,,,,,,,,,816,,,,,,,,,,,
253993,53400,54400,54400,52500,53000,70000,1.2e+06,1.2e+06,1.2e+06,1.2e+06,1.596e+06,1.596e+06,,332546.367,,,,,,,,,,100,0,0,0,0,0
254268,,,,,,,,,,,,,,,,,,818,,,,,,,,,,,
254883,,,,,,,,,,,,,,,,,,820,,,,,,,,,,,
254994,53200,54200,54400,52500,52600,70000,1.2e+06,1.2e+06,1.2e+06,1.2e+06,1.596e+06,1.596e+06,,332553.504,,,,,,,,,,100,0,0,0,0,0
255498,,,,,,,,,,,,,,,,,,822,,,,,,,,,,,
255994,53000,54400,54400,52500,53000,70000,1.2e+06,1.2e+06,1.2e+06,1.2e+06,1.596e+06,1.596e+06,,332560.761,,,,,,,,,,100,0,1,0,0,0
256113,,,,,,,,,,,,,,,,,,824,,,,,,,,,,,
256728,,,,,,,,,,,,,,,,,,826,,,,,,,,,,,
256994,53200,54400,54400,52600,53000,70000,1.2e+06,1.2e+06,1.2e+06,1.2e+06,1.596e+06,1.596e+06,,332567.985,,,,,,,,,,100,0,0,0,0,0
257343,,,,,,,,,,,,,,,,,,828,,,,,,,,,,,
257958,,,,,,,,,,,,,,,,,,830,,,,,,,,,,,
257994,53200,54400,54400,52500,52800,70000,1.2e+06,1.2e+06,1.2e+06,1.2e+06,1.596e+06,1.596e+06,,332575.159,,,,,,,,,,100,0.990099,0,0,0,0
258573,,,,,,,,,,,,,,,,,,832,,,,,,,,,,,
258994,53400,54200,54400,52500,53000,70000,1.2e+06,1.2e+06,1.2e+06,1.2e+06,1.596e+06,1.596e+06,,332582.395,,,,,,,,,,100,0,0,0,0,0
259189,,,,,,,,,,,,,,,,,,834,,,,,,,,,,,
259803,,,,,,,,,,,,,,,,,,836,,,,,,,,,,,
259993,53200,54400,54400,52500,53000,70000,1.2e+06,1.2e+06,1.2e+06,1.2e+06,1.596e+06,1.596e+06,,332589.564,,,,,,,,,,100,0,0,0,0,0
260419,,,,,,,,,,,,,,,,,,838,,,,,,,,,,,
260994,53200,54200,54400,52500,53000,70000,1.2e+06,1.2e+06,1.2e+06,1.2e+06,1.596e+06,1.596e+06,26.466,332596.802,,,,,,,,,,100,0,0,0.990099,0,0
261034,,,,,,,,,,,,,,,,,,840,,,,,,,,,,,
261649,,,,,,,,,,,,,,,,,,842,,,,,,,,,,,
261994,53200,54400,54400,52500,53200,70000,1.2e+06,1.2e+06,1.2e+06,1.2e+06,1.596e+06,1.596e+06,,332603.983,,,,,,,,,,100,0,0,0,0,0
262265,,,,,,,,,,,,,,,,,,844,,,,,,,,,,,
262879,,,,,,,,,,,,,,,,,,846,,,,,,,,,,,
262994,53200,54400,54400,52600,53000,70000,1.2e+06,1.2e+06,1.2e+06,1.2e+06,1.596e+06,1.596e+06,,332611.248,,,,,,,,,,100,0,0,0,0,0
263495,,,,,,,,,,,,,,,,,,848,,,,,,,,,,,
263994,53200,54400,54400,52600,52800,70000,1.2e+06,1.2e+06,1.2e+06,1.2e+06,1.596e+06,1.596e+06,,332618.423,,,,,,,,,,100,0,0,0,0,0
264110,,,,,,,,,,,,,,,,,,850,,,,,,,,,,,
264725,,,,,,,,,,,,,,,,,,852,,,,,,,,,,,
264994,53200,54200,54400,52500,52800,70000,1.2e+06,1.2e+06,1.2e+06,1.2e+06,1.596e+06,1.596e+06,,332625.592,,,,,,,,,,100,0.990099,0,0,0,0
265340,,,,,,,,,,,,,,,,,,854,,,,,,,,,,,
265955,,,,,,,,,,,,,,,,,,856,,,,,,,,,,,
265994,53200,54200,54200,52600,53000,70000,1.2e+06,1.2e+06,1.2e+06,1.2e+06,1.596e+06,1.596e+06,,332632.842,,,,,,,,,,100,0,0,0,0,0
266570,,,,,,,,,,,,,,,,,,858,,,,,,,,,,,
266994,53200,54400,54400,52600,53000,70000,1.2e+06,1.2e+06,1.2e+06,1.2e+06,1.596e+06,1.596e+06,,332640.094,,,,,,,,,,100,0,0.990099,0,0,0
267185,,,,,,,,,,,,,,,,,,860,,,,,,,,,,,
267800,,,,,,,,,,,,,,,,,,862,,,,,,,,,,,
267994,53200,54400,54400,52500,53000,70000,1.2e+06,1.2e+06,1.2e+06,1.2e+06,1.596e+06,1.596e+06,,332647.261,,,,,,,,,,100,0,0.990099,0,0,0
268416,,,,,,,,,,,,,,,,,,864,,,,,,,,,,,
268994,53200,54600,54600,52600,53000,70000,1.2e+06,1.2e+06,1.2e+06,1.2e+06,1.596e+06,1.596e+06,,332654.445,,,,,,,,,,100,0,0,0,0,0
269031,,,,,,,,,,,,,,,,,,866,,,,,,,,,,,
269646,,,,,,,,,,,,,,,,,,868,,,,,,,,,,,
269994,53200,54400,54400,52500,53000,70000,1.2e+06,1.2e+06,1.2e+06,1.2e+06,1.596e+06,1.596e+06,,332661.674,,,,,,,,,,100,0,0.990099,0,0,0
270261,,,,,,,,,,,,,,,,,,870,,,,,,,,,,,
270876,,,,,,,,,,,,,,,,,,872,,,,,,,,,,,
270993,53400,54400,54400,52500,53200,70000,1.2e+06,1.2e+06,1.2e+06,1.2e+06,1.596e+06,1.596e+06,26.466,332668.860,,,,,,,,,,100,0,0,0,0,0
271491,,,,,,,,,,,,,,,,,,874,,,,,,,,,,,
271994,53200,54400,54400,52500,52800,70000,1.2e+06,1.2e+06,1.2e+06,1.2e+06,1.596e+06,1.596e+06,,332676.113,,,,,,,,,,100,0,0,0,0,0
272106,,,,,,,,,,,,,,,,,,876,,,,,,,,,,,
272722,,,,,,,,,,,,,,,,,,878,,,,,,,,,,,
272994,53200,54400,54400,52600,53000,70000,1.2e+06,1.2e+06,1.2e+06,1.2e+06,1.596e+06,1.596e+06,,332683.363,,,,,,,,,,100,0,0,0,0,0
273337,,,,,,,,,,,,,,,,,,880,,,,,,,,,,,
273952,,,,,,,,,,,,,,,,,,882,,,,,,,,,,,
273994,53200,54400,54400,52500,52800,70000,1.2e+06,1.2e+06,1.2e+06,1.2e+06,1.596e+06,1.596e+06,,332690.536,,,,,,,,,,100,0.990099,0,0,0,0
274567,,,,,,,,,,,,,,,,,,884,,,,,,,,,,,
274994,53200,54400,54600,52600,53200,70000,1.2e+06,1.2e+06,1.2e+06,1.2e+06,1.596e+06,1.596e+06,,332697.794,,,,,,,,,,100,0,0,0,0,0
275182,,,,,,,,,,,,,,,,,,886,,,,,,,,,,,
275798,,,,,,,,,,,,,,,,,,888,,,,,,,,,,,
275994,53200,54400,54400,52500,52800,70000,1.2e+06,1.2e+06,1.2e+06,1.2e+06,1.596e+06,1.596e+06,,332704.962,,,,,,,,,,100,0,0,0,0,0
276413,,,,,,,,,,,,,,,,,,890,,,,,,,,,,,
276994,53200,54400,54600,52500,52800,70000,1.2e+06,1.2e+06,1.2e+06,1.2e+06,1.596e+06,1.596e+06,,332712.218,,,,,,,,,,100,0,0.990099,0,0,0
277028,,,,,,,,,,,,,,,,,,892,,,,,,,,,,,
277643,,,,,,,,,,,,,,,,,,894,,,,,,,,,,,
277994,53400,54400,54400,52500,53200,70000,1.2e+06,1.2e+06,1.2e+06,1.2e+06,1.596e+06,1.596e+06,,332717.602,,,,,,,,,,100,0.990099,0,0,0,0
278258,,,,,,,,,,,,,,,,,,896,,,,,,,,,,,
278873,,,,,,,,,,,,,,,,,,898,,,,,,,,,,,
278994,53200,54200,54400,52500,52800,70000,1.2e+06,1.2e+06,1.2e+06,1.2e+06,1.596e+06,1.596e+06,,332724.830,,,,,,,,,,100,0,0.990099,0,0,0
279488,,,,,,,,,,,,,,,,,,900,,,,,,,,,,,
279994,53200,54600,54400,52500,53000,70000,1.2e+06,1.2e+06,1.2e+06,1.2e+06,1.596e+06,1.596e+06,,332732.065,,,,,,,,,,100,0.990099,0.990099,0,0,0
280104,,,,,,,,,,,,,,,,,,902,,,,,,,,,,,
280719,,,,,,,,,,,,,,,,,,904,,,,,,,,,,,
280994,53200,54600,54800,52800,52800,70000,1.2e+06,1.2e+06,1.2e+06,1.2e+06,1.596e+06,1.596e+06,26.477,332739.243,,,,,,,,,,100,0,0,0,0,0
281334,,,,,,,,,,,,,,,,,,906,,,,,,,,,,,
281949,,,,,,,,,,,,,,,,,,908,,,,,,,,,,,
281994,53200,54400,54600,52800,53200,70000,1.2e+06,1.2e+06,1.2e+06,1.2e+06,1.596e+06,1.596e+06,,332746.510,,,,,,,,,,100,0,0,0,0,0
282564,,,,,,,,,,,,,,,,,,910,,,,,,,,,,,
282994,53400,54400,54400,52500,52800,70000,1.2e+06,1.2e+06,1.2e+06,1.2e+06,1.596e+06,1.596e+06,,332753.773,,,,,,,,,,100,0,0,0,0,0
283179,,,,,,,,,,,,,,,,,,912,,,,,,,,,,,
283794,,,,,,,,,,,,,,,,,,914,,,,,,,,,,,
283994,53600,54400,54400,52600,52800,70000,1.2e+06,1.2e+06,1.2e+06,1.2e+06,1.596e+06,1.596e+06,,332760.955,,,,,,,,,,100,0,0,0,0,0
284410,,,,,,,,,,,,,,,,,,916,,,,,,,,,,,
284994,53400,54400,54400,52600,53200,70000,1.2e+06,1.2e+06,1.2e+06,1.2e+06,1.596e+06,1.596e+06,,332768.213,,,,,,,,,,100,0,1,0,0,0
285025,,,,,,,,,,,,,,,,,,918,,,,,,,,,,,
285640,,,,,,,,,,,,,,,,,,920,,,,,,,,,,,
285994,53400,54400,54800,52600,53000,70000,1.2e+06,1.2e+06,1.2e+06,1.2e+06,1.596e+06,1.596e+06,,332775.387,,,,,,,,,,100,0,0.990099,0,0,0
286255,,,,,,,,,,,,,,,,,,922,,,,,,,,,,,
286870,,,,,,,,,,,,,,,,,,924,,,,,,,,,,,
286994,53400,54400,54800,52600,52800,70000,1.2e+06,1.2e+06,1.2e+06,1.2e+06,1.596e+06,1.596e+06,,332782.629,,,,,,,,,,100,0,0,0,0,0
287485,,,,,,,,,,,,,,,,,,926,,,,,,,,,,,
287994,53200,54200,54400,52600,53000,70000,1.2e+06,1.2e+06,1.2e+06,1.2e+06,1.596e+06,1.596e+06,,332789.881,,,,,,,,,,100,0,0,0,0,0
288101,,,,,,,,,,,,,,,,,,928,,,,,,,,,,,
288715,,,,,,,,,,,,,,,,,,930,,,,,,,,,,,
288994,53200,54400,54400,52500,52800,70000,1.2e+06,1.2e+06,1.2e+06,1.2e+06,1.596e+06,1.596e+06,,332797.045,,,,,,,,,,100,0,0,0,0,0
289331,,,,,,,,,,,,,,,,,,932,,,,,,,,,,,
289945,,,,,,,,,,,,,,,,,,934,,,,,,,,,,,
289993,53200,54400,54600,52600,53000,70000,1.2e+06,1.2e+06,1.2e+06,1.2e+06,1.596e+06,1.596e+06,,332804.297,,,,,,,,,,100,0,0.990099,0,0,0
290560,,,,,,,,,,,,,,,,,,936,,,,,,,,,,,
290994,53400,54400,54400,52600,52800,70000,1.2e+06,1.2e+06,1.2e+06,1.2e+06,1.596e+06,1.596e+06,26.488,332811.475,,,,,,,,,,100,0,0,0,0,0
291176,,,,,,,,,,,,,,,,,,938,,,,,,,,,,,
291791,,,,,,,,,,,,,,,,,,940,,,,,,,,,,,
291994,53200,54200,54400,52500,53000,70000,1.2e+06,1.2e+06,1.2e+06,1.2e+06,1.596e+06,1.596e+06,,332818.723,,,,,,,,,,100,0,1,0,0,0
292406,,,,,,,,,,,,,,,,,,942,,,,,,,,,,,
292994,53600,54400,54400,52500,52800,70000,1.2e+06,1.2e+06,1.2e+06,1.2e+06,1.596e+06,1.596e+06,,332825.981,,,,,,,,,,100,0,0,0,0,0
293021,,,,,,,,,,,,,,,,,,944,,,,,,,,,,,
293636,,,,,,,,,,,,,,,,,,946,,,,,,,,,,,
293994,53200,54200,54400,52500,52800,70000,1.2e+06,1.2e+06,1.2e+06,1.2e+06,1.596e+06,1.596e+06,,332833.145,,,,,,,,,,100,0,0,0,0,0
294252,,,,,,,,,,,,,,,,,,948,,,,,,,,,,,
294866,,,,,,,,,,,,,,,,,,950,,,,,,,,,,,
294994,53400,54400,54400,52500,52800,70000,1.2e+06,1.2e+06,1.2e+06,1.2e+06,1.596e+06,1.596e+06,,332840.338,,,,,,,,,,100,0,0,0,0,0
295482,,,,,,,,,,,,,,,,,,952,,,,,,,,,,,
295994,53200,54200,54400,52500,52800,70000,1.2e+06,1.2e+06,1.2e+06,1.2e+06,1.596e+06,1.596e+06,,332847.595,,,,,,,,,,100,0,0,0,0,0
296097,,,,,,,,,,,,,,,,,,954,,,,,,,,,,,
296712,,,,,,,,,,,,,,,,,,956,,,,,,,,,,,
296994,53200,54200,54600,52500,52800,70000,1.2e+06,1.2e+06,1.2e+06,1.2e+06,1.596e+06,1.596e+06,,332854.834,,,,,,,,,,100,0,0,0,0,0
297327,,,,,,,,,,,,,,,,,,958,,,,,,,,,,,
297942,,,,,,,,,,,,,,,,,,960,,,,,,,,,,,
297994,53200,54200,54400,52500,52800,70000,1.2e+06,1.2e+06,1.2e+06,1.2e+06,1.596e+06,1.596e+06,,332862.012,,,,,,,,,,100,0,0,0,0,0
298557,,,,,,,,,,,,,,,,,,962,,,,,,,,,,,
298994,53200,54400,54400,52600,52800,70000,1.2e+06,1.2e+06,1.2e+06,1.2e+06,1.596e+06,1.596e+06,,332869.270,,,,,,,,,,100,0,0,0,0,0
299173,,,,,,,,,,,,,,,,,,964,,,,,,,,,,,
299788,,,,,,,,,,,,,,,,,,966,,,,,,,,,,,
299994,53200,54000,54200,52500,53000,70000,1.2e+06,1.2e+06,1.2e+06,1.2e+06,1.596e+06,1.596e+06,,332876.441,,,,,,,,,,100,0,0,0.990099,0,0
