# Started at: 2022-04-24 07:46:22 +0000, Version: v0.1-177-gf3f14d1, Generated by: thermobench --verbose --time=300 --wait=50 --wait-timeout=60 --sensors_file=/root/thermobench/src/sensors.imx8 --cpu-usage --column=CPU0_work_done --column=CPU1_work_done --column=CPU2_work_done --column=CPU3_work_done --column=CPU4_work_done --column=CPU5_work_done --output=/root/JSA/coefficients_experiment/measurements/imx8b//canrdr-4K_A72_one.json.yaml.csv -- demos-sched -p high -c /root/JSA/coefficients_experiment/demos_configurations/imx8//canrdr-4K_A72_one.json.yaml
time/ms,CPU_0_temp/m°C,CPU_1_temp/m°C,GPU_0_temp/m°C,GPU_1_temp/m°C,DRC_temp/m°C,PMIC_temp/m°C,Cortex_A53_0_freq/Hz,Cortex_A53_1_freq/Hz,Cortex_A53_2_freq/Hz,Cortex_A53_3_freq/Hz,Cortex_A72_0_freq/Hz,Cortex_A72_1_freq/Hz,ambient,energy,cam_cpu,cam_mem,heat_sources,CPU0_work_done,CPU1_work_done,CPU2_work_done,CPU3_work_done,CPU4_work_done,CPU5_work_done,CPU0_load/%,CPU1_load/%,CPU2_load/%,CPU3_load/%,CPU4_load/%,CPU5_load/%
1.13523,49500,49100,49500,48300,48700,70000,600000,600000,600000,600000,600000,600000,,,,,,,,,,,,0,25,33.3333,0,0,0
141.4,,,,,,,,,,,,,,,,,,,,,,0,,,,,,,
641.24,,,,,,,,,,,,,,,,,,,,,,316,,,,,,,
989.591,49900,50300,49500,48700,49100,70000,1.2e+06,1.2e+06,1.2e+06,1.2e+06,1.596e+06,1.596e+06,25.072,4695242.102,,,,,,,,,,8.08081,0,7.07071,5,88.6598,1.02041
1140.91,,,,,,,,,,,,,,,,,,,,,,632,,,,,,,
1641.58,,,,,,,,,,,,,,,,,,,,,,949,,,,,,,
1989.79,49900,50100,49500,48500,49300,70000,1.2e+06,1.2e+06,1.2e+06,1.2e+06,1.596e+06,1.596e+06,,4695248.858,,,,,,,,,,9,1,5.05051,0,100,0
2140.89,,,,,,,,,,,,,,,,,,,,,,1265,,,,,,,
2641.76,,,,,,,,,,,,,,,,,,,,,,1582,,,,,,,
2989.71,49900,50300,49500,48700,49300,70000,1.2e+06,1.2e+06,1.2e+06,1.2e+06,1.596e+06,1.596e+06,,4695255.743,,,,,,,,,,0,1.9802,10.8911,6.93069,100,0
3142.39,,,,,,,,,,,,,,,,,,,,,,1899,,,,,,,
3641.83,,,,,,,,,,,,,,,,,,,,,,2215,,,,,,,
3989.55,49900,50500,49700,48700,49100,70000,1.2e+06,1.2e+06,1.2e+06,1.2e+06,1.596e+06,1.596e+06,,4695262.464,,,,,,,,,,1,1.0101,7,6.93069,100,0
4141.78,,,,,,,,,,,,,,,,,,,,,,2531,,,,,,,
4642.58,,,,,,,,,,,,,,,,,,,,,,2848,,,,,,,
4989.74,49900,50300,49500,48700,49300,70000,1.2e+06,1.2e+06,1.2e+06,1.2e+06,1.596e+06,1.596e+06,,4695269.226,,,,,,,,,,2,1,11.1111,0,100,0
5142.09,,,,,,,,,,,,,,,,,,,,,,3164,,,,,,,
5643.19,,,,,,,,,,,,,,,,,,,,,,3481,,,,,,,
5989.24,50100,50500,49700,48500,49100,70000,1.2e+06,1.2e+06,1.2e+06,1.2e+06,1.596e+06,1.596e+06,,4695275.990,,,,,,,,,,1,4.9505,12,0,100,0
6143.07,,,,,,,,,,,,,,,,,,,,,,3797,,,,,,,
6642.75,,,,,,,,,,,,,,,,,,,,,,4113,,,,,,,
6988.81,49900,50300,49700,48500,49300,70000,1.2e+06,1.2e+06,1.2e+06,1.2e+06,1.596e+06,1.596e+06,,4695282.776,,,,,,,,,,0,8,6.93069,0,100,0
7143.77,,,,,,,,,,,,,,,,,,,,,,4430,,,,,,,
7645.03,,,,,,,,,,,,,,,,,,,,,,4747,,,,,,,
7989.42,49900,50300,49500,48300,48900,70000,1.2e+06,1.2e+06,1.2e+06,1.2e+06,1.596e+06,1.596e+06,,4695289.576,,,,,,,,,,1,5.05051,6,0,100,0
8145.74,,,,,,,,,,,,,,,,,,,,,,5064,,,,,,,
8646.65,,,,,,,,,,,,,,,,,,,,,,5381,,,,,,,
8989.19,49900,50100,49100,48300,48900,70000,1.2e+06,1.2e+06,1.2e+06,1.2e+06,1.596e+06,1.596e+06,,4695296.352,,,,,,,,,,2,7,8,0,100,0
9145.86,,,,,,,,,,,,,,,,,,,,,,5697,,,,,,,
9646.34,,,,,,,,,,,,,,,,,,,,,,6014,,,,,,,
9989.8,49700,50100,49100,48300,48900,70000,1.2e+06,1.2e+06,1.2e+06,1.2e+06,1.596e+06,1.596e+06,,4695303.171,,,,,,,,,,1.9802,9.09091,4,1,100,0
10145.8,,,,,,,,,,,,,,,,,,,,,,6330,,,,,,,
10646,,,,,,,,,,,,,,,,,,,,,,6646,,,,,,,
10989,49900,50100,49300,48100,48700,70000,1.2e+06,1.2e+06,1.2e+06,1.2e+06,1.596e+06,1.596e+06,25.104,4695309.869,,,,,,,,,,0,14,0,0,100,0
11146.1,,,,,,,,,,,,,,,,,,,,,,6962,,,,,,,
11646.9,,,,,,,,,,,,,,,,,,,,,,7279,,,,,,,
11989.7,49500,49700,49100,48100,48700,70000,1.2e+06,1.2e+06,1.2e+06,1.2e+06,1.596e+06,1.596e+06,,4695316.549,,,,,,,,,,1,12,0,1,100,0
12148.2,,,,,,,,,,,,,,,,,,,,,,7596,,,,,,,
12648,,,,,,,,,,,,,,,,,,,,,,7912,,,,,,,
12989.7,49300,49700,48900,48300,48700,70000,1.2e+06,1.2e+06,1.2e+06,1.2e+06,1.596e+06,1.596e+06,,4695323.346,,,,,,,,,,2,8.08081,5.94059,0,100,0.990099
13149,,,,,,,,,,,,,,,,,,,,,,8229,,,,,,,
13649.3,,,,,,,,,,,,,,,,,,,,,,8546,,,,,,,
13989.4,49100,49700,49100,47900,48700,70000,1.2e+06,1.2e+06,1.2e+06,1.2e+06,1.596e+06,1.596e+06,,4695330.134,,,,,,,,,,1,15.1515,0,1,100,0
14149.6,,,,,,,,,,,,,,,,,,,,,,8863,,,,,,,
14650,,,,,,,,,,,,,,,,,,,,,,9180,,,,,,,
14989.6,49500,49900,48700,47700,48500,70000,1.2e+06,1.2e+06,1.2e+06,1.2e+06,1.596e+06,1.596e+06,,4695336.937,,,,,,,,,,1,12,0,1,100,0
15150.6,,,,,,,,,,,,,,,,,,,,,,9497,,,,,,,
15649.8,,,,,,,,,,,,,,,,,,,,,,9813,,,,,,,
15989.3,49100,49500,48900,47700,48500,70000,1.2e+06,1.2e+06,1.2e+06,1.2e+06,1.596e+06,1.596e+06,,4695341.972,,,,,,,,,,1.0101,13,0,1,100,0
16150.6,,,,,,,,,,,,,,,,,,,,,,10130,,,,,,,
16650.2,,,,,,,,,,,,,,,,,,,,,,10446,,,,,,,
16989.8,49300,49900,49100,47700,48500,70000,1.2e+06,1.2e+06,1.2e+06,1.2e+06,1.596e+06,1.596e+06,,4695348.734,,,,,,,,,,1,5.05051,8.08081,0,100,0
17151,,,,,,,,,,,,,,,,,,,,,,10763,,,,,,,
17651.9,,,,,,,,,,,,,,,,,,,,,,11080,,,,,,,
17988.7,49300,49700,48900,47900,48500,70000,1.2e+06,1.2e+06,1.2e+06,1.2e+06,1.596e+06,1.596e+06,,4695355.490,,,,,,,,,,2.94118,7,7.92079,1,100,0
18153.3,,,,,,,,,,,,,,,,,,,,,,11397,,,,,,,
18653.2,,,,,,,,,,,,,,,,,,,,,,11713,,,,,,,
18989.5,49300,49900,48700,47900,48700,70000,1.2e+06,1.2e+06,1.2e+06,1.2e+06,1.596e+06,1.596e+06,,4695362.248,,,,,,,,,,3,7,5.05051,0,100,0
19153.8,,,,,,,,,,,,,,,,,,,,,,12030,,,,,,,
19654.2,,,,,,,,,,,,,,,,,,,,,,12347,,,,,,,
19989,49300,49900,48900,47900,48700,70000,1.2e+06,1.2e+06,1.2e+06,1.2e+06,1.596e+06,1.596e+06,,4695369.018,,,,,,,,,,5.05051,5.05051,1,6,100,0
20155.3,,,,,,,,,,,,,,,,,,,,,,12664,,,,,,,
20654.9,,,,,,,,,,,,,,,,,,,,,,12980,,,,,,,
20989.5,49300,49700,48700,48100,48700,70000,1.2e+06,1.2e+06,1.2e+06,1.2e+06,1.596e+06,1.596e+06,25.147,4695375.815,,,,,,,,,,2,10.101,0,0.990099,100,0.990099
21156.1,,,,,,,,,,,,,,,,,,,,,,13297,,,,,,,
21657,,,,,,,,,,,,,,,,,,,,,,13614,,,,,,,
21989.6,49100,49700,48900,47900,48500,70000,1.2e+06,1.2e+06,1.2e+06,1.2e+06,1.596e+06,1.596e+06,,4695382.514,,,,,,,,,,7,1,0,7.07071,100,0
22157.9,,,,,,,,,,,,,,,,,,,,,,13931,,,,,,,
22659.2,,,,,,,,,,,,,,,,,,,,,,14248,,,,,,,
22989.8,49100,49700,48500,47700,48300,70000,1.2e+06,1.2e+06,1.2e+06,1.2e+06,1.596e+06,1.596e+06,,4695389.258,,,,,,,,,,1.0101,5.94059,0,10.8911,100,0
23160.1,,,,,,,,,,,,,,,,,,,,,,14565,,,,,,,
23659.8,,,,,,,,,,,,,,,,,,,,,,14881,,,,,,,
23989.2,49100,49500,48500,47700,48300,70000,1.2e+06,1.2e+06,1.2e+06,1.2e+06,1.596e+06,1.596e+06,,4695396.005,,,,,,,,,,7,0,0,6,100,0
24160.4,,,,,,,,,,,,,,,,,,,,,,15198,,,,,,,
24659.8,,,,,,,,,,,,,,,,,,,,,,15514,,,,,,,
24989.7,48900,49300,48700,47500,48300,70000,1.2e+06,1.2e+06,1.2e+06,1.2e+06,1.596e+06,1.596e+06,,4695402.752,,,,,,,,,,1,6.93069,2.94118,8,100,0
25161.2,,,,,,,,,,,,,,,,,,,,,,15831,,,,,,,
25661.7,,,,,,,,,,,,,,,,,,,,,,16148,,,,,,,
25989.3,49100,49700,48700,47500,48300,70000,1.2e+06,1.2e+06,1.2e+06,1.2e+06,1.596e+06,1.596e+06,,4695409.510,,,,,,,,,,2,4.08163,5.94059,4.0404,100,0
26161,,,,,,,,,,,,,,,,,,,,,,16464,,,,,,,
26661.8,,,,,,,,,,,,,,,,,,,,,,16781,,,,,,,
26989.4,49100,49500,48700,47500,48100,70000,1.2e+06,1.2e+06,1.2e+06,1.2e+06,1.596e+06,1.596e+06,,4695416.197,,,,,,,,,,1,11.8812,2.9703,0,100,0
27162.8,,,,,,,,,,,,,,,,,,,,,,17098,,,,,,,
27663.7,,,,,,,,,,,,,,,,,,,,,,17415,,,,,,,
27989,49100,49500,48700,47500,48300,70000,1.2e+06,1.2e+06,1.2e+06,1.2e+06,1.596e+06,1.596e+06,,4695422.997,,,,,,,,,,1,11.2245,1,0,100,0
28163.2,,,,,,,,,,,,,,,,,,,,,,17731,,,,,,,
28663.3,,,,,,,,,,,,,,,,,,,,,,18047,,,,,,,
28988.9,48700,49300,48300,47400,48300,70000,1.2e+06,1.2e+06,1.2e+06,1.2e+06,1.596e+06,1.596e+06,,4695429.675,,,,,,,,,,0,7,6.93069,0,100,0
29164,,,,,,,,,,,,,,,,,,,,,,18364,,,,,,,
29665.2,,,,,,,,,,,,,,,,,,,,,,18681,,,,,,,
29989,48900,49300,48500,47400,47900,70000,1.2e+06,1.2e+06,1.2e+06,1.2e+06,1.596e+06,1.596e+06,,4695436.417,,,,,,,,,,1,15.1515,0,0.990099,100,0.990099
30164.8,,,,,,,,,,,,,,,,,,,,,,18997,,,,,,,
30666.1,,,,,,,,,,,,,,,,,,,,,,19314,,,,,,,
30989.3,48700,49300,48500,47500,48300,70000,1.2e+06,1.2e+06,1.2e+06,1.2e+06,1.596e+06,1.596e+06,25.158,4695443.213,,,,,,,,,,1,13,0,0,100,0
31167.1,,,,,,,,,,,,,,,,,,,,,,19631,,,,,,,
31667.9,,,,,,,,,,,,,,,,,,,,,,19948,,,,,,,
31989.3,49100,49100,48300,47500,48100,70000,1.2e+06,1.2e+06,1.2e+06,1.2e+06,1.596e+06,1.596e+06,,4695449.973,,,,,,,,,,1,12.8713,0,0,100,0
32169,,,,,,,,,,,,,,,,,,,,,,20265,,,,,,,
32669.9,,,,,,,,,,,,,,,,,,,,,,20582,,,,,,,
32989.2,48700,49500,48300,47400,48100,70000,1.2e+06,1.2e+06,1.2e+06,1.2e+06,1.596e+06,1.596e+06,,4695456.652,,,,,,,,,,2,12.2449,0,0,100,0
33170.8,,,,,,,,,,,,,,,,,,,,,,20899,,,,,,,
33671.6,,,,,,,,,,,,,,,,,,,,,,21216,,,,,,,
33988.9,49100,49500,48300,47400,48100,70000,1.2e+06,1.2e+06,1.2e+06,1.2e+06,1.596e+06,1.596e+06,,4695463.480,,,,,,,,,,1.0101,15,1,0,100,0
34170.9,,,,,,,,,,,,,,,,,,,,,,21532,,,,,,,
34672.1,,,,,,,,,,,,,,,,,,,,,,21849,,,,,,,
34989.6,48700,49300,48300,47500,48100,70000,1.2e+06,1.2e+06,1.2e+06,1.2e+06,1.596e+06,1.596e+06,,4695470.144,,,,,,,,,,1,12.8713,0.990099,0,100,0
35171.8,,,,,,,,,,,,,,,,,,,,,,22165,,,,,,,
35672.7,,,,,,,,,,,,,,,,,,,,,,22482,,,,,,,
35989.3,48700,49100,48100,47200,47900,70000,1.2e+06,1.2e+06,1.2e+06,1.2e+06,1.596e+06,1.596e+06,,4695476.925,,,,,,,,,,1,14,1,0,100,0
36172.7,,,,,,,,,,,,,,,,,,,,,,22798,,,,,,,
36671.7,,,,,,,,,,,,,,,,,,,,,,23114,,,,,,,
36988.8,48900,49300,48300,47500,48100,70000,1.2e+06,1.2e+06,1.2e+06,1.2e+06,1.596e+06,1.596e+06,,4695483.656,,,,,,,,,,1.0101,15.1515,0,0,100,0
37172.7,,,,,,,,,,,,,,,,,,,,,,23431,,,,,,,
37671.8,,,,,,,,,,,,,,,,,,,,,,23747,,,,,,,
37988.9,48700,49300,48300,47400,48100,70000,1.2e+06,1.2e+06,1.2e+06,1.2e+06,1.596e+06,1.596e+06,,4695490.386,,,,,,,,,,1.9802,6,5.05051,0,100,0
38172.6,,,,,,,,,,,,,,,,,,,,,,24064,,,,,,,
38673.2,,,,,,,,,,,,,,,,,,,,,,24381,,,,,,,
38988.9,48700,49300,48300,47400,47900,70000,1.2e+06,1.2e+06,1.2e+06,1.2e+06,1.596e+06,1.596e+06,,4695497.059,,,,,,,,,,0,6,8.08081,0,100,0
39173.1,,,,,,,,,,,,,,,,,,,,,,24697,,,,,,,
39673.4,,,,,,,,,,,,,,,,,,,,,,25014,,,,,,,
39989.2,49100,49100,48300,47400,48100,70000,1.2e+06,1.2e+06,1.2e+06,1.2e+06,1.596e+06,1.596e+06,,4695503.887,,,,,,,,,,1.9802,6.06061,9,1.9802,100,0
40173.9,,,,,,,,,,,,,,,,,,,,,,25331,,,,,,,
40675,,,,,,,,,,,,,,,,,,,,,,25648,,,,,,,
40988.9,48700,49100,48100,47200,47700,70000,1.2e+06,1.2e+06,1.2e+06,1.2e+06,1.596e+06,1.596e+06,25.179,4695510.611,,,,,,,,,,2,11.1111,0,1.9802,100,0
41175.5,,,,,,,,,,,,,,,,,,,,,,25965,,,,,,,
41674.9,,,,,,,,,,,,,,,,,,,,,,26281,,,,,,,
41989.2,48700,49100,48100,47200,47700,70000,1.2e+06,1.2e+06,1.2e+06,1.2e+06,1.596e+06,1.596e+06,,4695517.336,,,,,,,,,,6.06061,3,6.86275,0,100,0
42175.9,,,,,,,,,,,,,,,,,,,,,,26598,,,,,,,
42676.8,,,,,,,,,,,,,,,,,,,,,,26915,,,,,,,
42989.2,48300,48900,48100,47000,47500,70000,1.2e+06,1.2e+06,1.2e+06,1.2e+06,1.596e+06,1.596e+06,,4695524.157,,,,,,,,,,1,0.990099,13.1313,0,100,0
43178,,,,,,,,,,,,,,,,,,,,,,27232,,,,,,,
43679.1,,,,,,,,,,,,,,,,,,,,,,27549,,,,,,,
43989.3,48700,49100,48300,47400,47700,70000,1.2e+06,1.2e+06,1.2e+06,1.2e+06,1.596e+06,1.596e+06,,4695530.927,,,,,,,,,,0,0,14.8515,1,100,0
44180.2,,,,,,,,,,,,,,,,,,,,,,27866,,,,,,,
44680.9,,,,,,,,,,,,,,,,,,,,,,28183,,,,,,,
44989,48500,48900,48300,47200,47700,70000,1.2e+06,1.2e+06,1.2e+06,1.2e+06,1.596e+06,1.596e+06,,4695537.692,,,,,,,,,,3.9604,0,4.0404,6.93069,100,0
45182,,,,,,,,,,,,,,,,,,,,,,28500,,,,,,,
45682.6,,,,,,,,,,,,,,,,,,,,,,28817,,,,,,,
45989,48700,49300,48300,47500,48100,70000,1.2e+06,1.2e+06,1.2e+06,1.2e+06,1.596e+06,1.596e+06,,4695544.418,,,,,,,,,,2,0,13.7255,0,100,0
46181.9,,,,,,,,,,,,,,,,,,,,,,29133,,,,,,,
46682.9,,,,,,,,,,,,,,,,,,,,,,29450,,,,,,,
46988.9,48700,49100,48300,47200,47900,70000,1.2e+06,1.2e+06,1.2e+06,1.2e+06,1.596e+06,1.596e+06,,4695551.172,,,,,,,,,,1,1,15.1515,0,100,0
47183.5,,,,,,,,,,,,,,,,,,,,,,29767,,,,,,,
47683.2,,,,,,,,,,,,,,,,,,,,,,30083,,,,,,,
47989,48700,49100,48300,47500,47900,70000,1.2e+06,1.2e+06,1.2e+06,1.2e+06,1.596e+06,1.596e+06,,4695557.935,,,,,,,,,,1,0,14,0,100,0.990099
48183.7,,,,,,,,,,,,,,,,,,,,,,30400,,,,,,,
48683,,,,,,,,,,,,,,,,,,,,,,30716,,,,,,,
48989.2,48700,49100,48100,47200,47900,70000,1.2e+06,1.2e+06,1.2e+06,1.2e+06,1.596e+06,1.596e+06,,4695564.607,,,,,,,,,,1,1,8.91089,3.0303,100,0
49184,,,,,,,,,,,,,,,,,,,,,,31033,,,,,,,
49684.2,,,,,,,,,,,,,,,,,,,,,,31350,,,,,,,
49988.8,48700,48900,47900,47200,47900,70000,1.2e+06,1.2e+06,1.2e+06,1.2e+06,1.596e+06,1.596e+06,,4695571.503,,,,,,,,,,1,1,9.09091,6,100,1
50184,,,,,,,,,,,,,,,,,,,,,,31666,,,,,,,
50684.7,,,,,,,,,,,,,,,,,,,,,,31983,,,,,,,
50989.5,48300,48700,48100,47000,47500,70000,1.2e+06,1.2e+06,1.2e+06,1.2e+06,1.596e+06,1.596e+06,25.201,4695578.203,,,,,,,,,,1,1.0101,8,6,100,0
51184.9,,,,,,,,,,,,,,,,,,,,,,32299,,,,,,,
51685.8,,,,,,,,,,,,,,,,,,,,,,32616,,,,,,,
51988.9,48700,48900,47900,46800,47700,70000,1.2e+06,1.2e+06,1.2e+06,1.2e+06,1.596e+06,1.596e+06,,4695584.981,,,,,,,,,,0,10,2.0202,0,100,0
52186.9,,,,,,,,,,,,,,,,,,,,,,32933,,,,,,,
52687.9,,,,,,,,,,,,,,,,,,,,,,33250,,,,,,,
52989.4,48300,48900,47900,47000,47500,70000,1.2e+06,1.2e+06,1.2e+06,1.2e+06,1.596e+06,1.596e+06,,4695591.630,,,,,,,,,,2,13.1313,1.9802,0,100,0
53187.7,,,,,,,,,,,,,,,,,,,,,,33566,,,,,,,
53688.5,,,,,,,,,,,,,,,,,,,,,,33883,,,,,,,
53988.9,48300,48700,47700,47200,47500,70000,1.2e+06,1.2e+06,1.2e+06,1.2e+06,1.596e+06,1.596e+06,,4695598.434,,,,,,,,,,1,15.1515,0,1,100,0
54187.7,,,,,,,,,,,,,,,,,,,,,,34199,,,,,,,
54688.6,,,,,,,,,,,,,,,,,,,,,,34516,,,,,,,
54989.6,48500,48700,47900,47000,47500,70000,1.2e+06,1.2e+06,1.2e+06,1.2e+06,1.596e+06,1.596e+06,,4695605.191,,,,,,,,,,6.06061,4.9505,2,0,100,0
55188,,,,,,,,,,,,,,,,,,,,,,34832,,,,,,,
55688.9,,,,,,,,,,,,,,,,,,,,,,35149,,,,,,,
55989.6,48500,48700,48300,47200,47700,70000,1.2e+06,1.2e+06,1.2e+06,1.2e+06,1.596e+06,1.596e+06,,4695610.350,,,,,,,,,,1.9802,5.05051,7.84314,0,100,0
56189.5,,,,,,,,,,,,,,,,,,,,,,35466,,,,,,,
56689.1,,,,,,,,,,,,,,,,,,,,,,35782,,,,,,,
56989.1,48100,48700,47700,46800,47500,70000,1.2e+06,1.2e+06,1.2e+06,1.2e+06,1.596e+06,1.596e+06,,4695617.112,,,,,,,,,,1.02041,11.5385,4,1,100,0
57189.4,,,,,,,,,,,,,,,,,,,,,,36098,,,,,,,
57689.5,,,,,,,,,,,,,,,,,,,,,,36414,,,,,,,
57989,48500,48900,47900,47000,47700,70000,1.2e+06,1.2e+06,1.2e+06,1.2e+06,1.596e+06,1.596e+06,,4695623.877,,,,,,,,,,5,0,11.1111,1,100,0
58189.2,,,,,,,,,,,,,,,,,,,,,,36730,,,,,,,
58688.8,,,,,,,,,,,,,,,,,,,,,,37046,,,,,,,
58988.9,48300,48700,47900,47000,47700,70000,1.2e+06,1.2e+06,1.2e+06,1.2e+06,1.596e+06,1.596e+06,,4695630.559,,,,,,,,,,1,0,11.1111,1,100,0
59189.6,,,,,,,,,,,,,,,,,,,,,,37363,,,,,,,
59688.9,,,,,,,,,,,,,,,,,,,,,,37679,,,,,,,
59989.3,48300,48900,47900,47000,47700,70000,1.2e+06,1.2e+06,1.2e+06,1.2e+06,1.596e+06,1.596e+06,,4695637.289,,,,,,,,,,1.0101,0,6.06061,8,100,0
60190.1,,,,,,,,,,,,,,,,,,,,,,37996,,,,,,,
60690.2,,,,,,,,,,,,,,,,,,,,,,38312,,,,,,,
60989.6,48300,48700,47900,47200,47500,70000,1.2e+06,1.2e+06,1.2e+06,1.2e+06,1.596e+06,1.596e+06,25.222,4695644.017,,,,,,,,,,0,0,11,4,100,0
61191.2,,,,,,,,,,,,,,,,,,,,,,38629,,,,,,,
61691.2,,,,,,,,,,,,,,,,,,,,,,38945,,,,,,,
61988.9,48300,48500,47900,47000,47400,70000,1.2e+06,1.2e+06,1.2e+06,1.2e+06,1.596e+06,1.596e+06,,4695650.719,,,,,,,,,,1,1.9802,5.10204,5.05051,100,0
62191.7,,,,,,,,,,,,,,,,,,,,,,39261,,,,,,,
62690.9,,,,,,,,,,,,,,,,,,,,,,39577,,,,,,,
62988.8,48300,48900,47900,47000,47500,70000,1.2e+06,1.2e+06,1.2e+06,1.2e+06,1.596e+06,1.596e+06,,4695657.494,,,,,,,,,,7,1,0,6.93069,100,0
63191.3,,,,,,,,,,,,,,,,,,,,,,39894,,,,,,,
63692.2,,,,,,,,,,,,,,,,,,,,,,40211,,,,,,,
63989.4,48300,48900,47900,47000,47400,70000,1.2e+06,1.2e+06,1.2e+06,1.2e+06,1.596e+06,1.596e+06,,4695664.309,,,,,,,,,,2.94118,7.92079,1.9802,6.12245,100,0
64191.7,,,,,,,,,,,,,,,,,,,,,,40527,,,,,,,
64692.9,,,,,,,,,,,,,,,,,,,,,,40844,,,,,,,
64989.6,48300,48900,47900,46800,47500,70000,1.2e+06,1.2e+06,1.2e+06,1.2e+06,1.596e+06,1.596e+06,,4695671.073,,,,,,,,,,9.09091,6,0,1.9802,100,0
65193,,,,,,,,,,,,,,,,,,,,,,41160,,,,,,,
65694.2,,,,,,,,,,,,,,,,,,,,,,41477,,,,,,,
65989.2,47900,48300,47700,46400,47400,70000,1.2e+06,1.2e+06,1.2e+06,1.2e+06,1.596e+06,1.596e+06,,4695677.788,,,,,,,,,,0,0,12.8713,1,100,1
66193.8,,,,,,,,,,,,,,,,,,,,,,41793,,,,,,,
66694.6,,,,,,,,,,,,,,,,,,,,,,42110,,,,,,,
66989.6,48300,48900,47900,46800,47500,70000,1.2e+06,1.2e+06,1.2e+06,1.2e+06,1.596e+06,1.596e+06,,4695684.529,,,,,,,,,,1.9802,6.93069,8.91089,1,100,0
67193.9,,,,,,,,,,,,,,,,,,,,,,42426,,,,,,,
67695.2,,,,,,,,,,,,,,,,,,,,,,42743,,,,,,,
67989.3,48300,48900,47900,47000,47500,70000,1.2e+06,1.2e+06,1.2e+06,1.2e+06,1.596e+06,1.596e+06,,4695691.393,,,,,,,,,,2,10,5.05051,0,100,0
68194.8,,,,,,,,,,,,,,,,,,,,,,43059,,,,,,,
68695.8,,,,,,,,,,,,,,,,,,,,,,43376,,,,,,,
68989,47900,48500,47900,46800,47500,70000,1.2e+06,1.2e+06,1.2e+06,1.2e+06,1.596e+06,1.596e+06,,4695698.086,,,,,,,,,,5.10204,0,5.05051,1,100,0
69196.9,,,,,,,,,,,,,,,,,,,,,,43693,,,,,,,
69697.8,,,,,,,,,,,,,,,,,,,,,,44010,,,,,,,
69989,47900,48300,47500,46600,47400,70000,1.2e+06,1.2e+06,1.2e+06,1.2e+06,1.596e+06,1.596e+06,,4695704.826,,,,,,,,,,1,2,7,6,100,0
70199.1,,,,,,,,,,,,,,,,,,,,,,44327,,,,,,,
70699.8,,,,,,,,,,,,,,,,,,,,,,44644,,,,,,,
70988.9,48100,48900,47900,46600,47400,70000,1.2e+06,1.2e+06,1.2e+06,1.2e+06,1.596e+06,1.596e+06,25.222,4695711.511,,,,,,,,,,1,5.05051,4.0404,5,100,0
71201,,,,,,,,,,,,,,,,,,,,,,44961,,,,,,,
71702,,,,,,,,,,,,,,,,,,,,,,45278,,,,,,,
71989.3,48300,48500,47700,46800,47200,70000,1.2e+06,1.2e+06,1.2e+06,1.2e+06,1.596e+06,1.596e+06,,4695718.231,,,,,,,,,,1,6.06061,7,1,100,0
72202,,,,,,,,,,,,,,,,,,,,,,45594,,,,,,,
72702.9,,,,,,,,,,,,,,,,,,,,,,45911,,,,,,,
72989.2,47900,48500,47700,46800,47400,70000,1.2e+06,1.2e+06,1.2e+06,1.2e+06,1.596e+06,1.596e+06,,4695725.058,,,,,,,,,,2,6,5.05051,0,100,0
73203.1,,,,,,,,,,,,,,,,,,,,,,46227,,,,,,,
73703.8,,,,,,,,,,,,,,,,,,,,,,46544,,,,,,,
73989.8,48100,48700,47500,46800,47400,70000,1.2e+06,1.2e+06,1.2e+06,1.2e+06,1.596e+06,1.596e+06,,4695731.752,,,,,,,,,,1,13.1313,3.9604,0,100,0
74204.6,,,,,,,,,,,,,,,,,,,,,,46861,,,,,,,
74704,,,,,,,,,,,,,,,,,,,,,,47177,,,,,,,
74988.9,48100,48500,47900,46800,47500,70000,1.2e+06,1.2e+06,1.2e+06,1.2e+06,1.596e+06,1.596e+06,,4695738.532,,,,,,,,,,5.10204,0,7,1,100,0
75204.9,,,,,,,,,,,,,,,,,,,,,,47494,,,,,,,
75704.8,,,,,,,,,,,,,,,,,,,,,,47811,,,,,,,
75989.6,48300,48500,47900,46600,47500,70000,1.2e+06,1.2e+06,1.2e+06,1.2e+06,1.596e+06,1.596e+06,,4695745.258,,,,,,,,,,1,0,5.05051,7,100,0
76205.8,,,,,,,,,,,,,,,,,,,,,,48128,,,,,,,
76707,,,,,,,,,,,,,,,,,,,,,,48445,,,,,,,
76989.3,48300,48100,47500,46600,47400,70000,1.2e+06,1.2e+06,1.2e+06,1.2e+06,1.596e+06,1.596e+06,,4695751.988,,,,,,,,,,1,1,11,2,100,0
77206.9,,,,,,,,,,,,,,,,,,,,,,48761,,,,,,,
77708.1,,,,,,,,,,,,,,,,,,,,,,49078,,,,,,,
77989.2,48300,48500,47900,46600,47500,70000,1.2e+06,1.2e+06,1.2e+06,1.2e+06,1.596e+06,1.596e+06,,4695758.764,,,,,,,,,,1.0101,1,10.8911,6.93069,100,1
78209.2,,,,,,,,,,,,,,,,,,,,,,49395,,,,,,,
78709.2,,,,,,,,,,,,,,,,,,,,,,49711,,,,,,,
78989.4,47900,48500,47500,46800,47400,70000,1.2e+06,1.2e+06,1.2e+06,1.2e+06,1.596e+06,1.596e+06,,4695765.487,,,,,,,,,,1,1,8,5.05051,100,0
79209,,,,,,,,,,,,,,,,,,,,,,50027,,,,,,,
79709.7,,,,,,,,,,,,,,,,,,,,,,50344,,,,,,,
79989.8,47700,48500,47500,46800,47400,70000,1.2e+06,1.2e+06,1.2e+06,1.2e+06,1.596e+06,1.596e+06,,4695772.274,,,,,,,,,,1.9802,0.990099,12,0,100,0
80210.5,,,,,,,,,,,,,,,,,,,,,,50661,,,,,,,
80711,,,,,,,,,,,,,,,,,,,,,,50978,,,,,,,
80988.8,47900,48500,47500,46600,47200,70000,1.2e+06,1.2e+06,1.2e+06,1.2e+06,1.596e+06,1.596e+06,25.201,4695779.061,,,,,,,,,,1.0101,1,14.1414,0,100,0
81211.9,,,,,,,,,,,,,,,,,,,,,,51295,,,,,,,
81713.1,,,,,,,,,,,,,,,,,,,,,,51612,,,,,,,
81988.9,47900,48700,47500,46400,47400,70000,1.2e+06,1.2e+06,1.2e+06,1.2e+06,1.596e+06,1.596e+06,,4695785.743,,,,,,,,,,1,0,14.1414,0.990099,100,0
82214,,,,,,,,,,,,,,,,,,,,,,51929,,,,,,,
82715.1,,,,,,,,,,,,,,,,,,,,,,52246,,,,,,,
82989.4,48300,48300,47500,46800,47000,70000,1.2e+06,1.2e+06,1.2e+06,1.2e+06,1.596e+06,1.596e+06,,4695792.346,,,,,,,,,,1,0,13.7255,1,100,0
83215,,,,,,,,,,,,,,,,,,,,,,52562,,,,,,,
83714.7,,,,,,,,,,,,,,,,,,,,,,52878,,,,,,,
83989.1,47900,48300,47500,46600,47200,70000,1.2e+06,1.2e+06,1.2e+06,1.2e+06,1.596e+06,1.596e+06,,4695799.274,,,,,,,,,,1,0,12,3,100,0.990099
84215.8,,,,,,,,,,,,,,,,,,,,,,53195,,,,,,,
84716.2,,,,,,,,,,,,,,,,,,,,,,53512,,,,,,,
84989.4,47900,48700,47700,46600,47500,70000,1.2e+06,1.2e+06,1.2e+06,1.2e+06,1.596e+06,1.596e+06,,4695805.995,,,,,,,,,,1,0,10.2041,4.0404,100,0
85216,,,,,,,,,,,,,,,,,,,,,,53828,,,,,,,
85715.9,,,,,,,,,,,,,,,,,,,,,,54144,,,,,,,
85989,48100,48300,47500,46400,47400,70000,1.2e+06,1.2e+06,1.2e+06,1.2e+06,1.596e+06,1.596e+06,,4695812.740,,,,,,,,,,1,4.0404,7.92079,1.9802,100,0
86215.8,,,,,,,,,,,,,,,,,,,,,,54460,,,,,,,
86716.8,,,,,,,,,,,,,,,,,,,,,,54777,,,,,,,
86989.5,47900,48300,47500,46600,47200,70000,1.2e+06,1.2e+06,1.2e+06,1.2e+06,1.596e+06,1.596e+06,,4695819.374,,,,,,,,,,0,6,6,0,100,0
87217.8,,,,,,,,,,,,,,,,,,,,,,55094,,,,,,,
87718.9,,,,,,,,,,,,,,,,,,,,,,55411,,,,,,,
87989.2,47900,48300,47500,46800,47400,70000,1.2e+06,1.2e+06,1.2e+06,1.2e+06,1.596e+06,1.596e+06,,4695826.147,,,,,,,,,,1.9802,10.7843,5.05051,0,100,0
88219.9,,,,,,,,,,,,,,,,,,,,,,55728,,,,,,,
88721.1,,,,,,,,,,,,,,,,,,,,,,56045,,,,,,,
88988.9,47900,48500,47500,46800,47400,70000,1.2e+06,1.2e+06,1.2e+06,1.2e+06,1.596e+06,1.596e+06,,4695833.016,,,,,,,,,,1,14,1.9802,1.9802,100,0
89221.6,,,,,,,,,,,,,,,,,,,,,,56361,,,,,,,
89722.2,,,,,,,,,,,,,,,,,,,,,,56678,,,,,,,
89989.6,47900,48100,47400,46400,47200,70000,1.2e+06,1.2e+06,1.2e+06,1.2e+06,1.596e+06,1.596e+06,,4695839.716,,,,,,,,,,1,2,9.09091,1,100,0
90223,,,,,,,,,,,,,,,,,,,,,,56995,,,,,,,
90722.7,,,,,,,,,,,,,,,,,,,,,,57311,,,,,,,
90989.1,47900,48300,47500,46600,47200,70000,1.2e+06,1.2e+06,1.2e+06,1.2e+06,1.596e+06,1.596e+06,25.19,4695846.510,,,,,,,,,,4,0,11.1111,0,100,0
91223.8,,,,,,,,,,,,,,,,,,,,,,57628,,,,,,,
91724.7,,,,,,,,,,,,,,,,,,,,,,57945,,,,,,,
91989.2,48100,48500,47500,46800,47400,70000,1.2e+06,1.2e+06,1.2e+06,1.2e+06,1.596e+06,1.596e+06,,4695851.603,,,,,,,,,,9.09091,0,6.93069,1.9802,100,0
92224.5,,,,,,,,,,,,,,,,,,,,,,58261,,,,,,,
92725.2,,,,,,,,,,,,,,,,,,,,,,58578,,,,,,,
92989.3,47900,48300,47400,46400,47400,70000,1.2e+06,1.2e+06,1.2e+06,1.2e+06,1.596e+06,1.596e+06,,4695858.368,,,,,,,,,,2,0,12,1,100,0
93224.9,,,,,,,,,,,,,,,,,,,,,,58894,,,,,,,
93725.9,,,,,,,,,,,,,,,,,,,,,,59211,,,,,,,
93989.3,47900,48300,47400,46400,47000,70000,1.2e+06,1.2e+06,1.2e+06,1.2e+06,1.596e+06,1.596e+06,,4695865.037,,,,,,,,,,1,0,14.7059,0,100,0
94226.9,,,,,,,,,,,,,,,,,,,,,,59528,,,,,,,
94727.3,,,,,,,,,,,,,,,,,,,,,,59845,,,,,,,
94989.5,47900,48300,47500,46600,47200,70000,1.2e+06,1.2e+06,1.2e+06,1.2e+06,1.596e+06,1.596e+06,,4695871.810,,,,,,,,,,6.93069,0,8.08081,2,100,0
95228.1,,,,,,,,,,,,,,,,,,,,,,60162,,,,,,,
95729.3,,,,,,,,,,,,,,,,,,,,,,60479,,,,,,,
95988.9,47900,48500,47500,46400,47200,70000,1.2e+06,1.2e+06,1.2e+06,1.2e+06,1.596e+06,1.596e+06,,4695878.572,,,,,,,,,,0,1,8.91089,6,100,0
96229.1,,,,,,,,,,,,,,,,,,,,,,60795,,,,,,,
96730.2,,,,,,,,,,,,,,,,,,,,,,61112,,,,,,,
96988.8,47900,48100,47500,46400,47000,70000,1.2e+06,1.2e+06,1.2e+06,1.2e+06,1.596e+06,1.596e+06,,4695885.300,,,,,,,,,,1,0,11.1111,1,100,0
97230,,,,,,,,,,,,,,,,,,,,,,61428,,,,,,,
97730.5,,,,,,,,,,,,,,,,,,,,,,61745,,,,,,,
97989,47900,48500,47500,46400,47000,70000,1.2e+06,1.2e+06,1.2e+06,1.2e+06,1.596e+06,1.596e+06,,4695892.056,,,,,,,,,,1,1,15,0,100,0
98230.2,,,,,,,,,,,,,,,,,,,,,,62061,,,,,,,
98731.1,,,,,,,,,,,,,,,,,,,,,,62378,,,,,,,
98989.4,47700,48100,47400,46000,46800,70000,1.2e+06,1.2e+06,1.2e+06,1.2e+06,1.596e+06,1.596e+06,,4695898.737,,,,,,,,,,1,0,15.8416,1,100,0
99232,,,,,,,,,,,,,,,,,,,,,,62695,,,,,,,
99732.8,,,,,,,,,,,,,,,,,,,,,,63012,,,,,,,
99988.8,47500,48300,47500,46400,47400,70000,1.2e+06,1.2e+06,1.2e+06,1.2e+06,1.596e+06,1.596e+06,,4695905.550,,,,,,,,,,0,0,6,6.06061,100,0
100234,,,,,,,,,,,,,,,,,,,,,,63329,,,,,,,
100733,,,,,,,,,,,,,,,,,,,,,,63645,,,,,,,
100990,47900,48300,47500,46400,47200,70000,1.2e+06,1.2e+06,1.2e+06,1.2e+06,1.596e+06,1.596e+06,25.158,4695912.286,,,,,,,,,,1.9802,0,10.3093,1.0101,100,0.990099
101234,,,,,,,,,,,,,,,,,,,,,,63962,,,,,,,
101734,,,,,,,,,,,,,,,,,,,,,,64278,,,,,,,
101989,47900,48100,47500,46800,47400,70000,1.2e+06,1.2e+06,1.2e+06,1.2e+06,1.596e+06,1.596e+06,,4695918.983,,,,,,,,,,1,0,9.90099,5,100,0
102234,,,,,,,,,,,,,,,,,,,,,,64594,,,,,,,
102735,,,,,,,,,,,,,,,,,,,,,,64911,,,,,,,
102989,47900,48500,47400,46600,47200,70000,1.2e+06,1.2e+06,1.2e+06,1.2e+06,1.596e+06,1.596e+06,,4695925.782,,,,,,,,,,1,0,8.08081,6.93069,100,0
103235,,,,,,,,,,,,,,,,,,,,,,65227,,,,,,,
103736,,,,,,,,,,,,,,,,,,,,,,65544,,,,,,,
103989,47900,48300,47500,46400,47200,70000,1.2e+06,1.2e+06,1.2e+06,1.2e+06,1.596e+06,1.596e+06,,4695932.519,,,,,,,,,,1.0101,4,8,0,100,0
104236,,,,,,,,,,,,,,,,,,,,,,65860,,,,,,,
104736,,,,,,,,,,,,,,,,,,,,,,66176,,,,,,,
104989,47900,48300,47700,46600,47200,70000,1.2e+06,1.2e+06,1.2e+06,1.2e+06,1.596e+06,1.596e+06,,4695939.240,,,,,,,,,,1,5.10204,9,0,100,0
105237,,,,,,,,,,,,,,,,,,,,,,66493,,,,,,,
105738,,,,,,,,,,,,,,,,,,,,,,66810,,,,,,,
105989,47900,48300,47500,46400,47400,70000,1.2e+06,1.2e+06,1.2e+06,1.2e+06,1.596e+06,1.596e+06,,4695945.944,,,,,,,,,,2,6.93069,9,0,100,0
106239,,,,,,,,,,,,,,,,,,,,,,67127,,,,,,,
106740,,,,,,,,,,,,,,,,,,,,,,67444,,,,,,,
106990,47900,48300,47400,46400,47000,70000,1.2e+06,1.2e+06,1.2e+06,1.2e+06,1.596e+06,1.596e+06,,4695952.755,,,,,,,,,,1,6,6,1,100,0.990099
107240,,,,,,,,,,,,,,,,,,,,,,67760,,,,,,,
107740,,,,,,,,,,,,,,,,,,,,,,68076,,,,,,,
107989,47700,48100,47500,46600,47400,70000,1.2e+06,1.2e+06,1.2e+06,1.2e+06,1.596e+06,1.596e+06,,4695959.458,,,,,,,,,,1,10.2041,4.90196,1,100,0
108241,,,,,,,,,,,,,,,,,,,,,,68393,,,,,,,
108742,,,,,,,,,,,,,,,,,,,,,,68710,,,,,,,
108989,47900,48300,47500,46800,47400,70000,1.2e+06,1.2e+06,1.2e+06,1.2e+06,1.596e+06,1.596e+06,,4695966.280,,,,,,,,,,7.07071,0,3.06122,3.0303,100,0
109242,,,,,,,,,,,,,,,,,,,,,,69026,,,,,,,
109743,,,,,,,,,,,,,,,,,,,,,,69343,,,,,,,
109989,47900,48300,47500,46800,47400,70000,1.2e+06,1.2e+06,1.2e+06,1.2e+06,1.596e+06,1.596e+06,,4695973.007,,,,,,,,,,1,0.990099,6.93069,6,100,0
110243,,,,,,,,,,,,,,,,,,,,,,69659,,,,,,,
110744,,,,,,,,,,,,,,,,,,,,,,69976,,,,,,,
110990,47900,48300,47400,46400,47200,70000,1.2e+06,1.2e+06,1.2e+06,1.2e+06,1.596e+06,1.596e+06,25.136,4695979.780,,,,,,,,,,2.9703,1.9802,12,0,100,0
111245,,,,,,,,,,,,,,,,,,,,,,70293,,,,,,,
111745,,,,,,,,,,,,,,,,,,,,,,70609,,,,,,,
111989,48300,48500,47500,46600,47400,70000,1.2e+06,1.2e+06,1.2e+06,1.2e+06,1.596e+06,1.596e+06,,4695986.477,,,,,,,,,,2,0.990099,13,2.9703,100,0
112246,,,,,,,,,,,,,,,,,,,,,,70926,,,,,,,
112746,,,,,,,,,,,,,,,,,,,,,,71242,,,,,,,
112989,47900,48500,47500,46400,47400,70000,1.2e+06,1.2e+06,1.2e+06,1.2e+06,1.596e+06,1.596e+06,,4695993.220,,,,,,,,,,2,0,15,0,100,0
113247,,,,,,,,,,,,,,,,,,,,,,71559,,,,,,,
113747,,,,,,,,,,,,,,,,,,,,,,71876,,,,,,,
113989,47900,48100,47500,46600,47200,70000,1.2e+06,1.2e+06,1.2e+06,1.2e+06,1.596e+06,1.596e+06,,4695999.961,,,,,,,,,,2,0,12,0,100,0
114248,,,,,,,,,,,,,,,,,,,,,,72193,,,,,,,
114749,,,,,,,,,,,,,,,,,,,,,,72510,,,,,,,
114989,47500,48100,47400,46800,47200,70000,1.2e+06,1.2e+06,1.2e+06,1.2e+06,1.596e+06,1.596e+06,,4696006.613,,,,,,,,,,2,0,13.1313,0.990099,100,0
115250,,,,,,,,,,,,,,,,,,,,,,72827,,,,,,,
115750,,,,,,,,,,,,,,,,,,,,,,73143,,,,,,,
115989,47500,47900,47500,46400,47000,70000,1.2e+06,1.2e+06,1.2e+06,1.2e+06,1.596e+06,1.596e+06,,4696013.367,,,,,,,,,,2,1,13.1313,0,100,0
116251,,,,,,,,,,,,,,,,,,,,,,73460,,,,,,,
116752,,,,,,,,,,,,,,,,,,,,,,73777,,,,,,,
116990,47900,48300,47500,46400,47200,70000,1.2e+06,1.2e+06,1.2e+06,1.2e+06,1.596e+06,1.596e+06,,4696020.102,,,,,,,,,,5.10204,0,4,3.0303,100,0
117252,,,,,,,,,,,,,,,,,,,,,,74093,,,,,,,
117753,,,,,,,,,,,,,,,,,,,,,,74410,,,,,,,
117989,47900,48100,47500,46400,47200,70000,1.2e+06,1.2e+06,1.2e+06,1.2e+06,1.596e+06,1.596e+06,,4696026.870,,,,,,,,,,1,0,11.1111,0,100,0
118254,,,,,,,,,,,,,,,,,,,,,,74727,,,,,,,
118755,,,,,,,,,,,,,,,,,,,,,,75044,,,,,,,
118989,47900,48300,47500,46400,47200,70000,1.2e+06,1.2e+06,1.2e+06,1.2e+06,1.596e+06,1.596e+06,,4696033.619,,,,,,,,,,1.9802,1,14,0.990099,100,0.990099
119255,,,,,,,,,,,,,,,,,,,,,,75360,,,,,,,
119755,,,,,,,,,,,,,,,,,,,,,,75677,,,,,,,
119990,47500,48300,47200,46600,47200,70000,1.2e+06,1.2e+06,1.2e+06,1.2e+06,1.596e+06,1.596e+06,,4696040.331,,,,,,,,,,1,0.990099,16,1,100,0
120255,,,,,,,,,,,,,,,,,,,,,,75993,,,,,,,
120756,,,,,,,,,,,,,,,,,,,,,,76310,,,,,,,
120990,47500,48100,47400,46400,47000,70000,1.2e+06,1.2e+06,1.2e+06,1.2e+06,1.596e+06,1.596e+06,25.104,4696047.099,,,,,,,,,,1,0,12,0,100,0
121256,,,,,,,,,,,,,,,,,,,,,,76627,,,,,,,
121757,,,,,,,,,,,,,,,,,,,,,,76943,,,,,,,
121990,47900,48300,47500,46600,47200,70000,1.2e+06,1.2e+06,1.2e+06,1.2e+06,1.596e+06,1.596e+06,,4696053.867,,,,,,,,,,0,0,14.8515,1,100,0
122256,,,,,,,,,,,,,,,,,,,,,,77259,,,,,,,
122757,,,,,,,,,,,,,,,,,,,,,,77575,,,,,,,
122989,47700,48100,47500,46400,47200,70000,1.2e+06,1.2e+06,1.2e+06,1.2e+06,1.596e+06,1.596e+06,,4696060.680,,,,,,,,,,2,0,14,1,100,0
123257,,,,,,,,,,,,,,,,,,,,,,77891,,,,,,,
123756,,,,,,,,,,,,,,,,,,,,,,78207,,,,,,,
123989,47700,48100,47500,46400,47200,70000,1.2e+06,1.2e+06,1.2e+06,1.2e+06,1.596e+06,1.596e+06,,4696067.357,,,,,,,,,,1,0,15.6863,0,100,0
124257,,,,,,,,,,,,,,,,,,,,,,78524,,,,,,,
124758,,,,,,,,,,,,,,,,,,,,,,78841,,,,,,,
124989,47900,48300,47500,46600,47200,70000,1.2e+06,1.2e+06,1.2e+06,1.2e+06,1.596e+06,1.596e+06,,4696074.064,,,,,,,,,,1,0,13.1313,1,100,0
125259,,,,,,,,,,,,,,,,,,,,,,79158,,,,,,,
125759,,,,,,,,,,,,,,,,,,,,,,79475,,,,,,,
125989,47700,48300,47500,46600,47200,70000,1.2e+06,1.2e+06,1.2e+06,1.2e+06,1.596e+06,1.596e+06,,4696080.938,,,,,,,,,,1,0,14.8515,1.96078,100,0
126259,,,,,,,,,,,,,,,,,,,,,,79791,,,,,,,
126760,,,,,,,,,,,,,,,,,,,,,,80108,,,,,,,
126989,47500,48300,47200,46200,47200,70000,1.2e+06,1.2e+06,1.2e+06,1.2e+06,1.596e+06,1.596e+06,,4696087.600,,,,,,,,,,1,0,6.12245,5.10204,100,0
127260,,,,,,,,,,,,,,,,,,,,,,80424,,,,,,,
127761,,,,,,,,,,,,,,,,,,,,,,80741,,,,,,,
127989,47900,48300,47500,46400,47200,70000,1.2e+06,1.2e+06,1.2e+06,1.2e+06,1.596e+06,1.596e+06,,4696094.375,,,,,,,,,,1,0.990099,11.2245,0,100,0
128261,,,,,,,,,,,,,,,,,,,,,,81057,,,,,,,
128761,,,,,,,,,,,,,,,,,,,,,,81374,,,,,,,
128990,48100,48300,47500,46400,47400,70000,1.2e+06,1.2e+06,1.2e+06,1.2e+06,1.596e+06,1.596e+06,,4696101.156,,,,,,,,,,1,0,11.1111,3.06122,100,0
129261,,,,,,,,,,,,,,,,,,,,,,81690,,,,,,,
129762,,,,,,,,,,,,,,,,,,,,,,82007,,,,,,,
129989,47900,48300,47500,46600,47200,70000,1.2e+06,1.2e+06,1.2e+06,1.2e+06,1.596e+06,1.596e+06,,4696107.823,,,,,,,,,,1,1,12,2.0202,100,0
130262,,,,,,,,,,,,,,,,,,,,,,82323,,,,,,,
130762,,,,,,,,,,,,,,,,,,,,,,82640,,,,,,,
130989,47900,48500,47500,46400,47200,70000,1.2e+06,1.2e+06,1.2e+06,1.2e+06,1.596e+06,1.596e+06,25.061,4696114.600,,,,,,,,,,0,0,13.7255,1,100,0
131262,,,,,,,,,,,,,,,,,,,,,,82956,,,,,,,
131762,,,,,,,,,,,,,,,,,,,,,,83272,,,,,,,
131990,47900,47900,47400,46400,47000,70000,1.2e+06,1.2e+06,1.2e+06,1.2e+06,1.596e+06,1.596e+06,,4696121.271,,,,,,,,,,1,4,6,1.0101,100,0
132262,,,,,,,,,,,,,,,,,,,,,,83588,,,,,,,
132763,,,,,,,,,,,,,,,,,,,,,,83905,,,,,,,
132989,47900,48300,47500,46400,47200,70000,1.2e+06,1.2e+06,1.2e+06,1.2e+06,1.596e+06,1.596e+06,,4696126.303,,,,,,,,,,1.0101,7.07071,8.91089,1,100,0
133264,,,,,,,,,,,,,,,,,,,,,,84222,,,,,,,
133765,,,,,,,,,,,,,,,,,,,,,,84539,,,,,,,
133989,47900,48300,47500,46600,47000,70000,1.2e+06,1.2e+06,1.2e+06,1.2e+06,1.596e+06,1.596e+06,,4696133.028,,,,,,,,,,1,10.2041,3,1,100,0
134266,,,,,,,,,,,,,,,,,,,,,,84856,,,,,,,
134766,,,,,,,,,,,,,,,,,,,,,,85172,,,,,,,
134989,47700,48100,47200,46400,47000,70000,1.2e+06,1.2e+06,1.2e+06,1.2e+06,1.596e+06,1.596e+06,,4696139.769,,,,,,,,,,1,6,6,1.9802,100,0.990099
135266,,,,,,,,,,,,,,,,,,,,,,85488,,,,,,,
135767,,,,,,,,,,,,,,,,,,,,,,85805,,,,,,,
135989,47500,48500,47400,46400,47000,70000,1.2e+06,1.2e+06,1.2e+06,1.2e+06,1.596e+06,1.596e+06,,4696146.521,,,,,,,,,,2,8,5.94059,0,100,0
136267,,,,,,,,,,,,,,,,,,,,,,86121,,,,,,,
136768,,,,,,,,,,,,,,,,,,,,,,86438,,,,,,,
136990,47900,48100,47400,46400,47200,70000,1.2e+06,1.2e+06,1.2e+06,1.2e+06,1.596e+06,1.596e+06,,4696153.244,,,,,,,,,,5.94059,5.94059,4.08163,0,100,0.990099
137267,,,,,,,,,,,,,,,,,,,,,,86754,,,,,,,
137767,,,,,,,,,,,,,,,,,,,,,,87070,,,,,,,
137989,47500,48300,47400,46400,47000,70000,1.2e+06,1.2e+06,1.2e+06,1.2e+06,1.596e+06,1.596e+06,,4696160.008,,,,,,,,,,3,0,12.8713,0,100,0
138268,,,,,,,,,,,,,,,,,,,,,,87387,,,,,,,
138769,,,,,,,,,,,,,,,,,,,,,,87704,,,,,,,
138989,47900,48300,47200,46000,47000,70000,1.2e+06,1.2e+06,1.2e+06,1.2e+06,1.596e+06,1.596e+06,,4696166.744,,,,,,,,,,0,0.990099,13.7255,1.9802,100,0
139268,,,,,,,,,,,,,,,,,,,,,,88020,,,,,,,
139768,,,,,,,,,,,,,,,,,,,,,,88336,,,,,,,
139989,47500,48300,47400,46600,47000,70000,1.2e+06,1.2e+06,1.2e+06,1.2e+06,1.596e+06,1.596e+06,,4696173.525,,,,,,,,,,1,0,14,1,100,0
140268,,,,,,,,,,,,,,,,,,,,,,88652,,,,,,,
140769,,,,,,,,,,,,,,,,,,,,,,88969,,,,,,,
140989,47900,48100,47400,46600,47200,70000,1.2e+06,1.2e+06,1.2e+06,1.2e+06,1.596e+06,1.596e+06,25.051,4696180.277,,,,,,,,,,1,0,16.8317,0,100,0
141269,,,,,,,,,,,,,,,,,,,,,,89285,,,,,,,
141770,,,,,,,,,,,,,,,,,,,,,,89602,,,,,,,
141990,47900,48300,47500,46400,47200,70000,1.2e+06,1.2e+06,1.2e+06,1.2e+06,1.596e+06,1.596e+06,,4696187.038,,,,,,,,,,1,0,10.2041,0,100,0
142271,,,,,,,,,,,,,,,,,,,,,,89919,,,,,,,
142771,,,,,,,,,,,,,,,,,,,,,,90235,,,,,,,
142990,47500,48300,47500,46800,47200,70000,1.2e+06,1.2e+06,1.2e+06,1.2e+06,1.596e+06,1.596e+06,,4696193.815,,,,,,,,,,1.9802,0,16,1,100,0
143272,,,,,,,,,,,,,,,,,,,,,,90552,,,,,,,
143772,,,,,,,,,,,,,,,,,,,,,,90868,,,,,,,
143990,47700,48100,47500,46400,47200,70000,1.2e+06,1.2e+06,1.2e+06,1.2e+06,1.596e+06,1.596e+06,,4696200.498,,,,,,,,,,1,0,7.07071,6,100,0
144273,,,,,,,,,,,,,,,,,,,,,,91185,,,,,,,
144774,,,,,,,,,,,,,,,,,,,,,,91502,,,,,,,
144989,47900,48100,47500,46400,47000,70000,1.2e+06,1.2e+06,1.2e+06,1.2e+06,1.596e+06,1.596e+06,,4696207.270,,,,,,,,,,1.0101,1,11.1111,1,100,0
145275,,,,,,,,,,,,,,,,,,,,,,91819,,,,,,,
145776,,,,,,,,,,,,,,,,,,,,,,92136,,,,,,,
145989,47500,48100,47400,46000,47000,70000,1.2e+06,1.2e+06,1.2e+06,1.2e+06,1.596e+06,1.596e+06,,4696214.026,,,,,,,,,,1,1,8,7,100,0
146277,,,,,,,,,,,,,,,,,,,,,,92453,,,,,,,
146776,,,,,,,,,,,,,,,,,,,,,,92769,,,,,,,
146989,47900,48300,47500,46400,47200,70000,1.2e+06,1.2e+06,1.2e+06,1.2e+06,1.596e+06,1.596e+06,,4696220.767,,,,,,,,,,1,0,0,14.1414,100,0
147277,,,,,,,,,,,,,,,,,,,,,,93086,,,,,,,
147778,,,,,,,,,,,,,,,,,,,,,,93403,,,,,,,
147989,47900,48100,47400,46400,47200,70000,1.2e+06,1.2e+06,1.2e+06,1.2e+06,1.596e+06,1.596e+06,,4696227.549,,,,,,,,,,0,1,0,12,100,0
148278,,,,,,,,,,,,,,,,,,,,,,93719,,,,,,,
148779,,,,,,,,,,,,,,,,,,,,,,94036,,,,,,,
148989,47900,48100,47200,46200,47000,70000,1.2e+06,1.2e+06,1.2e+06,1.2e+06,1.596e+06,1.596e+06,,4696234.283,,,,,,,,,,1,5.10204,6,2.0202,100,0
149280,,,,,,,,,,,,,,,,,,,,,,94353,,,,,,,
149780,,,,,,,,,,,,,,,,,,,,,,94669,,,,,,,
149989,47700,48300,47400,46400,47000,70000,1.2e+06,1.2e+06,1.2e+06,1.2e+06,1.596e+06,1.596e+06,,4696241.002,,,,,,,,,,1,6,10,0.990099,100,0
150281,,,,,,,,,,,,,,,,,,,,,,94986,,,,,,,
150782,,,,,,,,,,,,,,,,,,,,,,95303,,,,,,,
150989,47500,48100,47400,46400,47200,70000,1.2e+06,1.2e+06,1.2e+06,1.2e+06,1.596e+06,1.596e+06,25.029,4696247.661,,,,,,,,,,1.9802,12,0,0,100,0
151282,,,,,,,,,,,,,,,,,,,,,,95619,,,,,,,
151782,,,,,,,,,,,,,,,,,,,,,,95935,,,,,,,
151990,47500,48100,47400,46400,47000,70000,1.2e+06,1.2e+06,1.2e+06,1.2e+06,1.596e+06,1.596e+06,,4696254.410,,,,,,,,,,2,7.07071,6,1.9802,100,0
152283,,,,,,,,,,,,,,,,,,,,,,96252,,,,,,,
152782,,,,,,,,,,,,,,,,,,,,,,96568,,,,,,,
152989,47500,48100,47200,46400,47000,70000,1.2e+06,1.2e+06,1.2e+06,1.2e+06,1.596e+06,1.596e+06,,4696261.124,,,,,,,,,,0,12,3.0303,1.9802,100,0
153283,,,,,,,,,,,,,,,,,,,,,,96885,,,,,,,
153784,,,,,,,,,,,,,,,,,,,,,,97202,,,,,,,
153990,47500,48100,47200,46400,47000,70000,1.2e+06,1.2e+06,1.2e+06,1.2e+06,1.596e+06,1.596e+06,,4696267.924,,,,,,,,,,7,0,5.05051,0,100,0
154285,,,,,,,,,,,,,,,,,,,,,,97519,,,,,,,
154786,,,,,,,,,,,,,,,,,,,,,,97836,,,,,,,
154989,47900,48100,47400,46400,47000,70000,1.2e+06,1.2e+06,1.2e+06,1.2e+06,1.596e+06,1.596e+06,,4696274.664,,,,,,,,,,3,7.92079,4.90196,4,100,0.990099
155286,,,,,,,,,,,,,,,,,,,,,,98152,,,,,,,
155787,,,,,,,,,,,,,,,,,,,,,,98469,,,,,,,
155989,47900,48300,47200,46200,47000,70000,1.2e+06,1.2e+06,1.2e+06,1.2e+06,1.596e+06,1.596e+06,,4696281.455,,,,,,,,,,5,0,10,0,100,0
156287,,,,,,,,,,,,,,,,,,,,,,98785,,,,,,,
156788,,,,,,,,,,,,,,,,,,,,,,99102,,,,,,,
156990,47900,48300,47400,46400,47200,70000,1.2e+06,1.2e+06,1.2e+06,1.2e+06,1.596e+06,1.596e+06,,4696288.222,,,,,,,,,,0,0,13.1313,0,100,0
157289,,,,,,,,,,,,,,,,,,,,,,99419,,,,,,,
157790,,,,,,,,,,,,,,,,,,,,,,99736,,,,,,,
157990,47500,47900,47000,46400,47000,70000,1.2e+06,1.2e+06,1.2e+06,1.2e+06,1.596e+06,1.596e+06,,4696294.987,,,,,,,,,,3.0303,0,12.1212,0.990099,100,0
158289,,,,,,,,,,,,,,,,,,,,,,100052,,,,,,,
158790,,,,,,,,,,,,,,,,,,,,,,100369,,,,,,,
158990,47900,47900,47400,46000,46800,70000,1.2e+06,1.2e+06,1.2e+06,1.2e+06,1.596e+06,1.596e+06,,4696301.746,,,,,,,,,,10.101,1,8.73786,0,100,0
159290,,,,,,,,,,,,,,,,,,,,,,100686,,,,,,,
159790,,,,,,,,,,,,,,,,,,,,,,101002,,,,,,,
159989,47500,48100,47400,46200,47000,70000,1.2e+06,1.2e+06,1.2e+06,1.2e+06,1.596e+06,1.596e+06,,4696308.465,,,,,,,,,,1.9802,0,12,0,100,0
160291,,,,,,,,,,,,,,,,,,,,,,101319,,,,,,,
160792,,,,,,,,,,,,,,,,,,,,,,101636,,,,,,,
160989,47900,47900,47200,46400,47000,70000,1.2e+06,1.2e+06,1.2e+06,1.2e+06,1.596e+06,1.596e+06,25.008,4696315.213,,,,,,,,,,2,0,7.84314,10.6796,100,0
161291,,,,,,,,,,,,,,,,,,,,,,101952,,,,,,,
161791,,,,,,,,,,,,,,,,,,,,,,102268,,,,,,,
161989,47500,48300,47500,46200,47000,70000,1.2e+06,1.2e+06,1.2e+06,1.2e+06,1.596e+06,1.596e+06,,4696321.998,,,,,,,,,,0,5.05051,0,10.7843,100,0
162291,,,,,,,,,,,,,,,,,,,,,,102585,,,,,,,
162791,,,,,,,,,,,,,,,,,,,,,,102901,,,,,,,
162990,47700,48300,47500,46200,47000,70000,1.2e+06,1.2e+06,1.2e+06,1.2e+06,1.596e+06,1.596e+06,,4696328.753,,,,,,,,,,2,0,0,12.8713,100,0
163292,,,,,,,,,,,,,,,,,,,,,,103218,,,,,,,
163792,,,,,,,,,,,,,,,,,,,,,,103534,,,,,,,
163989,47500,48100,47200,46400,47000,70000,1.2e+06,1.2e+06,1.2e+06,1.2e+06,1.596e+06,1.596e+06,,4696335.446,,,,,,,,,,1.0101,0,0,11.2245,100,0.990099
164293,,,,,,,,,,,,,,,,,,,,,,103851,,,,,,,
164792,,,,,,,,,,,,,,,,,,,,,,104167,,,,,,,
164989,47700,48100,47400,46400,47000,70000,1.2e+06,1.2e+06,1.2e+06,1.2e+06,1.596e+06,1.596e+06,,4696342.148,,,,,,,,,,2,0,0,17.6471,100,0
165293,,,,,,,,,,,,,,,,,,,,,,104484,,,,,,,
165794,,,,,,,,,,,,,,,,,,,,,,104801,,,,,,,
165989,47900,48300,47400,46400,47200,70000,1.2e+06,1.2e+06,1.2e+06,1.2e+06,1.596e+06,1.596e+06,,4696348.900,,,,,,,,,,1,0,0,13,100,0
166295,,,,,,,,,,,,,,,,,,,,,,105118,,,,,,,
166796,,,,,,,,,,,,,,,,,,,,,,105435,,,,,,,
166990,47900,48300,47500,46600,47200,70000,1.2e+06,1.2e+06,1.2e+06,1.2e+06,1.596e+06,1.596e+06,,4696355.681,,,,,,,,,,2.9703,0,1,13.2653,100,0
167296,,,,,,,,,,,,,,,,,,,,,,105751,,,,,,,
167797,,,,,,,,,,,,,,,,,,,,,,106068,,,,,,,
167989,47900,48100,47500,46200,47200,70000,1.2e+06,1.2e+06,1.2e+06,1.2e+06,1.596e+06,1.596e+06,,4696362.398,,,,,,,,,,1.0101,0,0,13.8614,100,0
168297,,,,,,,,,,,,,,,,,,,,,,106384,,,,,,,
168798,,,,,,,,,,,,,,,,,,,,,,106701,,,,,,,
168989,47700,48300,47500,46400,47200,70000,1.2e+06,1.2e+06,1.2e+06,1.2e+06,1.596e+06,1.596e+06,,4696369.190,,,,,,,,,,1.0101,0,0,13.1313,100,0
169298,,,,,,,,,,,,,,,,,,,,,,107017,,,,,,,
169799,,,,,,,,,,,,,,,,,,,,,,107334,,,,,,,
169989,47900,48300,47400,46200,47000,70000,1.2e+06,1.2e+06,1.2e+06,1.2e+06,1.596e+06,1.596e+06,,4696375.884,,,,,,,,,,2,0,0,15.8416,100,0
170299,,,,,,,,,,,,,,,,,,,,,,107650,,,,,,,
170800,,,,,,,,,,,,,,,,,,,,,,107967,,,,,,,
170989,47700,48100,47500,46400,47200,70000,1.2e+06,1.2e+06,1.2e+06,1.2e+06,1.596e+06,1.596e+06,25.008,4696382.645,,,,,,,,,,0,0,1,13.1313,100,0
171300,,,,,,,,,,,,,,,,,,,,,,108284,,,,,,,
171801,,,,,,,,,,,,,,,,,,,,,,108601,,,,,,,
171989,47500,48100,47200,46400,47000,70000,1.2e+06,1.2e+06,1.2e+06,1.2e+06,1.596e+06,1.596e+06,,4696387.695,,,,,,,,,,1,0,0.990099,13.8614,100,0.990099
172302,,,,,,,,,,,,,,,,,,,,,,108918,,,,,,,
172803,,,,,,,,,,,,,,,,,,,,,,109235,,,,,,,
172989,47500,48100,47400,46400,47200,70000,1.2e+06,1.2e+06,1.2e+06,1.2e+06,1.596e+06,1.596e+06,,4696394.405,,,,,,,,,,2.9703,0,0,11.2245,100,0
173304,,,,,,,,,,,,,,,,,,,,,,109552,,,,,,,
173805,,,,,,,,,,,,,,,,,,,,,,109869,,,,,,,
173989,47700,48100,47500,46400,47200,70000,1.2e+06,1.2e+06,1.2e+06,1.2e+06,1.596e+06,1.596e+06,,4696401.183,,,,,,,,,,2,6,0,5.05051,100,0
174306,,,,,,,,,,,,,,,,,,,,,,110186,,,,,,,
174807,,,,,,,,,,,,,,,,,,,,,,110503,,,,,,,
174989,47500,48100,47500,46400,46800,70000,1.2e+06,1.2e+06,1.2e+06,1.2e+06,1.596e+06,1.596e+06,,4696407.937,,,,,,,,,,2.9703,0,0.990099,16.8317,100,0
175308,,,,,,,,,,,,,,,,,,,,,,110820,,,,,,,
175809,,,,,,,,,,,,,,,,,,,,,,111137,,,,,,,
175989,47500,48100,47200,46200,46800,70000,1.2e+06,1.2e+06,1.2e+06,1.2e+06,1.596e+06,1.596e+06,,4696414.660,,,,,,,,,,4.08163,2,1,7.07071,100,0
176310,,,,,,,,,,,,,,,,,,,,,,111454,,,,,,,
176811,,,,,,,,,,,,,,,,,,,,,,111771,,,,,,,
176989,47500,47900,47200,46200,46600,70000,1.2e+06,1.2e+06,1.2e+06,1.2e+06,1.596e+06,1.596e+06,,4696421.392,,,,,,,,,,2,0,0,12,100,0
177312,,,,,,,,,,,,,,,,,,,,,,112088,,,,,,,
177812,,,,,,,,,,,,,,,,,,,,,,112405,,,,,,,
177989,47500,47500,47400,46400,46800,70000,1.2e+06,1.2e+06,1.2e+06,1.2e+06,1.596e+06,1.596e+06,,4696428.147,,,,,,,,,,1.9802,4.08163,7,4,100,0
178313,,,,,,,,,,,,,,,,,,,,,,112722,,,,,,,
178814,,,,,,,,,,,,,,,,,,,,,,113039,,,,,,,
178989,47500,48100,47200,46000,46600,70000,1.2e+06,1.2e+06,1.2e+06,1.2e+06,1.596e+06,1.596e+06,,4696434.887,,,,,,,,,,1.0101,0,5.10204,8,100,0
179315,,,,,,,,,,,,,,,,,,,,,,113356,,,,,,,
179815,,,,,,,,,,,,,,,,,,,,,,113672,,,,,,,
179989,47500,48100,47400,46400,46800,70000,1.2e+06,1.2e+06,1.2e+06,1.2e+06,1.596e+06,1.596e+06,,4696441.648,,,,,,,,,,0,0,8,6.06061,100,0
180315,,,,,,,,,,,,,,,,,,,,,,113988,,,,,,,
180816,,,,,,,,,,,,,,,,,,,,,,114305,,,,,,,
180989,47700,47900,47200,46200,47200,70000,1.2e+06,1.2e+06,1.2e+06,1.2e+06,1.596e+06,1.596e+06,24.997,4696448.357,,,,,,,,,,1,0.990099,14.8515,1.9802,100,0
181316,,,,,,,,,,,,,,,,,,,,,,114621,,,,,,,
181817,,,,,,,,,,,,,,,,,,,,,,114938,,,,,,,
181990,47500,48100,47500,46200,47000,70000,1.2e+06,1.2e+06,1.2e+06,1.2e+06,1.596e+06,1.596e+06,,4696455.071,,,,,,,,,,1.9802,0,2,11.1111,100,0
182317,,,,,,,,,,,,,,,,,,,,,,115254,,,,,,,
182818,,,,,,,,,,,,,,,,,,,,,,115571,,,,,,,
182989,47500,47900,47200,46000,46600,70000,1.2e+06,1.2e+06,1.2e+06,1.2e+06,1.596e+06,1.596e+06,,4696461.815,,,,,,,,,,1,2.94118,0,12.8713,100,0
183318,,,,,,,,,,,,,,,,,,,,,,115887,,,,,,,
183818,,,,,,,,,,,,,,,,,,,,,,116203,,,,,,,
183989,47700,48300,47500,46400,47200,70000,1.2e+06,1.2e+06,1.2e+06,1.2e+06,1.596e+06,1.596e+06,,4696468.651,,,,,,,,,,1,1.9802,0,15.6863,100,0
184318,,,,,,,,,,,,,,,,,,,,,,116519,,,,,,,
184818,,,,,,,,,,,,,,,,,,,,,,116835,,,,,,,
184989,47700,48100,47200,46400,47000,70000,1.2e+06,1.2e+06,1.2e+06,1.2e+06,1.596e+06,1.596e+06,,4696475.457,,,,,,,,,,0,6.93069,0,9.09091,100,0
185319,,,,,,,,,,,,,,,,,,,,,,117151,,,,,,,
185818,,,,,,,,,,,,,,,,,,,,,,117467,,,,,,,
185989,47700,48100,47400,46200,46800,70000,1.2e+06,1.2e+06,1.2e+06,1.2e+06,1.596e+06,1.596e+06,,4696482.141,,,,,,,,,,1.9802,0,1,12,100,0
186318,,,,,,,,,,,,,,,,,,,,,,117783,,,,,,,
186818,,,,,,,,,,,,,,,,,,,,,,118100,,,,,,,
186989,47900,48300,47500,46400,47200,70000,1.2e+06,1.2e+06,1.2e+06,1.2e+06,1.596e+06,1.596e+06,,4696488.920,,,,,,,,,,1.0101,0,2.9703,12.1212,100,0
187318,,,,,,,,,,,,,,,,,,,,,,118416,,,,,,,
187818,,,,,,,,,,,,,,,,,,,,,,118733,,,,,,,
187989,47900,48300,47500,46400,47200,70000,1.2e+06,1.2e+06,1.2e+06,1.2e+06,1.596e+06,1.596e+06,,4696495.676,,,,,,,,,,1,0,6.86275,10,100,0
188318,,,,,,,,,,,,,,,,,,,,,,119049,,,,,,,
188818,,,,,,,,,,,,,,,,,,,,,,119366,,,,,,,
188989,47500,48100,47400,46400,46800,70000,1.2e+06,1.2e+06,1.2e+06,1.2e+06,1.596e+06,1.596e+06,,4696502.405,,,,,,,,,,0,1.96078,6.06061,6,100,0
189318,,,,,,,,,,,,,,,,,,,,,,119682,,,,,,,
189819,,,,,,,,,,,,,,,,,,,,,,119999,,,,,,,
189990,47500,48300,47400,46400,47400,70000,1.2e+06,1.2e+06,1.2e+06,1.2e+06,1.596e+06,1.596e+06,,4696509.132,,,,,,,,,,6.93069,0,7.14286,2,100,1
190320,,,,,,,,,,,,,,,,,,,,,,120316,,,,,,,
190819,,,,,,,,,,,,,,,,,,,,,,120632,,,,,,,
190990,47700,48100,47200,46200,47000,70000,1.2e+06,1.2e+06,1.2e+06,1.2e+06,1.596e+06,1.596e+06,24.986,4696515.838,,,,,,,,,,1,0,16.6667,0,100,0
191320,,,,,,,,,,,,,,,,,,,,,,120949,,,,,,,
191821,,,,,,,,,,,,,,,,,,,,,,121266,,,,,,,
191989,47700,47900,47200,46400,47000,70000,1.2e+06,1.2e+06,1.2e+06,1.2e+06,1.596e+06,1.596e+06,,4696522.594,,,,,,,,,,2,0,11.1111,0,100,0.990099
192321,,,,,,,,,,,,,,,,,,,,,,121582,,,,,,,
192820,,,,,,,,,,,,,,,,,,,,,,121898,,,,,,,
192989,47700,48100,47200,46400,47000,70000,1.2e+06,1.2e+06,1.2e+06,1.2e+06,1.596e+06,1.596e+06,,4696529.360,,,,,,,,,,1.0101,0,13,2,100,0
193320,,,,,,,,,,,,,,,,,,,,,,122214,,,,,,,
193821,,,,,,,,,,,,,,,,,,,,,,122531,,,,,,,
193990,47500,48100,47400,46200,47200,70000,1.2e+06,1.2e+06,1.2e+06,1.2e+06,1.596e+06,1.596e+06,,4696536.050,,,,,,,,,,1.0101,0,10.101,4,100,0
194322,,,,,,,,,,,,,,,,,,,,,,122848,,,,,,,
194821,,,,,,,,,,,,,,,,,,,,,,123164,,,,,,,
194989,47500,48100,47200,46200,47000,70000,1.2e+06,1.2e+06,1.2e+06,1.2e+06,1.596e+06,1.596e+06,,4696542.834,,,,,,,,,,4.0404,0,7.14286,0,100,0
195322,,,,,,,,,,,,,,,,,,,,,,123481,,,,,,,
195823,,,,,,,,,,,,,,,,,,,,,,123798,,,,,,,
195989,47700,48300,47400,46200,47200,70000,1.2e+06,1.2e+06,1.2e+06,1.2e+06,1.596e+06,1.596e+06,,4696549.504,,,,,,,,,,2,0,0,12.1212,100,0
196323,,,,,,,,,,,,,,,,,,,,,,124115,,,,,,,
196823,,,,,,,,,,,,,,,,,,,,,,124431,,,,,,,
196990,47700,48300,47200,46400,46800,70000,1.2e+06,1.2e+06,1.2e+06,1.2e+06,1.596e+06,1.596e+06,,4696556.301,,,,,,,,,,1.9802,0,1.9802,13,100,0
197324,,,,,,,,,,,,,,,,,,,,,,124748,,,,,,,
197825,,,,,,,,,,,,,,,,,,,,,,125065,,,,,,,
197990,47700,48100,47400,46200,47000,70000,1.2e+06,1.2e+06,1.2e+06,1.2e+06,1.596e+06,1.596e+06,,4696563.013,,,,,,,,,,1.02041,3.0303,1,7.07071,100,0
198326,,,,,,,,,,,,,,,,,,,,,,125382,,,,,,,
198827,,,,,,,,,,,,,,,,,,,,,,125699,,,,,,,
198989,47500,47900,47200,46200,46800,70000,1.2e+06,1.2e+06,1.2e+06,1.2e+06,1.596e+06,1.596e+06,,4696569.757,,,,,,,,,,4.9505,0.990099,1.0101,7.07071,100,0
199328,,,,,,,,,,,,,,,,,,,,,,126016,,,,,,,
199829,,,,,,,,,,,,,,,,,,,,,,126333,,,,,,,
199989,47500,48100,47500,46400,46800,70000,1.2e+06,1.2e+06,1.2e+06,1.2e+06,1.596e+06,1.596e+06,,4696576.404,,,,,,,,,,7.07071,6.12245,1.9802,1,100,0
200328,,,,,,,,,,,,,,,,,,,,,,126649,,,,,,,
200828,,,,,,,,,,,,,,,,,,,,,,126965,,,,,,,
200989,47900,47900,47000,46000,46800,70000,1.2e+06,1.2e+06,1.2e+06,1.2e+06,1.596e+06,1.596e+06,24.997,4696583.182,,,,,,,,,,1,8,7.84314,0,100,0
201329,,,,,,,,,,,,,,,,,,,,,,127282,,,,,,,
201829,,,,,,,,,,,,,,,,,,,,,,127598,,,,,,,
201990,47400,47900,47200,46200,46800,70000,1.2e+06,1.2e+06,1.2e+06,1.2e+06,1.596e+06,1.596e+06,,4696589.855,,,,,,,,,,0,3,6,6.93069,100,0
202329,,,,,,,,,,,,,,,,,,,,,,127915,,,,,,,
202830,,,,,,,,,,,,,,,,,,,,,,128232,,,,,,,
202990,47500,48100,47400,46200,47000,70000,1.2e+06,1.2e+06,1.2e+06,1.2e+06,1.596e+06,1.596e+06,,4696596.697,,,,,,,,,,1,4,5.05051,0,100,0
203331,,,,,,,,,,,,,,,,,,,,,,128549,,,,,,,
203832,,,,,,,,,,,,,,,,,,,,,,128866,,,,,,,
203989,47700,47900,47200,46200,46600,70000,1.2e+06,1.2e+06,1.2e+06,1.2e+06,1.596e+06,1.596e+06,,4696603.453,,,,,,,,,,1.0101,1.9802,7.84314,7.14286,100,0
204333,,,,,,,,,,,,,,,,,,,,,,129183,,,,,,,
204833,,,,,,,,,,,,,,,,,,,,,,129499,,,,,,,
204989,47500,48100,47200,46000,47200,70000,1.2e+06,1.2e+06,1.2e+06,1.2e+06,1.596e+06,1.596e+06,,4696610.217,,,,,,,,,,3.9604,6,5.05051,2.0202,100,0
205334,,,,,,,,,,,,,,,,,,,,,,129816,,,,,,,
205835,,,,,,,,,,,,,,,,,,,,,,130133,,,,,,,
205989,47500,48100,47200,46000,46800,70000,1.2e+06,1.2e+06,1.2e+06,1.2e+06,1.596e+06,1.596e+06,,4696616.905,,,,,,,,,,0,0,6.93069,6,100,0
206335,,,,,,,,,,,,,,,,,,,,,,130449,,,,,,,
206836,,,,,,,,,,,,,,,,,,,,,,130766,,,,,,,
206989,47900,47900,47200,46400,46800,70000,1.2e+06,1.2e+06,1.2e+06,1.2e+06,1.596e+06,1.596e+06,,4696623.740,,,,,,,,,,2.9703,0.990099,6,8,100,0
207336,,,,,,,,,,,,,,,,,,,,,,131082,,,,,,,
207837,,,,,,,,,,,,,,,,,,,,,,131399,,,,,,,
207989,47500,47900,47400,46200,46800,70000,1.2e+06,1.2e+06,1.2e+06,1.2e+06,1.596e+06,1.596e+06,,4696630.483,,,,,,,,,,1,1,10,4.0404,100,0.990099
208337,,,,,,,,,,,,,,,,,,,,,,131715,,,,,,,
208838,,,,,,,,,,,,,,,,,,,,,,132032,,,,,,,
208989,47400,47900,47000,46000,46800,70000,1.2e+06,1.2e+06,1.2e+06,1.2e+06,1.596e+06,1.596e+06,,4696635.557,,,,,,,,,,1,0,8.08081,5,100,0
209337,,,,,,,,,,,,,,,,,,,,,,132348,,,,,,,
209838,,,,,,,,,,,,,,,,,,,,,,132665,,,,,,,
209989,47500,47900,47200,46000,46800,70000,1.2e+06,1.2e+06,1.2e+06,1.2e+06,1.596e+06,1.596e+06,,4696642.234,,,,,,,,,,0,5.05051,1,6,100,0
210339,,,,,,,,,,,,,,,,,,,,,,132982,,,,,,,
210839,,,,,,,,,,,,,,,,,,,,,,133298,,,,,,,
210989,47500,48100,47200,46200,47000,70000,1.2e+06,1.2e+06,1.2e+06,1.2e+06,1.596e+06,1.596e+06,25.008,4696649.003,,,,,,,,,,1,0,1,12,100,0
211340,,,,,,,,,,,,,,,,,,,,,,133615,,,,,,,
211841,,,,,,,,,,,,,,,,,,,,,,133932,,,,,,,
211989,47500,48300,47400,46200,47000,70000,1.2e+06,1.2e+06,1.2e+06,1.2e+06,1.596e+06,1.596e+06,,4696655.695,,,,,,,,,,1,7.84314,1,8,100,0
212342,,,,,,,,,,,,,,,,,,,,,,134249,,,,,,,
212843,,,,,,,,,,,,,,,,,,,,,,134566,,,,,,,
212989,47400,47900,47400,46200,47200,70000,1.2e+06,1.2e+06,1.2e+06,1.2e+06,1.596e+06,1.596e+06,,4696662.439,,,,,,,,,,1,0,1.9802,13.1313,100,0
213343,,,,,,,,,,,,,,,,,,,,,,134882,,,,,,,
213842,,,,,,,,,,,,,,,,,,,,,,135198,,,,,,,
213990,47700,47900,47400,46200,46800,70000,1.2e+06,1.2e+06,1.2e+06,1.2e+06,1.596e+06,1.596e+06,,4696669.164,,,,,,,,,,1,0,0,14,100,0
214343,,,,,,,,,,,,,,,,,,,,,,135514,,,,,,,
214843,,,,,,,,,,,,,,,,,,,,,,135831,,,,,,,
214989,47400,47700,47200,46000,47000,70000,1.2e+06,1.2e+06,1.2e+06,1.2e+06,1.596e+06,1.596e+06,,4696675.882,,,,,,,,,,1,0,0,12.8713,100,0
215343,,,,,,,,,,,,,,,,,,,,,,136147,,,,,,,
215843,,,,,,,,,,,,,,,,,,,,,,136463,,,,,,,
215989,47500,47900,47000,46000,46800,70000,1.2e+06,1.2e+06,1.2e+06,1.2e+06,1.596e+06,1.596e+06,,4696682.539,,,,,,,,,,2,0,1,14.1414,100,0
216344,,,,,,,,,,,,,,,,,,,,,,136780,,,,,,,
216844,,,,,,,,,,,,,,,,,,,,,,137096,,,,,,,
216989,47500,47900,47200,46200,46800,70000,1.2e+06,1.2e+06,1.2e+06,1.2e+06,1.596e+06,1.596e+06,,4696689.285,,,,,,,,,,1,0,1,14.1414,100,0
217345,,,,,,,,,,,,,,,,,,,,,,137413,,,,,,,
217846,,,,,,,,,,,,,,,,,,,,,,137730,,,,,,,
217989,47500,47900,47200,46000,47000,70000,1.2e+06,1.2e+06,1.2e+06,1.2e+06,1.596e+06,1.596e+06,,4696695.974,,,,,,,,,,1,0,0,12.8713,100,0
218346,,,,,,,,,,,,,,,,,,,,,,138046,,,,,,,
218846,,,,,,,,,,,,,,,,,,,,,,138363,,,,,,,
218990,47500,47900,47200,46000,46800,70000,1.2e+06,1.2e+06,1.2e+06,1.2e+06,1.596e+06,1.596e+06,,4696702.748,,,,,,,,,,0,0,8,7,100,0
219346,,,,,,,,,,,,,,,,,,,,,,138679,,,,,,,
219847,,,,,,,,,,,,,,,,,,,,,,138996,,,,,,,
219990,47700,48100,47200,46000,46800,70000,1.2e+06,1.2e+06,1.2e+06,1.2e+06,1.596e+06,1.596e+06,,4696709.419,,,,,,,,,,1,1.96078,7,9.09091,100,0
220346,,,,,,,,,,,,,,,,,,,,,,139312,,,,,,,
220846,,,,,,,,,,,,,,,,,,,,,,139628,,,,,,,
220989,47500,47900,47200,46400,46800,70000,1.2e+06,1.2e+06,1.2e+06,1.2e+06,1.596e+06,1.596e+06,24.986,4696716.203,,,,,,,,,,1,1,6.06061,7,100,0.990099
221347,,,,,,,,,,,,,,,,,,,,,,139945,,,,,,,
221848,,,,,,,,,,,,,,,,,,,,,,140262,,,,,,,
221989,47500,47900,47200,46000,46800,70000,1.2e+06,1.2e+06,1.2e+06,1.2e+06,1.596e+06,1.596e+06,,4696722.969,,,,,,,,,,0,0,10,0.990099,100,0
222349,,,,,,,,,,,,,,,,,,,,,,140579,,,,,,,
222850,,,,,,,,,,,,,,,,,,,,,,140896,,,,,,,
222989,47200,47900,47000,46000,46600,70000,1.2e+06,1.2e+06,1.2e+06,1.2e+06,1.596e+06,1.596e+06,,4696729.748,,,,,,,,,,1.9802,0,14,1,100,0
223351,,,,,,,,,,,,,,,,,,,,,,141213,,,,,,,
223851,,,,,,,,,,,,,,,,,,,,,,141529,,,,,,,
223989,47500,47700,47000,46000,46800,70000,1.2e+06,1.2e+06,1.2e+06,1.2e+06,1.596e+06,1.596e+06,,4696736.532,,,,,,,,,,2,0,11.8812,0,100,0
224352,,,,,,,,,,,,,,,,,,,,,,141846,,,,,,,
224853,,,,,,,,,,,,,,,,,,,,,,142163,,,,,,,
224989,47500,47900,47000,46200,47000,70000,1.2e+06,1.2e+06,1.2e+06,1.2e+06,1.596e+06,1.596e+06,,4696743.278,,,,,,,,,,0.990099,0,6.93069,5.10204,100,0.990099
225352,,,,,,,,,,,,,,,,,,,,,,142479,,,,,,,
225853,,,,,,,,,,,,,,,,,,,,,,142796,,,,,,,
225990,47400,47700,46800,46000,46600,70000,1.2e+06,1.2e+06,1.2e+06,1.2e+06,1.596e+06,1.596e+06,,4696750.046,,,,,,,,,,0,0,13.7255,0,100,0
226353,,,,,,,,,,,,,,,,,,,,,,143113,,,,,,,
226854,,,,,,,,,,,,,,,,,,,,,,143430,,,,,,,
226989,47400,47700,47400,46000,47000,70000,1.2e+06,1.2e+06,1.2e+06,1.2e+06,1.596e+06,1.596e+06,,4696756.741,,,,,,,,,,1,2,15.6863,0,100,0
227354,,,,,,,,,,,,,,,,,,,,,,143746,,,,,,,
227854,,,,,,,,,,,,,,,,,,,,,,144062,,,,,,,
227989,47500,47700,47200,45800,47000,70000,1.2e+06,1.2e+06,1.2e+06,1.2e+06,1.596e+06,1.596e+06,,4696763.545,,,,,,,,,,1,1,12,0,100,0
228353,,,,,,,,,,,,,,,,,,,,,,144378,,,,,,,
228854,,,,,,,,,,,,,,,,,,,,,,144695,,,,,,,
228989,47500,47900,47200,45800,46800,70000,1.2e+06,1.2e+06,1.2e+06,1.2e+06,1.596e+06,1.596e+06,,4696770.332,,,,,,,,,,1.0101,1,6,5.05051,100,0
229355,,,,,,,,,,,,,,,,,,,,,,145012,,,,,,,
229855,,,,,,,,,,,,,,,,,,,,,,145328,,,,,,,
229989,47500,47700,46800,46200,46600,70000,1.2e+06,1.2e+06,1.2e+06,1.2e+06,1.596e+06,1.596e+06,,4696777.012,,,,,,,,,,0,1.9802,6,6,100,0
230356,,,,,,,,,,,,,,,,,,,,,,145645,,,,,,,
230857,,,,,,,,,,,,,,,,,,,,,,145962,,,,,,,
230989,47500,47900,46800,46000,47000,70000,1.2e+06,1.2e+06,1.2e+06,1.2e+06,1.596e+06,1.596e+06,24.975,4696783.868,,,,,,,,,,1,0,8,6.93069,100,0
231357,,,,,,,,,,,,,,,,,,,,,,146278,,,,,,,
231858,,,,,,,,,,,,,,,,,,,,,,146595,,,,,,,
231990,47500,48100,47200,46400,47000,70000,1.2e+06,1.2e+06,1.2e+06,1.2e+06,1.596e+06,1.596e+06,,4696790.575,,,,,,,,,,1.9802,0.990099,11.1111,0,100,0
232357,,,,,,,,,,,,,,,,,,,,,,146911,,,,,,,
232857,,,,,,,,,,,,,,,,,,,,,,147227,,,,,,,
232989,47500,48300,47200,46200,47200,70000,1.2e+06,1.2e+06,1.2e+06,1.2e+06,1.596e+06,1.596e+06,,4696797.308,,,,,,,,,,1,0,13.1313,1,100,0
233357,,,,,,,,,,,,,,,,,,,,,,147543,,,,,,,
233858,,,,,,,,,,,,,,,,,,,,,,147860,,,,,,,
233989,47500,48100,47200,46400,46800,70000,1.2e+06,1.2e+06,1.2e+06,1.2e+06,1.596e+06,1.596e+06,,4696804.045,,,,,,,,,,0,0,2.9703,10.101,100,0
234358,,,,,,,,,,,,,,,,,,,,,,148176,,,,,,,
234859,,,,,,,,,,,,,,,,,,,,,,148493,,,,,,,
234989,47400,47900,47400,46000,46800,70000,1.2e+06,1.2e+06,1.2e+06,1.2e+06,1.596e+06,1.596e+06,,4696810.754,,,,,,,,,,1,0,0,12,100,0
235360,,,,,,,,,,,,,,,,,,,,,,148810,,,,,,,
235860,,,,,,,,,,,,,,,,,,,,,,149126,,,,,,,
235990,47500,47900,47000,46000,46800,70000,1.2e+06,1.2e+06,1.2e+06,1.2e+06,1.596e+06,1.596e+06,,4696817.433,,,,,,,,,,2,4.0404,0.990099,11.7647,100,0
236361,,,,,,,,,,,,,,,,,,,,,,149443,,,,,,,
236862,,,,,,,,,,,,,,,,,,,,,,149760,,,,,,,
236989,47500,47900,47200,46000,47200,70000,1.2e+06,1.2e+06,1.2e+06,1.2e+06,1.596e+06,1.596e+06,,4696824.205,,,,,,,,,,2.9703,6,0,9.09091,100,0
237363,,,,,,,,,,,,,,,,,,,,,,150077,,,,,,,
237864,,,,,,,,,,,,,,,,,,,,,,150394,,,,,,,
237989,47500,48100,47200,46200,47000,70000,1.2e+06,1.2e+06,1.2e+06,1.2e+06,1.596e+06,1.596e+06,,4696830.998,,,,,,,,,,9,4.0404,0,0,100,0
238364,,,,,,,,,,,,,,,,,,,,,,150710,,,,,,,
238864,,,,,,,,,,,,,,,,,,,,,,151027,,,,,,,
238989,47200,47700,46800,46000,46800,70000,1.2e+06,1.2e+06,1.2e+06,1.2e+06,1.596e+06,1.596e+06,,4696837.757,,,,,,,,,,1,1.96078,1,12.8713,100,0
239364,,,,,,,,,,,,,,,,,,,,,,151343,,,,,,,
239864,,,,,,,,,,,,,,,,,,,,,,151659,,,,,,,
239990,47500,47900,46800,45600,46800,70000,1.2e+06,1.2e+06,1.2e+06,1.2e+06,1.596e+06,1.596e+06,,4696844.456,,,,,,,,,,4.9505,3.0303,0,10.101,100,0
240365,,,,,,,,,,,,,,,,,,,,,,151976,,,,,,,
240866,,,,,,,,,,,,,,,,,,,,,,152293,,,,,,,
240990,47400,47900,47200,46000,46800,70000,1.2e+06,1.2e+06,1.2e+06,1.2e+06,1.596e+06,1.596e+06,24.965,4696851.207,,,,,,,,,,7,5.05051,1,1,100,0
241367,,,,,,,,,,,,,,,,,,,,,,152610,,,,,,,
241868,,,,,,,,,,,,,,,,,,,,,,152927,,,,,,,
241990,47500,47700,47000,46000,46800,70000,1.2e+06,1.2e+06,1.2e+06,1.2e+06,1.596e+06,1.596e+06,,4696857.906,,,,,,,,,,1,6.93069,7,1,100,0
242369,,,,,,,,,,,,,,,,,,,,,,153244,,,,,,,
242870,,,,,,,,,,,,,,,,,,,,,,153561,,,,,,,
242989,47500,47900,47000,46000,46600,70000,1.2e+06,1.2e+06,1.2e+06,1.2e+06,1.596e+06,1.596e+06,,4696864.672,,,,,,,,,,6.93069,4.0404,6,0,100,1
243370,,,,,,,,,,,,,,,,,,,,,,153877,,,,,,,
243871,,,,,,,,,,,,,,,,,,,,,,154194,,,,,,,
243989,47500,47900,47400,46000,46600,70000,1.2e+06,1.2e+06,1.2e+06,1.2e+06,1.596e+06,1.596e+06,,4696871.455,,,,,,,,,,8.16327,0,6,0,100,0
244370,,,,,,,,,,,,,,,,,,,,,,154510,,,,,,,
244870,,,,,,,,,,,,,,,,,,,,,,154827,,,,,,,
244989,47500,47900,47200,46200,46600,70000,1.2e+06,1.2e+06,1.2e+06,1.2e+06,1.596e+06,1.596e+06,,4696878.138,,,,,,,,,,1.9802,5.10204,5.10204,0,100,0
245370,,,,,,,,,,,,,,,,,,,,,,155143,,,,,,,
245871,,,,,,,,,,,,,,,,,,,,,,155460,,,,,,,
245989,47500,47900,47200,46200,46800,70000,1.2e+06,1.2e+06,1.2e+06,1.2e+06,1.596e+06,1.596e+06,,4696884.893,,,,,,,,,,8.82353,2,6.93069,0,100,0
246371,,,,,,,,,,,,,,,,,,,,,,155776,,,,,,,
246872,,,,,,,,,,,,,,,,,,,,,,156093,,,,,,,
246990,47700,48100,47400,46400,46800,70000,1.2e+06,1.2e+06,1.2e+06,1.2e+06,1.596e+06,1.596e+06,,4696889.976,,,,,,,,,,1,4,0,12,100,0
247372,,,,,,,,,,,,,,,,,,,,,,156409,,,,,,,
247872,,,,,,,,,,,,,,,,,,,,,,156725,,,,,,,
247989,47200,48100,47200,46000,46800,70000,1.2e+06,1.2e+06,1.2e+06,1.2e+06,1.596e+06,1.596e+06,,4696896.708,,,,,,,,,,0,0,0,12,100,0
248372,,,,,,,,,,,,,,,,,,,,,,157041,,,,,,,
248873,,,,,,,,,,,,,,,,,,,,,,157358,,,,,,,
248989,47200,48100,47200,46200,46800,70000,1.2e+06,1.2e+06,1.2e+06,1.2e+06,1.596e+06,1.596e+06,,4696903.405,,,,,,,,,,1,11.6505,3,0,100,0
249374,,,,,,,,,,,,,,,,,,,,,,157675,,,,,,,
249875,,,,,,,,,,,,,,,,,,,,,,157992,,,,,,,
249989,47500,48100,47500,46200,47000,70000,1.2e+06,1.2e+06,1.2e+06,1.2e+06,1.596e+06,1.596e+06,,4696910.195,,,,,,,,,,1,0,6.93069,8.08081,100,0.990099
250375,,,,,,,,,,,,,,,,,,,,,,158308,,,,,,,
250875,,,,,,,,,,,,,,,,,,,,,,158624,,,,,,,
250990,47500,48100,47400,46000,47000,70000,1.2e+06,1.2e+06,1.2e+06,1.2e+06,1.596e+06,1.596e+06,24.965,4696916.932,,,,,,,,,,1,0,5.10204,9,100,0
251376,,,,,,,,,,,,,,,,,,,,,,158941,,,,,,,
251877,,,,,,,,,,,,,,,,,,,,,,159258,,,,,,,
251989,47400,47700,47000,45800,46600,70000,1.2e+06,1.2e+06,1.2e+06,1.2e+06,1.596e+06,1.596e+06,,4696923.691,,,,,,,,,,1,0.990099,8.91089,5,100,0
252378,,,,,,,,,,,,,,,,,,,,,,159575,,,,,,,
252879,,,,,,,,,,,,,,,,,,,,,,159892,,,,,,,
252989,47500,47700,47200,46200,46600,70000,1.2e+06,1.2e+06,1.2e+06,1.2e+06,1.596e+06,1.596e+06,,4696930.466,,,,,,,,,,1.0101,0,12.1212,1,100,0
253379,,,,,,,,,,,,,,,,,,,,,,160208,,,,,,,
253879,,,,,,,,,,,,,,,,,,,,,,160524,,,,,,,
253990,47500,47700,47200,46000,46800,70000,1.2e+06,1.2e+06,1.2e+06,1.2e+06,1.596e+06,1.596e+06,,4696937.268,,,,,,,,,,5,1.0101,5.05051,5,100,0
254380,,,,,,,,,,,,,,,,,,,,,,160841,,,,,,,
254881,,,,,,,,,,,,,,,,,,,,,,161158,,,,,,,
254989,47500,48100,47400,46200,47200,70000,1.2e+06,1.2e+06,1.2e+06,1.2e+06,1.596e+06,1.596e+06,,4696943.953,,,,,,,,,,3.0303,0,1.9802,11.1111,100,0
255381,,,,,,,,,,,,,,,,,,,,,,161474,,,,,,,
255882,,,,,,,,,,,,,,,,,,,,,,161791,,,,,,,
255990,47400,47700,47000,46000,46600,70000,1.2e+06,1.2e+06,1.2e+06,1.2e+06,1.596e+06,1.596e+06,,4696950.675,,,,,,,,,,1,6,0,7.84314,100,0
256382,,,,,,,,,,,,,,,,,,,,,,162107,,,,,,,
256883,,,,,,,,,,,,,,,,,,,,,,162424,,,,,,,
256989,47500,47900,47200,46400,46600,70000,1.2e+06,1.2e+06,1.2e+06,1.2e+06,1.596e+06,1.596e+06,,4696957.402,,,,,,,,,,1,1.0101,1.02041,12,100,0
257384,,,,,,,,,,,,,,,,,,,,,,162741,,,,,,,
257884,,,,,,,,,,,,,,,,,,,,,,163057,,,,,,,
257990,47500,48100,47000,46000,46600,70000,1.2e+06,1.2e+06,1.2e+06,1.2e+06,1.596e+06,1.596e+06,,4696964.238,,,,,,,,,,1,3,1,11,100,0
258384,,,,,,,,,,,,,,,,,,,,,,163373,,,,,,,
258885,,,,,,,,,,,,,,,,,,,,,,163690,,,,,,,
258990,47500,47700,47200,46000,46600,70000,1.2e+06,1.2e+06,1.2e+06,1.2e+06,1.596e+06,1.596e+06,,4696970.932,,,,,,,,,,1,0,1,11.1111,100,0
259385,,,,,,,,,,,,,,,,,,,,,,164006,,,,,,,
259886,,,,,,,,,,,,,,,,,,,,,,164323,,,,,,,
259989,47700,47900,47200,46200,46800,70000,1.2e+06,1.2e+06,1.2e+06,1.2e+06,1.596e+06,1.596e+06,,4696977.708,,,,,,,,,,2,0,13.1313,0,100,0
260385,,,,,,,,,,,,,,,,,,,,,,164639,,,,,,,
260885,,,,,,,,,,,,,,,,,,,,,,164955,,,,,,,
260989,47500,47900,47200,46400,47000,70000,1.2e+06,1.2e+06,1.2e+06,1.2e+06,1.596e+06,1.596e+06,24.943,4696984.473,,,,,,,,,,0,0,10,6.06061,100,0.990099
261386,,,,,,,,,,,,,,,,,,,,,,165272,,,,,,,
261885,,,,,,,,,,,,,,,,,,,,,,165588,,,,,,,
261989,47400,47900,47200,46200,46800,70000,1.2e+06,1.2e+06,1.2e+06,1.2e+06,1.596e+06,1.596e+06,,4696991.257,,,,,,,,,,2.9703,6,1,6.93069,100,0
262385,,,,,,,,,,,,,,,,,,,,,,165904,,,,,,,
262886,,,,,,,,,,,,,,,,,,,,,,166221,,,,,,,
262989,47400,48100,47200,46000,46800,70000,1.2e+06,1.2e+06,1.2e+06,1.2e+06,1.596e+06,1.596e+06,,4696998.032,,,,,,,,,,4.9505,5,1,6.93069,100,0
263386,,,,,,,,,,,,,,,,,,,,,,166537,,,,,,,
263887,,,,,,,,,,,,,,,,,,,,,,166854,,,,,,,
263989,47500,47900,47200,46000,46800,70000,1.2e+06,1.2e+06,1.2e+06,1.2e+06,1.596e+06,1.596e+06,,4697004.701,,,,,,,,,,6.06061,2.9703,1,7,100,0
264388,,,,,,,,,,,,,,,,,,,,,,167171,,,,,,,
264887,,,,,,,,,,,,,,,,,,,,,,167487,,,,,,,
264989,47400,47900,47200,46000,46600,70000,1.2e+06,1.2e+06,1.2e+06,1.2e+06,1.596e+06,1.596e+06,,4697011.501,,,,,,,,,,12.1212,2.0202,0,0,100,0
265388,,,,,,,,,,,,,,,,,,,,,,167804,,,,,,,
265889,,,,,,,,,,,,,,,,,,,,,,168121,,,,,,,
265989,47500,48100,47400,46200,46800,70000,1.2e+06,1.2e+06,1.2e+06,1.2e+06,1.596e+06,1.596e+06,,4697018.277,,,,,,,,,,5.10204,6,0.990099,1,100,0
266390,,,,,,,,,,,,,,,,,,,,,,168438,,,,,,,
266891,,,,,,,,,,,,,,,,,,,,,,168755,,,,,,,
266990,47500,48100,47400,46000,47000,70000,1.2e+06,1.2e+06,1.2e+06,1.2e+06,1.596e+06,1.596e+06,,4697024.975,,,,,,,,,,1.0101,0,7,6,100,0
267391,,,,,,,,,,,,,,,,,,,,,,169071,,,,,,,
267892,,,,,,,,,,,,,,,,,,,,,,169388,,,,,,,
267990,47500,47900,47200,46000,46800,70000,1.2e+06,1.2e+06,1.2e+06,1.2e+06,1.596e+06,1.596e+06,,4697031.683,,,,,,,,,,1,0,13.1313,0,100,0
268393,,,,,,,,,,,,,,,,,,,,,,169705,,,,,,,
268893,,,,,,,,,,,,,,,,,,,,,,170021,,,,,,,
268989,47500,47700,47200,46200,46800,70000,1.2e+06,1.2e+06,1.2e+06,1.2e+06,1.596e+06,1.596e+06,,4697038.544,,,,,,,,,,1,1.9802,13.1313,0,100,0
269393,,,,,,,,,,,,,,,,,,,,,,170337,,,,,,,
269893,,,,,,,,,,,,,,,,,,,,,,170653,,,,,,,
269989,47200,47900,47200,46000,46800,70000,1.2e+06,1.2e+06,1.2e+06,1.2e+06,1.596e+06,1.596e+06,,4697045.168,,,,,,,,,,1,0,5.10204,6,100,0
270394,,,,,,,,,,,,,,,,,,,,,,170970,,,,,,,
270895,,,,,,,,,,,,,,,,,,,,,,171287,,,,,,,
270990,47400,48100,47400,46000,47000,70000,1.2e+06,1.2e+06,1.2e+06,1.2e+06,1.596e+06,1.596e+06,24.9,4697052.065,,,,,,,,,,7,1,0,8,100,0
271396,,,,,,,,,,,,,,,,,,,,,,171604,,,,,,,
271897,,,,,,,,,,,,,,,,,,,,,,171921,,,,,,,
271990,47500,48100,47200,46000,47000,70000,1.2e+06,1.2e+06,1.2e+06,1.2e+06,1.596e+06,1.596e+06,,4697058.863,,,,,,,,,,1,0,0,15.6863,100,0
272398,,,,,,,,,,,,,,,,,,,,,,172238,,,,,,,
272898,,,,,,,,,,,,,,,,,,,,,,172554,,,,,,,
272989,47500,47900,47200,46200,47000,70000,1.2e+06,1.2e+06,1.2e+06,1.2e+06,1.596e+06,1.596e+06,,4697065.622,,,,,,,,,,1,0,1,11.3402,100,0
273399,,,,,,,,,,,,,,,,,,,,,,172871,,,,,,,
273900,,,,,,,,,,,,,,,,,,,,,,173188,,,,,,,
273990,47500,47900,47000,46200,46800,70000,1.2e+06,1.2e+06,1.2e+06,1.2e+06,1.596e+06,1.596e+06,,4697072.301,,,,,,,,,,0,0,0,13.8614,100,0
274400,,,,,,,,,,,,,,,,,,,,,,173504,,,,,,,
274901,,,,,,,,,,,,,,,,,,,,,,173821,,,,,,,
274990,47500,47900,47400,46400,46800,70000,1.2e+06,1.2e+06,1.2e+06,1.2e+06,1.596e+06,1.596e+06,,4697079.070,,,,,,,,,,1,0.990099,1,15.1515,100,0
275402,,,,,,,,,,,,,,,,,,,,,,174138,,,,,,,
275903,,,,,,,,,,,,,,,,,,,,,,174455,,,,,,,
275989,47500,47900,47000,46400,46800,70000,1.2e+06,1.2e+06,1.2e+06,1.2e+06,1.596e+06,1.596e+06,,4697085.764,,,,,,,,,,1,0,1,11.2245,100,0
276403,,,,,,,,,,,,,,,,,,,,,,174772,,,,,,,
276903,,,,,,,,,,,,,,,,,,,,,,175088,,,,,,,
276989,47500,47900,47200,46400,46600,70000,1.2e+06,1.2e+06,1.2e+06,1.2e+06,1.596e+06,1.596e+06,,4697092.487,,,,,,,,,,1.9802,0,1,13.1313,100,0
277404,,,,,,,,,,,,,,,,,,,,,,175405,,,,,,,
277905,,,,,,,,,,,,,,,,,,,,,,175722,,,,,,,
277990,47500,48100,47200,46200,47000,70000,1.2e+06,1.2e+06,1.2e+06,1.2e+06,1.596e+06,1.596e+06,,4697099.146,,,,,,,,,,1,0.990099,1,14,100,0
278405,,,,,,,,,,,,,,,,,,,,,,176038,,,,,,,
278906,,,,,,,,,,,,,,,,,,,,,,176355,,,,,,,
278989,47400,47700,47200,46200,46800,70000,1.2e+06,1.2e+06,1.2e+06,1.2e+06,1.596e+06,1.596e+06,,4697104.317,,,,,,,,,,1,0,2,13.1313,100,1.9802
279405,,,,,,,,,,,,,,,,,,,,,,176671,,,,,,,
279906,,,,,,,,,,,,,,,,,,,,,,176988,,,,,,,
279989,47500,47900,47000,46000,46800,70000,1.2e+06,1.2e+06,1.2e+06,1.2e+06,1.596e+06,1.596e+06,,4697111.077,,,,,,,,,,1,0.990099,8,8.73786,100,0
280406,,,,,,,,,,,,,,,,,,,,,,177304,,,,,,,
280905,,,,,,,,,,,,,,,,,,,,,,177620,,,,,,,
280989,47500,48100,47200,46400,46800,70000,1.2e+06,1.2e+06,1.2e+06,1.2e+06,1.596e+06,1.596e+06,24.911,4697117.773,,,,,,,,,,2.0202,0.990099,8,4.0404,100,0
281406,,,,,,,,,,,,,,,,,,,,,,177937,,,,,,,
281906,,,,,,,,,,,,,,,,,,,,,,178253,,,,,,,
281989,47200,47900,47200,46200,46800,70000,1.2e+06,1.2e+06,1.2e+06,1.2e+06,1.596e+06,1.596e+06,,4697124.606,,,,,,,,,,2.0202,0,11.1111,0,100,0
282407,,,,,,,,,,,,,,,,,,,,,,178570,,,,,,,
282908,,,,,,,,,,,,,,,,,,,,,,178887,,,,,,,
282989,47500,48100,47400,46400,47000,70000,1.2e+06,1.2e+06,1.2e+06,1.2e+06,1.596e+06,1.596e+06,,4697131.381,,,,,,,,,,2,0,6,4.08163,100,0
283407,,,,,,,,,,,,,,,,,,,,,,179203,,,,,,,
283908,,,,,,,,,,,,,,,,,,,,,,179520,,,,,,,
283989,47500,48100,47200,46200,47000,70000,1.2e+06,1.2e+06,1.2e+06,1.2e+06,1.596e+06,1.596e+06,,4697138.071,,,,,,,,,,1,2,17.6471,0,100,0
284407,,,,,,,,,,,,,,,,,,,,,,179836,,,,,,,
284908,,,,,,,,,,,,,,,,,,,,,,180153,,,,,,,
284989,47500,47900,47200,46000,46800,70000,1.2e+06,1.2e+06,1.2e+06,1.2e+06,1.596e+06,1.596e+06,,4697144.839,,,,,,,,,,1,0,8.91089,6,100,0
285407,,,,,,,,,,,,,,,,,,,,,,180469,,,,,,,
285907,,,,,,,,,,,,,,,,,,,,,,180785,,,,,,,
285989,47500,48100,47200,46400,47000,70000,1.2e+06,1.2e+06,1.2e+06,1.2e+06,1.596e+06,1.596e+06,,4697151.560,,,,,,,,,,1,1,6,5.05051,100,0
286407,,,,,,,,,,,,,,,,,,,,,,181101,,,,,,,
286908,,,,,,,,,,,,,,,,,,,,,,181418,,,,,,,
286990,47500,48100,47200,46000,46800,70000,1.2e+06,1.2e+06,1.2e+06,1.2e+06,1.596e+06,1.596e+06,,4697158.313,,,,,,,,,,1,1,13.1313,0,100,0
287409,,,,,,,,,,,,,,,,,,,,,,181735,,,,,,,
287910,,,,,,,,,,,,,,,,,,,,,,182052,,,,,,,
287989,47500,47900,47200,46000,46800,70000,1.2e+06,1.2e+06,1.2e+06,1.2e+06,1.596e+06,1.596e+06,,4697164.984,,,,,,,,,,1,2.9703,3.06122,12,100,0
288409,,,,,,,,,,,,,,,,,,,,,,182368,,,,,,,
288909,,,,,,,,,,,,,,,,,,,,,,182684,,,,,,,
288990,47500,47700,47400,46400,46800,70000,1.2e+06,1.2e+06,1.2e+06,1.2e+06,1.596e+06,1.596e+06,,4697171.801,,,,,,,,,,7,5.05051,2.94118,1,100,0
289409,,,,,,,,,,,,,,,,,,,,,,183000,,,,,,,
289909,,,,,,,,,,,,,,,,,,,,,,183317,,,,,,,
289990,47500,48100,47200,46400,46800,70000,1.2e+06,1.2e+06,1.2e+06,1.2e+06,1.596e+06,1.596e+06,,4697178.568,,,,,,,,,,2,1,14.8515,0.990099,100,0
290410,,,,,,,,,,,,,,,,,,,,,,183634,,,,,,,
290911,,,,,,,,,,,,,,,,,,,,,,183951,,,,,,,
290989,47500,47900,47200,46600,47000,70000,1.2e+06,1.2e+06,1.2e+06,1.2e+06,1.596e+06,1.596e+06,24.9,4697185.257,,,,,,,,,,0,2.94118,14,0,100,0
291412,,,,,,,,,,,,,,,,,,,,,,184268,,,,,,,
291911,,,,,,,,,,,,,,,,,,,,,,184584,,,,,,,
291990,47500,47900,47400,46000,47000,70000,1.2e+06,1.2e+06,1.2e+06,1.2e+06,1.596e+06,1.596e+06,,4697191.996,,,,,,,,,,1,0,11.1111,0,100,0
292412,,,,,,,,,,,,,,,,,,,,,,184901,,,,,,,
292913,,,,,,,,,,,,,,,,,,,,,,185218,,,,,,,
292990,47500,48100,47200,46400,46800,70000,1.2e+06,1.2e+06,1.2e+06,1.2e+06,1.596e+06,1.596e+06,,4697198.690,,,,,,,,,,1,1,16,0.990099,100,0
293413,,,,,,,,,,,,,,,,,,,,,,185534,,,,,,,
293913,,,,,,,,,,,,,,,,,,,,,,185850,,,,,,,
293990,47500,47900,47200,46200,47000,70000,1.2e+06,1.2e+06,1.2e+06,1.2e+06,1.596e+06,1.596e+06,,4697205.575,,,,,,,,,,1.9802,1.9802,14,0,100,0
294413,,,,,,,,,,,,,,,,,,,,,,186166,,,,,,,
294914,,,,,,,,,,,,,,,,,,,,,,186483,,,,,,,
294989,47500,47900,47000,46400,47000,70000,1.2e+06,1.2e+06,1.2e+06,1.2e+06,1.596e+06,1.596e+06,,4697212.239,,,,,,,,,,7,0,6.06061,0,100,0
295414,,,,,,,,,,,,,,,,,,,,,,186799,,,,,,,
295914,,,,,,,,,,,,,,,,,,,,,,187115,,,,,,,
295990,47500,48100,47200,46200,47000,70000,1.2e+06,1.2e+06,1.2e+06,1.2e+06,1.596e+06,1.596e+06,,4697218.965,,,,,,,,,,1.0101,0,13.1313,1,100,1
296414,,,,,,,,,,,,,,,,,,,,,,187431,,,,,,,
296914,,,,,,,,,,,,,,,,,,,,,,187747,,,,,,,
296989,47500,47900,47500,46200,47200,70000,1.2e+06,1.2e+06,1.2e+06,1.2e+06,1.596e+06,1.596e+06,,4697225.678,,,,,,,,,,1.0101,0.990099,14.2857,0,100,0
297415,,,,,,,,,,,,,,,,,,,,,,188064,,,,,,,
297916,,,,,,,,,,,,,,,,,,,,,,188381,,,,,,,
297990,47500,47900,47200,46400,47200,70000,1.2e+06,1.2e+06,1.2e+06,1.2e+06,1.596e+06,1.596e+06,,4697232.486,,,,,,,,,,1.9802,0,7.84314,5,100,0
298417,,,,,,,,,,,,,,,,,,,,,,188698,,,,,,,
298917,,,,,,,,,,,,,,,,,,,,,,189014,,,,,,,
298990,47500,47900,47200,46200,47000,70000,1.2e+06,1.2e+06,1.2e+06,1.2e+06,1.596e+06,1.596e+06,,4697239.238,,,,,,,,,,7,0,0,7.14286,100,0
299418,,,,,,,,,,,,,,,,,,,,,,189331,,,,,,,
299917,,,,,,,,,,,,,,,,,,,,,,189647,,,,,,,
299989,47500,47900,47200,46000,47000,70000,1.2e+06,1.2e+06,1.2e+06,1.2e+06,1.596e+06,1.596e+06,,4697245.940,,,,,,,,,,0,0,0,15,100,0
