# Started at: 2022-04-24 12:54:27 +0000, Version: v0.1-177-gf3f14d1, Generated by: thermobench --verbose --time=300 --wait=50 --wait-timeout=60 --sensors_file=/root/thermobench/src/sensors.imx8 --cpu-usage --column=CPU0_work_done --column=CPU1_work_done --column=CPU2_work_done --column=CPU3_work_done --column=CPU4_work_done --column=CPU5_work_done --output=/root/JSA/coefficients_experiment/measurements/imx8b//membench-4M-RO-R_A53_all.json.yaml.csv -- demos-sched -p high -c /root/JSA/coefficients_experiment/demos_configurations/imx8//membench-4M-RO-R_A53_all.json.yaml
time/ms,CPU_0_temp/m°C,CPU_1_temp/m°C,GPU_0_temp/m°C,GPU_1_temp/m°C,DRC_temp/m°C,PMIC_temp/m°C,Cortex_A53_0_freq/Hz,Cortex_A53_1_freq/Hz,Cortex_A53_2_freq/Hz,Cortex_A53_3_freq/Hz,Cortex_A72_0_freq/Hz,Cortex_A72_1_freq/Hz,ambient,energy,cam_cpu,cam_mem,heat_sources,CPU0_work_done,CPU1_work_done,CPU2_work_done,CPU3_work_done,CPU4_work_done,CPU5_work_done,CPU0_load/%,CPU1_load/%,CPU2_load/%,CPU3_load/%,CPU4_load/%,CPU5_load/%
1.12261,49500,49100,49700,48100,48700,70000,600000,600000,600000,600000,600000,600000,,,,,,,,,,,,0,0,0,0,0,0
983.605,50300,49900,49900,48900,49100,70000,1.2e+06,1.2e+06,1.2e+06,1.2e+06,1.596e+06,1.596e+06,25.008,4826964.163,,,,,,,,,,87.6289,86.8687,88.8889,88.8889,1.03093,5.10204
1983.87,50300,50300,49900,48700,49500,70000,1.2e+06,1.2e+06,1.2e+06,1.2e+06,1.596e+06,1.596e+06,,4826971.601,,,,,,,,,,100,100,100,100,3,6.93069
2983.3,50500,50100,50300,48900,49300,70000,1.2e+06,1.2e+06,1.2e+06,1.2e+06,1.596e+06,1.596e+06,,4826979.103,,,,,,,,,,100,100,100,100,5.88235,4
3983.55,50500,50300,50500,48900,49500,70000,1.2e+06,1.2e+06,1.2e+06,1.2e+06,1.596e+06,1.596e+06,,4826986.532,,,,,,,,,,100,100,100,100,1.9802,6.12245
4983.31,50500,50300,50300,49100,49900,70000,1.2e+06,1.2e+06,1.2e+06,1.2e+06,1.596e+06,1.596e+06,,4826993.984,,,,,,,,,,100,100,100,100,0,5.94059
5983.66,50500,50300,50100,48900,49500,70000,1.2e+06,1.2e+06,1.2e+06,1.2e+06,1.596e+06,1.596e+06,,4827001.536,,,,,,,,,,100,100,100,100,2,4
6983.54,50700,50300,50300,48900,49500,70000,1.2e+06,1.2e+06,1.2e+06,1.2e+06,1.596e+06,1.596e+06,,4827009.072,,,,,,,,,,100,100,100,100,0,6.12245
7739.59,,,,,,,,,,,,,,,,,,,0,,,,,,,,,,
7743.53,,,,,,,,,,,,,,,,,,,,0,,,,,,,,,
7750.17,,,,,,,,,,,,,,,,,,,,,0,,,,,,,,
7983.46,50700,50500,50300,49100,49700,70000,1.2e+06,1.2e+06,1.2e+06,1.2e+06,1.596e+06,1.596e+06,,4827016.553,,,,,,,,,,100,100,100,100,1,5.10204
7988.46,,,,,,,,,,,,,,,,,,0,,,,,,,,,,,
8983.31,50700,50300,50300,48900,49900,70000,1.2e+06,1.2e+06,1.2e+06,1.2e+06,1.596e+06,1.596e+06,,4827024.064,,,,,,,,,,100,100,100,100,0.990099,3.06122
9983.88,50700,50500,50300,48900,49700,70000,1.2e+06,1.2e+06,1.2e+06,1.2e+06,1.596e+06,1.596e+06,,4827031.509,,,,,,,,,,100,100,100,100,0,6
10983,50700,50300,50300,48900,49500,70000,1.2e+06,1.2e+06,1.2e+06,1.2e+06,1.596e+06,1.596e+06,24.975,4827038.987,,,,,,,,,,100,100,100,100,1,6.93069
11983.2,50700,50300,50100,48900,49500,70000,1.2e+06,1.2e+06,1.2e+06,1.2e+06,1.596e+06,1.596e+06,,4827046.436,,,,,,,,,,100,100,100,100,0,5.94059
12983.3,50700,50300,50300,48900,49500,70000,1.2e+06,1.2e+06,1.2e+06,1.2e+06,1.596e+06,1.596e+06,,4827053.936,,,,,,,,,,100,100,100,100,0.990099,7
13983.6,50500,50300,49900,48900,49500,70000,1.2e+06,1.2e+06,1.2e+06,1.2e+06,1.596e+06,1.596e+06,,4827061.497,,,,,,,,,,100,100,100,100,0,5.15464
14887.1,,,,,,,,,,,,,,,,,,,1,,,,,,,,,,
14889.2,,,,,,,,,,,,,,,,,,,,1,,,,,,,,,
14896.8,,,,,,,,,,,,,,,,,,,,,1,,,,,,,,
14983.4,50700,50300,50500,49100,49300,70000,1.2e+06,1.2e+06,1.2e+06,1.2e+06,1.596e+06,1.596e+06,,4827068.941,,,,,,,,,,100,100,100,100,1.0101,5
15338,,,,,,,,,,,,,,,,,,1,,,,,,,,,,,
15983.4,50500,50300,50100,48700,49500,70000,1.2e+06,1.2e+06,1.2e+06,1.2e+06,1.596e+06,1.596e+06,,4827076.374,,,,,,,,,,100,100,100,100,1,7
16983.8,50700,50100,50100,48900,49500,70000,1.2e+06,1.2e+06,1.2e+06,1.2e+06,1.596e+06,1.596e+06,,4827083.888,,,,,,,,,,100,100,100,100,1.0101,5.94059
17983,50700,50300,50300,48900,49500,70000,1.2e+06,1.2e+06,1.2e+06,1.2e+06,1.596e+06,1.596e+06,,4827091.403,,,,,,,,,,100,100,100,100,0,4.08163
18983.7,50700,50300,50300,48900,49300,70000,1.2e+06,1.2e+06,1.2e+06,1.2e+06,1.596e+06,1.596e+06,,4827098.859,,,,,,,,,,100,100,100,100,0,8
19983.4,50700,50300,50300,49100,49500,70000,1.2e+06,1.2e+06,1.2e+06,1.2e+06,1.596e+06,1.596e+06,,4827106.387,,,,,,,,,,100,100,100,100,0,4.08163
20983.8,50700,50300,50100,48900,49500,70000,1.2e+06,1.2e+06,1.2e+06,1.2e+06,1.596e+06,1.596e+06,24.965,4827113.832,,,,,,,,,,100,100,100,100,0,4.12371
21983.9,50500,50100,49900,48900,49500,70000,1.2e+06,1.2e+06,1.2e+06,1.2e+06,1.596e+06,1.596e+06,,4827121.356,,,,,,,,,,100,100,100,100,2.94118,6.06061
22035.7,,,,,,,,,,,,,,,,,,,2,2,,,,,,,,,
22044.7,,,,,,,,,,,,,,,,,,,,,2,,,,,,,,
22712.6,,,,,,,,,,,,,,,,,,2,,,,,,,,,,,
22982.9,50500,50100,50100,49100,49700,70000,1.2e+06,1.2e+06,1.2e+06,1.2e+06,1.596e+06,1.596e+06,,4827128.853,,,,,,,,,,100,100,100,100,1,4.0404
23983.9,50500,50100,50100,49100,49500,70000,1.2e+06,1.2e+06,1.2e+06,1.2e+06,1.596e+06,1.596e+06,,4827134.440,,,,,,,,,,100,100,100,100,0,8.91089
24983.1,50700,50300,50100,49100,49500,70000,1.2e+06,1.2e+06,1.2e+06,1.2e+06,1.596e+06,1.596e+06,,4827141.913,,,,,,,,,,100,100,100,100,0,6
25983.9,50500,50500,50300,48900,49500,70000,1.2e+06,1.2e+06,1.2e+06,1.2e+06,1.596e+06,1.596e+06,,4827149.553,,,,,,,,,,100,100,100,100,1,8.82353
26983.4,50300,50100,50300,48900,49700,70000,1.2e+06,1.2e+06,1.2e+06,1.2e+06,1.596e+06,1.596e+06,,4827156.995,,,,,,,,,,100,100,100,100,5.10204,0
27983.2,50500,50300,50100,48900,49500,70000,1.2e+06,1.2e+06,1.2e+06,1.2e+06,1.596e+06,1.596e+06,,4827164.498,,,,,,,,,,100,100,100,100,5.05051,0
28983.4,50300,50100,50100,48700,49500,70000,1.2e+06,1.2e+06,1.2e+06,1.2e+06,1.596e+06,1.596e+06,,4827172.032,,,,,,,,,,100,100,100,100,4.12371,1
29182.3,,,,,,,,,,,,,,,,,,,,3,,,,,,,,,
29183.3,,,,,,,,,,,,,,,,,,,3,,,,,,,,,,
29191.8,,,,,,,,,,,,,,,,,,,,,3,,,,,,,,
29983.5,50700,50300,49900,49100,49500,70000,1.2e+06,1.2e+06,1.2e+06,1.2e+06,1.596e+06,1.596e+06,,4827179.584,,,,,,,,,,100,100,100,100,7,0
30093.4,,,,,,,,,,,,,,,,,,3,,,,,,,,,,,
30983,50300,50100,50100,48500,49500,70000,1.2e+06,1.2e+06,1.2e+06,1.2e+06,1.596e+06,1.596e+06,24.943,4827187.045,,,,,,,,,,100,100,100,100,4.0404,0
31983.7,50500,50100,49900,48900,49500,70000,1.2e+06,1.2e+06,1.2e+06,1.2e+06,1.596e+06,1.596e+06,,4827194.647,,,,,,,,,,100,100,100,100,5.10204,0
32983.4,50500,50300,50100,48900,49500,70000,1.2e+06,1.2e+06,1.2e+06,1.2e+06,1.596e+06,1.596e+06,,4827202.097,,,,,,,,,,100,100,100,100,5.05051,1.9802
33983.7,50500,50300,50100,49100,49500,70000,1.2e+06,1.2e+06,1.2e+06,1.2e+06,1.596e+06,1.596e+06,,4827209.632,,,,,,,,,,100,100,100,100,6,0.990099
34983.7,50500,50300,50300,48700,49500,70000,1.2e+06,1.2e+06,1.2e+06,1.2e+06,1.596e+06,1.596e+06,,4827217.060,,,,,,,,,,100,100,100,100,5.10204,1
35983.6,50300,50300,49900,48900,49500,70000,1.2e+06,1.2e+06,1.2e+06,1.2e+06,1.596e+06,1.596e+06,,4827224.564,,,,,,,,,,100,100,100,100,0,5.05051
36327.5,,,,,,,,,,,,,,,,,,,,4,,,,,,,,,
36330.4,,,,,,,,,,,,,,,,,,,4,,,,,,,,,,
36337.7,,,,,,,,,,,,,,,,,,,,,4,,,,,,,,
36983.7,50300,50100,49900,48700,49500,70000,1.2e+06,1.2e+06,1.2e+06,1.2e+06,1.596e+06,1.596e+06,,4827232.063,,,,,,,,,,100,100,100,100,1.96078,5.05051
37487,,,,,,,,,,,,,,,,,,4,,,,,,,,,,,
37983.8,50700,50300,49900,48700,49700,70000,1.2e+06,1.2e+06,1.2e+06,1.2e+06,1.596e+06,1.596e+06,,4827239.560,,,,,,,,,,100,100,100,100,3.0303,2.04082
38983.5,50500,49900,50100,48700,49500,70000,1.2e+06,1.2e+06,1.2e+06,1.2e+06,1.596e+06,1.596e+06,,4827246.985,,,,,,,,,,100,100,100,100,4,1.96078
39983.5,50300,50100,50300,48700,49500,70000,1.2e+06,1.2e+06,1.2e+06,1.2e+06,1.596e+06,1.596e+06,,4827254.582,,,,,,,,,,100,100,100,100,3.09278,1
40982.9,50300,49900,49900,48700,49300,70000,1.2e+06,1.2e+06,1.2e+06,1.2e+06,1.596e+06,1.596e+06,24.965,4827262.044,,,,,,,,,,100,100,100,100,6,0
41983.2,50300,49900,50100,48700,49500,70000,1.2e+06,1.2e+06,1.2e+06,1.2e+06,1.596e+06,1.596e+06,,4827269.579,,,,,,,,,,100,100,100,100,4.08163,0.990099
42983.5,50300,49900,49900,48700,49300,70000,1.2e+06,1.2e+06,1.2e+06,1.2e+06,1.596e+06,1.596e+06,,4827277.004,,,,,,,,,,100,100,100,100,5.94059,1
43474.7,,,,,,,,,,,,,,,,,,,,5,,,,,,,,,
43477.1,,,,,,,,,,,,,,,,,,,5,,,,,,,,,,
43483.9,,,,,,,,,,,,,,,,,,,,,5,,,,,,,,
43983.3,50300,50100,49900,48900,49100,70000,1.2e+06,1.2e+06,1.2e+06,1.2e+06,1.596e+06,1.596e+06,,4827284.529,,,,,,,,,,100,100,100,100,6,1
44892.4,,,,,,,,,,,,,,,,,,5,,,,,,,,,,,
44983.6,50100,49900,49900,48700,49500,70000,1.2e+06,1.2e+06,1.2e+06,1.2e+06,1.596e+06,1.596e+06,,4827291.965,,,,,,,,,,100,100,100,100,3.06122,1
45983,50300,50100,49900,48700,49100,70000,1.2e+06,1.2e+06,1.2e+06,1.2e+06,1.596e+06,1.596e+06,,4827299.508,,,,,,,,,,100,100,100,100,5,0
46983.7,50300,49900,50300,48700,49500,70000,1.2e+06,1.2e+06,1.2e+06,1.2e+06,1.596e+06,1.596e+06,,4827307.025,,,,,,,,,,100,100,100,100,5.10204,1
47983.4,50300,50100,50100,48700,49500,70000,1.2e+06,1.2e+06,1.2e+06,1.2e+06,1.596e+06,1.596e+06,,4827314.450,,,,,,,,,,100,100,100,100,5,0.990099
48983.3,50500,50100,50100,49100,49500,70000,1.2e+06,1.2e+06,1.2e+06,1.2e+06,1.596e+06,1.596e+06,,4827321.957,,,,,,,,,,100,100,100,100,1,6.06061
49983.9,50100,49900,50100,48700,49500,70000,1.2e+06,1.2e+06,1.2e+06,1.2e+06,1.596e+06,1.596e+06,,4827329.449,,,,,,,,,,100,100,100,100,0,6
50620.9,,,,,,,,,,,,,,,,,,,,6,,,,,,,,,
50624,,,,,,,,,,,,,,,,,,,6,,,,,,,,,,
50631.4,,,,,,,,,,,,,,,,,,,,,6,,,,,,,,
50983.2,50300,50100,50100,48700,49300,70000,1.2e+06,1.2e+06,1.2e+06,1.2e+06,1.596e+06,1.596e+06,24.997,4827336.968,,,,,,,,,,100,100,100,100,0,5.05051
51983.3,50300,50100,49900,49100,49300,70000,1.2e+06,1.2e+06,1.2e+06,1.2e+06,1.596e+06,1.596e+06,,4827344.389,,,,,,,,,,100,100,100,100,0,7.84314
52271.2,,,,,,,,,,,,,,,,,,6,,,,,,,,,,,
52983.8,50300,50500,49900,48700,49300,70000,1.2e+06,1.2e+06,1.2e+06,1.2e+06,1.596e+06,1.596e+06,,4827351.918,,,,,,,,,,100,100,100,100,0,3.09278
53983.9,50300,50100,50100,48700,49500,70000,1.2e+06,1.2e+06,1.2e+06,1.2e+06,1.596e+06,1.596e+06,,4827359.345,,,,,,,,,,100,100,100,100,1.9802,8.73786
54983.7,50300,50100,50100,48700,49300,70000,1.2e+06,1.2e+06,1.2e+06,1.2e+06,1.596e+06,1.596e+06,,4827366.918,,,,,,,,,,100,100,100,100,7,0
55983.1,50300,50100,50100,49100,49300,70000,1.2e+06,1.2e+06,1.2e+06,1.2e+06,1.596e+06,1.596e+06,,4827374.322,,,,,,,,,,99.0196,100,100,100,4.0404,1
56983.1,50300,50300,49900,48700,49500,70000,1.2e+06,1.2e+06,1.2e+06,1.2e+06,1.596e+06,1.596e+06,,4827381.819,,,,,,,,,,100,100,100,100,4.12371,1
57767.8,,,,,,,,,,,,,,,,,,,,7,,,,,,,,,
57772.2,,,,,,,,,,,,,,,,,,,7,,,,,,,,,,
57777.9,,,,,,,,,,,,,,,,,,,,,7,,,,,,,,
57983.9,50300,50100,49900,48700,49500,70000,1.2e+06,1.2e+06,1.2e+06,1.2e+06,1.596e+06,1.596e+06,,4827389.274,,,,,,,,,,100,100,100,100,5.10204,0
58982.9,50100,50100,49900,48900,49300,70000,1.2e+06,1.2e+06,1.2e+06,1.2e+06,1.596e+06,1.596e+06,,4827396.870,,,,,,,,,,100,100,100,100,5.05051,0
59687,,,,,,,,,,,,,,,,,,7,,,,,,,,,,,
59983.7,50300,50100,49700,48700,49300,70000,1.2e+06,1.2e+06,1.2e+06,1.2e+06,1.596e+06,1.596e+06,,4827402.473,,,,,,,,,,100,100,100,100,6.06061,0.990099
60983.5,50300,50300,49700,48500,49300,70000,1.2e+06,1.2e+06,1.2e+06,1.2e+06,1.596e+06,1.596e+06,25.018,4827409.977,,,,,,,,,,100,100,100,100,6.06061,0
61983.1,50300,50100,50100,48900,49500,70000,1.2e+06,1.2e+06,1.2e+06,1.2e+06,1.596e+06,1.596e+06,,4827417.507,,,,,,,,,,100,100,100,100,4.0404,0
62983,50300,50100,49900,48700,49300,70000,1.2e+06,1.2e+06,1.2e+06,1.2e+06,1.596e+06,1.596e+06,,4827424.844,,,,,,,,,,100,100,100,100,7,0
63983,50300,50300,49900,48700,49300,70000,1.2e+06,1.2e+06,1.2e+06,1.2e+06,1.596e+06,1.596e+06,,4827432.468,,,,,,,,,,100,100,100,100,7.92079,1.9802
64915.9,,,,,,,,,,,,,,,,,,,,8,,,,,,,,,
64922,,,,,,,,,,,,,,,,,,,8,,,,,,,,,,
64925.3,,,,,,,,,,,,,,,,,,,,,8,,,,,,,,
64983.5,50300,50100,50100,48700,49500,70000,1.2e+06,1.2e+06,1.2e+06,1.2e+06,1.596e+06,1.596e+06,,4827439.969,,,,,,,,,,100,100,100,100,3.06122,0
65983.7,50300,50300,49900,48700,49300,70000,1.2e+06,1.2e+06,1.2e+06,1.2e+06,1.596e+06,1.596e+06,,4827447.461,,,,,,,,,,100,100,100,100,0,7
66983.9,50300,50100,49900,48700,49300,70000,1.2e+06,1.2e+06,1.2e+06,1.2e+06,1.596e+06,1.596e+06,,4827454.971,,,,,,,,,,100,100,100,100,1.0101,5.94059
67112.3,,,,,,,,,,,,,,,,,,8,,,,,,,,,,,
67983.8,50300,49900,49900,48700,49300,70000,1.2e+06,1.2e+06,1.2e+06,1.2e+06,1.596e+06,1.596e+06,,4827462.414,,,,,,,,,,100,100,100,100,1,5.05051
68982.9,50300,50300,50100,48900,49500,70000,1.2e+06,1.2e+06,1.2e+06,1.2e+06,1.596e+06,1.596e+06,,4827469.911,,,,,,,,,,100,100,100,100,1,4.12371
69982.9,50500,50300,49900,48900,49300,70000,1.2e+06,1.2e+06,1.2e+06,1.2e+06,1.596e+06,1.596e+06,,4827477.355,,,,,,,,,,100,100,100,100,0,6
70983.5,50300,50100,49900,48700,49700,70000,1.2e+06,1.2e+06,1.2e+06,1.2e+06,1.596e+06,1.596e+06,25.029,4827484.882,,,,,,,,,,100,100,100,100,0,4.08163
71983.7,50100,50100,50100,48900,49500,70000,1.2e+06,1.2e+06,1.2e+06,1.2e+06,1.596e+06,1.596e+06,,4827492.344,,,,,,,,,,100,100,100,100,1.9802,5.10204
72062.9,,,,,,,,,,,,,,,,,,,,9,,,,,,,,,
72070.1,,,,,,,,,,,,,,,,,,,9,,,,,,,,,,
72073.1,,,,,,,,,,,,,,,,,,,,,9,,,,,,,,
72983.1,50300,49900,50100,48500,49500,70000,1.2e+06,1.2e+06,1.2e+06,1.2e+06,1.596e+06,1.596e+06,,4827499.866,,,,,,,,,,100,100,100,100,6.93069,1
73983.3,50300,50100,50100,48500,49500,70000,1.2e+06,1.2e+06,1.2e+06,1.2e+06,1.596e+06,1.596e+06,,4827507.355,,,,,,,,,,100,100,100,100,3.09278,1
74513.5,,,,,,,,,,,,,,,,,,9,,,,,,,,,,,
74983,50500,49900,50100,48900,49500,70000,1.2e+06,1.2e+06,1.2e+06,1.2e+06,1.596e+06,1.596e+06,,4827514.802,,,,,,,,,,100,100,100,100,1,5.10204
75983.3,50500,50100,49900,48700,49500,70000,1.2e+06,1.2e+06,1.2e+06,1.2e+06,1.596e+06,1.596e+06,,4827522.307,,,,,,,,,,100,100,100,100,0,5.05051
76983.5,50300,49900,49900,48700,49500,70000,1.2e+06,1.2e+06,1.2e+06,1.2e+06,1.596e+06,1.596e+06,,4827529.752,,,,,,,,,,100,100,100,100,1.0101,6.93069
77983.5,50300,50100,50100,49100,49300,70000,1.2e+06,1.2e+06,1.2e+06,1.2e+06,1.596e+06,1.596e+06,,4827537.301,,,,,,,,,,100,100,100,100,1,6
78982.9,50300,50100,49900,48700,49300,70000,1.2e+06,1.2e+06,1.2e+06,1.2e+06,1.596e+06,1.596e+06,,4827544.812,,,,,,,,,,100,100,100,100,0,5.05051
79210.3,,,,,,,,,,,,,,,,,,,,10,,,,,,,,,
79217.5,,,,,,,,,,,,,,,,,,,10,,,,,,,,,,
79220.6,,,,,,,,,,,,,,,,,,,,,10,,,,,,,,
79983.7,50300,50100,49900,48700,49300,70000,1.2e+06,1.2e+06,1.2e+06,1.2e+06,1.596e+06,1.596e+06,,4827552.251,,,,,,,,,,100,100,100,100,1,6.06061
80983.1,50500,50300,49900,48900,49500,70000,1.2e+06,1.2e+06,1.2e+06,1.2e+06,1.596e+06,1.596e+06,25.04,4827559.796,,,,,,,,,,100,100,100,100,0,6.93069
81890.2,,,,,,,,,,,,,,,,,,10,,,,,,,,,,,
81983.4,50100,50100,49900,48500,49300,70000,1.2e+06,1.2e+06,1.2e+06,1.2e+06,1.596e+06,1.596e+06,,4827567.251,,,,,,,,,,100,100,100,100,0,4.08163
82983.6,50300,50100,49900,48900,49700,70000,1.2e+06,1.2e+06,1.2e+06,1.2e+06,1.596e+06,1.596e+06,,4827574.763,,,,,,,,,,100,100,100,100,1.0101,6.06061
83983.7,50300,50100,50100,48700,49300,70000,1.2e+06,1.2e+06,1.2e+06,1.2e+06,1.596e+06,1.596e+06,,4827582.234,,,,,,,,,,100,100,100,100,1,5.05051
84983.1,50300,50100,49900,48700,49500,70000,1.2e+06,1.2e+06,1.2e+06,1.2e+06,1.596e+06,1.596e+06,,4827589.724,,,,,,,,,,100,100,100,100,1,5.05051
85983.7,50500,49900,49700,48500,49500,70000,1.2e+06,1.2e+06,1.2e+06,1.2e+06,1.596e+06,1.596e+06,,4827597.239,,,,,,,,,,100,100,100,100,1,6.06061
86357.6,,,,,,,,,,,,,,,,,,,,11,,,,,,,,,
86365.4,,,,,,,,,,,,,,,,,,,11,,,,,,,,,,
86368,,,,,,,,,,,,,,,,,,,,,11,,,,,,,,
86983.6,50300,50100,50300,49100,49500,70000,1.2e+06,1.2e+06,1.2e+06,1.2e+06,1.596e+06,1.596e+06,,4827604.766,,,,,,,,,,100,100,100,100,0,5.05051
87983.8,50300,50100,50100,48900,49500,70000,1.2e+06,1.2e+06,1.2e+06,1.2e+06,1.596e+06,1.596e+06,,4827612.293,,,,,,,,,,100,100,100,100,1.9802,5.05051
88982.9,50500,50100,49900,48700,49700,70000,1.2e+06,1.2e+06,1.2e+06,1.2e+06,1.596e+06,1.596e+06,,4827619.734,,,,,,,,,,100,100,100,100,1.9802,4.0404
89246.9,,,,,,,,,,,,,,,,,,11,,,,,,,,,,,
89983.6,50300,50300,50100,48700,49300,70000,1.2e+06,1.2e+06,1.2e+06,1.2e+06,1.596e+06,1.596e+06,,4827627.257,,,,,,,,,,100,100,100,100,5.10204,0
90983.8,50300,50100,49900,48700,49700,70000,1.2e+06,1.2e+06,1.2e+06,1.2e+06,1.596e+06,1.596e+06,25.083,4827634.819,,,,,,,,,,100,100,100,100,7,0
91983,50300,50100,49900,48700,49500,70000,1.2e+06,1.2e+06,1.2e+06,1.2e+06,1.596e+06,1.596e+06,,4827642.344,,,,,,,,,,100,100,100,100,5,0
92982.9,50300,50300,49900,48900,49500,70000,1.2e+06,1.2e+06,1.2e+06,1.2e+06,1.596e+06,1.596e+06,,4827649.813,,,,,,,,,,100,100,100,100,5.10204,1
93505.2,,,,,,,,,,,,,,,,,,,,12,,,,,,,,,
93512.4,,,,,,,,,,,,,,,,,,,12,,,,,,,,,,
93515.8,,,,,,,,,,,,,,,,,,,,,12,,,,,,,,
93983.4,50300,50300,50300,48900,49500,70000,1.2e+06,1.2e+06,1.2e+06,1.2e+06,1.596e+06,1.596e+06,,4827657.263,,,,,,,,,,100,100,100,100,0,6
94982.9,50300,50100,49900,48700,49300,70000,1.2e+06,1.2e+06,1.2e+06,1.2e+06,1.596e+06,1.596e+06,,4827664.801,,,,,,,,,,100,100,100,100,0,5.05051
95983.7,50300,50100,49900,48700,49300,70000,1.2e+06,1.2e+06,1.2e+06,1.2e+06,1.596e+06,1.596e+06,,4827672.288,,,,,,,,,,100,100,100,100,1.9802,5
96629,,,,,,,,,,,,,,,,,,12,,,,,,,,,,,
96983.6,50300,49900,50300,49100,49500,70000,1.2e+06,1.2e+06,1.2e+06,1.2e+06,1.596e+06,1.596e+06,,4827679.837,,,,,,,,,,100,100,100,100,6.12245,0
97983.7,50300,50100,50300,48700,49500,70000,1.2e+06,1.2e+06,1.2e+06,1.2e+06,1.596e+06,1.596e+06,,4827685.431,,,,,,,,,,100,100,100,100,5.05051,0
98983.6,50300,50100,50300,48700,49500,70000,1.2e+06,1.2e+06,1.2e+06,1.2e+06,1.596e+06,1.596e+06,,4827692.955,,,,,,,,,,100,100,100,100,0,6.93069
99983,50300,50500,50300,48900,49500,70000,1.2e+06,1.2e+06,1.2e+06,1.2e+06,1.596e+06,1.596e+06,,4827700.479,,,,,,,,,,100,100,100,100,8.91089,0
100653,,,,,,,,,,,,,,,,,,,,13,,,,,,,,,
100659,,,,,,,,,,,,,,,,,,,13,,,,,,,,,,
100662,,,,,,,,,,,,,,,,,,,,,13,,,,,,,,
100984,50500,50500,50300,48700,49500,70000,1.2e+06,1.2e+06,1.2e+06,1.2e+06,1.596e+06,1.596e+06,25.061,4827707.914,,,,,,,,,,100,100,100,100,5.05051,0
101983,50500,50100,50300,48900,49300,70000,1.2e+06,1.2e+06,1.2e+06,1.2e+06,1.596e+06,1.596e+06,,4827715.417,,,,,,,,,,100,100,100,100,2.0202,3.0303
102984,50500,50300,50100,48900,49500,70000,1.2e+06,1.2e+06,1.2e+06,1.2e+06,1.596e+06,1.596e+06,,4827722.952,,,,,,,,,,100,100,100,100,0,6.12245
103983,50300,50300,50300,48900,49700,70000,1.2e+06,1.2e+06,1.2e+06,1.2e+06,1.596e+06,1.596e+06,,4827730.493,,,,,,,,,,100,100,100,100,0,6
104001,,,,,,,,,,,,,,,,,,13,,,,,,,,,,,
104983,50500,49900,50100,48700,49700,70000,1.2e+06,1.2e+06,1.2e+06,1.2e+06,1.596e+06,1.596e+06,,4827737.910,,,,,,,,,,100,100,100,100,1,6
105983,50300,50300,50100,48900,49500,70000,1.2e+06,1.2e+06,1.2e+06,1.2e+06,1.596e+06,1.596e+06,,4827745.442,,,,,,,,,,100,100,100,100,7,1
106983,50300,50100,49900,48700,49500,70000,1.2e+06,1.2e+06,1.2e+06,1.2e+06,1.596e+06,1.596e+06,,4827752.936,,,,,,,,,,100,100,100,100,4.08163,0
107801,,,,,,,,,,,,,,,,,,,,14,,,,,,,,,
107806,,,,,,,,,,,,,,,,,,,14,,,,,,,,,,
107809,,,,,,,,,,,,,,,,,,,,,14,,,,,,,,
107984,50500,50300,50100,49100,49500,70000,1.2e+06,1.2e+06,1.2e+06,1.2e+06,1.596e+06,1.596e+06,,4827760.465,,,,,,,,,,100,100,100,100,5.10204,1
108984,50500,50300,50300,48900,49700,70000,1.2e+06,1.2e+06,1.2e+06,1.2e+06,1.596e+06,1.596e+06,,4827768.006,,,,,,,,,,100,100,100,100,7,1
109983,50500,50100,50100,49100,49500,70000,1.2e+06,1.2e+06,1.2e+06,1.2e+06,1.596e+06,1.596e+06,,4827775.526,,,,,,,,,,100,100,100,100,4.08163,0
110983,50500,50300,50100,49100,49500,70000,1.2e+06,1.2e+06,1.2e+06,1.2e+06,1.596e+06,1.596e+06,25.061,4827783.036,,,,,,,,,,100,100,100,100,5.05051,0
111410,,,,,,,,,,,,,,,,,,14,,,,,,,,,,,
111983,50300,50100,50100,49100,49500,70000,1.2e+06,1.2e+06,1.2e+06,1.2e+06,1.596e+06,1.596e+06,,4827790.494,,,,,,,,,,100,100,100,100,0,6
112984,50300,50100,50100,48500,49500,70000,1.2e+06,1.2e+06,1.2e+06,1.2e+06,1.596e+06,1.596e+06,,4827798.029,,,,,,,,,,100,100,100,100,0,7
113984,50300,50300,49900,48700,49700,70000,1.2e+06,1.2e+06,1.2e+06,1.2e+06,1.596e+06,1.596e+06,,4827805.528,,,,,,,,,,100,100,100,100,6.93069,0
114950,,,,,,,,,,,,,,,,,,,,15,,,,,,,,,
114954,,,,,,,,,,,,,,,,,,,15,,,,,,,,,,
114957,,,,,,,,,,,,,,,,,,,,,15,,,,,,,,
114984,50300,50300,50100,48900,49100,70000,1.2e+06,1.2e+06,1.2e+06,1.2e+06,1.596e+06,1.596e+06,,4827812.963,,,,,,,,,,100,100,100,100,8.73786,0
115983,50500,50300,50100,49100,49500,70000,1.2e+06,1.2e+06,1.2e+06,1.2e+06,1.596e+06,1.596e+06,,4827820.485,,,,,,,,,,100,100,100,100,5.15464,0
116983,50500,50500,50300,49300,49500,70000,1.2e+06,1.2e+06,1.2e+06,1.2e+06,1.596e+06,1.596e+06,,4827828.018,,,,,,,,,,100,100,100,100,5.05051,1
117983,50700,50300,50300,48700,49500,70000,1.2e+06,1.2e+06,1.2e+06,1.2e+06,1.596e+06,1.596e+06,,4827835.463,,,,,,,,,,100,100,100,100,6.06061,0
118845,,,,,,,,,,,,,,,,,,15,,,,,,,,,,,
118983,50700,50300,50300,48900,49500,70000,1.2e+06,1.2e+06,1.2e+06,1.2e+06,1.596e+06,1.596e+06,,4827842.981,,,,,,,,,,100,100,100,100,0,7
119983,50300,50300,50100,48900,49500,70000,1.2e+06,1.2e+06,1.2e+06,1.2e+06,1.596e+06,1.596e+06,,4827850.414,,,,,,,,,,100,100,100,100,0,3.06122
120983,50700,50100,50300,48900,49700,70000,1.2e+06,1.2e+06,1.2e+06,1.2e+06,1.596e+06,1.596e+06,25.061,4827857.967,,,,,,,,,,100,100,100,100,1,6
121983,50300,50300,50100,48900,49900,70000,1.2e+06,1.2e+06,1.2e+06,1.2e+06,1.596e+06,1.596e+06,,4827865.480,,,,,,,,,,100,100,100,100,8,1
122098,,,,,,,,,,,,,,,,,,,,16,,,,,,,,,
122102,,,,,,,,,,,,,,,,,,,16,,,,,,,,,,
122104,,,,,,,,,,,,,,,,,,,,,16,,,,,,,,
122983,50300,50300,50100,48900,49500,70000,1.2e+06,1.2e+06,1.2e+06,1.2e+06,1.596e+06,1.596e+06,,4827872.931,,,,,,,,,,100,100,100,100,4.08163,0
123983,50500,50100,49900,48900,49500,70000,1.2e+06,1.2e+06,1.2e+06,1.2e+06,1.596e+06,1.596e+06,,4827880.404,,,,,,,,,,100,100,100,100,4.12371,1.9802
124983,50500,50300,50500,48900,49500,70000,1.2e+06,1.2e+06,1.2e+06,1.2e+06,1.596e+06,1.596e+06,,4827887.911,,,,,,,,,,100,100,100,100,5.10204,0.990099
125984,50500,50300,50300,48900,49500,70000,1.2e+06,1.2e+06,1.2e+06,1.2e+06,1.596e+06,1.596e+06,,4827895.427,,,,,,,,,,100,100,100,100,7,0
126214,,,,,,,,,,,,,,,,,,16,,,,,,,,,,,
126984,50300,50300,49900,48900,49300,70000,1.2e+06,1.2e+06,1.2e+06,1.2e+06,1.596e+06,1.596e+06,,4827902.958,,,,,,,,,,100,100,100,100,7,1
127983,50300,50100,50100,49100,49500,70000,1.2e+06,1.2e+06,1.2e+06,1.2e+06,1.596e+06,1.596e+06,,4827910.393,,,,,,,,,,100,100,100,100,5.05051,0
128983,50500,50300,50100,49100,49300,70000,1.2e+06,1.2e+06,1.2e+06,1.2e+06,1.596e+06,1.596e+06,,4827917.825,,,,,,,,,,100,100,100,100,6,0
129247,,,,,,,,,,,,,,,,,,,,17,,,,,,,,,
129250,,,,,,,,,,,,,,,,,,,17,,,,,,,,,,
129251,,,,,,,,,,,,,,,,,,,,,17,,,,,,,,
129983,50500,50300,49900,48900,49500,70000,1.2e+06,1.2e+06,1.2e+06,1.2e+06,1.596e+06,1.596e+06,,4827925.361,,,,,,,,,,100,100,100,100,7.92079,0
130984,50300,50300,49900,48700,49300,70000,1.2e+06,1.2e+06,1.2e+06,1.2e+06,1.596e+06,1.596e+06,25.04,4827932.885,,,,,,,,,,100,100,100,100,3.06122,0
131984,50500,50300,50100,48900,49500,70000,1.2e+06,1.2e+06,1.2e+06,1.2e+06,1.596e+06,1.596e+06,,4827940.394,,,,,,,,,,100,100,100,100,5.10204,1
132983,50700,50100,50100,48900,49700,70000,1.2e+06,1.2e+06,1.2e+06,1.2e+06,1.596e+06,1.596e+06,,4827947.853,,,,,,,,,,100,100,100,100,4.12371,1
133657,,,,,,,,,,,,,,,,,,17,,,,,,,,,,,
133983,50300,50100,50100,48700,49500,70000,1.2e+06,1.2e+06,1.2e+06,1.2e+06,1.596e+06,1.596e+06,,4827955.359,,,,,,,,,,100,100,100,100,5,1.9802
134983,50300,50100,50300,48900,49700,70000,1.2e+06,1.2e+06,1.2e+06,1.2e+06,1.596e+06,1.596e+06,,4827962.802,,,,,,,,,,100,100,100,100,6.06061,0
135983,50500,50100,50100,49100,49500,70000,1.2e+06,1.2e+06,1.2e+06,1.2e+06,1.596e+06,1.596e+06,,4827968.591,,,,,,,,,,100,100,100,100,7,0
136394,,,,,,,,,,,,,,,,,,,,18,,,,,,,,,
136398,,,,,,,,,,,,,,,,,,,18,,,,,,,,,,
136399,,,,,,,,,,,,,,,,,,,,,18,,,,,,,,
136984,50300,49700,49900,48900,49500,70000,1.2e+06,1.2e+06,1.2e+06,1.2e+06,1.596e+06,1.596e+06,,4827976.130,,,,,,,,,,100,100,100,100,3.06122,1
137984,50300,49900,49900,48700,49700,70000,1.2e+06,1.2e+06,1.2e+06,1.2e+06,1.596e+06,1.596e+06,,4827983.640,,,,,,,,,,100,100,100,100,6.06061,1.9802
138984,50500,50300,50300,48700,49500,70000,1.2e+06,1.2e+06,1.2e+06,1.2e+06,1.596e+06,1.596e+06,,4827991.135,,,,,,,,,,100,100,100,100,5.10204,1.9802
139984,50300,50100,50100,48900,49500,70000,1.2e+06,1.2e+06,1.2e+06,1.2e+06,1.596e+06,1.596e+06,,4827998.668,,,,,,,,,,100,100,100,100,5.05051,0
140984,50300,49900,49900,48700,49300,70000,1.2e+06,1.2e+06,1.2e+06,1.2e+06,1.596e+06,1.596e+06,25.029,4828006.113,,,,,,,,,,100,100,100,100,4.12371,1
141045,,,,,,,,,,,,,,,,,,18,,,,,,,,,,,
141984,50100,50100,49900,48700,49300,70000,1.2e+06,1.2e+06,1.2e+06,1.2e+06,1.596e+06,1.596e+06,,4828013.633,,,,,,,,,,100,100,100,100,7,1.9802
142983,50100,49900,49900,48700,49100,70000,1.2e+06,1.2e+06,1.2e+06,1.2e+06,1.596e+06,1.596e+06,,4828021.164,,,,,,,,,,100,100,100,100,6.93069,0
143542,,,,,,,,,,,,,,,,,,,,19,,,,,,,,,
143546,,,,,,,,,,,,,,,,,,,,,19,,,,,,,,
143546,,,,,,,,,,,,,,,,,,,19,,,,,,,,,,
143984,50100,50300,49900,48900,49300,70000,1.2e+06,1.2e+06,1.2e+06,1.2e+06,1.596e+06,1.596e+06,,4828028.634,,,,,,,,,,100,100,100,100,0,6.12245
144983,50500,50300,50100,48900,49500,70000,1.2e+06,1.2e+06,1.2e+06,1.2e+06,1.596e+06,1.596e+06,,4828036.146,,,,,,,,,,100,100,100,100,2,4.08163
145984,50500,49900,49700,48700,49100,70000,1.2e+06,1.2e+06,1.2e+06,1.2e+06,1.596e+06,1.596e+06,,4828043.668,,,,,,,,,,100,100,100,100,0,6.93069
146983,50100,49900,50300,48700,49500,70000,1.2e+06,1.2e+06,1.2e+06,1.2e+06,1.596e+06,1.596e+06,,4828051.113,,,,,,,,,,100,100,100,100,1.9802,8.91089
147983,50500,50100,50100,49100,49700,70000,1.2e+06,1.2e+06,1.2e+06,1.2e+06,1.596e+06,1.596e+06,,4828058.656,,,,,,,,,,100,100,100,100,0,5
148412,,,,,,,,,,,,,,,,,,19,,,,,,,,,,,
148983,50500,50100,50100,48500,49500,70000,1.2e+06,1.2e+06,1.2e+06,1.2e+06,1.596e+06,1.596e+06,,4828066.148,,,,,,,,,,100,100,100,100,0,7.07071
149983,50300,50300,49900,48700,49500,70000,1.2e+06,1.2e+06,1.2e+06,1.2e+06,1.596e+06,1.596e+06,,4828073.585,,,,,,,,,,100,100,100,100,0,6
150690,,,,,,,,,,,,,,,,,,,,20,,,,,,,,,
150694,,,,,,,,,,,,,,,,,,,20,,,,,,,,,,
150694,,,,,,,,,,,,,,,,,,,,,20,,,,,,,,
150984,50300,49900,49900,48700,49300,70000,1.2e+06,1.2e+06,1.2e+06,1.2e+06,1.596e+06,1.596e+06,25.018,4828081.096,,,,,,,,,,100,100,100,100,2.0202,4
151984,50300,50300,49700,48700,49500,70000,1.2e+06,1.2e+06,1.2e+06,1.2e+06,1.596e+06,1.596e+06,,4828088.632,,,,,,,,,,100,100,100,100,5.10204,1
152984,50500,50100,49900,48700,49300,70000,1.2e+06,1.2e+06,1.2e+06,1.2e+06,1.596e+06,1.596e+06,,4828096.061,,,,,,,,,,100,100,100,100,5.05051,2.94118
153983,50300,50300,49900,49100,49700,70000,1.2e+06,1.2e+06,1.2e+06,1.2e+06,1.596e+06,1.596e+06,,4828103.547,,,,,,,,,,100,100,100,100,4.08163,0
154983,50500,50100,50100,48900,49500,70000,1.2e+06,1.2e+06,1.2e+06,1.2e+06,1.596e+06,1.596e+06,,4828111.076,,,,,,,,,,100,100,100,100,1,7.07071
155816,,,,,,,,,,,,,,,,,,20,,,,,,,,,,,
155984,50300,50100,50300,48900,49500,70000,1.2e+06,1.2e+06,1.2e+06,1.2e+06,1.596e+06,1.596e+06,,4828118.590,,,,,,,,,,100,100,100,100,1,4.0404
156984,50300,50300,50300,48900,49300,70000,1.2e+06,1.2e+06,1.2e+06,1.2e+06,1.596e+06,1.596e+06,,4828126.028,,,,,,,,,,100,100,100,100,0,7
157837,,,,,,,,,,,,,,,,,,,,21,,,,,,,,,
157841,,,,,,,,,,,,,,,,,,,,,21,,,,,,,,
157842,,,,,,,,,,,,,,,,,,,21,,,,,,,,,,
157983,50300,49900,49900,48700,49300,70000,1.2e+06,1.2e+06,1.2e+06,1.2e+06,1.596e+06,1.596e+06,,4828133.565,,,,,,,,,,100,100,100,100,5.10204,0
158984,50100,50100,50100,49100,49300,70000,1.2e+06,1.2e+06,1.2e+06,1.2e+06,1.596e+06,1.596e+06,,4828141.111,,,,,,,,,,100,100,100,100,5.05051,0
159983,50300,50100,49900,48500,49300,70000,1.2e+06,1.2e+06,1.2e+06,1.2e+06,1.596e+06,1.596e+06,,4828148.546,,,,,,,,,,100,100,100,100,1.0101,7.07071
160984,50500,50100,50100,48900,49500,70000,1.2e+06,1.2e+06,1.2e+06,1.2e+06,1.596e+06,1.596e+06,24.997,4828156.073,,,,,,,,,,100,100,100,100,1.9802,4.08163
161983,50500,50500,49900,49100,49300,70000,1.2e+06,1.2e+06,1.2e+06,1.2e+06,1.596e+06,1.596e+06,,4828163.532,,,,,,,,,,100,100,100,100,0,6
162983,50300,49900,50100,48700,49500,70000,1.2e+06,1.2e+06,1.2e+06,1.2e+06,1.596e+06,1.596e+06,,4828171.046,,,,,,,,,,100,100,100,100,0,4.08163
163200,,,,,,,,,,,,,,,,,,21,,,,,,,,,,,
163984,50500,50100,50100,48700,49300,70000,1.2e+06,1.2e+06,1.2e+06,1.2e+06,1.596e+06,1.596e+06,,4828178.490,,,,,,,,,,100,100,100,100,1,6
164984,50300,50100,50100,48900,49500,70000,1.2e+06,1.2e+06,1.2e+06,1.2e+06,1.596e+06,1.596e+06,,4828185.995,,,,,,,,,,100,100,100,100,1,7.84314
164985,,,,,,,,,,,,,,,,,,,,22,,,,,,,,,
164990,,,,,,,,,,,,,,,,,,,,,22,,,,,,,,
164990,,,,,,,,,,,,,,,,,,,22,,,,,,,,,,
165983,50500,50100,50100,48700,49500,70000,1.2e+06,1.2e+06,1.2e+06,1.2e+06,1.596e+06,1.596e+06,,4828193.539,,,,,,,,,,100,100,100,100,0,5.10204
166984,50300,50100,49900,48700,49300,70000,1.2e+06,1.2e+06,1.2e+06,1.2e+06,1.596e+06,1.596e+06,,4828200.979,,,,,,,,,,100,100,100,100,0,5.05051
167984,49900,50100,50100,48700,49500,70000,1.2e+06,1.2e+06,1.2e+06,1.2e+06,1.596e+06,1.596e+06,,4828208.501,,,,,,,,,,100,100,100,100,0,7.92079
168983,50300,50100,50100,48900,49500,70000,1.2e+06,1.2e+06,1.2e+06,1.2e+06,1.596e+06,1.596e+06,,4828215.933,,,,,,,,,,100,100,100,100,1,6.06061
169984,50300,49900,50100,49100,49500,70000,1.2e+06,1.2e+06,1.2e+06,1.2e+06,1.596e+06,1.596e+06,,4828223.426,,,,,,,,,,100,100,100,100,0.990099,4.08163
170577,,,,,,,,,,,,,,,,,,22,,,,,,,,,,,
170983,50300,50100,49700,48700,49500,70000,1.2e+06,1.2e+06,1.2e+06,1.2e+06,1.596e+06,1.596e+06,24.997,4828229.015,,,,,,,,,,100,100,100,100,0,8.91089
171983,50100,50100,50100,48700,49300,70000,1.2e+06,1.2e+06,1.2e+06,1.2e+06,1.596e+06,1.596e+06,,4828236.535,,,,,,,,,,100,100,100,100,0,6
172130,,,,,,,,,,,,,,,,,,,,23,,,,,,,,,
172138,,,,,,,,,,,,,,,,,,,,,23,,,,,,,,
172138,,,,,,,,,,,,,,,,,,,23,,,,,,,,,,
172984,50300,50100,49900,48700,49500,70000,1.2e+06,1.2e+06,1.2e+06,1.2e+06,1.596e+06,1.596e+06,,4828244.053,,,,,,,,,,100,100,100,100,1,4.08163
173983,50300,49900,49900,48900,49300,70000,1.2e+06,1.2e+06,1.2e+06,1.2e+06,1.596e+06,1.596e+06,,4828251.567,,,,,,,,,,100,100,100,100,6.06061,1.9802
174984,50100,50100,49900,48700,49500,70000,1.2e+06,1.2e+06,1.2e+06,1.2e+06,1.596e+06,1.596e+06,,4828259.009,,,,,,,,,,100,100,100,100,3.09278,0
175983,50300,49900,49700,48700,49300,70000,1.2e+06,1.2e+06,1.2e+06,1.2e+06,1.596e+06,1.596e+06,,4828266.553,,,,,,,,,,100,100,100,100,1,6
176984,50300,49900,50100,48700,49300,70000,1.2e+06,1.2e+06,1.2e+06,1.2e+06,1.596e+06,1.596e+06,,4828273.980,,,,,,,,,,100,100,100,100,7,0
177983,50300,50300,50100,48900,49100,70000,1.2e+06,1.2e+06,1.2e+06,1.2e+06,1.596e+06,1.596e+06,,4828281.504,,,,,,,,,,100,100,100,100,4.0404,0
177999,,,,,,,,,,,,,,,,,,23,,,,,,,,,,,
178984,50700,50100,50100,49100,49500,70000,1.2e+06,1.2e+06,1.2e+06,1.2e+06,1.596e+06,1.596e+06,,4828288.952,,,,,,,,,,100,100,100,100,5,1.9802
179277,,,,,,,,,,,,,,,,,,,,24,,,,,,,,,
179285,,,,,,,,,,,,,,,,,,,,,24,,,,,,,,
179285,,,,,,,,,,,,,,,,,,,24,,,,,,,,,,
179984,50300,50100,50100,48900,49500,70000,1.2e+06,1.2e+06,1.2e+06,1.2e+06,1.596e+06,1.596e+06,,4828296.456,,,,,,,,,,100,100,100,100,7,0
180984,50500,50100,50100,48900,49300,70000,1.2e+06,1.2e+06,1.2e+06,1.2e+06,1.596e+06,1.596e+06,24.975,4828303.981,,,,,,,,,,100,100,100,100,6.06061,0
181983,50500,50100,50100,48900,49700,70000,1.2e+06,1.2e+06,1.2e+06,1.2e+06,1.596e+06,1.596e+06,,4828311.516,,,,,,,,,,100,100,100,100,5.05051,0.990099
182983,50300,49900,50100,48700,49300,70000,1.2e+06,1.2e+06,1.2e+06,1.2e+06,1.596e+06,1.596e+06,,4828319.031,,,,,,,,,,100,100,100,100,6.18557,1
183983,50500,50500,49900,48900,49700,70000,1.2e+06,1.2e+06,1.2e+06,1.2e+06,1.596e+06,1.596e+06,,4828326.570,,,,,,,,,,100,100,100,100,4.0404,1
184984,50300,50100,49900,48700,49500,70000,1.2e+06,1.2e+06,1.2e+06,1.2e+06,1.596e+06,1.596e+06,,4828334.014,,,,,,,,,,100,100,100,100,6.93069,1
185389,,,,,,,,,,,,,,,,,,24,,,,,,,,,,,
185983,50300,50100,49900,48700,49500,70000,1.2e+06,1.2e+06,1.2e+06,1.2e+06,1.596e+06,1.596e+06,,4828341.533,,,,,,,,,,100,100,100,100,1,7
186423,,,,,,,,,,,,,,,,,,,,25,,,,,,,,,
186432,,,,,,,,,,,,,,,,,,,,,25,,,,,,,,
186433,,,,,,,,,,,,,,,,,,,25,,,,,,,,,,
186984,50300,50100,50100,48700,49300,70000,1.2e+06,1.2e+06,1.2e+06,1.2e+06,1.596e+06,1.596e+06,,4828349.000,,,,,,,,,,100,100,100,100,0,6
187983,50300,50300,49900,48900,49500,70000,1.2e+06,1.2e+06,1.2e+06,1.2e+06,1.596e+06,1.596e+06,,4828356.532,,,,,,,,,,100,100,100,100,1,6.06061
188984,50300,50300,49900,48900,49300,70000,1.2e+06,1.2e+06,1.2e+06,1.2e+06,1.596e+06,1.596e+06,,4828364.040,,,,,,,,,,100,100,100,100,2,5.05051
189984,50100,49900,49700,48500,49300,70000,1.2e+06,1.2e+06,1.2e+06,1.2e+06,1.596e+06,1.596e+06,,4828371.485,,,,,,,,,,100,100,100,100,0,5.05051
190983,50300,50100,50100,48700,49500,70000,1.2e+06,1.2e+06,1.2e+06,1.2e+06,1.596e+06,1.596e+06,24.986,4828379.000,,,,,,,,,,100,100,100,100,1,6.06061
191983,50300,49900,49900,48700,49500,70000,1.2e+06,1.2e+06,1.2e+06,1.2e+06,1.596e+06,1.596e+06,,4828386.515,,,,,,,,,,100,100,100,100,0,6.06061
192758,,,,,,,,,,,,,,,,,,25,,,,,,,,,,,
192984,50500,50300,50300,48700,49500,70000,1.2e+06,1.2e+06,1.2e+06,1.2e+06,1.596e+06,1.596e+06,,4828394.025,,,,,,,,,,100,100,100,100,0,5.94059
193570,,,,,,,,,,,,,,,,,,,,26,,,,,,,,,
193579,,,,,,,,,,,,,,,,,,,,,26,,,,,,,,
193583,,,,,,,,,,,,,,,,,,,26,,,,,,,,,,
193983,50300,50100,49900,48700,49500,70000,1.2e+06,1.2e+06,1.2e+06,1.2e+06,1.596e+06,1.596e+06,,4828401.511,,,,,,,,,,100,100,100,100,1,7
194984,50700,50300,50300,48900,49500,70000,1.2e+06,1.2e+06,1.2e+06,1.2e+06,1.596e+06,1.596e+06,,4828408.994,,,,,,,,,,100,100,100,100,1,6
195983,50500,50300,50100,48900,49500,70000,1.2e+06,1.2e+06,1.2e+06,1.2e+06,1.596e+06,1.596e+06,,4828416.537,,,,,,,,,,100,100,100,100,0,4.08163
196983,50500,50100,49900,48900,49500,70000,1.2e+06,1.2e+06,1.2e+06,1.2e+06,1.596e+06,1.596e+06,,4828424.016,,,,,,,,,,100,100,100,100,1,6.06061
197984,50500,50300,50100,48700,49500,70000,1.2e+06,1.2e+06,1.2e+06,1.2e+06,1.596e+06,1.596e+06,,4828431.521,,,,,,,,,,100,100,100,100,0,4.12371
198983,50300,50300,49900,48700,49700,70000,1.2e+06,1.2e+06,1.2e+06,1.2e+06,1.596e+06,1.596e+06,,4828439.061,,,,,,,,,,100,100,100,100,0,5.05051
199983,50300,50100,49900,49100,49300,70000,1.2e+06,1.2e+06,1.2e+06,1.2e+06,1.596e+06,1.596e+06,,4828446.554,,,,,,,,,,100,100,100,100,1,7
200123,,,,,,,,,,,,,,,,,,26,,,,,,,,,,,
200716,,,,,,,,,,,,,,,,,,,,27,,,,,,,,,
200725,,,,,,,,,,,,,,,,,,,,,27,,,,,,,,
200730,,,,,,,,,,,,,,,,,,,27,,,,,,,,,,
200983,50300,50100,49900,48900,49300,70000,1.2e+06,1.2e+06,1.2e+06,1.2e+06,1.596e+06,1.596e+06,24.975,4828454.074,,,,,,,,,,100,100,100,100,0,7
201984,50300,50300,50300,48900,49500,70000,1.2e+06,1.2e+06,1.2e+06,1.2e+06,1.596e+06,1.596e+06,,4828461.453,,,,,,,,,,100,100,100,100,0,5
202983,50300,49900,49700,48900,49500,70000,1.2e+06,1.2e+06,1.2e+06,1.2e+06,1.596e+06,1.596e+06,,4828469.024,,,,,,,,,,100,100,100,100,0,7
203984,50300,50100,50100,48900,49700,70000,1.2e+06,1.2e+06,1.2e+06,1.2e+06,1.596e+06,1.596e+06,,4828476.528,,,,,,,,,,100,100,100,100,6.06061,0
204983,49900,49700,50100,48700,49500,70000,1.2e+06,1.2e+06,1.2e+06,1.2e+06,1.596e+06,1.596e+06,,4828483.976,,,,,,,,,,100,100,100,100,6.93069,1
205983,50500,50100,50100,48700,49500,70000,1.2e+06,1.2e+06,1.2e+06,1.2e+06,1.596e+06,1.596e+06,,4828489.636,,,,,,,,,,100,100,100,100,7.92079,0.990099
206984,50500,50100,50100,48700,49500,70000,1.2e+06,1.2e+06,1.2e+06,1.2e+06,1.596e+06,1.596e+06,,4828497.133,,,,,,,,,,100,100,100,100,7,1
207499,,,,,,,,,,,,,,,,,,27,,,,,,,,,,,
207862,,,,,,,,,,,,,,,,,,,,28,,,,,,,,,
207872,,,,,,,,,,,,,,,,,,,,,28,,,,,,,,
207877,,,,,,,,,,,,,,,,,,,28,,,,,,,,,,
207984,50300,50100,50100,49100,49700,70000,1.2e+06,1.2e+06,1.2e+06,1.2e+06,1.596e+06,1.596e+06,,4828504.574,,,,,,,,,,100,100,100,100,5.05051,1
208983,50500,50100,49900,48700,49500,70000,1.2e+06,1.2e+06,1.2e+06,1.2e+06,1.596e+06,1.596e+06,,4828512.067,,,,,,,,,,100,99.0099,100,100,1,6.06061
209984,50300,50100,50100,49100,49500,70000,1.2e+06,1.2e+06,1.2e+06,1.2e+06,1.596e+06,1.596e+06,,4828519.510,,,,,,,,,,100,100,100,100,0,6
210983,50100,50100,49900,48700,49300,70000,1.2e+06,1.2e+06,1.2e+06,1.2e+06,1.596e+06,1.596e+06,24.975,4828527.028,,,,,,,,,,100,100,100,100,0,7.07071
211983,50300,50100,50100,48900,49500,70000,1.2e+06,1.2e+06,1.2e+06,1.2e+06,1.596e+06,1.596e+06,,4828534.509,,,,,,,,,,100,100,100,100,0,5.05051
212983,50300,50100,50100,48900,49500,70000,1.2e+06,1.2e+06,1.2e+06,1.2e+06,1.596e+06,1.596e+06,,4828542.034,,,,,,,,,,100,100,100,100,1,5.05051
213983,50500,50300,50300,49100,49700,70000,1.2e+06,1.2e+06,1.2e+06,1.2e+06,1.596e+06,1.596e+06,,4828549.515,,,,,,,,,,100,100,100,100,1,7.92079
214902,,,,,,,,,,,,,,,,,,28,,,,,,,,,,,
214983,50300,50300,50100,48900,49500,70000,1.2e+06,1.2e+06,1.2e+06,1.2e+06,1.596e+06,1.596e+06,,4828557.052,,,,,,,,,,100,100,100,100,0,4.08163
215009,,,,,,,,,,,,,,,,,,,,29,,,,,,,,,
215017,,,,,,,,,,,,,,,,,,,,,29,,,,,,,,
215025,,,,,,,,,,,,,,,,,,,29,,,,,,,,,,
215984,50500,50300,50300,49100,49500,70000,1.2e+06,1.2e+06,1.2e+06,1.2e+06,1.596e+06,1.596e+06,,4828564.502,,,,,,,,,,100,100,100,100,0,7.92079
216983,50500,50300,50300,49100,49500,70000,1.2e+06,1.2e+06,1.2e+06,1.2e+06,1.596e+06,1.596e+06,,4828572.020,,,,,,,,,,100,100,100,100,0.990099,4.12371
217983,50500,50300,50300,49300,49500,70000,1.2e+06,1.2e+06,1.2e+06,1.2e+06,1.596e+06,1.596e+06,,4828579.490,,,,,,,,,,100,100,100,100,0,6.93069
218984,50500,50500,50300,48900,49500,70000,1.2e+06,1.2e+06,1.2e+06,1.2e+06,1.596e+06,1.596e+06,,4828587.030,,,,,,,,,,100,100,100,100,1,6.06061
219983,50500,50300,50100,48700,49500,70000,1.2e+06,1.2e+06,1.2e+06,1.2e+06,1.596e+06,1.596e+06,,4828594.573,,,,,,,,,,100,100,100,100,1.9802,6.93069
220983,50500,50100,49900,49100,49500,70000,1.2e+06,1.2e+06,1.2e+06,1.2e+06,1.596e+06,1.596e+06,24.965,4828602.072,,,,,,,,,,100,100,100,100,1,4.08163
221983,50300,50100,50100,48900,49500,70000,1.2e+06,1.2e+06,1.2e+06,1.2e+06,1.596e+06,1.596e+06,,4828609.504,,,,,,,,,,100,100,100,100,0,7
222156,,,,,,,,,,,,,,,,,,,,30,,,,,,,,,
222165,,,,,,,,,,,,,,,,,,,,,30,,,,,,,,
222174,,,,,,,,,,,,,,,,,,,30,,,,,,,,,,
222278,,,,,,,,,,,,,,,,,,29,,,,,,,,,,,
222983,50300,50100,49900,48900,49500,70000,1.2e+06,1.2e+06,1.2e+06,1.2e+06,1.596e+06,1.596e+06,,4828616.978,,,,,,,,,,100,100,100,100,1,5.05051
223983,50300,50300,50300,48900,49300,70000,1.2e+06,1.2e+06,1.2e+06,1.2e+06,1.596e+06,1.596e+06,,4828624.503,,,,,,,,,,100,100,100,100,6,1.0101
224984,50300,50100,50300,49100,49700,70000,1.2e+06,1.2e+06,1.2e+06,1.2e+06,1.596e+06,1.596e+06,,4828632.028,,,,,,,,,,100,100,100,100,6.12245,0
225984,50300,49900,49900,48700,49500,70000,1.2e+06,1.2e+06,1.2e+06,1.2e+06,1.596e+06,1.596e+06,,4828639.481,,,,,,,,,,100,100,100,100,3.06122,0
226983,50300,50100,50100,48900,49300,70000,1.2e+06,1.2e+06,1.2e+06,1.2e+06,1.596e+06,1.596e+06,,4828647.005,,,,,,,,,,100,100,100,100,2,6.93069
227983,50300,50100,49900,48900,49500,70000,1.2e+06,1.2e+06,1.2e+06,1.2e+06,1.596e+06,1.596e+06,,4828654.552,,,,,,,,,,100,100,100,100,0,7.92079
228984,50500,50100,50300,48900,49500,70000,1.2e+06,1.2e+06,1.2e+06,1.2e+06,1.596e+06,1.596e+06,,4828662.051,,,,,,,,,,100,100,100,100,0,5.10204
229304,,,,,,,,,,,,,,,,,,,,31,,,,,,,,,
229311,,,,,,,,,,,,,,,,,,,,,31,,,,,,,,
229321,,,,,,,,,,,,,,,,,,,31,,,,,,,,,,
229667,,,,,,,,,,,,,,,,,,30,,,,,,,,,,,
229983,50700,50100,49900,48700,49500,70000,1.2e+06,1.2e+06,1.2e+06,1.2e+06,1.596e+06,1.596e+06,,4828669.578,,,,,,,,,,100,100,100,100,0.990099,7
230984,50500,50100,50100,48700,49700,70000,1.2e+06,1.2e+06,1.2e+06,1.2e+06,1.596e+06,1.596e+06,24.975,4828677.026,,,,,,,,,,100,100,100,100,1,5.94059
231984,50500,50300,50300,48900,49700,70000,1.2e+06,1.2e+06,1.2e+06,1.2e+06,1.596e+06,1.596e+06,,4828684.532,,,,,,,,,,100,100,100,100,0,7
232983,50500,50300,50300,49100,49700,70000,1.2e+06,1.2e+06,1.2e+06,1.2e+06,1.596e+06,1.596e+06,,4828692.002,,,,,,,,,,100,100,100,100,3,6.93069
233983,50300,50100,50300,49100,49300,70000,1.2e+06,1.2e+06,1.2e+06,1.2e+06,1.596e+06,1.596e+06,,4828699.562,,,,,,,,,,100,100,100,100,0,5.05051
234983,50300,49900,49900,48500,49500,70000,1.2e+06,1.2e+06,1.2e+06,1.2e+06,1.596e+06,1.596e+06,,4828707.067,,,,,,,,,,100,100,100,100,1.0101,7.92079
235983,50300,50100,49900,48700,49500,70000,1.2e+06,1.2e+06,1.2e+06,1.2e+06,1.596e+06,1.596e+06,,4828714.588,,,,,,,,,,100,100,100,100,0,4.08163
236451,,,,,,,,,,,,,,,,,,,,32,,,,,,,,,
236457,,,,,,,,,,,,,,,,,,,,,32,,,,,,,,
236469,,,,,,,,,,,,,,,,,,,32,,,,,,,,,,
236984,50500,50100,50300,48900,49300,70000,1.2e+06,1.2e+06,1.2e+06,1.2e+06,1.596e+06,1.596e+06,,4828722.101,,,,,,,,,,100,100,100,100,1,7
237047,,,,,,,,,,,,,,,,,,31,,,,,,,,,,,
237983,50300,50100,50100,48900,49300,70000,1.2e+06,1.2e+06,1.2e+06,1.2e+06,1.596e+06,1.596e+06,,4828729.470,,,,,,,,,,100,100,100,100,2,5.94059
238984,50500,50300,50100,48900,49500,70000,1.2e+06,1.2e+06,1.2e+06,1.2e+06,1.596e+06,1.596e+06,,4828737.041,,,,,,,,,,100,100,100,100,6,1
239984,50500,50300,50300,48900,49500,70000,1.2e+06,1.2e+06,1.2e+06,1.2e+06,1.596e+06,1.596e+06,,4828744.509,,,,,,,,,,100,100,100,100,7,1
240983,50300,50100,50100,48700,49300,70000,1.2e+06,1.2e+06,1.2e+06,1.2e+06,1.596e+06,1.596e+06,24.975,4828752.000,,,,,,,,,,100,100,100,100,6.06061,1
241983,50500,50300,49900,48900,49500,70000,1.2e+06,1.2e+06,1.2e+06,1.2e+06,1.596e+06,1.596e+06,,4828759.520,,,,,,,,,,100,100,100,100,5.05051,0
242983,50300,50100,50100,48900,49300,70000,1.2e+06,1.2e+06,1.2e+06,1.2e+06,1.596e+06,1.596e+06,,4828765.112,,,,,,,,,,100,100,100,100,4.12371,0
243600,,,,,,,,,,,,,,,,,,,,33,,,,,,,,,
243605,,,,,,,,,,,,,,,,,,,,,33,,,,,,,,
243617,,,,,,,,,,,,,,,,,,,33,,,,,,,,,,
243984,50300,50100,50300,49100,49500,70000,1.2e+06,1.2e+06,1.2e+06,1.2e+06,1.596e+06,1.596e+06,,4828772.652,,,,,,,,,,100,100,100,100,5,0
244435,,,,,,,,,,,,,,,,,,32,,,,,,,,,,,
244984,50500,49900,50300,48900,49500,70000,1.2e+06,1.2e+06,1.2e+06,1.2e+06,1.596e+06,1.596e+06,,4828780.181,,,,,,,,,,100,100,100,100,4.08163,0.990099
245983,50500,50100,50100,49100,49300,70000,1.2e+06,1.2e+06,1.2e+06,1.2e+06,1.596e+06,1.596e+06,,4828787.699,,,,,,,,,,100,100,100,100,3.125,1.0101
246983,50700,50100,50100,49100,49300,70000,1.2e+06,1.2e+06,1.2e+06,1.2e+06,1.596e+06,1.596e+06,,4828795.203,,,,,,,,,,100,100,100,100,1,6.93069
247984,50300,50300,50300,48700,49300,70000,1.2e+06,1.2e+06,1.2e+06,1.2e+06,1.596e+06,1.596e+06,,4828802.707,,,,,,,,,,100,100,100,100,1.0101,5.05051
248984,50300,50100,49900,48700,49100,70000,1.2e+06,1.2e+06,1.2e+06,1.2e+06,1.596e+06,1.596e+06,,4828810.124,,,,,,,,,,100,100,100,100,6.93069,1
249984,50500,50100,50100,48900,49500,70000,1.2e+06,1.2e+06,1.2e+06,1.2e+06,1.596e+06,1.596e+06,,4828817.645,,,,,,,,,,100,100,100,100,6,0.990099
250748,,,,,,,,,,,,,,,,,,,,34,,,,,,,,,
250752,,,,,,,,,,,,,,,,,,,,,34,,,,,,,,
250766,,,,,,,,,,,,,,,,,,,34,,,,,,,,,,
250984,50300,50100,50100,48700,49300,70000,1.2e+06,1.2e+06,1.2e+06,1.2e+06,1.596e+06,1.596e+06,24.975,4828825.190,,,,,,,,,,100,100,100,100,6.06061,0
251838,,,,,,,,,,,,,,,,,,33,,,,,,,,,,,
251984,50300,50100,50100,48900,49500,70000,1.2e+06,1.2e+06,1.2e+06,1.2e+06,1.596e+06,1.596e+06,,4828832.711,,,,,,,,,,100,100,100,100,6.06061,0
252983,50700,50500,50100,48900,49500,70000,1.2e+06,1.2e+06,1.2e+06,1.2e+06,1.596e+06,1.596e+06,,4828840.093,,,,,,,,,,100,100,100,100,6,0
253983,50300,50100,50100,48700,49500,70000,1.2e+06,1.2e+06,1.2e+06,1.2e+06,1.596e+06,1.596e+06,,4828847.593,,,,,,,,,,100,100,100,100,0,8
254984,50300,50500,50100,48700,49300,70000,1.2e+06,1.2e+06,1.2e+06,1.2e+06,1.596e+06,1.596e+06,,4828855.109,,,,,,,,,,100,100,100,100,1,6
255984,50300,50500,50100,48900,49500,70000,1.2e+06,1.2e+06,1.2e+06,1.2e+06,1.596e+06,1.596e+06,,4828862.540,,,,,,,,,,100,100,100,100,1,7.92079
256984,50700,50100,49900,48900,49500,70000,1.2e+06,1.2e+06,1.2e+06,1.2e+06,1.596e+06,1.596e+06,,4828870.058,,,,,,,,,,100,100,100,100,1,5.05051
257896,,,,,,,,,,,,,,,,,,,,35,,,,,,,,,
257898,,,,,,,,,,,,,,,,,,,,,35,,,,,,,,
257914,,,,,,,,,,,,,,,,,,,35,,,,,,,,,,
257983,50700,50300,50100,48900,49300,70000,1.2e+06,1.2e+06,1.2e+06,1.2e+06,1.596e+06,1.596e+06,,4828877.529,,,,,,,,,,100,100,100,100,0.990099,5.05051
258983,50500,50100,50300,48700,49300,70000,1.2e+06,1.2e+06,1.2e+06,1.2e+06,1.596e+06,1.596e+06,,4828885.047,,,,,,,,,,100,100,100,100,0,6.06061
259211,,,,,,,,,,,,,,,,,,34,,,,,,,,,,,
259984,50500,50300,50100,48700,49300,70000,1.2e+06,1.2e+06,1.2e+06,1.2e+06,1.596e+06,1.596e+06,,4828892.477,,,,,,,,,,100,100,100,100,6.06061,0
260984,50500,50300,50100,49100,49700,70000,1.2e+06,1.2e+06,1.2e+06,1.2e+06,1.596e+06,1.596e+06,24.997,4828899.996,,,,,,,,,,100,100,100,100,4.0404,1
261983,50700,50300,50300,49100,49500,70000,1.2e+06,1.2e+06,1.2e+06,1.2e+06,1.596e+06,1.596e+06,,4828907.437,,,,,,,,,,100,100,100,100,7,1
262984,50500,50100,50100,48900,49500,70000,1.2e+06,1.2e+06,1.2e+06,1.2e+06,1.596e+06,1.596e+06,,4828914.957,,,,,,,,,,100,100,100,100,4.08163,0
263983,50300,50100,50100,48700,49300,70000,1.2e+06,1.2e+06,1.2e+06,1.2e+06,1.596e+06,1.596e+06,,4828922.454,,,,,,,,,,100,100,100,100,5.05051,1
264984,50300,50300,50100,48500,49500,70000,1.2e+06,1.2e+06,1.2e+06,1.2e+06,1.596e+06,1.596e+06,,4828929.946,,,,,,,,,,100,100,100,100,7,0
265043,,,,,,,,,,,,,,,,,,,,36,,,,,,,,,
265045,,,,,,,,,,,,,,,,,,,,,36,,,,,,,,
265062,,,,,,,,,,,,,,,,,,,36,,,,,,,,,,
265983,50300,50500,50100,49100,49300,70000,1.2e+06,1.2e+06,1.2e+06,1.2e+06,1.596e+06,1.596e+06,,4828937.460,,,,,,,,,,100,100,100,100,4.0404,1
266662,,,,,,,,,,,,,,,,,,35,,,,,,,,,,,
266983,50300,50100,50100,48700,49300,70000,1.2e+06,1.2e+06,1.2e+06,1.2e+06,1.596e+06,1.596e+06,,4828944.884,,,,,,,,,,100,100,100,100,5,1.9802
267984,50300,50100,50100,48700,49300,70000,1.2e+06,1.2e+06,1.2e+06,1.2e+06,1.596e+06,1.596e+06,,4828952.365,,,,,,,,,,100,100,100,100,1.0101,4.08163
268984,50300,50100,49900,48700,49500,70000,1.2e+06,1.2e+06,1.2e+06,1.2e+06,1.596e+06,1.596e+06,,4828959.852,,,,,,,,,,100,100,100,100,1,5.10204
269983,50700,50300,50100,49100,49300,70000,1.2e+06,1.2e+06,1.2e+06,1.2e+06,1.596e+06,1.596e+06,,4828967.333,,,,,,,,,,100,100,100,100,0,7.92079
270984,50700,50300,50100,48900,49500,70000,1.2e+06,1.2e+06,1.2e+06,1.2e+06,1.596e+06,1.596e+06,25.018,4828974.868,,,,,,,,,,100,100,100,100,1.0101,6.06061
271984,50300,49900,49900,48900,49500,70000,1.2e+06,1.2e+06,1.2e+06,1.2e+06,1.596e+06,1.596e+06,,4828982.339,,,,,,,,,,100,100,99.0099,100,0,6.93069
272191,,,,,,,,,,,,,,,,,,,,37,,,,,,,,,
272193,,,,,,,,,,,,,,,,,,,,,37,,,,,,,,
272211,,,,,,,,,,,,,,,,,,,37,,,,,,,,,,
272984,50300,50100,50100,48700,49500,70000,1.2e+06,1.2e+06,1.2e+06,1.2e+06,1.596e+06,1.596e+06,,4828989.866,,,,,,,,,,100,100,100,100,1.0101,6
273984,50500,50100,49900,48700,49700,70000,1.2e+06,1.2e+06,1.2e+06,1.2e+06,1.596e+06,1.596e+06,,4828997.304,,,,,,,,,,100,100,100,100,1.9802,5.05051
274068,,,,,,,,,,,,,,,,,,36,,,,,,,,,,,
274983,50300,50100,50100,48900,49700,70000,1.2e+06,1.2e+06,1.2e+06,1.2e+06,1.596e+06,1.596e+06,,4829004.819,,,,,,,,,,100,100,100,100,1.0101,5
275984,50300,50100,50100,48900,49500,70000,1.2e+06,1.2e+06,1.2e+06,1.2e+06,1.596e+06,1.596e+06,,4829012.372,,,,,,,,,,100,100,100,100,0,5.10204
276983,50500,50100,50100,48900,49300,70000,1.2e+06,1.2e+06,1.2e+06,1.2e+06,1.596e+06,1.596e+06,,4829019.816,,,,,,,,,,100,100,100,100,0,5.10204
277984,50300,50100,50300,48900,49500,70000,1.2e+06,1.2e+06,1.2e+06,1.2e+06,1.596e+06,1.596e+06,,4829027.297,,,,,,,,,,100,100,100,100,0,5.94059
278984,50700,50300,50300,48900,49300,70000,1.2e+06,1.2e+06,1.2e+06,1.2e+06,1.596e+06,1.596e+06,,4829034.744,,,,,,,,,,100,100,100,100,0,5.10204
279339,,,,,,,,,,,,,,,,,,,,38,,,,,,,,,
279340,,,,,,,,,,,,,,,,,,,,,38,,,,,,,,
279358,,,,,,,,,,,,,,,,,,,38,,,,,,,,,,
279983,50700,50100,50300,49100,49500,70000,1.2e+06,1.2e+06,1.2e+06,1.2e+06,1.596e+06,1.596e+06,,4829042.284,,,,,,,,,,100,100,100,100,0,7
280984,50700,50300,50100,48900,49500,70000,1.2e+06,1.2e+06,1.2e+06,1.2e+06,1.596e+06,1.596e+06,25.04,4829049.725,,,,,,,,,,100,100,100,100,0,5.94059
281460,,,,,,,,,,,,,,,,,,37,,,,,,,,,,,
281983,50500,50100,50100,48900,49500,70000,1.2e+06,1.2e+06,1.2e+06,1.2e+06,1.596e+06,1.596e+06,,4829055.471,,,,,,,,,,100,100,100,100,1.9802,7.14286
282983,50500,50100,50300,49100,49700,70000,1.2e+06,1.2e+06,1.2e+06,1.2e+06,1.596e+06,1.596e+06,,4829062.996,,,,,,,,,,100,100,100,100,0,5.05051
283984,50300,50300,50300,49100,49500,70000,1.2e+06,1.2e+06,1.2e+06,1.2e+06,1.596e+06,1.596e+06,,4829070.522,,,,,,,,,,100,100,100,100,1,7.07071
284983,50500,49900,49900,49100,49500,70000,1.2e+06,1.2e+06,1.2e+06,1.2e+06,1.596e+06,1.596e+06,,4829078.042,,,,,,,,,,100,100,100,100,0,6.93069
285983,50500,50100,50100,48700,49500,70000,1.2e+06,1.2e+06,1.2e+06,1.2e+06,1.596e+06,1.596e+06,,4829085.505,,,,,,,,,,100,100,100,100,0,6.06061
286487,,,,,,,,,,,,,,,,,,,,39,,,,,,,,,
286488,,,,,,,,,,,,,,,,,,,,,39,,,,,,,,
286506,,,,,,,,,,,,,,,,,,,39,,,,,,,,,,
286983,50300,50100,50100,48900,49700,70000,1.2e+06,1.2e+06,1.2e+06,1.2e+06,1.596e+06,1.596e+06,,4829092.961,,,,,,,,,,100,100,100,100,1.9802,5.05051
287984,50500,50100,50300,49100,49500,70000,1.2e+06,1.2e+06,1.2e+06,1.2e+06,1.596e+06,1.596e+06,,4829100.496,,,,,,,,,,100,100,100,100,0,5.05051
288815,,,,,,,,,,,,,,,,,,38,,,,,,,,,,,
288984,50300,50500,50300,48900,49700,70000,1.2e+06,1.2e+06,1.2e+06,1.2e+06,1.596e+06,1.596e+06,,4829107.917,,,,,,,,,,100,100,100,100,0,6.12245
289984,50500,50100,50100,49100,49500,70000,1.2e+06,1.2e+06,1.2e+06,1.2e+06,1.596e+06,1.596e+06,,4829115.465,,,,,,,,,,100,100,100,100,0,6.93069
290983,50500,50300,50300,49100,49300,70000,1.2e+06,1.2e+06,1.2e+06,1.2e+06,1.596e+06,1.596e+06,25.083,4829123.050,,,,,,,,,,100,100,100,100,1.9802,6.06061
291983,50500,50100,49700,48900,49500,70000,1.2e+06,1.2e+06,1.2e+06,1.2e+06,1.596e+06,1.596e+06,,4829130.492,,,,,,,,,,100,100,100,100,0,5.10204
292983,50300,50300,50100,48700,49500,70000,1.2e+06,1.2e+06,1.2e+06,1.2e+06,1.596e+06,1.596e+06,,4829138.040,,,,,,,,,,100,100,100,100,0,3.06122
293635,,,,,,,,,,,,,,,,,,,,40,,,,,,,,,
293635,,,,,,,,,,,,,,,,,,,,,40,,,,,,,,
293654,,,,,,,,,,,,,,,,,,,40,,,,,,,,,,
293983,50500,50100,50100,49100,49100,70000,1.2e+06,1.2e+06,1.2e+06,1.2e+06,1.596e+06,1.596e+06,,4829145.480,,,,,,,,,,100,100,100,100,0,6
294983,50500,50300,50100,48900,49700,70000,1.2e+06,1.2e+06,1.2e+06,1.2e+06,1.596e+06,1.596e+06,,4829153.021,,,,,,,,,,100,100,100,100,6.06061,0
295983,50300,49900,50100,48700,49300,70000,1.2e+06,1.2e+06,1.2e+06,1.2e+06,1.596e+06,1.596e+06,,4829160.465,,,,,,,,,,100,100,100,100,4.08163,0
296232,,,,,,,,,,,,,,,,,,39,,,,,,,,,,,
296983,50300,50100,50100,48900,49300,70000,1.2e+06,1.2e+06,1.2e+06,1.2e+06,1.596e+06,1.596e+06,,4829168.005,,,,,,,,,,100,100,100,100,5.05051,0
297984,50300,50300,50100,48900,49500,70000,1.2e+06,1.2e+06,1.2e+06,1.2e+06,1.596e+06,1.596e+06,,4829175.437,,,,,,,,,,100,100,100,100,5.94059,0
298984,50300,50100,50100,48900,49700,70000,1.2e+06,1.2e+06,1.2e+06,1.2e+06,1.596e+06,1.596e+06,,4829182.944,,,,,,,,,,100,100,100,100,5.05051,0
299984,50300,50100,50100,48900,49500,70000,1.2e+06,1.2e+06,1.2e+06,1.2e+06,1.596e+06,1.596e+06,,4829190.374,,,,,,,,,,100,100,100,100,6.93069,1.9802
