# Started at: 2022-04-24 12:29:10 +0000, Version: v0.1-177-gf3f14d1, Generated by: thermobench --verbose --time=300 --wait=50 --wait-timeout=60 --sensors_file=/root/thermobench/src/sensors.imx8 --cpu-usage --column=CPU0_work_done --column=CPU1_work_done --column=CPU2_work_done --column=CPU3_work_done --column=CPU4_work_done --column=CPU5_work_done --output=/root/JSA/coefficients_experiment/measurements/imx8b//membench-1M-RW-R_A72_one.json.yaml.csv -- demos-sched -p high -c /root/JSA/coefficients_experiment/demos_configurations/imx8//membench-1M-RW-R_A72_one.json.yaml
time/ms,CPU_0_temp/m°C,CPU_1_temp/m°C,GPU_0_temp/m°C,GPU_1_temp/m°C,DRC_temp/m°C,PMIC_temp/m°C,Cortex_A53_0_freq/Hz,Cortex_A53_1_freq/Hz,Cortex_A53_2_freq/Hz,Cortex_A53_3_freq/Hz,Cortex_A72_0_freq/Hz,Cortex_A72_1_freq/Hz,ambient,energy,cam_cpu,cam_mem,heat_sources,CPU0_work_done,CPU1_work_done,CPU2_work_done,CPU3_work_done,CPU4_work_done,CPU5_work_done,CPU0_load/%,CPU1_load/%,CPU2_load/%,CPU3_load/%,CPU4_load/%,CPU5_load/%
1.13523,49900,49900,50100,48900,49700,70000,600000,600000,600000,600000,600000,600000,,,,,,,,,,,,50,0,0,0,0,0
956.824,,,,,,,,,,,,,,,,,,,,,,0,,,,,,,
989.033,50500,50500,50300,49100,49900,70000,1.2e+06,1.2e+06,1.2e+06,1.2e+06,1.596e+06,1.596e+06,24.858,4815588.869,,,,,,,,,,1.02041,2,1.02041,12.2449,88,3
1713.54,,,,,,,,,,,,,,,,,,,,,,1,,,,,,,
1988.35,50500,50700,50300,49100,49900,70000,1.2e+06,1.2e+06,1.2e+06,1.2e+06,1.596e+06,1.596e+06,,4815596.013,,,,,,,,,,1,0.990099,12.1212,0,100,0
2472.84,,,,,,,,,,,,,,,,,,,,,,2,,,,,,,
2988.31,50500,50700,50300,49100,49700,70000,1.2e+06,1.2e+06,1.2e+06,1.2e+06,1.596e+06,1.596e+06,,4815603.163,,,,,,,,,,1,1,15.1515,0,100,0.990099
3224.73,,,,,,,,,,,,,,,,,,,,,,3,,,,,,,
3974.36,,,,,,,,,,,,,,,,,,,,,,4,,,,,,,
3988.52,50300,50300,50300,49100,50100,70000,1.2e+06,1.2e+06,1.2e+06,1.2e+06,1.596e+06,1.596e+06,,4815610.385,,,,,,,,,,1,0,5.05051,6,100,0
4726.02,,,,,,,,,,,,,,,,,,,,,,5,,,,,,,
4989.04,50500,50900,50300,49100,49900,70000,1.2e+06,1.2e+06,1.2e+06,1.2e+06,1.596e+06,1.596e+06,,4815617.538,,,,,,,,,,0,1,8.82353,5.05051,100,0
5477.19,,,,,,,,,,,,,,,,,,,,,,6,,,,,,,
5988.65,50500,50900,50500,49100,49900,70000,1.2e+06,1.2e+06,1.2e+06,1.2e+06,1.596e+06,1.596e+06,,4815624.763,,,,,,,,,,1,3.0303,1,8.24742,100,0
6227.28,,,,,,,,,,,,,,,,,,,,,,7,,,,,,,
6973.52,,,,,,,,,,,,,,,,,,,,,,8,,,,,,,
6988.69,50500,50500,50300,49100,49900,70000,1.2e+06,1.2e+06,1.2e+06,1.2e+06,1.596e+06,1.596e+06,,4815632.002,,,,,,,,,,0,0,0,14,100,0
7722.89,,,,,,,,,,,,,,,,,,,,,,9,,,,,,,
7988.54,50300,50700,49900,49100,49700,70000,1.2e+06,1.2e+06,1.2e+06,1.2e+06,1.596e+06,1.596e+06,,4815639.225,,,,,,,,,,1,5.05051,0,6.93069,100,0
8490.05,,,,,,,,,,,,,,,,,,,,,,10,,,,,,,
8989.08,50300,50700,49900,49300,49700,70000,1.2e+06,1.2e+06,1.2e+06,1.2e+06,1.596e+06,1.596e+06,,4815646.529,,,,,,,,,,0,1.96078,0,13.4021,100,0
9273.85,,,,,,,,,,,,,,,,,,,,,,11,,,,,,,
9988.7,50500,50500,50300,49100,49700,70000,1.2e+06,1.2e+06,1.2e+06,1.2e+06,1.596e+06,1.596e+06,,4815653.689,,,,,,,,,,7,0,0.990099,8.91089,100,0
10058.4,,,,,,,,,,,,,,,,,,,,,,12,,,,,,,
10851.2,,,,,,,,,,,,,,,,,,,,,,13,,,,,,,
10989.2,50500,50500,50300,49100,49500,70000,1.2e+06,1.2e+06,1.2e+06,1.2e+06,1.596e+06,1.596e+06,24.847,4815660.926,,,,,,,,,,0.990099,0,1,12,100,0
11640.2,,,,,,,,,,,,,,,,,,,,,,14,,,,,,,
11989.1,50300,50500,50300,49300,49700,70000,1.2e+06,1.2e+06,1.2e+06,1.2e+06,1.596e+06,1.596e+06,,4815668.106,,,,,,,,,,6.06061,0,0.990099,11.1111,100,0
12395.6,,,,,,,,,,,,,,,,,,,,,,15,,,,,,,
12988.7,50500,50300,50300,49300,49900,70000,1.2e+06,1.2e+06,1.2e+06,1.2e+06,1.596e+06,1.596e+06,,4815675.334,,,,,,,,,,1,0,0,11.1111,100,0
13140.5,,,,,,,,,,,,,,,,,,,,,,16,,,,,,,
13880.6,,,,,,,,,,,,,,,,,,,,,,17,,,,,,,
13988.5,50300,50500,50300,48900,49500,70000,1.2e+06,1.2e+06,1.2e+06,1.2e+06,1.596e+06,1.596e+06,,4815682.483,,,,,,,,,,6.06061,0,0.990099,5.05051,100,0
14630.3,,,,,,,,,,,,,,,,,,,,,,18,,,,,,,
14988.7,50700,50700,50100,49100,49500,70000,1.2e+06,1.2e+06,1.2e+06,1.2e+06,1.596e+06,1.596e+06,,4815689.718,,,,,,,,,,2,0,0,15.3061,100,0
15376.9,,,,,,,,,,,,,,,,,,,,,,19,,,,,,,
15988.9,50300,50300,50300,48900,49500,70000,1.2e+06,1.2e+06,1.2e+06,1.2e+06,1.596e+06,1.596e+06,,4815696.856,,,,,,,,,,1,0,5.05051,6,100,0
16121,,,,,,,,,,,,,,,,,,,,,,20,,,,,,,
16864.3,,,,,,,,,,,,,,,,,,,,,,21,,,,,,,
16989.2,50300,50500,50100,48900,49500,70000,1.2e+06,1.2e+06,1.2e+06,1.2e+06,1.596e+06,1.596e+06,,4815704.074,,,,,,,,,,0,2,5,6.06061,100,0
17609,,,,,,,,,,,,,,,,,,,,,,22,,,,,,,
17988.7,50300,50500,50100,48700,49700,70000,1.2e+06,1.2e+06,1.2e+06,1.2e+06,1.596e+06,1.596e+06,,4815711.300,,,,,,,,,,1,0,5.10204,12.7451,100,0
18354.2,,,,,,,,,,,,,,,,,,,,,,23,,,,,,,
18989.3,50300,50300,49900,48700,49700,70000,1.2e+06,1.2e+06,1.2e+06,1.2e+06,1.596e+06,1.596e+06,,4815718.445,,,,,,,,,,1,0,2,9.09091,100,0
19097.3,,,,,,,,,,,,,,,,,,,,,,24,,,,,,,
19845.7,,,,,,,,,,,,,,,,,,,,,,25,,,,,,,
19988.6,50300,50700,50100,48700,49700,70000,1.2e+06,1.2e+06,1.2e+06,1.2e+06,1.596e+06,1.596e+06,,4815725.674,,,,,,,,,,1,0,0,13.8614,100,0
20596,,,,,,,,,,,,,,,,,,,,,,26,,,,,,,
20989,50300,50300,49900,48700,49300,70000,1.2e+06,1.2e+06,1.2e+06,1.2e+06,1.596e+06,1.596e+06,24.868,4815732.838,,,,,,,,,,2.94118,0,0,16.6667,100,0
21345.5,,,,,,,,,,,,,,,,,,,,,,27,,,,,,,
21988.9,50300,50300,49900,48900,49500,70000,1.2e+06,1.2e+06,1.2e+06,1.2e+06,1.596e+06,1.596e+06,,4815740.056,,,,,,,,,,0,0,0,13.1313,100,0
22091,,,,,,,,,,,,,,,,,,,,,,28,,,,,,,
22843.9,,,,,,,,,,,,,,,,,,,,,,29,,,,,,,
22988.4,50300,50300,49900,48700,49300,70000,1.2e+06,1.2e+06,1.2e+06,1.2e+06,1.596e+06,1.596e+06,,4815747.196,,,,,,,,,,6.93069,0,0,6,100,0
23596.3,,,,,,,,,,,,,,,,,,,,,,30,,,,,,,
23988.3,50100,50300,49900,48700,49500,70000,1.2e+06,1.2e+06,1.2e+06,1.2e+06,1.596e+06,1.596e+06,,4815752.572,,,,,,,,,,11.2245,0,5.94059,0,100,0
24346.5,,,,,,,,,,,,,,,,,,,,,,31,,,,,,,
24988.6,50100,50300,49900,48500,49500,70000,1.2e+06,1.2e+06,1.2e+06,1.2e+06,1.596e+06,1.596e+06,,4815759.788,,,,,,,,,,9,6,0,0,100,0
25093.4,,,,,,,,,,,,,,,,,,,,,,32,,,,,,,
25841.4,,,,,,,,,,,,,,,,,,,,,,33,,,,,,,
25988.6,49900,50300,49900,48700,49500,70000,1.2e+06,1.2e+06,1.2e+06,1.2e+06,1.596e+06,1.596e+06,,4815767.029,,,,,,,,,,7,6,0,0,100,0
26586.6,,,,,,,,,,,,,,,,,,,,,,34,,,,,,,
26989,49900,50100,49900,48700,49500,70000,1.2e+06,1.2e+06,1.2e+06,1.2e+06,1.596e+06,1.596e+06,,4815774.255,,,,,,,,,,10.101,6,0,0,100,0
27336,,,,,,,,,,,,,,,,,,,,,,35,,,,,,,
27988.4,50100,50300,49900,48700,49300,70000,1.2e+06,1.2e+06,1.2e+06,1.2e+06,1.596e+06,1.596e+06,,4815781.425,,,,,,,,,,14.8515,0,0,0,100,0
28078.6,,,,,,,,,,,,,,,,,,,,,,36,,,,,,,
28824.5,,,,,,,,,,,,,,,,,,,,,,37,,,,,,,
28988.8,49900,50100,49900,48300,49300,70000,1.2e+06,1.2e+06,1.2e+06,1.2e+06,1.596e+06,1.596e+06,,4815788.649,,,,,,,,,,13,0,0,0,100,0
29573.5,,,,,,,,,,,,,,,,,,,,,,38,,,,,,,
29988.5,49900,50300,49900,48500,49300,70000,1.2e+06,1.2e+06,1.2e+06,1.2e+06,1.596e+06,1.596e+06,,4815795.946,,,,,,,,,,12.1212,2,0,1.96078,100,0
30323.6,,,,,,,,,,,,,,,,,,,,,,39,,,,,,,
30988.6,50100,50300,49900,48700,49500,70000,1.2e+06,1.2e+06,1.2e+06,1.2e+06,1.596e+06,1.596e+06,24.858,4815803.102,,,,,,,,,,12.1212,4.0404,0,0,100,0
31066.3,,,,,,,,,,,,,,,,,,,,,,40,,,,,,,
31811.1,,,,,,,,,,,,,,,,,,,,,,41,,,,,,,
31988.3,50300,50300,49900,48700,49500,70000,1.2e+06,1.2e+06,1.2e+06,1.2e+06,1.596e+06,1.596e+06,,4815810.317,,,,,,,,,,10.7843,4.9505,0,0.990099,100,0
32554.3,,,,,,,,,,,,,,,,,,,,,,42,,,,,,,
32988.6,49900,50100,49700,48500,49500,70000,1.2e+06,1.2e+06,1.2e+06,1.2e+06,1.596e+06,1.596e+06,,4815817.470,,,,,,,,,,11.1111,1.0101,0,0,100,0
33309.1,,,,,,,,,,,,,,,,,,,,,,43,,,,,,,
33989,49900,49900,49500,48300,48900,70000,1.2e+06,1.2e+06,1.2e+06,1.2e+06,1.596e+06,1.596e+06,,4815824.666,,,,,,,,,,7,9,0,0.990099,100,0
34091.8,,,,,,,,,,,,,,,,,,,,,,44,,,,,,,
34869.9,,,,,,,,,,,,,,,,,,,,,,45,,,,,,,
34989.1,49500,49700,49500,48500,49100,70000,1.2e+06,1.2e+06,1.2e+06,1.2e+06,1.596e+06,1.596e+06,,4815831.930,,,,,,,,,,8,4.0404,0,0,100,0
35653.2,,,,,,,,,,,,,,,,,,,,,,46,,,,,,,
35988.7,49900,49900,49500,48300,49100,70000,1.2e+06,1.2e+06,1.2e+06,1.2e+06,1.596e+06,1.596e+06,,4815839.162,,,,,,,,,,7,7.84314,0,0,100,0
36434.1,,,,,,,,,,,,,,,,,,,,,,47,,,,,,,
36988.6,49900,50100,49700,48500,49500,70000,1.2e+06,1.2e+06,1.2e+06,1.2e+06,1.596e+06,1.596e+06,,4815846.383,,,,,,,,,,13.1313,0,0,0,100,0
37218.7,,,,,,,,,,,,,,,,,,,,,,48,,,,,,,
37988.6,49900,50100,49700,48500,49100,70000,1.2e+06,1.2e+06,1.2e+06,1.2e+06,1.596e+06,1.596e+06,,4815853.541,,,,,,,,,,8.91089,8,0.990099,1,100,0.990099
37997.8,,,,,,,,,,,,,,,,,,,,,,49,,,,,,,
38779.1,,,,,,,,,,,,,,,,,,,,,,50,,,,,,,
38988.6,49900,49900,49700,48700,49100,70000,1.2e+06,1.2e+06,1.2e+06,1.2e+06,1.596e+06,1.596e+06,,4815860.770,,,,,,,,,,12,1.0101,0,0,100,0
39564.5,,,,,,,,,,,,,,,,,,,,,,51,,,,,,,
39989.1,49700,49900,49900,48500,49500,70000,1.2e+06,1.2e+06,1.2e+06,1.2e+06,1.596e+06,1.596e+06,,4815868.002,,,,,,,,,,7.07071,6.93069,0.990099,0,100,0
40339.6,,,,,,,,,,,,,,,,,,,,,,52,,,,,,,
40989.1,49900,50100,49500,48300,49100,70000,1.2e+06,1.2e+06,1.2e+06,1.2e+06,1.596e+06,1.596e+06,24.922,4815875.219,,,,,,,,,,11.1111,3.9604,0,1,100,0
41122.9,,,,,,,,,,,,,,,,,,,,,,53,,,,,,,
41899.1,,,,,,,,,,,,,,,,,,,,,,54,,,,,,,
41988.3,49900,49900,49500,48300,48900,70000,1.2e+06,1.2e+06,1.2e+06,1.2e+06,1.596e+06,1.596e+06,,4815882.383,,,,,,,,,,11.2245,2.0202,0,0.990099,100,0
42678.9,,,,,,,,,,,,,,,,,,,,,,55,,,,,,,
42988.7,49900,49900,49500,48500,49100,70000,1.2e+06,1.2e+06,1.2e+06,1.2e+06,1.596e+06,1.596e+06,,4815889.615,,,,,,,,,,3.9604,5,0,4.0404,100,0
43461.9,,,,,,,,,,,,,,,,,,,,,,56,,,,,,,
43988.8,49900,49900,49500,48500,49100,70000,1.2e+06,1.2e+06,1.2e+06,1.2e+06,1.596e+06,1.596e+06,,4815896.769,,,,,,,,,,1.9802,7,10,0,100,0
44245.3,,,,,,,,,,,,,,,,,,,,,,57,,,,,,,
44989.3,50100,50100,49900,48100,48900,70000,1.2e+06,1.2e+06,1.2e+06,1.2e+06,1.596e+06,1.596e+06,,4815904.006,,,,,,,,,,0,11.1111,2,0,100,1
45027.5,,,,,,,,,,,,,,,,,,,,,,58,,,,,,,
45804.3,,,,,,,,,,,,,,,,,,,,,,59,,,,,,,
45989.1,49700,49900,49500,48300,49100,70000,1.2e+06,1.2e+06,1.2e+06,1.2e+06,1.596e+06,1.596e+06,,4815911.163,,,,,,,,,,1.9802,7.07071,4.9505,0,100,0
46588,,,,,,,,,,,,,,,,,,,,,,60,,,,,,,
46988.6,49900,50100,49500,48300,48900,70000,1.2e+06,1.2e+06,1.2e+06,1.2e+06,1.596e+06,1.596e+06,,4815918.401,,,,,,,,,,0,6.93069,7.07071,0,100,0
47370.6,,,,,,,,,,,,,,,,,,,,,,61,,,,,,,
47988.5,49900,49900,49700,48500,49100,70000,1.2e+06,1.2e+06,1.2e+06,1.2e+06,1.596e+06,1.596e+06,,4815925.630,,,,,,,,,,1.9802,0,17.6471,0,100,0
48151.6,,,,,,,,,,,,,,,,,,,,,,62,,,,,,,
48937,,,,,,,,,,,,,,,,,,,,,,63,,,,,,,
48989.1,49500,49900,49300,47900,49100,70000,1.2e+06,1.2e+06,1.2e+06,1.2e+06,1.596e+06,1.596e+06,,4815932.792,,,,,,,,,,1,0,12,0,100,0
49727.1,,,,,,,,,,,,,,,,,,,,,,64,,,,,,,
49988.5,49900,49700,49300,48300,49100,70000,1.2e+06,1.2e+06,1.2e+06,1.2e+06,1.596e+06,1.596e+06,,4815940.027,,,,,,,,,,1,0,13.1313,0,100,0
50510.7,,,,,,,,,,,,,,,,,,,,,,65,,,,,,,
50988.9,49900,49700,49500,48100,49100,70000,1.2e+06,1.2e+06,1.2e+06,1.2e+06,1.596e+06,1.596e+06,24.997,4815947.180,,,,,,,,,,1,0,15.1515,0.990099,100,0.990099
51294.2,,,,,,,,,,,,,,,,,,,,,,66,,,,,,,
51988.3,49900,49700,49700,48300,48900,70000,1.2e+06,1.2e+06,1.2e+06,1.2e+06,1.596e+06,1.596e+06,,4815954.426,,,,,,,,,,0,0,11.1111,0,100,0
52071.6,,,,,,,,,,,,,,,,,,,,,,67,,,,,,,
52852.2,,,,,,,,,,,,,,,,,,,,,,68,,,,,,,
52989,49900,49900,49300,48300,48900,70000,1.2e+06,1.2e+06,1.2e+06,1.2e+06,1.596e+06,1.596e+06,,4815961.635,,,,,,,,,,1.9802,0,6,6.93069,100,0
53624.5,,,,,,,,,,,,,,,,,,,,,,69,,,,,,,
53988.6,49500,49900,49500,48300,49100,70000,1.2e+06,1.2e+06,1.2e+06,1.2e+06,1.596e+06,1.596e+06,,4815968.786,,,,,,,,,,5.10204,0,6,0,100,0
54403.6,,,,,,,,,,,,,,,,,,,,,,70,,,,,,,
54988.6,49500,49900,49500,48300,49100,70000,1.2e+06,1.2e+06,1.2e+06,1.2e+06,1.596e+06,1.596e+06,,4815975.999,,,,,,,,,,1.9802,0,11.1111,0,100,0
55187.6,,,,,,,,,,,,,,,,,,,,,,71,,,,,,,
55963.7,,,,,,,,,,,,,,,,,,,,,,72,,,,,,,
55988.3,49500,49700,49300,47900,49100,70000,1.2e+06,1.2e+06,1.2e+06,1.2e+06,1.596e+06,1.596e+06,,4815983.303,,,,,,,,,,0,0,10.2041,0.990099,100,0
56745.5,,,,,,,,,,,,,,,,,,,,,,73,,,,,,,
56988.5,49500,49900,49500,48100,48700,70000,1.2e+06,1.2e+06,1.2e+06,1.2e+06,1.596e+06,1.596e+06,,4815990.466,,,,,,,,,,1,0,12,0,100,0
57525.8,,,,,,,,,,,,,,,,,,,,,,74,,,,,,,
57989.3,49900,49900,49300,48100,48900,70000,1.2e+06,1.2e+06,1.2e+06,1.2e+06,1.596e+06,1.596e+06,,4815997.695,,,,,,,,,,0,0,13.1313,0,100,0
58309.5,,,,,,,,,,,,,,,,,,,,,,75,,,,,,,
58988.8,49900,49700,49500,48100,49100,70000,1.2e+06,1.2e+06,1.2e+06,1.2e+06,1.596e+06,1.596e+06,,4816002.979,,,,,,,,,,1.9802,0,13,0,100,0
59099.9,,,,,,,,,,,,,,,,,,,,,,76,,,,,,,
59902.7,,,,,,,,,,,,,,,,,,,,,,77,,,,,,,
59988.9,49500,49500,49100,48100,48900,70000,1.2e+06,1.2e+06,1.2e+06,1.2e+06,1.596e+06,1.596e+06,,4816010.304,,,,,,,,,,0,0,12.7451,0.990099,100,0
60711.8,,,,,,,,,,,,,,,,,,,,,,78,,,,,,,
60988.4,49700,49500,49300,48300,49100,70000,1.2e+06,1.2e+06,1.2e+06,1.2e+06,1.596e+06,1.596e+06,25.008,4816017.528,,,,,,,,,,1,2.9703,11,0,100,0
61517.2,,,,,,,,,,,,,,,,,,,,,,79,,,,,,,
61988.7,49500,49700,49300,48100,48900,70000,1.2e+06,1.2e+06,1.2e+06,1.2e+06,1.596e+06,1.596e+06,,4816024.754,,,,,,,,,,1,9.80392,0,5.05051,100,0
62328.4,,,,,,,,,,,,,,,,,,,,,,80,,,,,,,
62988.8,49700,49700,49100,48100,48900,70000,1.2e+06,1.2e+06,1.2e+06,1.2e+06,1.596e+06,1.596e+06,,4816032.060,,,,,,,,,,0,7.07071,0,6,100,0
63126.4,,,,,,,,,,,,,,,,,,,,,,81,,,,,,,
63928.7,,,,,,,,,,,,,,,,,,,,,,82,,,,,,,
63988.9,49500,49900,49300,48100,48900,70000,1.2e+06,1.2e+06,1.2e+06,1.2e+06,1.596e+06,1.596e+06,,4816039.327,,,,,,,,,,1,12,0,0,100,0
64725.2,,,,,,,,,,,,,,,,,,,,,,83,,,,,,,
64988.4,49500,49700,49500,48100,48900,70000,1.2e+06,1.2e+06,1.2e+06,1.2e+06,1.596e+06,1.596e+06,,4816046.521,,,,,,,,,,0,6,0.990099,6,100,0.990099
65532.8,,,,,,,,,,,,,,,,,,,,,,84,,,,,,,
65988.6,49500,49500,49100,47900,48900,70000,1.2e+06,1.2e+06,1.2e+06,1.2e+06,1.596e+06,1.596e+06,,4816053.698,,,,,,,,,,1,13.7255,0,0,100,0
66343.6,,,,,,,,,,,,,,,,,,,,,,85,,,,,,,
66989.3,49500,49700,49300,47900,48900,70000,1.2e+06,1.2e+06,1.2e+06,1.2e+06,1.596e+06,1.596e+06,,4816060.934,,,,,,,,,,0,9.27835,0,0,100,0
67143.4,,,,,,,,,,,,,,,,,,,,,,86,,,,,,,
67948.2,,,,,,,,,,,,,,,,,,,,,,87,,,,,,,
67988.3,49500,49700,49300,48300,48900,70000,1.2e+06,1.2e+06,1.2e+06,1.2e+06,1.596e+06,1.596e+06,,4816068.239,,,,,,,,,,2,10,0,6,100,0
68754.6,,,,,,,,,,,,,,,,,,,,,,88,,,,,,,
68989.1,49500,49500,49500,48300,48900,70000,1.2e+06,1.2e+06,1.2e+06,1.2e+06,1.596e+06,1.596e+06,,4816075.478,,,,,,,,,,1.9802,8.91089,0,5,100,0
69569.4,,,,,,,,,,,,,,,,,,,,,,89,,,,,,,
69988.6,49300,49500,49100,48100,48900,70000,1.2e+06,1.2e+06,1.2e+06,1.2e+06,1.596e+06,1.596e+06,,4816082.707,,,,,,,,,,0.990099,12,0,0,100,0
70385.8,,,,,,,,,,,,,,,,,,,,,,90,,,,,,,
70988.3,49300,49500,49300,47900,48900,70000,1.2e+06,1.2e+06,1.2e+06,1.2e+06,1.596e+06,1.596e+06,25.029,4816089.948,,,,,,,,,,2.0202,9.18367,0,0,100,1
71199.4,,,,,,,,,,,,,,,,,,,,,,91,,,,,,,
71988.3,49500,49900,49100,48300,48900,70000,1.2e+06,1.2e+06,1.2e+06,1.2e+06,1.596e+06,1.596e+06,,4816097.131,,,,,,,,,,1.0101,13.2653,0.990099,0,100,0
71999.4,,,,,,,,,,,,,,,,,,,,,,92,,,,,,,
72798.1,,,,,,,,,,,,,,,,,,,,,,93,,,,,,,
72988.7,49700,49700,49500,48100,48900,70000,1.2e+06,1.2e+06,1.2e+06,1.2e+06,1.596e+06,1.596e+06,,4816104.436,,,,,,,,,,0,8,6,0,100,0
73607.3,,,,,,,,,,,,,,,,,,,,,,94,,,,,,,
73989,49500,49700,49500,48100,48700,70000,1.2e+06,1.2e+06,1.2e+06,1.2e+06,1.596e+06,1.596e+06,,4816111.661,,,,,,,,,,1,3.92157,6,5.05051,100,0
74402.9,,,,,,,,,,,,,,,,,,,,,,95,,,,,,,
74989,49300,49500,49100,47900,48700,70000,1.2e+06,1.2e+06,1.2e+06,1.2e+06,1.596e+06,1.596e+06,,4816118.822,,,,,,,,,,0,8.16327,0.990099,4.0404,100,0
75174.9,,,,,,,,,,,,,,,,,,,,,,96,,,,,,,
75944.7,,,,,,,,,,,,,,,,,,,,,,97,,,,,,,
75988.8,49500,49500,49300,48100,48500,70000,1.2e+06,1.2e+06,1.2e+06,1.2e+06,1.596e+06,1.596e+06,,4816126.068,,,,,,,,,,6.93069,8.08081,0,0,100,0
76717.5,,,,,,,,,,,,,,,,,,,,,,98,,,,,,,
76988.8,49500,49700,49300,47900,49100,70000,1.2e+06,1.2e+06,1.2e+06,1.2e+06,1.596e+06,1.596e+06,,4816133.220,,,,,,,,,,1.9802,6.86275,0,6,100,0
77490.7,,,,,,,,,,,,,,,,,,,,,,99,,,,,,,
77988.3,49500,49500,49500,48100,48700,70000,1.2e+06,1.2e+06,1.2e+06,1.2e+06,1.596e+06,1.596e+06,,4816140.440,,,,,,,,,,0,11.6505,0,6,100,0
78260.1,,,,,,,,,,,,,,,,,,,,,,100,,,,,,,
78988.3,49100,49500,48900,47900,48700,70000,1.2e+06,1.2e+06,1.2e+06,1.2e+06,1.596e+06,1.596e+06,,4816147.599,,,,,,,,,,1,8.08081,0,6.93069,100,0
79031.6,,,,,,,,,,,,,,,,,,,,,,101,,,,,,,
79802.6,,,,,,,,,,,,,,,,,,,,,,102,,,,,,,
79988.5,49500,49900,49300,47900,48900,70000,1.2e+06,1.2e+06,1.2e+06,1.2e+06,1.596e+06,1.596e+06,,4816154.822,,,,,,,,,,0,4.12371,0,5.05051,100,0
80572.3,,,,,,,,,,,,,,,,,,,,,,103,,,,,,,
80989.1,49300,49700,49100,48100,48900,70000,1.2e+06,1.2e+06,1.2e+06,1.2e+06,1.596e+06,1.596e+06,25.018,4816162.008,,,,,,,,,,1,14.7059,0,0,100,0
81341.8,,,,,,,,,,,,,,,,,,,,,,104,,,,,,,
81988.6,49300,49500,49100,47900,48700,70000,1.2e+06,1.2e+06,1.2e+06,1.2e+06,1.596e+06,1.596e+06,,4816169.232,,,,,,,,,,1.9802,16,0.990099,0,100,0
82113.9,,,,,,,,,,,,,,,,,,,,,,105,,,,,,,
82893.1,,,,,,,,,,,,,,,,,,,,,,106,,,,,,,
82989.3,49500,49700,49100,47900,48900,70000,1.2e+06,1.2e+06,1.2e+06,1.2e+06,1.596e+06,1.596e+06,,4816176.388,,,,,,,,,,0,10.101,0,0,100,0
83664.4,,,,,,,,,,,,,,,,,,,,,,107,,,,,,,
83989.2,49500,49700,49500,48100,49100,70000,1.2e+06,1.2e+06,1.2e+06,1.2e+06,1.596e+06,1.596e+06,,4816183.615,,,,,,,,,,1,7.14286,0,4.08163,100,0
84433.5,,,,,,,,,,,,,,,,,,,,,,108,,,,,,,
84988.5,49100,49500,49100,47900,48700,70000,1.2e+06,1.2e+06,1.2e+06,1.2e+06,1.596e+06,1.596e+06,,4816190.910,,,,,,,,,,6.06061,0,9.09091,0,100,0
85200.9,,,,,,,,,,,,,,,,,,,,,,109,,,,,,,
85972.8,,,,,,,,,,,,,,,,,,,,,,110,,,,,,,
85989,49300,49500,49100,47900,48700,70000,1.2e+06,1.2e+06,1.2e+06,1.2e+06,1.596e+06,1.596e+06,,4816198.063,,,,,,,,,,3.92157,1,9.09091,0.990099,100,0
86748.6,,,,,,,,,,,,,,,,,,,,,,111,,,,,,,
86989.1,49500,49500,49100,48100,48500,70000,1.2e+06,1.2e+06,1.2e+06,1.2e+06,1.596e+06,1.596e+06,,4816205.299,,,,,,,,,,1.9802,0,6.06061,5.05051,100,0
87526.4,,,,,,,,,,,,,,,,,,,,,,112,,,,,,,
87988.9,49100,49500,49100,47900,48700,70000,1.2e+06,1.2e+06,1.2e+06,1.2e+06,1.596e+06,1.596e+06,,4816212.441,,,,,,,,,,0,1,17.8218,0,100,0
88301.9,,,,,,,,,,,,,,,,,,,,,,113,,,,,,,
88988.7,49500,49500,49300,47700,48500,70000,1.2e+06,1.2e+06,1.2e+06,1.2e+06,1.596e+06,1.596e+06,,4816219.611,,,,,,,,,,1,1,5.10204,4.08163,100,0
89071.5,,,,,,,,,,,,,,,,,,,,,,114,,,,,,,
89841.1,,,,,,,,,,,,,,,,,,,,,,115,,,,,,,
89988.6,49100,49300,49100,47700,48700,70000,1.2e+06,1.2e+06,1.2e+06,1.2e+06,1.596e+06,1.596e+06,,4816226.811,,,,,,,,,,0,0,8.73786,6,100,0.990099
90614,,,,,,,,,,,,,,,,,,,,,,116,,,,,,,
90988.5,49100,49300,49100,47700,48700,70000,1.2e+06,1.2e+06,1.2e+06,1.2e+06,1.596e+06,1.596e+06,25.018,4816232.248,,,,,,,,,,1,1,13.1313,0,100,0
91383.8,,,,,,,,,,,,,,,,,,,,,,117,,,,,,,
91988.4,49500,49700,49300,48100,48700,70000,1.2e+06,1.2e+06,1.2e+06,1.2e+06,1.596e+06,1.596e+06,,4816239.476,,,,,,,,,,0,0,11.1111,0,100,0
92154.7,,,,,,,,,,,,,,,,,,,,,,118,,,,,,,
92923.5,,,,,,,,,,,,,,,,,,,,,,119,,,,,,,
92988.7,49300,49300,48900,47700,48700,70000,1.2e+06,1.2e+06,1.2e+06,1.2e+06,1.596e+06,1.596e+06,,4816246.627,,,,,,,,,,1,0,9.09091,6.93069,100,0
93693.9,,,,,,,,,,,,,,,,,,,,,,120,,,,,,,
93988.8,49500,49500,49100,48100,48700,70000,1.2e+06,1.2e+06,1.2e+06,1.2e+06,1.596e+06,1.596e+06,,4816253.855,,,,,,,,,,1.9802,0,12.8713,0,100,0
94466.4,,,,,,,,,,,,,,,,,,,,,,121,,,,,,,
94988.9,49100,49500,49100,47900,48500,70000,1.2e+06,1.2e+06,1.2e+06,1.2e+06,1.596e+06,1.596e+06,,4816261.089,,,,,,,,,,3.9604,0,7.07071,4.0404,100,0
95237.5,,,,,,,,,,,,,,,,,,,,,,122,,,,,,,
95989.3,49500,49500,48900,47700,48700,70000,1.2e+06,1.2e+06,1.2e+06,1.2e+06,1.596e+06,1.596e+06,,4816268.296,,,,,,,,,,4,0,11,0,100,0
96008.3,,,,,,,,,,,,,,,,,,,,,,123,,,,,,,
96778.7,,,,,,,,,,,,,,,,,,,,,,124,,,,,,,
96988.3,49100,49300,49100,48100,48700,70000,1.2e+06,1.2e+06,1.2e+06,1.2e+06,1.596e+06,1.596e+06,,4816275.443,,,,,,,,,,6.06061,1.96078,5.10204,0,100,0
97550,,,,,,,,,,,,,,,,,,,,,,125,,,,,,,
97989.3,49300,49500,49100,47900,48700,70000,1.2e+06,1.2e+06,1.2e+06,1.2e+06,1.596e+06,1.596e+06,,4816282.670,,,,,,,,,,1.9802,0,14.7059,0,100,0
98320.8,,,,,,,,,,,,,,,,,,,,,,126,,,,,,,
98988.6,49300,49500,49100,47900,48700,70000,1.2e+06,1.2e+06,1.2e+06,1.2e+06,1.596e+06,1.596e+06,,4816289.817,,,,,,,,,,1,0,14.8515,0,100,0
99089,,,,,,,,,,,,,,,,,,,,,,127,,,,,,,
99861.2,,,,,,,,,,,,,,,,,,,,,,128,,,,,,,
99988.4,49300,49300,48900,48100,48700,70000,1.2e+06,1.2e+06,1.2e+06,1.2e+06,1.596e+06,1.596e+06,,4816297.000,,,,,,,,,,0,0,14,0,100,0
100625,,,,,,,,,,,,,,,,,,,,,,129,,,,,,,
100988,49300,49500,49100,47700,48700,70000,1.2e+06,1.2e+06,1.2e+06,1.2e+06,1.596e+06,1.596e+06,25.051,4816304.199,,,,,,,,,,1,0,11.1111,0,100,0
101388,,,,,,,,,,,,,,,,,,,,,,130,,,,,,,
101989,49100,49500,49100,47700,48500,70000,1.2e+06,1.2e+06,1.2e+06,1.2e+06,1.596e+06,1.596e+06,,4816311.422,,,,,,,,,,0,0,9.09091,4.0404,100,0
102148,,,,,,,,,,,,,,,,,,,,,,131,,,,,,,
102906,,,,,,,,,,,,,,,,,,,,,,132,,,,,,,
102989,49100,49300,49100,47700,48500,70000,1.2e+06,1.2e+06,1.2e+06,1.2e+06,1.596e+06,1.596e+06,,4816318.581,,,,,,,,,,1,0,4,5.94059,100,0
103676,,,,,,,,,,,,,,,,,,,,,,133,,,,,,,
103989,49300,49300,48900,47700,48700,70000,1.2e+06,1.2e+06,1.2e+06,1.2e+06,1.596e+06,1.596e+06,,4816325.808,,,,,,,,,,2.9703,0.990099,13.7255,3,100,0
104444,,,,,,,,,,,,,,,,,,,,,,134,,,,,,,
104989,49500,49300,49300,47900,48900,70000,1.2e+06,1.2e+06,1.2e+06,1.2e+06,1.596e+06,1.596e+06,,4816332.973,,,,,,,,,,0,1,6,8.16327,100,0
105211,,,,,,,,,,,,,,,,,,,,,,135,,,,,,,
105975,,,,,,,,,,,,,,,,,,,,,,136,,,,,,,
105989,49300,49300,49300,47900,48700,70000,1.2e+06,1.2e+06,1.2e+06,1.2e+06,1.596e+06,1.596e+06,,4816340.194,,,,,,,,,,1,0,12,0,100,0
106745,,,,,,,,,,,,,,,,,,,,,,137,,,,,,,
106989,49500,49100,49100,47700,48300,70000,1.2e+06,1.2e+06,1.2e+06,1.2e+06,1.596e+06,1.596e+06,,4816347.350,,,,,,,,,,0,0,12,0,100,0
107515,,,,,,,,,,,,,,,,,,,,,,138,,,,,,,
107988,49100,49500,49100,47900,48700,70000,1.2e+06,1.2e+06,1.2e+06,1.2e+06,1.596e+06,1.596e+06,,4816354.567,,,,,,,,,,1,3.9604,8.16327,2,100,0
108283,,,,,,,,,,,,,,,,,,,,,,139,,,,,,,
108989,49500,49500,49100,47900,48700,70000,1.2e+06,1.2e+06,1.2e+06,1.2e+06,1.596e+06,1.596e+06,,4816361.715,,,,,,,,,,5.10204,2.04082,0,5.05051,100,0
109052,,,,,,,,,,,,,,,,,,,,,,140,,,,,,,
109826,,,,,,,,,,,,,,,,,,,,,,141,,,,,,,
109989,49500,49500,49300,48300,48700,70000,1.2e+06,1.2e+06,1.2e+06,1.2e+06,1.596e+06,1.596e+06,,4816368.952,,,,,,,,,,1,0,1,12,100,0
110603,,,,,,,,,,,,,,,,,,,,,,142,,,,,,,
110988,49100,49500,49300,48100,48900,70000,1.2e+06,1.2e+06,1.2e+06,1.2e+06,1.596e+06,1.596e+06,25.051,4816376.142,,,,,,,,,,6.06061,0,0,6.06061,100,0
111373,,,,,,,,,,,,,,,,,,,,,,143,,,,,,,
111989,49100,49500,49100,47900,48500,70000,1.2e+06,1.2e+06,1.2e+06,1.2e+06,1.596e+06,1.596e+06,,4816383.337,,,,,,,,,,0,0.990099,0,13,100,0
112147,,,,,,,,,,,,,,,,,,,,,,144,,,,,,,
112919,,,,,,,,,,,,,,,,,,,,,,145,,,,,,,
112989,49500,49300,49100,48100,48700,70000,1.2e+06,1.2e+06,1.2e+06,1.2e+06,1.596e+06,1.596e+06,,4816390.579,,,,,,,,,,1.9802,0,0,16,100,0
113684,,,,,,,,,,,,,,,,,,,,,,146,,,,,,,
113988,49500,49300,49300,47900,48700,70000,1.2e+06,1.2e+06,1.2e+06,1.2e+06,1.596e+06,1.596e+06,,4816397.739,,,,,,,,,,0,0,0,10.2041,100,0
114454,,,,,,,,,,,,,,,,,,,,,,147,,,,,,,
114989,49500,49300,49100,47900,48700,70000,1.2e+06,1.2e+06,1.2e+06,1.2e+06,1.596e+06,1.596e+06,,4816404.967,,,,,,,,,,1,0,0,12.8713,100,0
115221,,,,,,,,,,,,,,,,,,,,,,148,,,,,,,
115983,,,,,,,,,,,,,,,,,,,,,,149,,,,,,,
115989,49300,49300,49300,47900,48700,70000,1.2e+06,1.2e+06,1.2e+06,1.2e+06,1.596e+06,1.596e+06,,4816412.112,,,,,,,,,,7.92079,0,1,7.14286,100,0
116750,,,,,,,,,,,,,,,,,,,,,,150,,,,,,,
116989,49500,49500,49300,47900,48900,70000,1.2e+06,1.2e+06,1.2e+06,1.2e+06,1.596e+06,1.596e+06,,4816419.352,,,,,,,,,,5.05051,0,0,10,100,0
117515,,,,,,,,,,,,,,,,,,,,,,151,,,,,,,
117989,49500,49300,48900,48100,48700,70000,1.2e+06,1.2e+06,1.2e+06,1.2e+06,1.596e+06,1.596e+06,,4816426.519,,,,,,,,,,3.9604,4,0,7.84314,100,0
118281,,,,,,,,,,,,,,,,,,,,,,152,,,,,,,
118989,49100,49300,49100,47900,48500,70000,1.2e+06,1.2e+06,1.2e+06,1.2e+06,1.596e+06,1.596e+06,,4816433.733,,,,,,,,,,1.02041,0,0,11.1111,100,0
119038,,,,,,,,,,,,,,,,,,,,,,153,,,,,,,
119823,,,,,,,,,,,,,,,,,,,,,,154,,,,,,,
119989,49500,49500,49100,47700,48700,70000,1.2e+06,1.2e+06,1.2e+06,1.2e+06,1.596e+06,1.596e+06,,4816440.919,,,,,,,,,,1,4,0,5.15464,100,0
120619,,,,,,,,,,,,,,,,,,,,,,155,,,,,,,
120989,49100,49500,49100,47900,48700,70000,1.2e+06,1.2e+06,1.2e+06,1.2e+06,1.596e+06,1.596e+06,25.04,4816448.193,,,,,,,,,,0,0,0,15.8416,100,0
121404,,,,,,,,,,,,,,,,,,,,,,156,,,,,,,
121989,49500,49700,49300,47700,48700,70000,1.2e+06,1.2e+06,1.2e+06,1.2e+06,1.596e+06,1.596e+06,,4816455.316,,,,,,,,,,1.9802,0.990099,0,11.1111,100,0
122189,,,,,,,,,,,,,,,,,,,,,,157,,,,,,,
122971,,,,,,,,,,,,,,,,,,,,,,158,,,,,,,
122988,49500,49500,49300,48100,48700,70000,1.2e+06,1.2e+06,1.2e+06,1.2e+06,1.596e+06,1.596e+06,,4816462.579,,,,,,,,,,4.9505,0,5.05051,7,100,0
123758,,,,,,,,,,,,,,,,,,,,,,159,,,,,,,
123988,49300,49500,49100,48100,48300,70000,1.2e+06,1.2e+06,1.2e+06,1.2e+06,1.596e+06,1.596e+06,,4816469.822,,,,,,,,,,11.3402,0,0.990099,1.0101,100,0
124544,,,,,,,,,,,,,,,,,,,,,,160,,,,,,,
124989,49500,49500,49100,47900,48900,70000,1.2e+06,1.2e+06,1.2e+06,1.2e+06,1.596e+06,1.596e+06,,4816477.050,,,,,,,,,,13.1313,0,0,0,100,0
125332,,,,,,,,,,,,,,,,,,,,,,161,,,,,,,
125989,49500,49500,49100,47900,48700,70000,1.2e+06,1.2e+06,1.2e+06,1.2e+06,1.596e+06,1.596e+06,,4816484.217,,,,,,,,,,15.8416,0,0,0,100,0
126116,,,,,,,,,,,,,,,,,,,,,,162,,,,,,,
126902,,,,,,,,,,,,,,,,,,,,,,163,,,,,,,
126988,49300,49500,49300,47900,48700,70000,1.2e+06,1.2e+06,1.2e+06,1.2e+06,1.596e+06,1.596e+06,,4816491.450,,,,,,,,,,11.1111,4,0,0,100,0
127690,,,,,,,,,,,,,,,,,,,,,,164,,,,,,,
127989,49300,49300,49100,47900,48700,70000,1.2e+06,1.2e+06,1.2e+06,1.2e+06,1.596e+06,1.596e+06,,4816498.681,,,,,,,,,,5.05051,5.05051,0,0,100,0
128478,,,,,,,,,,,,,,,,,,,,,,165,,,,,,,
128989,49100,49300,49100,47900,48700,70000,1.2e+06,1.2e+06,1.2e+06,1.2e+06,1.596e+06,1.596e+06,,4816505.833,,,,,,,,,,2,7,0,6,100,0
129264,,,,,,,,,,,,,,,,,,,,,,166,,,,,,,
129989,49500,49300,49100,47900,48300,70000,1.2e+06,1.2e+06,1.2e+06,1.2e+06,1.596e+06,1.596e+06,,4816513.074,,,,,,,,,,6.93069,0,0,7.07071,100,0
130046,,,,,,,,,,,,,,,,,,,,,,167,,,,,,,
130829,,,,,,,,,,,,,,,,,,,,,,168,,,,,,,
130989,49100,49100,49300,47900,48700,70000,1.2e+06,1.2e+06,1.2e+06,1.2e+06,1.596e+06,1.596e+06,25.029,4816520.231,,,,,,,,,,3,0,1,10,100,0
131613,,,,,,,,,,,,,,,,,,,,,,169,,,,,,,
131988,49500,49300,49100,47900,48700,70000,1.2e+06,1.2e+06,1.2e+06,1.2e+06,1.596e+06,1.596e+06,,4816525.666,,,,,,,,,,4.0404,0,0,11,100,0
132397,,,,,,,,,,,,,,,,,,,,,,170,,,,,,,
132989,49500,49500,49100,48300,48700,70000,1.2e+06,1.2e+06,1.2e+06,1.2e+06,1.596e+06,1.596e+06,,4816532.896,,,,,,,,,,1,0,0,13.7255,100,0
133181,,,,,,,,,,,,,,,,,,,,,,171,,,,,,,
133961,,,,,,,,,,,,,,,,,,,,,,172,,,,,,,
133988,49500,49500,49300,47900,48700,70000,1.2e+06,1.2e+06,1.2e+06,1.2e+06,1.596e+06,1.596e+06,,4816540.067,,,,,,,,,,6.06061,0,0,8,100,0
134744,,,,,,,,,,,,,,,,,,,,,,173,,,,,,,
134989,49300,49500,49300,47900,48700,70000,1.2e+06,1.2e+06,1.2e+06,1.2e+06,1.596e+06,1.596e+06,,4816547.296,,,,,,,,,,1,0,0,16,100,0
135528,,,,,,,,,,,,,,,,,,,,,,174,,,,,,,
135988,49500,49500,49100,47900,48700,70000,1.2e+06,1.2e+06,1.2e+06,1.2e+06,1.596e+06,1.596e+06,,4816554.466,,,,,,,,,,0.990099,0,1,12,100,0
136307,,,,,,,,,,,,,,,,,,,,,,175,,,,,,,
136989,49100,49100,49100,47700,48700,70000,1.2e+06,1.2e+06,1.2e+06,1.2e+06,1.596e+06,1.596e+06,,4816561.700,,,,,,,,,,1.9802,0,0.990099,13.2653,100,0
137086,,,,,,,,,,,,,,,,,,,,,,176,,,,,,,
137866,,,,,,,,,,,,,,,,,,,,,,177,,,,,,,
137988,49500,49500,49100,47900,48700,70000,1.2e+06,1.2e+06,1.2e+06,1.2e+06,1.596e+06,1.596e+06,,4816568.925,,,,,,,,,,1,0.990099,0,15.8416,100,0
138644,,,,,,,,,,,,,,,,,,,,,,178,,,,,,,
138988,49100,49500,48900,47700,48700,70000,1.2e+06,1.2e+06,1.2e+06,1.2e+06,1.596e+06,1.596e+06,,4816576.169,,,,,,,,,,3.0303,0,0,7.14286,100,0
139424,,,,,,,,,,,,,,,,,,,,,,179,,,,,,,
139989,49100,49300,49100,47900,48700,70000,1.2e+06,1.2e+06,1.2e+06,1.2e+06,1.596e+06,1.596e+06,,4816583.346,,,,,,,,,,8.08081,0,7.84314,1,100,0
140205,,,,,,,,,,,,,,,,,,,,,,180,,,,,,,
140982,,,,,,,,,,,,,,,,,,,,,,181,,,,,,,
140989,49500,49500,49300,48100,48700,70000,1.2e+06,1.2e+06,1.2e+06,1.2e+06,1.596e+06,1.596e+06,25.008,4816590.558,,,,,,,,,,10,5,0,0,100,0
141756,,,,,,,,,,,,,,,,,,,,,,182,,,,,,,
141989,49500,49100,49100,47900,48700,70000,1.2e+06,1.2e+06,1.2e+06,1.2e+06,1.596e+06,1.596e+06,,4816597.791,,,,,,,,,,7.14286,6,0,0,100,0
142529,,,,,,,,,,,,,,,,,,,,,,183,,,,,,,
142989,49100,49500,49100,47900,48900,70000,1.2e+06,1.2e+06,1.2e+06,1.2e+06,1.596e+06,1.596e+06,,4816604.956,,,,,,,,,,8.91089,0,5,0,100,0
143304,,,,,,,,,,,,,,,,,,,,,,184,,,,,,,
143989,49300,49500,49100,47900,48700,70000,1.2e+06,1.2e+06,1.2e+06,1.2e+06,1.596e+06,1.596e+06,,4816612.236,,,,,,,,,,7,8.91089,0,0.990099,100,0
144074,,,,,,,,,,,,,,,,,,,,,,185,,,,,,,
144847,,,,,,,,,,,,,,,,,,,,,,186,,,,,,,
144989,49500,49500,49100,47900,48700,70000,1.2e+06,1.2e+06,1.2e+06,1.2e+06,1.596e+06,1.596e+06,,4816619.470,,,,,,,,,,8,9,0,0,100,0
145620,,,,,,,,,,,,,,,,,,,,,,187,,,,,,,
145989,49100,49500,49100,47900,48700,70000,1.2e+06,1.2e+06,1.2e+06,1.2e+06,1.596e+06,1.596e+06,,4816626.629,,,,,,,,,,7,5.05051,0,0,100,0
146391,,,,,,,,,,,,,,,,,,,,,,188,,,,,,,
146989,49300,49500,49100,47900,48700,70000,1.2e+06,1.2e+06,1.2e+06,1.2e+06,1.596e+06,1.596e+06,,4816633.852,,,,,,,,,,0,12.8713,0,1,100,0
147166,,,,,,,,,,,,,,,,,,,,,,189,,,,,,,
147935,,,,,,,,,,,,,,,,,,,,,,190,,,,,,,
147989,49500,49500,49100,47900,48700,70000,1.2e+06,1.2e+06,1.2e+06,1.2e+06,1.596e+06,1.596e+06,,4816641.004,,,,,,,,,,11,5.05051,0.990099,0.990099,100,0
148717,,,,,,,,,,,,,,,,,,,,,,191,,,,,,,
148989,49500,49500,49100,48100,48900,70000,1.2e+06,1.2e+06,1.2e+06,1.2e+06,1.596e+06,1.596e+06,,4816648.278,,,,,,,,,,13.1313,0,1,0,100,0
149494,,,,,,,,,,,,,,,,,,,,,,192,,,,,,,
149989,49300,49300,49300,47700,48700,70000,1.2e+06,1.2e+06,1.2e+06,1.2e+06,1.596e+06,1.596e+06,,4816655.451,,,,,,,,,,5.10204,6,0,0,100,0
150274,,,,,,,,,,,,,,,,,,,,,,193,,,,,,,
150989,49500,49500,49300,47900,48700,70000,1.2e+06,1.2e+06,1.2e+06,1.2e+06,1.596e+06,1.596e+06,25.029,4816662.566,,,,,,,,,,7.92079,10.8911,0,0,100,0
151049,,,,,,,,,,,,,,,,,,,,,,194,,,,,,,
151825,,,,,,,,,,,,,,,,,,,,,,195,,,,,,,
151989,49300,49500,49100,47700,48300,70000,1.2e+06,1.2e+06,1.2e+06,1.2e+06,1.596e+06,1.596e+06,,4816669.986,,,,,,,,,,11.8812,3.0303,0,0,100,0
152601,,,,,,,,,,,,,,,,,,,,,,196,,,,,,,
152988,49100,49300,49100,47900,48700,70000,1.2e+06,1.2e+06,1.2e+06,1.2e+06,1.596e+06,1.596e+06,,4816677.215,,,,,,,,,,12,0,0,0,100,0
153376,,,,,,,,,,,,,,,,,,,,,,197,,,,,,,
153988,49500,49500,49100,47900,48700,70000,1.2e+06,1.2e+06,1.2e+06,1.2e+06,1.596e+06,1.596e+06,,4816684.440,,,,,,,,,,3,9,0,0,100,0
154152,,,,,,,,,,,,,,,,,,,,,,198,,,,,,,
154923,,,,,,,,,,,,,,,,,,,,,,199,,,,,,,
154989,49100,49100,49100,47900,48700,70000,1.2e+06,1.2e+06,1.2e+06,1.2e+06,1.596e+06,1.596e+06,,4816691.662,,,,,,,,,,7,6.93069,6,0.990099,100,0
155694,,,,,,,,,,,,,,,,,,,,,,200,,,,,,,
155988,49100,49500,48900,47700,48500,70000,1.2e+06,1.2e+06,1.2e+06,1.2e+06,1.596e+06,1.596e+06,,4816698.823,,,,,,,,,,13,1,0,0,100,0
156464,,,,,,,,,,,,,,,,,,,,,,201,,,,,,,
156989,49100,49500,49100,47700,48700,70000,1.2e+06,1.2e+06,1.2e+06,1.2e+06,1.596e+06,1.596e+06,,4816706.057,,,,,,,,,,7.92079,6,0,0,100,0
157235,,,,,,,,,,,,,,,,,,,,,,202,,,,,,,
157988,49300,49100,49100,47900,48700,70000,1.2e+06,1.2e+06,1.2e+06,1.2e+06,1.596e+06,1.596e+06,,4816713.224,,,,,,,,,,18.6275,0,0,1,100,0
158005,,,,,,,,,,,,,,,,,,,,,,203,,,,,,,
158777,,,,,,,,,,,,,,,,,,,,,,204,,,,,,,
158989,49300,49500,49100,47900,48500,70000,1.2e+06,1.2e+06,1.2e+06,1.2e+06,1.596e+06,1.596e+06,,4816720.459,,,,,,,,,,4.0404,4,0,5.05051,100,0
159548,,,,,,,,,,,,,,,,,,,,,,205,,,,,,,
159988,49500,49500,49100,47700,48700,70000,1.2e+06,1.2e+06,1.2e+06,1.2e+06,1.596e+06,1.596e+06,,4816727.604,,,,,,,,,,1,7,4,1,100,0
160317,,,,,,,,,,,,,,,,,,,,,,206,,,,,,,
160989,49500,49500,49100,47900,48700,70000,1.2e+06,1.2e+06,1.2e+06,1.2e+06,1.596e+06,1.596e+06,25.04,4816734.849,,,,,,,,,,1,15.1515,0,0,100,0
161091,,,,,,,,,,,,,,,,,,,,,,207,,,,,,,
161867,,,,,,,,,,,,,,,,,,,,,,208,,,,,,,
161989,49500,49700,49300,47900,48500,70000,1.2e+06,1.2e+06,1.2e+06,1.2e+06,1.596e+06,1.596e+06,,4816742.011,,,,,,,,,,1,8,6.93069,0,100,0
162643,,,,,,,,,,,,,,,,,,,,,,209,,,,,,,
162989,49500,49500,49100,48100,48500,70000,1.2e+06,1.2e+06,1.2e+06,1.2e+06,1.596e+06,1.596e+06,,4816749.233,,,,,,,,,,0,3,10,0,100,0
163416,,,,,,,,,,,,,,,,,,,,,,210,,,,,,,
163989,49300,49500,49100,47900,48700,70000,1.2e+06,1.2e+06,1.2e+06,1.2e+06,1.596e+06,1.596e+06,,4816756.395,,,,,,,,,,1,0,8,4.08163,100,0.990099
164187,,,,,,,,,,,,,,,,,,,,,,211,,,,,,,
164961,,,,,,,,,,,,,,,,,,,,,,212,,,,,,,
164989,49300,49300,49100,47700,48900,70000,1.2e+06,1.2e+06,1.2e+06,1.2e+06,1.596e+06,1.596e+06,,4816763.634,,,,,,,,,,7.92079,0,10,0.990099,100,0
165734,,,,,,,,,,,,,,,,,,,,,,213,,,,,,,
165989,49100,49100,48900,47900,48500,70000,1.2e+06,1.2e+06,1.2e+06,1.2e+06,1.596e+06,1.596e+06,,4816769.061,,,,,,,,,,6.06061,0,6,0,100,0
166506,,,,,,,,,,,,,,,,,,,,,,214,,,,,,,
166989,49100,49500,49100,47900,48500,70000,1.2e+06,1.2e+06,1.2e+06,1.2e+06,1.596e+06,1.596e+06,,4816776.228,,,,,,,,,,2.94118,0.990099,6.06061,6.93069,100,0
167276,,,,,,,,,,,,,,,,,,,,,,215,,,,,,,
167989,49300,49500,49100,47900,48700,70000,1.2e+06,1.2e+06,1.2e+06,1.2e+06,1.596e+06,1.596e+06,,4816783.462,,,,,,,,,,3,1,12.7451,0,100,0
168049,,,,,,,,,,,,,,,,,,,,,,216,,,,,,,
168820,,,,,,,,,,,,,,,,,,,,,,217,,,,,,,
168989,49300,49300,48900,47900,48700,70000,1.2e+06,1.2e+06,1.2e+06,1.2e+06,1.596e+06,1.596e+06,,4816790.608,,,,,,,,,,4.0404,0,6,7.84314,100,0
169589,,,,,,,,,,,,,,,,,,,,,,218,,,,,,,
169989,49100,49300,48900,47900,48500,70000,1.2e+06,1.2e+06,1.2e+06,1.2e+06,1.596e+06,1.596e+06,,4816797.842,,,,,,,,,,1,11.1111,0.990099,0,100,0
170359,,,,,,,,,,,,,,,,,,,,,,219,,,,,,,
170989,49100,49300,48900,47900,48300,70000,1.2e+06,1.2e+06,1.2e+06,1.2e+06,1.596e+06,1.596e+06,25.083,4816804.998,,,,,,,,,,0,1.02041,7.07071,3.0303,100,0
171137,,,,,,,,,,,,,,,,,,,,,,220,,,,,,,
171913,,,,,,,,,,,,,,,,,,,,,,221,,,,,,,
171989,49100,49300,48900,47700,48700,70000,1.2e+06,1.2e+06,1.2e+06,1.2e+06,1.596e+06,1.596e+06,,4816812.231,,,,,,,,,,1,4.9505,5.05051,6,100,0
172681,,,,,,,,,,,,,,,,,,,,,,222,,,,,,,
172989,49100,49300,49100,47700,48700,70000,1.2e+06,1.2e+06,1.2e+06,1.2e+06,1.596e+06,1.596e+06,,4816819.393,,,,,,,,,,1,6.12245,5.88235,0,100,0
173451,,,,,,,,,,,,,,,,,,,,,,223,,,,,,,
173988,49300,49500,48900,47700,48500,70000,1.2e+06,1.2e+06,1.2e+06,1.2e+06,1.596e+06,1.596e+06,,4816826.620,,,,,,,,,,6.06061,1,6.12245,0,100,0
174222,,,,,,,,,,,,,,,,,,,,,,224,,,,,,,
174989,49300,49100,49100,47700,48300,70000,1.2e+06,1.2e+06,1.2e+06,1.2e+06,1.596e+06,1.596e+06,,4816833.846,,,,,,,,,,1.96078,0.990099,16.5049,0.990099,100,0
174992,,,,,,,,,,,,,,,,,,,,,,225,,,,,,,
175765,,,,,,,,,,,,,,,,,,,,,,226,,,,,,,
175989,49300,49300,49100,48100,48300,70000,1.2e+06,1.2e+06,1.2e+06,1.2e+06,1.596e+06,1.596e+06,,4816841.005,,,,,,,,,,0,0,3,11,100,0
176537,,,,,,,,,,,,,,,,,,,,,,227,,,,,,,
176989,49100,49300,49100,47900,48700,70000,1.2e+06,1.2e+06,1.2e+06,1.2e+06,1.596e+06,1.596e+06,,4816848.240,,,,,,,,,,1,5.94059,0,5.10204,100,0
177310,,,,,,,,,,,,,,,,,,,,,,228,,,,,,,
177988,49100,49300,48900,47900,48500,70000,1.2e+06,1.2e+06,1.2e+06,1.2e+06,1.596e+06,1.596e+06,,4816855.397,,,,,,,,,,2.0202,1.9802,0,12,100,0
178082,,,,,,,,,,,,,,,,,,,,,,229,,,,,,,
178852,,,,,,,,,,,,,,,,,,,,,,230,,,,,,,
178989,49100,49500,48900,47900,48500,70000,1.2e+06,1.2e+06,1.2e+06,1.2e+06,1.596e+06,1.596e+06,,4816862.621,,,,,,,,,,4.0404,6.93069,5.05051,0,100,0
179631,,,,,,,,,,,,,,,,,,,,,,231,,,,,,,
179989,49500,49500,49500,47900,48700,70000,1.2e+06,1.2e+06,1.2e+06,1.2e+06,1.596e+06,1.596e+06,,4816869.860,,,,,,,,,,7.84314,0,6.93069,1,100,0
180431,,,,,,,,,,,,,,,,,,,,,,232,,,,,,,
180989,49500,49300,49100,48100,48500,70000,1.2e+06,1.2e+06,1.2e+06,1.2e+06,1.596e+06,1.596e+06,25.072,4816877.096,,,,,,,,,,6.06061,0,9.80392,0,100,0
181218,,,,,,,,,,,,,,,,,,,,,,233,,,,,,,
181989,49100,49300,49100,47700,48700,70000,1.2e+06,1.2e+06,1.2e+06,1.2e+06,1.596e+06,1.596e+06,,4816884.333,,,,,,,,,,6.06061,0,8.16327,0,100,0
182005,,,,,,,,,,,,,,,,,,,,,,234,,,,,,,
182790,,,,,,,,,,,,,,,,,,,,,,235,,,,,,,
182989,49500,49500,49100,48100,48700,70000,1.2e+06,1.2e+06,1.2e+06,1.2e+06,1.596e+06,1.596e+06,,4816891.495,,,,,,,,,,1.9802,0.990099,12.8713,0,100,0
183577,,,,,,,,,,,,,,,,,,,,,,236,,,,,,,
183989,49100,49500,49100,48100,48700,70000,1.2e+06,1.2e+06,1.2e+06,1.2e+06,1.596e+06,1.596e+06,,4816898.795,,,,,,,,,,0,5.05051,4.08163,0,100,0
184356,,,,,,,,,,,,,,,,,,,,,,237,,,,,,,
184989,49300,49300,49100,47900,48700,70000,1.2e+06,1.2e+06,1.2e+06,1.2e+06,1.596e+06,1.596e+06,,4816906.040,,,,,,,,,,16.6667,0.990099,1,0,100,0
185146,,,,,,,,,,,,,,,,,,,,,,238,,,,,,,
185926,,,,,,,,,,,,,,,,,,,,,,239,,,,,,,
185988,49300,49300,48700,47700,48500,70000,1.2e+06,1.2e+06,1.2e+06,1.2e+06,1.596e+06,1.596e+06,,4816913.219,,,,,,,,,,10,6.06061,0,1,100,0
186715,,,,,,,,,,,,,,,,,,,,,,240,,,,,,,
186989,49300,49300,49100,47700,48700,70000,1.2e+06,1.2e+06,1.2e+06,1.2e+06,1.596e+06,1.596e+06,,4816920.455,,,,,,,,,,7.92079,0,4.08163,0,100,0
187500,,,,,,,,,,,,,,,,,,,,,,241,,,,,,,
187989,49500,49500,49300,48100,48700,70000,1.2e+06,1.2e+06,1.2e+06,1.2e+06,1.596e+06,1.596e+06,,4816927.604,,,,,,,,,,7.07071,2,4.08163,0,100,0
188286,,,,,,,,,,,,,,,,,,,,,,242,,,,,,,
188989,49100,49500,48900,48100,48700,70000,1.2e+06,1.2e+06,1.2e+06,1.2e+06,1.596e+06,1.596e+06,,4816934.841,,,,,,,,,,1,0,14,0,100,0
189065,,,,,,,,,,,,,,,,,,,,,,243,,,,,,,
189846,,,,,,,,,,,,,,,,,,,,,,244,,,,,,,
189989,49500,49300,49100,47900,48300,70000,1.2e+06,1.2e+06,1.2e+06,1.2e+06,1.596e+06,1.596e+06,,4816942.002,,,,,,,,,,0,0,14,0.990099,100,0
190630,,,,,,,,,,,,,,,,,,,,,,245,,,,,,,
190989,49500,49300,49100,47900,48700,70000,1.2e+06,1.2e+06,1.2e+06,1.2e+06,1.596e+06,1.596e+06,25.072,4816949.228,,,,,,,,,,1.9802,0.990099,13.1313,1,100,0
191408,,,,,,,,,,,,,,,,,,,,,,246,,,,,,,
191989,49500,49700,49100,47900,48700,70000,1.2e+06,1.2e+06,1.2e+06,1.2e+06,1.596e+06,1.596e+06,,4816956.371,,,,,,,,,,0,0,15.6863,0,100,0
192187,,,,,,,,,,,,,,,,,,,,,,247,,,,,,,
192965,,,,,,,,,,,,,,,,,,,,,,248,,,,,,,
192989,49300,49500,49100,47700,48300,70000,1.2e+06,1.2e+06,1.2e+06,1.2e+06,1.596e+06,1.596e+06,,4816963.599,,,,,,,,,,0.990099,0,14.8515,0,100,0
193748,,,,,,,,,,,,,,,,,,,,,,249,,,,,,,
193989,49100,49500,49100,47900,48700,70000,1.2e+06,1.2e+06,1.2e+06,1.2e+06,1.596e+06,1.596e+06,,4816970.754,,,,,,,,,,0,0,13.1313,0,100,0
194531,,,,,,,,,,,,,,,,,,,,,,250,,,,,,,
194989,49500,49500,48700,47500,48700,70000,1.2e+06,1.2e+06,1.2e+06,1.2e+06,1.596e+06,1.596e+06,,4816977.981,,,,,,,,,,1.96078,4.0404,12.8713,1,100,0
195310,,,,,,,,,,,,,,,,,,,,,,251,,,,,,,
195989,49500,49100,49100,47900,48700,70000,1.2e+06,1.2e+06,1.2e+06,1.2e+06,1.596e+06,1.596e+06,,4816985.209,,,,,,,,,,1,6,5.05051,0,100,0
196090,,,,,,,,,,,,,,,,,,,,,,252,,,,,,,
196873,,,,,,,,,,,,,,,,,,,,,,253,,,,,,,
196989,49500,49500,48900,47700,48700,70000,1.2e+06,1.2e+06,1.2e+06,1.2e+06,1.596e+06,1.596e+06,,4816992.367,,,,,,,,,,13.2653,0,1,0,100,0.990099
197657,,,,,,,,,,,,,,,,,,,,,,254,,,,,,,
197989,49100,49300,49100,47700,48700,70000,1.2e+06,1.2e+06,1.2e+06,1.2e+06,1.596e+06,1.596e+06,,4816999.603,,,,,,,,,,11,0,5.94059,1,100,0
198437,,,,,,,,,,,,,,,,,,,,,,255,,,,,,,
198989,49100,49100,49100,47900,48300,70000,1.2e+06,1.2e+06,1.2e+06,1.2e+06,1.596e+06,1.596e+06,,4817006.825,,,,,,,,,,12,0,1,0,100,0
199216,,,,,,,,,,,,,,,,,,,,,,256,,,,,,,
199989,49100,49100,49100,47700,48300,70000,1.2e+06,1.2e+06,1.2e+06,1.2e+06,1.596e+06,1.596e+06,,4817014.042,,,,,,,,,,6.06061,7,0,0,100,0
199992,,,,,,,,,,,,,,,,,,,,,,257,,,,,,,
200778,,,,,,,,,,,,,,,,,,,,,,258,,,,,,,
200988,49100,49300,49100,47700,48300,70000,1.2e+06,1.2e+06,1.2e+06,1.2e+06,1.596e+06,1.596e+06,25.072,4817021.201,,,,,,,,,,2,5.05051,4,6.93069,100,0
201564,,,,,,,,,,,,,,,,,,,,,,259,,,,,,,
201988,49300,49300,49100,47700,48700,70000,1.2e+06,1.2e+06,1.2e+06,1.2e+06,1.596e+06,1.596e+06,,4817028.426,,,,,,,,,,0,4.0404,2,7,100,0
202345,,,,,,,,,,,,,,,,,,,,,,260,,,,,,,
202989,49500,49300,48900,47900,48700,70000,1.2e+06,1.2e+06,1.2e+06,1.2e+06,1.596e+06,1.596e+06,,4817035.645,,,,,,,,,,1,8.91089,5,0,100,0
203124,,,,,,,,,,,,,,,,,,,,,,261,,,,,,,
203909,,,,,,,,,,,,,,,,,,,,,,262,,,,,,,
203988,49100,49300,49100,47700,48700,70000,1.2e+06,1.2e+06,1.2e+06,1.2e+06,1.596e+06,1.596e+06,,4817042.878,,,,,,,,,,1.9802,6,2,5.05051,100,0
204693,,,,,,,,,,,,,,,,,,,,,,263,,,,,,,
204988,49100,49300,49100,47700,48500,70000,1.2e+06,1.2e+06,1.2e+06,1.2e+06,1.596e+06,1.596e+06,,4817048.234,,,,,,,,,,5.05051,0,9.09091,1,100,0
205474,,,,,,,,,,,,,,,,,,,,,,264,,,,,,,
205989,49100,49100,48900,47900,48500,70000,1.2e+06,1.2e+06,1.2e+06,1.2e+06,1.596e+06,1.596e+06,,4817055.465,,,,,,,,,,6.06061,0,6,0.990099,100,0
206255,,,,,,,,,,,,,,,,,,,,,,265,,,,,,,
206988,49300,49100,49100,47700,48500,70000,1.2e+06,1.2e+06,1.2e+06,1.2e+06,1.596e+06,1.596e+06,,4817062.694,,,,,,,,,,3.92157,2,6,5.05051,100,0
207032,,,,,,,,,,,,,,,,,,,,,,266,,,,,,,
207815,,,,,,,,,,,,,,,,,,,,,,267,,,,,,,
207989,49300,49100,48900,47700,48700,70000,1.2e+06,1.2e+06,1.2e+06,1.2e+06,1.596e+06,1.596e+06,,4817069.925,,,,,,,,,,5.10204,6.93069,0,2,100,0
208599,,,,,,,,,,,,,,,,,,,,,,268,,,,,,,
208988,49100,49300,48900,47700,48500,70000,1.2e+06,1.2e+06,1.2e+06,1.2e+06,1.596e+06,1.596e+06,,4817077.111,,,,,,,,,,1,13.7255,1,3,100,0
209387,,,,,,,,,,,,,,,,,,,,,,269,,,,,,,
209989,49500,49500,48900,47700,48500,70000,1.2e+06,1.2e+06,1.2e+06,1.2e+06,1.596e+06,1.596e+06,,4817084.314,,,,,,,,,,4.08163,7.84314,0,0,100,0
210176,,,,,,,,,,,,,,,,,,,,,,270,,,,,,,
210954,,,,,,,,,,,,,,,,,,,,,,271,,,,,,,
210989,49500,49300,49100,47900,48700,70000,1.2e+06,1.2e+06,1.2e+06,1.2e+06,1.596e+06,1.596e+06,25.072,4817091.466,,,,,,,,,,7,9.80392,0.990099,1.0101,100,0
211737,,,,,,,,,,,,,,,,,,,,,,272,,,,,,,
211989,49300,49100,49100,47900,48700,70000,1.2e+06,1.2e+06,1.2e+06,1.2e+06,1.596e+06,1.596e+06,,4817098.763,,,,,,,,,,1,12,0,2.9703,100,0
212521,,,,,,,,,,,,,,,,,,,,,,273,,,,,,,
212989,49100,49300,48900,47700,48700,70000,1.2e+06,1.2e+06,1.2e+06,1.2e+06,1.596e+06,1.596e+06,,4817105.936,,,,,,,,,,0,6.06061,6.93069,0,100,0
213309,,,,,,,,,,,,,,,,,,,,,,274,,,,,,,
213989,49100,49100,49100,47700,48700,70000,1.2e+06,1.2e+06,1.2e+06,1.2e+06,1.596e+06,1.596e+06,,4817113.170,,,,,,,,,,1,15.8416,0,0,100,0
214101,,,,,,,,,,,,,,,,,,,,,,275,,,,,,,
214893,,,,,,,,,,,,,,,,,,,,,,276,,,,,,,
214989,49500,49500,49100,47700,48700,70000,1.2e+06,1.2e+06,1.2e+06,1.2e+06,1.596e+06,1.596e+06,,4817120.326,,,,,,,,,,0,13.1313,0,0,100,0
215678,,,,,,,,,,,,,,,,,,,,,,277,,,,,,,
215989,49300,49100,49100,47900,48700,70000,1.2e+06,1.2e+06,1.2e+06,1.2e+06,1.596e+06,1.596e+06,,4817127.562,,,,,,,,,,1.9802,11.1111,0,0,100,0
216464,,,,,,,,,,,,,,,,,,,,,,278,,,,,,,
216989,49300,49500,49100,48100,48700,70000,1.2e+06,1.2e+06,1.2e+06,1.2e+06,1.596e+06,1.596e+06,,4817134.724,,,,,,,,,,1,14.8515,0,0.990099,100,0
217246,,,,,,,,,,,,,,,,,,,,,,279,,,,,,,
217989,49100,49300,49100,47900,48500,70000,1.2e+06,1.2e+06,1.2e+06,1.2e+06,1.596e+06,1.596e+06,,4817141.951,,,,,,,,,,5,10.2041,0,0,100,0
218027,,,,,,,,,,,,,,,,,,,,,,280,,,,,,,
218810,,,,,,,,,,,,,,,,,,,,,,281,,,,,,,
218989,49300,49300,49100,47700,48700,70000,1.2e+06,1.2e+06,1.2e+06,1.2e+06,1.596e+06,1.596e+06,,4817149.116,,,,,,,,,,6.93069,6,0,1,100,0
219595,,,,,,,,,,,,,,,,,,,,,,282,,,,,,,
219988,49300,49300,49100,47900,48700,70000,1.2e+06,1.2e+06,1.2e+06,1.2e+06,1.596e+06,1.596e+06,,4817156.333,,,,,,,,,,11.8812,4.0404,0,0,100,0
220375,,,,,,,,,,,,,,,,,,,,,,283,,,,,,,
220988,49300,49300,49300,47900,48700,70000,1.2e+06,1.2e+06,1.2e+06,1.2e+06,1.596e+06,1.596e+06,25.093,4817163.640,,,,,,,,,,9.18367,5,0,1,100,0
221155,,,,,,,,,,,,,,,,,,,,,,284,,,,,,,
221936,,,,,,,,,,,,,,,,,,,,,,285,,,,,,,
221989,49100,49100,48700,47900,48500,70000,1.2e+06,1.2e+06,1.2e+06,1.2e+06,1.596e+06,1.596e+06,,4817170.866,,,,,,,,,,13,0,0,0,100,0
222716,,,,,,,,,,,,,,,,,,,,,,286,,,,,,,
222989,49100,49500,48700,47900,48500,70000,1.2e+06,1.2e+06,1.2e+06,1.2e+06,1.596e+06,1.596e+06,,4817178.029,,,,,,,,,,13.8614,0,0,0,100,0
223497,,,,,,,,,,,,,,,,,,,,,,287,,,,,,,
223989,49300,49100,49100,47900,48700,70000,1.2e+06,1.2e+06,1.2e+06,1.2e+06,1.596e+06,1.596e+06,,4817185.250,,,,,,,,,,1,10,0,6.06061,100,0
224277,,,,,,,,,,,,,,,,,,,,,,288,,,,,,,
224989,49300,49300,49100,47900,48700,70000,1.2e+06,1.2e+06,1.2e+06,1.2e+06,1.596e+06,1.596e+06,,4817192.435,,,,,,,,,,1,13.1313,0,0,100,0
225059,,,,,,,,,,,,,,,,,,,,,,289,,,,,,,
225840,,,,,,,,,,,,,,,,,,,,,,290,,,,,,,
225989,49300,49300,49100,47900,48300,70000,1.2e+06,1.2e+06,1.2e+06,1.2e+06,1.596e+06,1.596e+06,,4817199.649,,,,,,,,,,0,12.8713,0,1,100,0
226621,,,,,,,,,,,,,,,,,,,,,,291,,,,,,,
226989,49100,49300,49100,47900,48500,70000,1.2e+06,1.2e+06,1.2e+06,1.2e+06,1.596e+06,1.596e+06,,4817206.797,,,,,,,,,,1.9802,1,13.1313,0,100,0
227404,,,,,,,,,,,,,,,,,,,,,,292,,,,,,,
227988,49500,49300,48900,48100,48500,70000,1.2e+06,1.2e+06,1.2e+06,1.2e+06,1.596e+06,1.596e+06,,4817214.039,,,,,,,,,,6.06061,0,9.09091,0,100,0
228185,,,,,,,,,,,,,,,,,,,,,,293,,,,,,,
228961,,,,,,,,,,,,,,,,,,,,,,294,,,,,,,
228989,49100,49100,48900,47700,48500,70000,1.2e+06,1.2e+06,1.2e+06,1.2e+06,1.596e+06,1.596e+06,,4817221.174,,,,,,,,,,1,1,6.93069,5.05051,100,0
229741,,,,,,,,,,,,,,,,,,,,,,295,,,,,,,
229989,49300,49500,48900,47900,48500,70000,1.2e+06,1.2e+06,1.2e+06,1.2e+06,1.596e+06,1.596e+06,,4817228.409,,,,,,,,,,7.92079,6.93069,0,0.990099,100,0
230523,,,,,,,,,,,,,,,,,,,,,,296,,,,,,,
230989,49100,49100,48900,47500,48300,70000,1.2e+06,1.2e+06,1.2e+06,1.2e+06,1.596e+06,1.596e+06,25.083,4817235.557,,,,,,,,,,1,6,8,0,100,0
231304,,,,,,,,,,,,,,,,,,,,,,297,,,,,,,
231988,49500,49300,49100,47700,48500,70000,1.2e+06,1.2e+06,1.2e+06,1.2e+06,1.596e+06,1.596e+06,,4817242.796,,,,,,,,,,1.9802,5.05051,9,0,100,0
232081,,,,,,,,,,,,,,,,,,,,,,298,,,,,,,
232864,,,,,,,,,,,,,,,,,,,,,,299,,,,,,,
232989,49500,49500,48900,47700,48500,70000,1.2e+06,1.2e+06,1.2e+06,1.2e+06,1.596e+06,1.596e+06,,4817250.018,,,,,,,,,,0,7,4.08163,0,100,0
233645,,,,,,,,,,,,,,,,,,,,,,300,,,,,,,
233988,49500,49500,49100,47900,48700,70000,1.2e+06,1.2e+06,1.2e+06,1.2e+06,1.596e+06,1.596e+06,,4817257.250,,,,,,,,,,7,0,9.80392,1,100,0
234428,,,,,,,,,,,,,,,,,,,,,,301,,,,,,,
234988,49500,49700,49500,47900,48700,70000,1.2e+06,1.2e+06,1.2e+06,1.2e+06,1.596e+06,1.596e+06,,4817264.423,,,,,,,,,,1,0,16,0,100,0
235205,,,,,,,,,,,,,,,,,,,,,,302,,,,,,,
235983,,,,,,,,,,,,,,,,,,,,,,303,,,,,,,
235989,49500,49500,49300,48100,48900,70000,1.2e+06,1.2e+06,1.2e+06,1.2e+06,1.596e+06,1.596e+06,,4817271.646,,,,,,,,,,0,0,6,5.05051,100,0
236761,,,,,,,,,,,,,,,,,,,,,,304,,,,,,,
236989,49500,49300,49500,48100,48700,70000,1.2e+06,1.2e+06,1.2e+06,1.2e+06,1.596e+06,1.596e+06,,4817278.869,,,,,,,,,,1.9802,0,13.1313,0,100,0
237541,,,,,,,,,,,,,,,,,,,,,,305,,,,,,,
237989,49500,49500,49300,47900,48700,70000,1.2e+06,1.2e+06,1.2e+06,1.2e+06,1.596e+06,1.596e+06,,4817286.043,,,,,,,,,,0,0.990099,10.101,6.93069,100,0.990099
238325,,,,,,,,,,,,,,,,,,,,,,306,,,,,,,
238989,49500,49300,49100,47900,48900,70000,1.2e+06,1.2e+06,1.2e+06,1.2e+06,1.596e+06,1.596e+06,,4817293.281,,,,,,,,,,1,0,12,0,100,0
239101,,,,,,,,,,,,,,,,,,,,,,307,,,,,,,
239891,,,,,,,,,,,,,,,,,,,,,,308,,,,,,,
239989,49100,49100,48900,47900,48700,70000,1.2e+06,1.2e+06,1.2e+06,1.2e+06,1.596e+06,1.596e+06,,4817300.510,,,,,,,,,,1,0,6.93069,6,100,0
240685,,,,,,,,,,,,,,,,,,,,,,309,,,,,,,
240989,49500,49100,49100,47900,48500,70000,1.2e+06,1.2e+06,1.2e+06,1.2e+06,1.596e+06,1.596e+06,25.072,4817307.673,,,,,,,,,,1,0.990099,14.8515,0.990099,100,0
241473,,,,,,,,,,,,,,,,,,,,,,310,,,,,,,
241989,49500,49500,49100,48100,48700,70000,1.2e+06,1.2e+06,1.2e+06,1.2e+06,1.596e+06,1.596e+06,,4817313.120,,,,,,,,,,1,0,15.1515,0,100,0
242256,,,,,,,,,,,,,,,,,,,,,,311,,,,,,,
242989,49500,49700,49100,47900,48700,70000,1.2e+06,1.2e+06,1.2e+06,1.2e+06,1.596e+06,1.596e+06,,4817320.284,,,,,,,,,,0,0,6,6,100,0
243035,,,,,,,,,,,,,,,,,,,,,,312,,,,,,,
243820,,,,,,,,,,,,,,,,,,,,,,313,,,,,,,
243989,49500,49500,49100,48100,48700,70000,1.2e+06,1.2e+06,1.2e+06,1.2e+06,1.596e+06,1.596e+06,,4817327.516,,,,,,,,,,1,0,11.1111,0.990099,100,0
244603,,,,,,,,,,,,,,,,,,,,,,314,,,,,,,
244989,49500,49500,49100,48100,48700,70000,1.2e+06,1.2e+06,1.2e+06,1.2e+06,1.596e+06,1.596e+06,,4817334.735,,,,,,,,,,1.9802,3.9604,0,9.27835,100,0
245382,,,,,,,,,,,,,,,,,,,,,,315,,,,,,,
245989,49500,49500,49100,47700,48500,70000,1.2e+06,1.2e+06,1.2e+06,1.2e+06,1.596e+06,1.596e+06,,4817342.034,,,,,,,,,,0,3.0303,6,4.9505,100,0
246161,,,,,,,,,,,,,,,,,,,,,,316,,,,,,,
246940,,,,,,,,,,,,,,,,,,,,,,317,,,,,,,
246989,49500,49700,49300,47900,48500,70000,1.2e+06,1.2e+06,1.2e+06,1.2e+06,1.596e+06,1.596e+06,,4817349.189,,,,,,,,,,1,2.9703,1,11.1111,100,0
247725,,,,,,,,,,,,,,,,,,,,,,318,,,,,,,
247988,49500,49500,49100,47900,48700,70000,1.2e+06,1.2e+06,1.2e+06,1.2e+06,1.596e+06,1.596e+06,,4817356.426,,,,,,,,,,0,0,1,13,100,0
248509,,,,,,,,,,,,,,,,,,,,,,319,,,,,,,
248989,49300,49500,49300,47700,48700,70000,1.2e+06,1.2e+06,1.2e+06,1.2e+06,1.596e+06,1.596e+06,,4817363.660,,,,,,,,,,1,0,0.990099,14.1414,100,0
249290,,,,,,,,,,,,,,,,,,,,,,320,,,,,,,
249989,49300,49500,48900,48100,48700,70000,1.2e+06,1.2e+06,1.2e+06,1.2e+06,1.596e+06,1.596e+06,,4817370.807,,,,,,,,,,1,0,5.05051,7.07071,100,0
250064,,,,,,,,,,,,,,,,,,,,,,321,,,,,,,
250846,,,,,,,,,,,,,,,,,,,,,,322,,,,,,,
250988,49500,49500,49100,48100,48700,70000,1.2e+06,1.2e+06,1.2e+06,1.2e+06,1.596e+06,1.596e+06,25.051,4817378.051,,,,,,,,,,1,0,6.06061,6,100,0
251626,,,,,,,,,,,,,,,,,,,,,,323,,,,,,,
251989,49300,49500,49300,48100,48700,70000,1.2e+06,1.2e+06,1.2e+06,1.2e+06,1.596e+06,1.596e+06,,4817385.185,,,,,,,,,,1,2.94118,6.12245,6.06061,100,0
252408,,,,,,,,,,,,,,,,,,,,,,324,,,,,,,
252989,49300,49300,49100,48100,48700,70000,1.2e+06,1.2e+06,1.2e+06,1.2e+06,1.596e+06,1.596e+06,,4817392.429,,,,,,,,,,1,0,8,5.05051,100,0
253185,,,,,,,,,,,,,,,,,,,,,,325,,,,,,,
253958,,,,,,,,,,,,,,,,,,,,,,326,,,,,,,
253989,49300,49500,49300,48100,48900,70000,1.2e+06,1.2e+06,1.2e+06,1.2e+06,1.596e+06,1.596e+06,,4817399.654,,,,,,,,,,1,0,7,6,100,0
254736,,,,,,,,,,,,,,,,,,,,,,327,,,,,,,
254989,49300,49500,49300,48100,48700,70000,1.2e+06,1.2e+06,1.2e+06,1.2e+06,1.596e+06,1.596e+06,,4817406.811,,,,,,,,,,0,0,7.84314,10,100,0
255516,,,,,,,,,,,,,,,,,,,,,,328,,,,,,,
255988,49500,49300,49100,47900,48700,70000,1.2e+06,1.2e+06,1.2e+06,1.2e+06,1.596e+06,1.596e+06,,4817414.040,,,,,,,,,,1,0,6,8.91089,100,0
256292,,,,,,,,,,,,,,,,,,,,,,329,,,,,,,
256989,49500,49500,49100,48100,48500,70000,1.2e+06,1.2e+06,1.2e+06,1.2e+06,1.596e+06,1.596e+06,,4817421.258,,,,,,,,,,1,0.990099,6.93069,6.93069,100,0
257064,,,,,,,,,,,,,,,,,,,,,,330,,,,,,,
257846,,,,,,,,,,,,,,,,,,,,,,331,,,,,,,
257988,49500,49500,49100,47900,48700,70000,1.2e+06,1.2e+06,1.2e+06,1.2e+06,1.596e+06,1.596e+06,,4817428.446,,,,,,,,,,0,6.06061,0,7.07071,100,0
258623,,,,,,,,,,,,,,,,,,,,,,332,,,,,,,
258989,49500,49500,49100,48100,48700,70000,1.2e+06,1.2e+06,1.2e+06,1.2e+06,1.596e+06,1.596e+06,,4817435.625,,,,,,,,,,1.9802,14.2857,0,0,100,0
259408,,,,,,,,,,,,,,,,,,,,,,333,,,,,,,
259989,49100,49100,49100,47900,48700,70000,1.2e+06,1.2e+06,1.2e+06,1.2e+06,1.596e+06,1.596e+06,,4817442.865,,,,,,,,,,1,11.1111,0,0,100,0
260188,,,,,,,,,,,,,,,,,,,,,,334,,,,,,,
260966,,,,,,,,,,,,,,,,,,,,,,335,,,,,,,
260989,49500,49500,49100,47900,48500,70000,1.2e+06,1.2e+06,1.2e+06,1.2e+06,1.596e+06,1.596e+06,25.018,4817450.011,,,,,,,,,,1,14,0,0.990099,100,0
261744,,,,,,,,,,,,,,,,,,,,,,336,,,,,,,
261989,49300,49500,49500,47900,48700,70000,1.2e+06,1.2e+06,1.2e+06,1.2e+06,1.596e+06,1.596e+06,,4817457.244,,,,,,,,,,1,16.8317,0.990099,0,100,0
262522,,,,,,,,,,,,,,,,,,,,,,337,,,,,,,
262989,49700,49500,49500,48100,48500,70000,1.2e+06,1.2e+06,1.2e+06,1.2e+06,1.596e+06,1.596e+06,,4817464.487,,,,,,,,,,0,6.93069,0,6.93069,100,0
263298,,,,,,,,,,,,,,,,,,,,,,338,,,,,,,
263988,49500,49100,49100,47700,48500,70000,1.2e+06,1.2e+06,1.2e+06,1.2e+06,1.596e+06,1.596e+06,,4817471.779,,,,,,,,,,3,12,0,0,100,0
264075,,,,,,,,,,,,,,,,,,,,,,339,,,,,,,
264858,,,,,,,,,,,,,,,,,,,,,,340,,,,,,,
264989,49300,49500,49100,47900,48700,70000,1.2e+06,1.2e+06,1.2e+06,1.2e+06,1.596e+06,1.596e+06,,4817479.025,,,,,,,,,,5,0,0,10,100,0
265636,,,,,,,,,,,,,,,,,,,,,,341,,,,,,,
265989,49500,49500,49500,48100,48500,70000,1.2e+06,1.2e+06,1.2e+06,1.2e+06,1.596e+06,1.596e+06,,4817486.185,,,,,,,,,,5.05051,0,0,8,100,0
266418,,,,,,,,,,,,,,,,,,,,,,342,,,,,,,
266989,49500,49500,49100,48100,48700,70000,1.2e+06,1.2e+06,1.2e+06,1.2e+06,1.596e+06,1.596e+06,,4817493.422,,,,,,,,,,1.0101,1.9802,0,12,100,0
267198,,,,,,,,,,,,,,,,,,,,,,343,,,,,,,
267976,,,,,,,,,,,,,,,,,,,,,,344,,,,,,,
267989,49500,49700,49100,48300,48700,70000,1.2e+06,1.2e+06,1.2e+06,1.2e+06,1.596e+06,1.596e+06,,4817500.575,,,,,,,,,,0.990099,6.06061,0,11.6505,100,0
268753,,,,,,,,,,,,,,,,,,,,,,345,,,,,,,
268989,49500,49500,49100,47900,48500,70000,1.2e+06,1.2e+06,1.2e+06,1.2e+06,1.596e+06,1.596e+06,,4817507.802,,,,,,,,,,2,0,0,13.1313,100,0
269531,,,,,,,,,,,,,,,,,,,,,,346,,,,,,,
269989,49500,49500,49300,48100,48700,70000,1.2e+06,1.2e+06,1.2e+06,1.2e+06,1.596e+06,1.596e+06,,4817515.019,,,,,,,,,,3,4,0.990099,8,100,0
270312,,,,,,,,,,,,,,,,,,,,,,347,,,,,,,
270989,49500,49500,49100,48100,48500,70000,1.2e+06,1.2e+06,1.2e+06,1.2e+06,1.596e+06,1.596e+06,25.018,4817522.176,,,,,,,,,,0,9.09091,6.06061,0,100,0
271090,,,,,,,,,,,,,,,,,,,,,,348,,,,,,,
271869,,,,,,,,,,,,,,,,,,,,,,349,,,,,,,
271989,49500,49500,49300,47900,48700,70000,1.2e+06,1.2e+06,1.2e+06,1.2e+06,1.596e+06,1.596e+06,,4817529.416,,,,,,,,,,0.990099,1,6,6.86275,100,0
272650,,,,,,,,,,,,,,,,,,,,,,350,,,,,,,
272989,49500,49500,49100,47900,48700,70000,1.2e+06,1.2e+06,1.2e+06,1.2e+06,1.596e+06,1.596e+06,,4817536.568,,,,,,,,,,0,0,6.93069,6,100,0
273425,,,,,,,,,,,,,,,,,,,,,,351,,,,,,,
273989,49500,49300,49100,48100,48700,70000,1.2e+06,1.2e+06,1.2e+06,1.2e+06,1.596e+06,1.596e+06,,4817543.787,,,,,,,,,,1,6,6.06061,1.0101,100,0
274198,,,,,,,,,,,,,,,,,,,,,,352,,,,,,,
274967,,,,,,,,,,,,,,,,,,,,,,353,,,,,,,
274989,49500,49500,49100,47700,48700,70000,1.2e+06,1.2e+06,1.2e+06,1.2e+06,1.596e+06,1.596e+06,,4817550.936,,,,,,,,,,1,0,0,15,100,0
275741,,,,,,,,,,,,,,,,,,,,,,354,,,,,,,
275988,49100,49700,49100,48100,48700,70000,1.2e+06,1.2e+06,1.2e+06,1.2e+06,1.596e+06,1.596e+06,,4817558.162,,,,,,,,,,0,0,0,13.8614,100,0
276514,,,,,,,,,,,,,,,,,,,,,,355,,,,,,,
276989,49100,49300,49300,47900,48700,70000,1.2e+06,1.2e+06,1.2e+06,1.2e+06,1.596e+06,1.596e+06,,4817565.385,,,,,,,,,,6.06061,1,1,5.10204,100,0
277290,,,,,,,,,,,,,,,,,,,,,,356,,,,,,,
277988,49500,49500,49500,47900,48700,70000,1.2e+06,1.2e+06,1.2e+06,1.2e+06,1.596e+06,1.596e+06,,4817572.534,,,,,,,,,,0,0.990099,0,18.0952,100,0
278063,,,,,,,,,,,,,,,,,,,,,,357,,,,,,,
278834,,,,,,,,,,,,,,,,,,,,,,358,,,,,,,
278989,49500,49700,49300,48100,48700,70000,1.2e+06,1.2e+06,1.2e+06,1.2e+06,1.596e+06,1.596e+06,,4817579.758,,,,,,,,,,1,0,1,15,100,0
279612,,,,,,,,,,,,,,,,,,,,,,359,,,,,,,
279988,49700,49700,49100,48100,48700,70000,1.2e+06,1.2e+06,1.2e+06,1.2e+06,1.596e+06,1.596e+06,,4817585.128,,,,,,,,,,0,0,0,13.7255,100,0
280387,,,,,,,,,,,,,,,,,,,,,,360,,,,,,,
280989,49500,49500,49100,47900,48700,70000,1.2e+06,1.2e+06,1.2e+06,1.2e+06,1.596e+06,1.596e+06,24.997,4817592.368,,,,,,,,,,7.92079,0.990099,1,6.12245,100,0
281159,,,,,,,,,,,,,,,,,,,,,,361,,,,,,,
281934,,,,,,,,,,,,,,,,,,,,,,362,,,,,,,
281989,49500,49500,49100,47900,48700,70000,1.2e+06,1.2e+06,1.2e+06,1.2e+06,1.596e+06,1.596e+06,,4817599.523,,,,,,,,,,0.990099,0.990099,0,15.1515,100,0
282710,,,,,,,,,,,,,,,,,,,,,,363,,,,,,,
282989,49500,49500,49500,47900,48700,70000,1.2e+06,1.2e+06,1.2e+06,1.2e+06,1.596e+06,1.596e+06,,4817606.756,,,,,,,,,,0,0,0,12.8713,100,0
283485,,,,,,,,,,,,,,,,,,,,,,364,,,,,,,
283989,49500,49500,49100,48100,48900,70000,1.2e+06,1.2e+06,1.2e+06,1.2e+06,1.596e+06,1.596e+06,,4817613.995,,,,,,,,,,3,4.9505,1,8.08081,100,0
284258,,,,,,,,,,,,,,,,,,,,,,365,,,,,,,
284989,49500,49300,48900,47900,48500,70000,1.2e+06,1.2e+06,1.2e+06,1.2e+06,1.596e+06,1.596e+06,,4817621.155,,,,,,,,,,0,0,0,15,100,0
285034,,,,,,,,,,,,,,,,,,,,,,366,,,,,,,
285808,,,,,,,,,,,,,,,,,,,,,,367,,,,,,,
285989,49100,49300,49100,47900,48700,70000,1.2e+06,1.2e+06,1.2e+06,1.2e+06,1.596e+06,1.596e+06,,4817628.388,,,,,,,,,,0.990099,0,0,12,100,0
286582,,,,,,,,,,,,,,,,,,,,,,368,,,,,,,
286989,49500,49500,49300,48100,48700,70000,1.2e+06,1.2e+06,1.2e+06,1.2e+06,1.596e+06,1.596e+06,,4817635.542,,,,,,,,,,1.9802,0,0,11.2245,100,0
287359,,,,,,,,,,,,,,,,,,,,,,369,,,,,,,
287989,49500,49700,49100,47900,49100,70000,1.2e+06,1.2e+06,1.2e+06,1.2e+06,1.596e+06,1.596e+06,,4817642.771,,,,,,,,,,8.08081,0,5.10204,0,100,0
288139,,,,,,,,,,,,,,,,,,,,,,370,,,,,,,
288911,,,,,,,,,,,,,,,,,,,,,,371,,,,,,,
288989,49300,49500,49100,47900,48700,70000,1.2e+06,1.2e+06,1.2e+06,1.2e+06,1.596e+06,1.596e+06,,4817649.955,,,,,,,,,,14,2,0,0,100,0
289683,,,,,,,,,,,,,,,,,,,,,,372,,,,,,,
289989,49500,49300,49100,48300,48700,70000,1.2e+06,1.2e+06,1.2e+06,1.2e+06,1.596e+06,1.596e+06,,4817657.156,,,,,,,,,,12.1212,0,0,1.9802,100,0
290456,,,,,,,,,,,,,,,,,,,,,,373,,,,,,,
290989,49300,49500,49300,47900,48700,70000,1.2e+06,1.2e+06,1.2e+06,1.2e+06,1.596e+06,1.596e+06,24.997,4817664.380,,,,,,,,,,10.8911,0,5,0,100,0
291228,,,,,,,,,,,,,,,,,,,,,,374,,,,,,,
291989,49500,49500,49100,48100,48900,70000,1.2e+06,1.2e+06,1.2e+06,1.2e+06,1.596e+06,1.596e+06,,4817671.605,,,,,,,,,,11.7647,4.9505,0,0,100,0
291998,,,,,,,,,,,,,,,,,,,,,,375,,,,,,,
292775,,,,,,,,,,,,,,,,,,,,,,376,,,,,,,
292989,49300,49100,49100,48100,48700,70000,1.2e+06,1.2e+06,1.2e+06,1.2e+06,1.596e+06,1.596e+06,,4817678.761,,,,,,,,,,15.8416,0,0.990099,0,100,0
293545,,,,,,,,,,,,,,,,,,,,,,377,,,,,,,
293989,49300,49500,49100,47900,48500,70000,1.2e+06,1.2e+06,1.2e+06,1.2e+06,1.596e+06,1.596e+06,,4817686.002,,,,,,,,,,7,6,0,0,100,0
294318,,,,,,,,,,,,,,,,,,,,,,378,,,,,,,
294988,49700,49500,49300,47900,48700,70000,1.2e+06,1.2e+06,1.2e+06,1.2e+06,1.596e+06,1.596e+06,,4817693.151,,,,,,,,,,12.8713,3,0,1,100,0
295084,,,,,,,,,,,,,,,,,,,,,,379,,,,,,,
295860,,,,,,,,,,,,,,,,,,,,,,380,,,,,,,
295988,49500,49500,49100,47900,48700,70000,1.2e+06,1.2e+06,1.2e+06,1.2e+06,1.596e+06,1.596e+06,,4817700.373,,,,,,,,,,7,0.990099,0,7.07071,100,0
296641,,,,,,,,,,,,,,,,,,,,,,381,,,,,,,
296988,49500,49500,48900,48100,48700,70000,1.2e+06,1.2e+06,1.2e+06,1.2e+06,1.596e+06,1.596e+06,,4817707.545,,,,,,,,,,1,0,9.27835,2.0202,100,0
297414,,,,,,,,,,,,,,,,,,,,,,382,,,,,,,
297989,49300,49300,49100,47900,48500,70000,1.2e+06,1.2e+06,1.2e+06,1.2e+06,1.596e+06,1.596e+06,,4817714.761,,,,,,,,,,3.9604,0,13.7255,0.990099,100,0
298187,,,,,,,,,,,,,,,,,,,,,,383,,,,,,,
298957,,,,,,,,,,,,,,,,,,,,,,384,,,,,,,
298989,49500,49700,49300,47900,48700,70000,1.2e+06,1.2e+06,1.2e+06,1.2e+06,1.596e+06,1.596e+06,,4817721.979,,,,,,,,,,0,8.16327,0,4.08163,100,0
299745,,,,,,,,,,,,,,,,,,,,,,385,,,,,,,
299988,49100,49500,49100,47700,48700,70000,1.2e+06,1.2e+06,1.2e+06,1.2e+06,1.596e+06,1.596e+06,,4817729.213,,,,,,,,,,5.82524,4,0,6.93069,100,0
