# Started at: 2022-04-24 12:03:58 +0000, Version: v0.1-177-gf3f14d1, Generated by: thermobench --verbose --time=300 --wait=50 --wait-timeout=60 --sensors_file=/root/thermobench/src/sensors.imx8 --cpu-usage --column=CPU0_work_done --column=CPU1_work_done --column=CPU2_work_done --column=CPU3_work_done --column=CPU4_work_done --column=CPU5_work_done --output=/root/JSA/coefficients_experiment/measurements/imx8b//membench-1M-RO-S_A72_all.json.yaml.csv -- demos-sched -p high -c /root/JSA/coefficients_experiment/demos_configurations/imx8//membench-1M-RO-S_A72_all.json.yaml
time/ms,CPU_0_temp/m°C,CPU_1_temp/m°C,GPU_0_temp/m°C,GPU_1_temp/m°C,DRC_temp/m°C,PMIC_temp/m°C,Cortex_A53_0_freq/Hz,Cortex_A53_1_freq/Hz,Cortex_A53_2_freq/Hz,Cortex_A53_3_freq/Hz,Cortex_A72_0_freq/Hz,Cortex_A72_1_freq/Hz,ambient,energy,cam_cpu,cam_mem,heat_sources,CPU0_work_done,CPU1_work_done,CPU2_work_done,CPU3_work_done,CPU4_work_done,CPU5_work_done,CPU0_load/%,CPU1_load/%,CPU2_load/%,CPU3_load/%,CPU4_load/%,CPU5_load/%
1.13448,47000,46600,46600,45600,46200,70000,896000,896000,896000,896000,600000,600000,,,,,,,,,,,,33.3333,0,0,0,0,33.3333
989.933,47000,47400,47200,45600,46600,70000,1.2e+06,1.2e+06,1.2e+06,1.2e+06,1.596e+06,1.596e+06,24.943,4804345.550,,,,,,,,,,4.0404,3.06122,0,11.2245,89.899,92.7083
1074.26,,,,,,,,,,,,,,,,,,,,,,0,,,,,,,
1075.43,,,,,,,,,,,,,,,,,,,,,,,0,,,,,,
1990.41,47400,47900,47200,46200,47200,70000,1.2e+06,1.2e+06,1.2e+06,1.2e+06,1.596e+06,1.596e+06,,4804353.798,,,,,,,,,,1.0101,0,7.84314,6.06061,100,100
2038.22,,,,,,,,,,,,,,,,,,,,,,,1,,,,,,
2038.3,,,,,,,,,,,,,,,,,,,,,,1,,,,,,,
2989.78,47900,48500,47400,46800,47400,70000,1.2e+06,1.2e+06,1.2e+06,1.2e+06,1.596e+06,1.596e+06,,4804361.953,,,,,,,,,,2.9703,0,4.0404,8.16327,100,100
3001.43,,,,,,,,,,,,,,,,,,,,,,,2,,,,,,
3002.14,,,,,,,,,,,,,,,,,,,,,,2,,,,,,,
3964.92,,,,,,,,,,,,,,,,,,,,,,,3,,,,,,
3965.79,,,,,,,,,,,,,,,,,,,,,,3,,,,,,,
3989.93,47900,48500,47700,46800,47400,70000,1.2e+06,1.2e+06,1.2e+06,1.2e+06,1.596e+06,1.596e+06,,4804370.201,,,,,,,,,,1.0101,0,9.90099,7.84314,100,100
4927.48,,,,,,,,,,,,,,,,,,,,,,,4,,,,,,
4929.53,,,,,,,,,,,,,,,,,,,,,,4,,,,,,,
4990.39,48100,48300,47900,46800,47500,70000,1.2e+06,1.2e+06,1.2e+06,1.2e+06,1.596e+06,1.596e+06,,4804378.527,,,,,,,,,,1,4,0,7.07071,100,100
5891.02,,,,,,,,,,,,,,,,,,,,,,,5,,,,,,
5893.33,,,,,,,,,,,,,,,,,,,,,,5,,,,,,,
5990.4,48300,48900,48100,47200,48100,70000,1.2e+06,1.2e+06,1.2e+06,1.2e+06,1.596e+06,1.596e+06,,4804386.697,,,,,,,,,,1.0101,0,7.07071,6.93069,100,100
6854.23,,,,,,,,,,,,,,,,,,,,,,,6,,,,,,
6856.81,,,,,,,,,,,,,,,,,,,,,,6,,,,,,,
6990.01,48500,49300,48500,47200,48100,70000,1.2e+06,1.2e+06,1.2e+06,1.2e+06,1.596e+06,1.596e+06,,4804394.945,,,,,,,,,,7.92079,4,3.06122,0.990099,100,100
7817.97,,,,,,,,,,,,,,,,,,,,,,,7,,,,,,
7820.87,,,,,,,,,,,,,,,,,,,,,,7,,,,,,,
7990.13,48900,49100,48700,47500,48300,70000,1.2e+06,1.2e+06,1.2e+06,1.2e+06,1.596e+06,1.596e+06,,4804401.078,,,,,,,,,,13,1.02041,0,0,100,100
8781.18,,,,,,,,,,,,,,,,,,,,,,,8,,,,,,
8784.47,,,,,,,,,,,,,,,,,,,,,,8,,,,,,,
8989.7,48700,49500,48700,47500,48300,70000,1.2e+06,1.2e+06,1.2e+06,1.2e+06,1.596e+06,1.596e+06,,4804409.418,,,,,,,,,,7,6,0.990099,0.990099,100,100
9744.88,,,,,,,,,,,,,,,,,,,,,,,9,,,,,,
9748.45,,,,,,,,,,,,,,,,,,,,,,9,,,,,,,
9990.47,49100,49300,48700,47700,48300,70000,1.2e+06,1.2e+06,1.2e+06,1.2e+06,1.596e+06,1.596e+06,,4804417.670,,,,,,,,,,8,0,0,7.07071,100,100
10706.7,,,,,,,,,,,,,,,,,,,,,,,10,,,,,,
10711.4,,,,,,,,,,,,,,,,,,,,,,10,,,,,,,
10989.8,48900,49500,48700,47900,48500,70000,1.2e+06,1.2e+06,1.2e+06,1.2e+06,1.596e+06,1.596e+06,24.933,4804425.919,,,,,,,,,,0,2.9703,0,11.1111,100,100
11668,,,,,,,,,,,,,,,,,,,,,,,11,,,,,,
11673.9,,,,,,,,,,,,,,,,,,,,,,11,,,,,,,
11989.7,49100,49700,49100,48100,48700,70000,1.2e+06,1.2e+06,1.2e+06,1.2e+06,1.596e+06,1.596e+06,,4804434.085,,,,,,,,,,1,3,0,11.1111,100,100
12631.1,,,,,,,,,,,,,,,,,,,,,,,12,,,,,,
12638.9,,,,,,,,,,,,,,,,,,,,,,12,,,,,,,
12990.4,49500,49900,49100,48100,48700,70000,1.2e+06,1.2e+06,1.2e+06,1.2e+06,1.596e+06,1.596e+06,,4804442.353,,,,,,,,,,1,5,2.94118,5.94059,100,100
13594.9,,,,,,,,,,,,,,,,,,,,,,,13,,,,,,
13603.5,,,,,,,,,,,,,,,,,,,,,,13,,,,,,,
13990.3,49500,49900,49300,48100,49100,70000,1.2e+06,1.2e+06,1.2e+06,1.2e+06,1.596e+06,1.596e+06,,4804450.539,,,,,,,,,,2.9703,1,0,12.1212,100,100
14558,,,,,,,,,,,,,,,,,,,,,,,14,,,,,,
14567.7,,,,,,,,,,,,,,,,,,,,,,14,,,,,,,
14990.2,49700,50100,49500,48300,48900,70000,1.2e+06,1.2e+06,1.2e+06,1.2e+06,1.596e+06,1.596e+06,,4804458.773,,,,,,,,,,4.0404,0.990099,1,12,100,100
15520,,,,,,,,,,,,,,,,,,,,,,,15,,,,,,
15531.4,,,,,,,,,,,,,,,,,,,,,,15,,,,,,,
15990,49700,50300,49300,48300,49100,70000,1.2e+06,1.2e+06,1.2e+06,1.2e+06,1.596e+06,1.596e+06,,4804466.958,,,,,,,,,,1.9802,0,0,12.8713,100,100
16481.4,,,,,,,,,,,,,,,,,,,,,,,16,,,,,,
16494.3,,,,,,,,,,,,,,,,,,,,,,16,,,,,,,
16990.1,49700,50300,49700,48300,49100,70000,1.2e+06,1.2e+06,1.2e+06,1.2e+06,1.596e+06,1.596e+06,,4804475.222,,,,,,,,,,7.14286,1.0101,0.990099,5,100,100
17444.2,,,,,,,,,,,,,,,,,,,,,,,17,,,,,,
17457.7,,,,,,,,,,,,,,,,,,,,,,17,,,,,,,
17989.9,49900,50300,49300,48500,49100,70000,1.2e+06,1.2e+06,1.2e+06,1.2e+06,1.596e+06,1.596e+06,,4804483.391,,,,,,,,,,12.7451,0,6.06061,0,100,100
18406.1,,,,,,,,,,,,,,,,,,,,,,,18,,,,,,
18420.8,,,,,,,,,,,,,,,,,,,,,,18,,,,,,,
18990.4,49900,50500,49700,48500,49100,70000,1.2e+06,1.2e+06,1.2e+06,1.2e+06,1.596e+06,1.596e+06,,4804491.648,,,,,,,,,,6.06061,6,0,0,100,100
19369.3,,,,,,,,,,,,,,,,,,,,,,,19,,,,,,
19384.1,,,,,,,,,,,,,,,,,,,,,,19,,,,,,,
19990.2,49900,50300,49500,48500,49300,70000,1.2e+06,1.2e+06,1.2e+06,1.2e+06,1.596e+06,1.596e+06,,4804499.829,,,,,,,,,,5.10204,6,1.96078,0,100,100
20330,,,,,,,,,,,,,,,,,,,,,,,20,,,,,,
20345.2,,,,,,,,,,,,,,,,,,,,,,20,,,,,,,
20990.5,50300,50700,49700,48700,49500,70000,1.2e+06,1.2e+06,1.2e+06,1.2e+06,1.596e+06,1.596e+06,24.922,4804508.096,,,,,,,,,,5,10.2041,1,1,100,100
21292,,,,,,,,,,,,,,,,,,,,,,,21,,,,,,
21307.3,,,,,,,,,,,,,,,,,,,,,,21,,,,,,,
21989.7,50300,50500,49900,48700,49500,70000,1.2e+06,1.2e+06,1.2e+06,1.2e+06,1.596e+06,1.596e+06,,4804516.369,,,,,,,,,,10,5.05051,0,0.990099,100,100
22255.3,,,,,,,,,,,,,,,,,,,,,,,22,,,,,,
22271.2,,,,,,,,,,,,,,,,,,,,,,22,,,,,,,
22990.5,50100,50500,49700,48900,49500,70000,1.2e+06,1.2e+06,1.2e+06,1.2e+06,1.596e+06,1.596e+06,,4804524.635,,,,,,,,,,2,6,5,0,100,100
23219.3,,,,,,,,,,,,,,,,,,,,,,,23,,,,,,
23236.7,,,,,,,,,,,,,,,,,,,,,,23,,,,,,,
23990,50500,50700,50100,49100,49700,70000,1.2e+06,1.2e+06,1.2e+06,1.2e+06,1.596e+06,1.596e+06,,4804532.816,,,,,,,,,,0,6,2.0202,6,100,100
24182.4,,,,,,,,,,,,,,,,,,,,,,,24,,,,,,
24200.1,,,,,,,,,,,,,,,,,,,,,,24,,,,,,,
24990.6,50300,50900,50100,49300,49700,70000,1.2e+06,1.2e+06,1.2e+06,1.2e+06,1.596e+06,1.596e+06,,4804541.088,,,,,,,,,,1.9802,0,10,6,100,100
25145.3,,,,,,,,,,,,,,,,,,,,,,,25,,,,,,
25163.6,,,,,,,,,,,,,,,,,,,,,,25,,,,,,,
25990.1,50300,50700,50100,49100,49900,70000,1.2e+06,1.2e+06,1.2e+06,1.2e+06,1.596e+06,1.596e+06,,4804549.357,,,,,,,,,,12.8713,0.990099,0,1,100,100
26108.7,,,,,,,,,,,,,,,,,,,,,,,26,,,,,,
26128.8,,,,,,,,,,,,,,,,,,,,,,26,,,,,,,
26990.6,50500,50900,50300,49100,49900,70000,1.2e+06,1.2e+06,1.2e+06,1.2e+06,1.596e+06,1.596e+06,,4804557.552,,,,,,,,,,15.1515,0,0,0,100,100
27073.3,,,,,,,,,,,,,,,,,,,,,,,27,,,,,,
27094.6,,,,,,,,,,,,,,,,,,,,,,27,,,,,,,
27990,50700,51100,50100,49300,49900,70000,1.2e+06,1.2e+06,1.2e+06,1.2e+06,1.596e+06,1.596e+06,,4804565.826,,,,,,,,,,10.101,1,1,6,100,99.0099
28035.4,,,,,,,,,,,,,,,,,,,,,,,28,,,,,,
28058.6,,,,,,,,,,,,,,,,,,,,,,28,,,,,,,
28990.3,50700,51100,50500,49500,49900,70000,1.2e+06,1.2e+06,1.2e+06,1.2e+06,1.596e+06,1.596e+06,,4804574.026,,,,,,,,,,6.06061,0,0.990099,6,100,100
28998,,,,,,,,,,,,,,,,,,,,,,,29,,,,,,
29021.5,,,,,,,,,,,,,,,,,,,,,,29,,,,,,,
29962,,,,,,,,,,,,,,,,,,,,,,,30,,,,,,
29986.9,,,,,,,,,,,,,,,,,,,,,,30,,,,,,,
29990,50700,51500,50700,49700,50100,70000,1.2e+06,1.2e+06,1.2e+06,1.2e+06,1.596e+06,1.596e+06,,4804582.287,,,,,,,,,,1,0,2.0202,11.1111,100,100
30924.9,,,,,,,,,,,,,,,,,,,,,,,31,,,,,,
30951,,,,,,,,,,,,,,,,,,,,,,31,,,,,,,
30990.1,50900,51100,50700,49300,50100,70000,1.2e+06,1.2e+06,1.2e+06,1.2e+06,1.596e+06,1.596e+06,24.911,4804590.481,,,,,,,,,,9.90099,0,4.9505,4.0404,100,100
31887.2,,,,,,,,,,,,,,,,,,,,,,,32,,,,,,
31914.8,,,,,,,,,,,,,,,,,,,,,,32,,,,,,,
31989.9,50900,51300,50700,49500,50100,70000,1.2e+06,1.2e+06,1.2e+06,1.2e+06,1.596e+06,1.596e+06,,4804598.753,,,,,,,,,,7,0,1,5.05051,100,100
32849.5,,,,,,,,,,,,,,,,,,,,,,,33,,,,,,
32877.9,,,,,,,,,,,,,,,,,,,,,,33,,,,,,,
32990.4,50700,51300,50700,49500,50300,70000,1.2e+06,1.2e+06,1.2e+06,1.2e+06,1.596e+06,1.596e+06,,4804606.951,,,,,,,,,,5.10204,0,0.990099,6.06061,100,100
33812.3,,,,,,,,,,,,,,,,,,,,,,,34,,,,,,
33841.5,,,,,,,,,,,,,,,,,,,,,,34,,,,,,,
33990,50700,51100,50700,49700,50300,70000,1.2e+06,1.2e+06,1.2e+06,1.2e+06,1.596e+06,1.596e+06,,4804615.229,,,,,,,,,,8.82353,1.0101,7,0,100,100
34774.9,,,,,,,,,,,,,,,,,,,,,,,35,,,,,,
34805.2,,,,,,,,,,,,,,,,,,,,,,35,,,,,,,
34990.6,51100,51500,50500,49500,50300,70000,1.2e+06,1.2e+06,1.2e+06,1.2e+06,1.596e+06,1.596e+06,,4804623.428,,,,,,,,,,6.93069,8.16327,0,1.9802,100,100
35738.2,,,,,,,,,,,,,,,,,,,,,,,36,,,,,,
35769.4,,,,,,,,,,,,,,,,,,,,,,36,,,,,,,
35990.3,51100,51500,50500,49700,50300,70000,1.2e+06,1.2e+06,1.2e+06,1.2e+06,1.596e+06,1.596e+06,,4804631.691,,,,,,,,,,13,0,0,0.990099,100,100
36702.7,,,,,,,,,,,,,,,,,,,,,,,37,,,,,,
36735.1,,,,,,,,,,,,,,,,,,,,,,37,,,,,,,
36989.9,51100,51700,50900,50100,50300,70000,1.2e+06,1.2e+06,1.2e+06,1.2e+06,1.596e+06,1.596e+06,,4804639.876,,,,,,,,,,14.2857,0,0,1,100,100
37666.3,,,,,,,,,,,,,,,,,,,,,,,38,,,,,,
37700.5,,,,,,,,,,,,,,,,,,,,,,38,,,,,,,
37989.8,51300,51700,50700,49900,50300,70000,1.2e+06,1.2e+06,1.2e+06,1.2e+06,1.596e+06,1.596e+06,,4804648.219,,,,,,,,,,1,4.9505,2.04082,6.06061,100,100
38628.8,,,,,,,,,,,,,,,,,,,,,,,39,,,,,,
38663.5,,,,,,,,,,,,,,,,,,,,,,39,,,,,,,
38989.6,51100,51500,50700,50100,50500,70000,1.2e+06,1.2e+06,1.2e+06,1.2e+06,1.596e+06,1.596e+06,,4804656.492,,,,,,,,,,1.9802,1,8.08081,6.93069,100,100
39592.5,,,,,,,,,,,,,,,,,,,,,,,40,,,,,,
39628.4,,,,,,,,,,,,,,,,,,,,,,40,,,,,,,
39989.8,51500,51700,51100,50100,50700,70000,1.2e+06,1.2e+06,1.2e+06,1.2e+06,1.596e+06,1.596e+06,,4804664.674,,,,,,,,,,1,0,6,6,100,100
40557,,,,,,,,,,,,,,,,,,,,,,,41,,,,,,
40593.4,,,,,,,,,,,,,,,,,,,,,,41,,,,,,,
40989.8,51300,51700,51100,50100,50700,70000,1.2e+06,1.2e+06,1.2e+06,1.2e+06,1.596e+06,1.596e+06,24.89,4804672.949,,,,,,,,,,2,0.990099,7,9.90099,100,100
41520.7,,,,,,,,,,,,,,,,,,,,,,,42,,,,,,
41557.8,,,,,,,,,,,,,,,,,,,,,,42,,,,,,,
41990.3,51300,51900,51100,50100,50700,70000,1.2e+06,1.2e+06,1.2e+06,1.2e+06,1.596e+06,1.596e+06,,4804681.136,,,,,,,,,,6.06061,0,0,9,100,100
42485.1,,,,,,,,,,,,,,,,,,,,,,,43,,,,,,
42522.6,,,,,,,,,,,,,,,,,,,,,,43,,,,,,,
42990.4,51300,51900,51100,50100,50700,70000,1.2e+06,1.2e+06,1.2e+06,1.2e+06,1.596e+06,1.596e+06,,4804689.405,,,,,,,,,,7,0,0.990099,5.10204,100,100
43448.6,,,,,,,,,,,,,,,,,,,,,,,44,,,,,,
43486.7,,,,,,,,,,,,,,,,,,,,,,44,,,,,,,
43989.6,51500,51900,51300,50300,50700,70000,1.2e+06,1.2e+06,1.2e+06,1.2e+06,1.596e+06,1.596e+06,,4804697.693,,,,,,,,,,1,0.990099,1.0101,11.1111,100,100
44414.1,,,,,,,,,,,,,,,,,,,,,,,45,,,,,,
44453.5,,,,,,,,,,,,,,,,,,,,,,45,,,,,,,
44989.7,51500,51900,51100,50500,50900,70000,1.2e+06,1.2e+06,1.2e+06,1.2e+06,1.596e+06,1.596e+06,,4804705.963,,,,,,,,,,7,1,9.09091,0,100,100
45379,,,,,,,,,,,,,,,,,,,,,,,46,,,,,,
45418.3,,,,,,,,,,,,,,,,,,,,,,46,,,,,,,
45990.6,51500,52100,51500,50500,50900,70000,1.2e+06,1.2e+06,1.2e+06,1.2e+06,1.596e+06,1.596e+06,,4804712.111,,,,,,,,,,5.10204,0,7.84314,0.990099,100,100
46341.2,,,,,,,,,,,,,,,,,,,,,,,47,,,,,,
46381.4,,,,,,,,,,,,,,,,,,,,,,47,,,,,,,
46990.3,51500,51900,51100,50300,51100,70000,1.2e+06,1.2e+06,1.2e+06,1.2e+06,1.596e+06,1.596e+06,,4804720.380,,,,,,,,,,1.9802,6,0,6,100,100
47304.2,,,,,,,,,,,,,,,,,,,,,,,48,,,,,,
47345.7,,,,,,,,,,,,,,,,,,,,,,48,,,,,,,
47990.4,51500,52100,51500,50300,50900,70000,1.2e+06,1.2e+06,1.2e+06,1.2e+06,1.596e+06,1.596e+06,,4804728.657,,,,,,,,,,0,0,13.1313,1,100,100
48267.9,,,,,,,,,,,,,,,,,,,,,,,49,,,,,,
48309.9,,,,,,,,,,,,,,,,,,,,,,49,,,,,,,
48990.3,51500,52300,51500,50500,51100,70000,1.2e+06,1.2e+06,1.2e+06,1.2e+06,1.596e+06,1.596e+06,,4804736.932,,,,,,,,,,7,0,8.16327,0,100,100
49232.8,,,,,,,,,,,,,,,,,,,,,,,50,,,,,,
49276.2,,,,,,,,,,,,,,,,,,,,,,50,,,,,,,
49989.9,51500,51900,51100,50300,50900,70000,1.2e+06,1.2e+06,1.2e+06,1.2e+06,1.596e+06,1.596e+06,,4804745.135,,,,,,,,,,0.990099,0,11.1111,0,100,100
50197.4,,,,,,,,,,,,,,,,,,,,,,,51,,,,,,
50241.3,,,,,,,,,,,,,,,,,,,,,,51,,,,,,,
50990.4,51900,52100,51500,50500,51100,70000,1.2e+06,1.2e+06,1.2e+06,1.2e+06,1.596e+06,1.596e+06,24.868,4804753.405,,,,,,,,,,1,0,6.06061,8,100,100
51160.9,,,,,,,,,,,,,,,,,,,,,,,52,,,,,,
51205.2,,,,,,,,,,,,,,,,,,,,,,52,,,,,,,
51990.1,51900,52100,51500,50500,51100,70000,1.2e+06,1.2e+06,1.2e+06,1.2e+06,1.596e+06,1.596e+06,,4804761.687,,,,,,,,,,0,0,4.12371,8.91089,100,100
52125.8,,,,,,,,,,,,,,,,,,,,,,,53,,,,,,
52170.4,,,,,,,,,,,,,,,,,,,,,,53,,,,,,,
52990,51700,52300,51500,50300,51100,70000,1.2e+06,1.2e+06,1.2e+06,1.2e+06,1.596e+06,1.596e+06,,4804769.877,,,,,,,,,,5.10204,1,2.9703,7,100,100
53090.9,,,,,,,,,,,,,,,,,,,,,,,54,,,,,,
53135.4,,,,,,,,,,,,,,,,,,,,,,54,,,,,,,
53989.7,51700,52300,51500,50700,51100,70000,1.2e+06,1.2e+06,1.2e+06,1.2e+06,1.596e+06,1.596e+06,,4804778.077,,,,,,,,,,1.9802,0.990099,11.1111,0.990099,100,100
54054.5,,,,,,,,,,,,,,,,,,,,,,,55,,,,,,
54101.1,,,,,,,,,,,,,,,,,,,,,,55,,,,,,,
54990.2,51900,52300,51500,50700,51100,70000,1.2e+06,1.2e+06,1.2e+06,1.2e+06,1.596e+06,1.596e+06,,4804786.420,,,,,,,,,,1.9802,0,7.07071,7.07071,100,100
55019.3,,,,,,,,,,,,,,,,,,,,,,,56,,,,,,
55067.2,,,,,,,,,,,,,,,,,,,,,,56,,,,,,,
55983.2,,,,,,,,,,,,,,,,,,,,,,,57,,,,,,
55990.4,51900,52100,51500,50500,51300,70000,1.2e+06,1.2e+06,1.2e+06,1.2e+06,1.596e+06,1.596e+06,,4804794.603,,,,,,,,,,0,5.05051,1,8,100,100
56031.4,,,,,,,,,,,,,,,,,,,,,,57,,,,,,,
56947,,,,,,,,,,,,,,,,,,,,,,,58,,,,,,
56990.2,51900,52500,51500,50700,51100,70000,1.2e+06,1.2e+06,1.2e+06,1.2e+06,1.596e+06,1.596e+06,,4804802.897,,,,,,,,,,1.9802,0,0,16.3462,100,100
56996.5,,,,,,,,,,,,,,,,,,,,,,58,,,,,,,
57909.7,,,,,,,,,,,,,,,,,,,,,,,59,,,,,,
57960.3,,,,,,,,,,,,,,,,,,,,,,59,,,,,,,
57990.5,51700,52100,51500,50700,51100,70000,1.2e+06,1.2e+06,1.2e+06,1.2e+06,1.596e+06,1.596e+06,,4804811.168,,,,,,,,,,1,0.990099,0,11.1111,100,100
58872.6,,,,,,,,,,,,,,,,,,,,,,,60,,,,,,
58925.2,,,,,,,,,,,,,,,,,,,,,,60,,,,,,,
58990.4,51900,52100,51500,50700,51100,70000,1.2e+06,1.2e+06,1.2e+06,1.2e+06,1.596e+06,1.596e+06,,4804819.364,,,,,,,,,,8,0,1,6.06061,100,100
59836.5,,,,,,,,,,,,,,,,,,,,,,,61,,,,,,
59889.6,,,,,,,,,,,,,,,,,,,,,,61,,,,,,,
59989.8,51900,52300,51500,50700,51100,70000,1.2e+06,1.2e+06,1.2e+06,1.2e+06,1.596e+06,1.596e+06,,4804827.643,,,,,,,,,,0,1,0.990099,13.4021,100,100
60799.9,,,,,,,,,,,,,,,,,,,,,,,62,,,,,,
60853.7,,,,,,,,,,,,,,,,,,,,,,62,,,,,,,
60989.9,51900,52300,51700,50700,51100,70000,1.2e+06,1.2e+06,1.2e+06,1.2e+06,1.596e+06,1.596e+06,24.858,4804835.836,,,,,,,,,,1.9802,0,0,11.1111,100,100
61763.4,,,,,,,,,,,,,,,,,,,,,,,63,,,,,,
61818.5,,,,,,,,,,,,,,,,,,,,,,63,,,,,,,
61989.7,52100,52500,51900,50700,51500,70000,1.2e+06,1.2e+06,1.2e+06,1.2e+06,1.596e+06,1.596e+06,,4804844.113,,,,,,,,,,1,0,0.990099,14.1414,100,100
62727.5,,,,,,,,,,,,,,,,,,,,,,,64,,,,,,
62783.7,,,,,,,,,,,,,,,,,,,,,,64,,,,,,,
62990.2,52100,52500,51900,50900,51300,70000,1.2e+06,1.2e+06,1.2e+06,1.2e+06,1.596e+06,1.596e+06,,4804852.310,,,,,,,,,,2,0,0,16.6667,100,100
63693.3,,,,,,,,,,,,,,,,,,,,,,,65,,,,,,
63749.3,,,,,,,,,,,,,,,,,,,,,,65,,,,,,,
63990.2,52100,52300,51500,50500,51500,70000,1.2e+06,1.2e+06,1.2e+06,1.2e+06,1.596e+06,1.596e+06,,4804860.595,,,,,,,,,,1,0,1,12.1212,100,100
64656.5,,,,,,,,,,,,,,,,,,,,,,,66,,,,,,
64713.8,,,,,,,,,,,,,,,,,,,,,,66,,,,,,,
64990.1,52100,52600,51900,50900,51500,70000,1.2e+06,1.2e+06,1.2e+06,1.2e+06,1.596e+06,1.596e+06,,4804868.892,,,,,,,,,,0,0.990099,0,10.2041,100,100
65620,,,,,,,,,,,,,,,,,,,,,,,67,,,,,,
65678.1,,,,,,,,,,,,,,,,,,,,,,67,,,,,,,
65990.3,52300,52600,51900,51100,51500,70000,1.2e+06,1.2e+06,1.2e+06,1.2e+06,1.596e+06,1.596e+06,,4804877.070,,,,,,,,,,1,0,1,12,100,100
66584.6,,,,,,,,,,,,,,,,,,,,,,,68,,,,,,
66643.1,,,,,,,,,,,,,,,,,,,,,,68,,,,,,,
66989.6,52300,52500,51900,51100,51700,70000,1.2e+06,1.2e+06,1.2e+06,1.2e+06,1.596e+06,1.596e+06,,4804885.350,,,,,,,,,,2,0.990099,0.990099,12.8713,100,100
67548,,,,,,,,,,,,,,,,,,,,,,,69,,,,,,
67606.5,,,,,,,,,,,,,,,,,,,,,,69,,,,,,,
67990.3,52100,52600,51900,50700,51500,70000,1.2e+06,1.2e+06,1.2e+06,1.2e+06,1.596e+06,1.596e+06,,4804893.545,,,,,,,,,,0,0,0.990099,12,100,100
68510,,,,,,,,,,,,,,,,,,,,,,,70,,,,,,
68569.8,,,,,,,,,,,,,,,,,,,,,,70,,,,,,,
68990.2,52300,52600,52300,51100,51900,70000,1.2e+06,1.2e+06,1.2e+06,1.2e+06,1.596e+06,1.596e+06,,4804901.824,,,,,,,,,,6.06061,1,0,5.05051,100,100
69473.9,,,,,,,,,,,,,,,,,,,,,,,71,,,,,,
69533.7,,,,,,,,,,,,,,,,,,,,,,71,,,,,,,
69989.6,52300,52600,51900,50900,51700,70000,1.2e+06,1.2e+06,1.2e+06,1.2e+06,1.596e+06,1.596e+06,,4804910.112,,,,,,,,,,6.06061,0,5.05051,1,100,100
70435.9,,,,,,,,,,,,,,,,,,,,,,,72,,,,,,
70497.4,,,,,,,,,,,,,,,,,,,,,,72,,,,,,,
70990.1,52300,52600,51900,51300,51500,70000,1.2e+06,1.2e+06,1.2e+06,1.2e+06,1.596e+06,1.596e+06,24.858,4804918.310,,,,,,,,,,13,0,3,1.9802,100,100
71399.3,,,,,,,,,,,,,,,,,,,,,,,73,,,,,,
71461.3,,,,,,,,,,,,,,,,,,,,,,73,,,,,,,
71990.2,52100,52500,51900,50900,51700,70000,1.2e+06,1.2e+06,1.2e+06,1.2e+06,1.596e+06,1.596e+06,,4804926.596,,,,,,,,,,0,0,5.05051,6.93069,100,100
72362.9,,,,,,,,,,,,,,,,,,,,,,,74,,,,,,
72425.7,,,,,,,,,,,,,,,,,,,,,,74,,,,,,,
72990,52300,52500,51900,50900,51500,70000,1.2e+06,1.2e+06,1.2e+06,1.2e+06,1.596e+06,1.596e+06,,4804934.795,,,,,,,,,,1,0,6.93069,5.05051,100,100
73327.6,,,,,,,,,,,,,,,,,,,,,,,75,,,,,,
73391.3,,,,,,,,,,,,,,,,,,,,,,75,,,,,,,
73990.2,52300,52800,52100,51100,51900,70000,1.2e+06,1.2e+06,1.2e+06,1.2e+06,1.596e+06,1.596e+06,,4804942.993,,,,,,,,,,1.0101,0,3.0303,8,100,100
74291.1,,,,,,,,,,,,,,,,,,,,,,,76,,,,,,
74356.7,,,,,,,,,,,,,,,,,,,,,,76,,,,,,,
74990,52100,52600,51900,51100,51500,70000,1.2e+06,1.2e+06,1.2e+06,1.2e+06,1.596e+06,1.596e+06,,4804951.351,,,,,,,,,,1.9802,0,6.93069,7,100,100
75254.2,,,,,,,,,,,,,,,,,,,,,,,77,,,,,,
75320.7,,,,,,,,,,,,,,,,,,,,,,77,,,,,,,
75990.5,52500,52800,52300,50900,51500,70000,1.2e+06,1.2e+06,1.2e+06,1.2e+06,1.596e+06,1.596e+06,,4804959.638,,,,,,,,,,7.14286,0,3.06122,4,100,100
76218.7,,,,,,,,,,,,,,,,,,,,,,,78,,,,,,
76286.6,,,,,,,,,,,,,,,,,,,,,,78,,,,,,,
76990,52300,52500,52100,50900,51500,70000,1.2e+06,1.2e+06,1.2e+06,1.2e+06,1.596e+06,1.596e+06,,4804967.947,,,,,,,,,,1.9802,0,6,6,100,100
77182.3,,,,,,,,,,,,,,,,,,,,,,,79,,,,,,
77250.9,,,,,,,,,,,,,,,,,,,,,,79,,,,,,,
77990.6,52300,52600,52100,50900,51700,70000,1.2e+06,1.2e+06,1.2e+06,1.2e+06,1.596e+06,1.596e+06,,4804976.206,,,,,,,,,,1.0101,0,6,6,100,100
78145.7,,,,,,,,,,,,,,,,,,,,,,,80,,,,,,
78215.4,,,,,,,,,,,,,,,,,,,,,,80,,,,,,,
78990.2,52300,52800,52100,50900,51900,70000,1.2e+06,1.2e+06,1.2e+06,1.2e+06,1.596e+06,1.596e+06,,4804984.416,,,,,,,,,,1,0,5.05051,7.84314,100,100
79109.2,,,,,,,,,,,,,,,,,,,,,,,81,,,,,,
79180.7,,,,,,,,,,,,,,,,,,,,,,81,,,,,,,
79989.8,52300,52800,52300,51300,51900,70000,1.2e+06,1.2e+06,1.2e+06,1.2e+06,1.596e+06,1.596e+06,,4804992.675,,,,,,,,,,1.0101,6,2,6.06061,100,100
80073.1,,,,,,,,,,,,,,,,,,,,,,,82,,,,,,
80144.5,,,,,,,,,,,,,,,,,,,,,,82,,,,,,,
80989.8,52500,53000,51900,51100,51700,70000,1.2e+06,1.2e+06,1.2e+06,1.2e+06,1.596e+06,1.596e+06,24.879,4805000.897,,,,,,,,,,1,1,9,6.93069,100,100
81036.6,,,,,,,,,,,,,,,,,,,,,,,83,,,,,,
81109.5,,,,,,,,,,,,,,,,,,,,,,83,,,,,,,
81989.9,52300,52600,52100,51300,51500,70000,1.2e+06,1.2e+06,1.2e+06,1.2e+06,1.596e+06,1.596e+06,,4805009.167,,,,,,,,,,2,0.990099,14,0.990099,100,100
82000.8,,,,,,,,,,,,,,,,,,,,,,,84,,,,,,
82075.3,,,,,,,,,,,,,,,,,,,,,,84,,,,,,,
82964.8,,,,,,,,,,,,,,,,,,,,,,,85,,,,,,
82990,52300,52600,52300,51300,51900,70000,1.2e+06,1.2e+06,1.2e+06,1.2e+06,1.596e+06,1.596e+06,,4805017.428,,,,,,,,,,1,0,6.93069,7.07071,100,100
83039.2,,,,,,,,,,,,,,,,,,,,,,85,,,,,,,
83927.4,,,,,,,,,,,,,,,,,,,,,,,86,,,,,,
83990,52600,52800,52300,51300,51900,70000,1.2e+06,1.2e+06,1.2e+06,1.2e+06,1.596e+06,1.596e+06,,4805025.662,,,,,,,,,,10.3093,0,0,4.9505,100,100
84002.4,,,,,,,,,,,,,,,,,,,,,,86,,,,,,,
84891.4,,,,,,,,,,,,,,,,,,,,,,,87,,,,,,
84966.9,,,,,,,,,,,,,,,,,,,,,,87,,,,,,,
84990.1,52300,53000,52300,50900,51900,70000,1.2e+06,1.2e+06,1.2e+06,1.2e+06,1.596e+06,1.596e+06,,4805031.905,,,,,,,,,,1.9802,6.93069,0,6.06061,100,100
85855.1,,,,,,,,,,,,,,,,,,,,,,,88,,,,,,
85932.4,,,,,,,,,,,,,,,,,,,,,,88,,,,,,,
85990.6,52500,53000,52500,51300,51900,70000,1.2e+06,1.2e+06,1.2e+06,1.2e+06,1.596e+06,1.596e+06,,4805040.110,,,,,,,,,,2.9703,11.3402,0,0,100,100
86819,,,,,,,,,,,,,,,,,,,,,,,89,,,,,,
86898.3,,,,,,,,,,,,,,,,,,,,,,89,,,,,,,
86990.5,52600,53000,52300,51500,51900,70000,1.2e+06,1.2e+06,1.2e+06,1.2e+06,1.596e+06,1.596e+06,,4805048.390,,,,,,,,,,1.9802,13.2653,0,0.990099,100,100
87784,,,,,,,,,,,,,,,,,,,,,,,90,,,,,,
87863.5,,,,,,,,,,,,,,,,,,,,,,90,,,,,,,
87989.7,52300,53000,52300,51300,51900,70000,1.2e+06,1.2e+06,1.2e+06,1.2e+06,1.596e+06,1.596e+06,,4805056.593,,,,,,,,,,0,13.1313,1,0,100,100
88746.9,,,,,,,,,,,,,,,,,,,,,,,91,,,,,,
88827.9,,,,,,,,,,,,,,,,,,,,,,91,,,,,,,
88990.1,52600,53000,52500,51300,51900,70000,1.2e+06,1.2e+06,1.2e+06,1.2e+06,1.596e+06,1.596e+06,,4805064.879,,,,,,,,,,6.06061,1,6.93069,1,100,100
89710.3,,,,,,,,,,,,,,,,,,,,,,,92,,,,,,
89792.2,,,,,,,,,,,,,,,,,,,,,,92,,,,,,,
89990.5,52300,53000,52300,51300,51900,70000,1.2e+06,1.2e+06,1.2e+06,1.2e+06,1.596e+06,1.596e+06,,4805073.069,,,,,,,,,,9.90099,5.05051,0,0,100,100
90674,,,,,,,,,,,,,,,,,,,,,,,93,,,,,,
90756.5,,,,,,,,,,,,,,,,,,,,,,93,,,,,,,
90990.4,52600,53000,52100,51300,51900,70000,1.2e+06,1.2e+06,1.2e+06,1.2e+06,1.596e+06,1.596e+06,24.943,4805081.268,,,,,,,,,,12.1212,3.0303,0,0,100,100
91636.5,,,,,,,,,,,,,,,,,,,,,,,94,,,,,,
91719.7,,,,,,,,,,,,,,,,,,,,,,94,,,,,,,
91990.4,52500,53000,52300,51500,51900,70000,1.2e+06,1.2e+06,1.2e+06,1.2e+06,1.596e+06,1.596e+06,,4805089.555,,,,,,,,,,12.2449,0,0.990099,0,100,100
92600.1,,,,,,,,,,,,,,,,,,,,,,,95,,,,,,
92683.5,,,,,,,,,,,,,,,,,,,,,,95,,,,,,,
92990,52600,53000,52300,51300,52100,70000,1.2e+06,1.2e+06,1.2e+06,1.2e+06,1.596e+06,1.596e+06,,4805097.766,,,,,,,,,,10.8911,6,0.990099,0,100,100
93563.5,,,,,,,,,,,,,,,,,,,,,,,96,,,,,,
93647.8,,,,,,,,,,,,,,,,,,,,,,96,,,,,,,
93990.1,52600,53000,52100,51300,52300,70000,1.2e+06,1.2e+06,1.2e+06,1.2e+06,1.596e+06,1.596e+06,,4805106.060,,,,,,,,,,6,8.16327,1,1.96078,100,100
94526.9,,,,,,,,,,,,,,,,,,,,,,,97,,,,,,
94612.7,,,,,,,,,,,,,,,,,,,,,,97,,,,,,,
94989.8,52600,53200,52500,51300,51900,70000,1.2e+06,1.2e+06,1.2e+06,1.2e+06,1.596e+06,1.596e+06,,4805114.342,,,,,,,,,,12.8713,1,0,0,100,100
95490.5,,,,,,,,,,,,,,,,,,,,,,,98,,,,,,
95577.1,,,,,,,,,,,,,,,,,,,,,,98,,,,,,,
95990.5,52600,52800,52600,51500,51900,70000,1.2e+06,1.2e+06,1.2e+06,1.2e+06,1.596e+06,1.596e+06,,4805122.549,,,,,,,,,,2.04082,4,6,0,100,100
96455.4,,,,,,,,,,,,,,,,,,,,,,,99,,,,,,
96542.2,,,,,,,,,,,,,,,,,,,,,,99,,,,,,,
96989.6,52600,53000,52500,51500,52300,70000,1.2e+06,1.2e+06,1.2e+06,1.2e+06,1.596e+06,1.596e+06,,4805130.835,,,,,,,,,,10,6.06061,0,0,100,100
97418.9,,,,,,,,,,,,,,,,,,,,,,,100,,,,,,
97506.7,,,,,,,,,,,,,,,,,,,,,,100,,,,,,,
97989.7,52600,53000,52300,51500,52300,70000,1.2e+06,1.2e+06,1.2e+06,1.2e+06,1.596e+06,1.596e+06,,4805139.041,,,,,,,,,,9.09091,4,1,0,100,100
98382.4,,,,,,,,,,,,,,,,,,,,,,,101,,,,,,
98471.5,,,,,,,,,,,,,,,,,,,,,,101,,,,,,,
98989.7,52600,52800,52500,51300,51900,70000,1.2e+06,1.2e+06,1.2e+06,1.2e+06,1.596e+06,1.596e+06,,4805147.330,,,,,,,,,,11.2245,0,0.990099,1.96078,100,100
99345.7,,,,,,,,,,,,,,,,,,,,,,,102,,,,,,
99435.6,,,,,,,,,,,,,,,,,,,,,,102,,,,,,,
99990.4,52600,53000,52500,51500,52100,70000,1.2e+06,1.2e+06,1.2e+06,1.2e+06,1.596e+06,1.596e+06,,4805155.533,,,,,,,,,,10,6.93069,1.9802,0,100,100
100309,,,,,,,,,,,,,,,,,,,,,,,103,,,,,,
100400,,,,,,,,,,,,,,,,,,,,,,103,,,,,,,
100990,52800,53000,52600,51300,51900,70000,1.2e+06,1.2e+06,1.2e+06,1.2e+06,1.596e+06,1.596e+06,24.933,4805163.809,,,,,,,,,,14,0,0.990099,0.990099,100,100
101273,,,,,,,,,,,,,,,,,,,,,,,104,,,,,,
101365,,,,,,,,,,,,,,,,,,,,,,104,,,,,,,
101991,52800,53200,52600,52100,52300,70000,1.2e+06,1.2e+06,1.2e+06,1.2e+06,1.596e+06,1.596e+06,,4805172.023,,,,,,,,,,2.04082,6,0,6,100,100
102235,,,,,,,,,,,,,,,,,,,,,,,105,,,,,,
102328,,,,,,,,,,,,,,,,,,,,,,105,,,,,,,
102990,52600,53000,52600,51700,52300,70000,1.2e+06,1.2e+06,1.2e+06,1.2e+06,1.596e+06,1.596e+06,,4805180.314,,,,,,,,,,1,12,0,2,100,100
103198,,,,,,,,,,,,,,,,,,,,,,,106,,,,,,
103293,,,,,,,,,,,,,,,,,,,,,,106,,,,,,,
103990,52800,53200,52600,51700,52300,70000,1.2e+06,1.2e+06,1.2e+06,1.2e+06,1.596e+06,1.596e+06,,4805188.518,,,,,,,,,,1.0101,11.1111,0,5,100,100
104161,,,,,,,,,,,,,,,,,,,,,,,107,,,,,,
104258,,,,,,,,,,,,,,,,,,,,,,107,,,,,,,
104990,53000,53400,52600,51700,52300,70000,1.2e+06,1.2e+06,1.2e+06,1.2e+06,1.596e+06,1.596e+06,,4805196.809,,,,,,,,,,1,13,0,0,100,100
105124,,,,,,,,,,,,,,,,,,,,,,,108,,,,,,
105222,,,,,,,,,,,,,,,,,,,,,,108,,,,,,,
105990,52600,53400,52800,51500,52300,70000,1.2e+06,1.2e+06,1.2e+06,1.2e+06,1.596e+06,1.596e+06,,4805205.094,,,,,,,,,,0,10.8911,1,1.0101,100,100
106087,,,,,,,,,,,,,,,,,,,,,,,109,,,,,,
106186,,,,,,,,,,,,,,,,,,,,,,109,,,,,,,
106990,52600,53200,52500,51700,52100,70000,1.2e+06,1.2e+06,1.2e+06,1.2e+06,1.596e+06,1.596e+06,,4805213.380,,,,,,,,,,7.92079,0,1,10,100,100
107051,,,,,,,,,,,,,,,,,,,,,,,110,,,,,,
107151,,,,,,,,,,,,,,,,,,,,,,110,,,,,,,
107990,52800,53200,52600,51500,52300,70000,1.2e+06,1.2e+06,1.2e+06,1.2e+06,1.596e+06,1.596e+06,,4805221.671,,,,,,,,,,1,0,0,13.1313,100,100
108015,,,,,,,,,,,,,,,,,,,,,,,111,,,,,,
108117,,,,,,,,,,,,,,,,,,,,,,111,,,,,,,
108978,,,,,,,,,,,,,,,,,,,,,,,112,,,,,,
108990,52600,53000,52600,51700,52300,70000,1.2e+06,1.2e+06,1.2e+06,1.2e+06,1.596e+06,1.596e+06,,4805229.874,,,,,,,,,,1,1,0,13,100,100
109081,,,,,,,,,,,,,,,,,,,,,,112,,,,,,,
109941,,,,,,,,,,,,,,,,,,,,,,,113,,,,,,
109990,52600,53200,52600,51700,52300,70000,1.2e+06,1.2e+06,1.2e+06,1.2e+06,1.596e+06,1.596e+06,,4805238.169,,,,,,,,,,1,3.9604,11.1111,0.990099,100,100
110045,,,,,,,,,,,,,,,,,,,,,,113,,,,,,,
110903,,,,,,,,,,,,,,,,,,,,,,,114,,,,,,
110990,52600,53200,52500,51700,52100,70000,1.2e+06,1.2e+06,1.2e+06,1.2e+06,1.596e+06,1.596e+06,24.943,4805246.458,,,,,,,,,,0,0,14.8515,0,100,100
111008,,,,,,,,,,,,,,,,,,,,,,114,,,,,,,
111868,,,,,,,,,,,,,,,,,,,,,,,115,,,,,,
111974,,,,,,,,,,,,,,,,,,,,,,115,,,,,,,
111990,52800,53200,52800,51700,52300,70000,1.2e+06,1.2e+06,1.2e+06,1.2e+06,1.596e+06,1.596e+06,,4805254.752,,,,,,,,,,1,0,7.07071,6.06061,100,100
112830,,,,,,,,,,,,,,,,,,,,,,,116,,,,,,
112938,,,,,,,,,,,,,,,,,,,,,,116,,,,,,,
112990,52800,53000,52500,51900,52500,70000,1.2e+06,1.2e+06,1.2e+06,1.2e+06,1.596e+06,1.596e+06,,4805263.026,,,,,,,,,,2.94118,9.90099,6,0,100,100
113796,,,,,,,,,,,,,,,,,,,,,,,117,,,,,,
113903,,,,,,,,,,,,,,,,,,,,,,117,,,,,,,
113990,53000,53400,52600,51700,52300,70000,1.2e+06,1.2e+06,1.2e+06,1.2e+06,1.596e+06,1.596e+06,,4805271.237,,,,,,,,,,1.0101,8.08081,5.05051,0.990099,100,100
114760,,,,,,,,,,,,,,,,,,,,,,,118,,,,,,
114869,,,,,,,,,,,,,,,,,,,,,,118,,,,,,,
114991,52800,53400,52600,51900,52300,70000,1.2e+06,1.2e+06,1.2e+06,1.2e+06,1.596e+06,1.596e+06,,4805279.517,,,,,,,,,,0,11.1111,0,0,100,100
115725,,,,,,,,,,,,,,,,,,,,,,,119,,,,,,
115834,,,,,,,,,,,,,,,,,,,,,,119,,,,,,,
115990,52800,53400,52600,51700,52300,70000,1.2e+06,1.2e+06,1.2e+06,1.2e+06,1.596e+06,1.596e+06,,4805287.818,,,,,,,,,,2.9703,1.0101,10,4,100,100
116688,,,,,,,,,,,,,,,,,,,,,,,120,,,,,,
116798,,,,,,,,,,,,,,,,,,,,,,120,,,,,,,
116990,52600,53200,52800,51500,52100,70000,1.2e+06,1.2e+06,1.2e+06,1.2e+06,1.596e+06,1.596e+06,,4805296.027,,,,,,,,,,6.06061,0,6.12245,0,100,100
117653,,,,,,,,,,,,,,,,,,,,,,,121,,,,,,
117764,,,,,,,,,,,,,,,,,,,,,,121,,,,,,,
117990,52600,53000,52600,51900,52300,70000,1.2e+06,1.2e+06,1.2e+06,1.2e+06,1.596e+06,1.596e+06,,4805304.309,,,,,,,,,,1,0,12.8713,0.990099,100,100
118617,,,,,,,,,,,,,,,,,,,,,,,122,,,,,,
118730,,,,,,,,,,,,,,,,,,,,,,122,,,,,,,
118990,52800,53400,52600,51700,52300,70000,1.2e+06,1.2e+06,1.2e+06,1.2e+06,1.596e+06,1.596e+06,,4805312.528,,,,,,,,,,1.0101,0,13.1313,0.990099,100,100
119581,,,,,,,,,,,,,,,,,,,,,,,123,,,,,,
119694,,,,,,,,,,,,,,,,,,,,,,123,,,,,,,
119990,52600,53400,52600,51700,52300,70000,1.2e+06,1.2e+06,1.2e+06,1.2e+06,1.596e+06,1.596e+06,,4805320.808,,,,,,,,,,0,1,15.1515,0,100,100
120543,,,,,,,,,,,,,,,,,,,,,,,124,,,,,,
120657,,,,,,,,,,,,,,,,,,,,,,124,,,,,,,
120990,53000,53200,52600,51900,52300,70000,1.2e+06,1.2e+06,1.2e+06,1.2e+06,1.596e+06,1.596e+06,24.933,4805329.020,,,,,,,,,,1,0,11.1111,0.990099,100,100
121506,,,,,,,,,,,,,,,,,,,,,,,125,,,,,,
121620,,,,,,,,,,,,,,,,,,,,,,125,,,,,,,
121990,52800,53400,52600,52100,52300,70000,1.2e+06,1.2e+06,1.2e+06,1.2e+06,1.596e+06,1.596e+06,,4805337.317,,,,,,,,,,1.9802,1,7.14286,5.05051,100,100
122469,,,,,,,,,,,,,,,,,,,,,,,126,,,,,,
122583,,,,,,,,,,,,,,,,,,,,,,126,,,,,,,
122990,53000,53200,52600,51700,52500,70000,1.2e+06,1.2e+06,1.2e+06,1.2e+06,1.596e+06,1.596e+06,,4805345.520,,,,,,,,,,1,1.96078,10,5.05051,100,100
123432,,,,,,,,,,,,,,,,,,,,,,,127,,,,,,
123547,,,,,,,,,,,,,,,,,,,,,,127,,,,,,,
123990,53000,53200,52600,51700,52300,70000,1.2e+06,1.2e+06,1.2e+06,1.2e+06,1.596e+06,1.596e+06,,4805353.811,,,,,,,,,,1,1.9802,12,1,99.0099,100
124395,,,,,,,,,,,,,,,,,,,,,,,128,,,,,,
124511,,,,,,,,,,,,,,,,,,,,,,128,,,,,,,
124990,53000,53400,52800,51700,52300,70000,1.2e+06,1.2e+06,1.2e+06,1.2e+06,1.596e+06,1.596e+06,,4805362.027,,,,,,,,,,1.9802,1,12.1212,1.0101,100,100
125359,,,,,,,,,,,,,,,,,,,,,,,129,,,,,,
125475,,,,,,,,,,,,,,,,,,,,,,129,,,,,,,
125990,53000,53200,52600,51900,52300,70000,1.2e+06,1.2e+06,1.2e+06,1.2e+06,1.596e+06,1.596e+06,,4805370.320,,,,,,,,,,1,0,12,4,100,100
126323,,,,,,,,,,,,,,,,,,,,,,,130,,,,,,
126439,,,,,,,,,,,,,,,,,,,,,,130,,,,,,,
126990,52800,53400,52600,51900,52300,70000,1.2e+06,1.2e+06,1.2e+06,1.2e+06,1.596e+06,1.596e+06,,4805378.526,,,,,,,,,,1,1,12.8713,0,100,100
127285,,,,,,,,,,,,,,,,,,,,,,,131,,,,,,
127402,,,,,,,,,,,,,,,,,,,,,,131,,,,,,,
127991,53000,53400,52800,52100,52600,70000,1.2e+06,1.2e+06,1.2e+06,1.2e+06,1.596e+06,1.596e+06,,4805384.772,,,,,,,,,,1,1,11.1111,0,100,100
128248,,,,,,,,,,,,,,,,,,,,,,,132,,,,,,
128364,,,,,,,,,,,,,,,,,,,,,,132,,,,,,,
128990,53000,53400,52800,52100,52600,70000,1.2e+06,1.2e+06,1.2e+06,1.2e+06,1.596e+06,1.596e+06,,4805392.991,,,,,,,,,,2.0202,6,0,6.93069,100,100
129212,,,,,,,,,,,,,,,,,,,,,,,133,,,,,,
129329,,,,,,,,,,,,,,,,,,,,,,133,,,,,,,
129990,53000,53400,52800,51700,52300,70000,1.2e+06,1.2e+06,1.2e+06,1.2e+06,1.596e+06,1.596e+06,,4805401.273,,,,,,,,,,8.08081,7,0.990099,1,100,100
130175,,,,,,,,,,,,,,,,,,,,,,,134,,,,,,
130294,,,,,,,,,,,,,,,,,,,,,,134,,,,,,,
130990,53000,53600,53000,51900,52500,70000,1.2e+06,1.2e+06,1.2e+06,1.2e+06,1.596e+06,1.596e+06,24.922,4805409.570,,,,,,,,,,3.9604,5.05051,1,5.05051,100,100
131138,,,,,,,,,,,,,,,,,,,,,,,135,,,,,,
131259,,,,,,,,,,,,,,,,,,,,,,135,,,,,,,
131990,53000,53600,53000,51900,52600,70000,1.2e+06,1.2e+06,1.2e+06,1.2e+06,1.596e+06,1.596e+06,,4805417.787,,,,,,,,,,0,6.93069,0.990099,5.05051,100,100
132103,,,,,,,,,,,,,,,,,,,,,,,136,,,,,,
132225,,,,,,,,,,,,,,,,,,,,,,136,,,,,,,
132991,53200,53800,52800,52100,52600,70000,1.2e+06,1.2e+06,1.2e+06,1.2e+06,1.596e+06,1.596e+06,,4805426.075,,,,,,,,,,8.82353,0,4,5.05051,100,100
133066,,,,,,,,,,,,,,,,,,,,,,,137,,,,,,
133189,,,,,,,,,,,,,,,,,,,,,,137,,,,,,,
133991,53000,53400,52800,52100,52500,70000,1.2e+06,1.2e+06,1.2e+06,1.2e+06,1.596e+06,1.596e+06,,4805434.369,,,,,,,,,,1,0,15,0.990099,100,100
134029,,,,,,,,,,,,,,,,,,,,,,,138,,,,,,
134154,,,,,,,,,,,,,,,,,,,,,,138,,,,,,,
134990,53000,53600,53000,52100,52300,70000,1.2e+06,1.2e+06,1.2e+06,1.2e+06,1.596e+06,1.596e+06,,4805442.579,,,,,,,,,,1,4.0404,7.07071,0,100,100
134992,,,,,,,,,,,,,,,,,,,,,,,139,,,,,,
135116,,,,,,,,,,,,,,,,,,,,,,139,,,,,,,
135953,,,,,,,,,,,,,,,,,,,,,,,140,,,,,,
135990,53000,53400,53000,52100,52600,70000,1.2e+06,1.2e+06,1.2e+06,1.2e+06,1.596e+06,1.596e+06,,4805450.877,,,,,,,,,,2,7,0,5.05051,100,100
136079,,,,,,,,,,,,,,,,,,,,,,140,,,,,,,
136914,,,,,,,,,,,,,,,,,,,,,,,141,,,,,,
136990,53000,53200,52800,52100,52600,70000,1.2e+06,1.2e+06,1.2e+06,1.2e+06,1.596e+06,1.596e+06,,4805459.095,,,,,,,,,,1,16,0,0,100,100
137042,,,,,,,,,,,,,,,,,,,,,,141,,,,,,,
137877,,,,,,,,,,,,,,,,,,,,,,,142,,,,,,
137990,53000,53400,52800,51900,52600,70000,1.2e+06,1.2e+06,1.2e+06,1.2e+06,1.596e+06,1.596e+06,,4805467.397,,,,,,,,,,1.0101,12.8713,0,0.990099,100,100
138005,,,,,,,,,,,,,,,,,,,,,,142,,,,,,,
138838,,,,,,,,,,,,,,,,,,,,,,,143,,,,,,
138969,,,,,,,,,,,,,,,,,,,,,,143,,,,,,,
138990,53000,53400,53000,52100,52600,70000,1.2e+06,1.2e+06,1.2e+06,1.2e+06,1.596e+06,1.596e+06,,4805475.599,,,,,,,,,,5.05051,6.93069,0,0,100,100
139801,,,,,,,,,,,,,,,,,,,,,,,144,,,,,,
139933,,,,,,,,,,,,,,,,,,,,,,144,,,,,,,
139990,53000,53400,52800,52100,52600,70000,1.2e+06,1.2e+06,1.2e+06,1.2e+06,1.596e+06,1.596e+06,,4805483.896,,,,,,,,,,2,9.18367,0,6.06061,100,100
140765,,,,,,,,,,,,,,,,,,,,,,,145,,,,,,
140897,,,,,,,,,,,,,,,,,,,,,,145,,,,,,,
140990,53000,53800,53000,52100,52600,70000,1.2e+06,1.2e+06,1.2e+06,1.2e+06,1.596e+06,1.596e+06,24.9,4805492.198,,,,,,,,,,1,14,1,0,100,100
141727,,,,,,,,,,,,,,,,,,,,,,,146,,,,,,
141860,,,,,,,,,,,,,,,,,,,,,,146,,,,,,,
141990,53200,53400,52800,52100,52500,70000,1.2e+06,1.2e+06,1.2e+06,1.2e+06,1.596e+06,1.596e+06,,4805500.417,,,,,,,,,,1.9802,9.70874,0,7,100,100
142691,,,,,,,,,,,,,,,,,,,,,,,147,,,,,,
142825,,,,,,,,,,,,,,,,,,,,,,147,,,,,,,
142990,53000,53600,52600,52100,52600,70000,1.2e+06,1.2e+06,1.2e+06,1.2e+06,1.596e+06,1.596e+06,,4805508.688,,,,,,,,,,2,12.2449,0,0,100,100
143654,,,,,,,,,,,,,,,,,,,,,,,148,,,,,,
143789,,,,,,,,,,,,,,,,,,,,,,148,,,,,,,
143990,53000,53800,53000,51900,52600,70000,1.2e+06,1.2e+06,1.2e+06,1.2e+06,1.596e+06,1.596e+06,,4805516.984,,,,,,,,,,1,14.1414,0.990099,0,100,100
144617,,,,,,,,,,,,,,,,,,,,,,,149,,,,,,
144754,,,,,,,,,,,,,,,,,,,,,,149,,,,,,,
144990,53000,53800,52800,51900,52300,70000,1.2e+06,1.2e+06,1.2e+06,1.2e+06,1.596e+06,1.596e+06,,4805525.205,,,,,,,,,,5.10204,0,0,6,100,100
145581,,,,,,,,,,,,,,,,,,,,,,,150,,,,,,
145718,,,,,,,,,,,,,,,,,,,,,,150,,,,,,,
145990,53000,53800,53200,51900,52600,70000,1.2e+06,1.2e+06,1.2e+06,1.2e+06,1.596e+06,1.596e+06,,4805533.416,,,,,,,,,,7,1,0,9,100,100
146544,,,,,,,,,,,,,,,,,,,,,,,151,,,,,,
146683,,,,,,,,,,,,,,,,,,,,,,151,,,,,,,
146990,53200,53200,52800,51700,52600,70000,1.2e+06,1.2e+06,1.2e+06,1.2e+06,1.596e+06,1.596e+06,,4805541.713,,,,,,,,,,1,6,0,8.08081,100,100
147507,,,,,,,,,,,,,,,,,,,,,,,152,,,,,,
147647,,,,,,,,,,,,,,,,,,,,,,152,,,,,,,
147990,53200,53800,53200,52100,52600,70000,1.2e+06,1.2e+06,1.2e+06,1.2e+06,1.596e+06,1.596e+06,,4805549.935,,,,,,,,,,5.94059,6,0.990099,1.02041,100,100
148471,,,,,,,,,,,,,,,,,,,,,,,153,,,,,,
148613,,,,,,,,,,,,,,,,,,,,,,153,,,,,,,
148990,53000,53800,53200,52100,52600,70000,1.2e+06,1.2e+06,1.2e+06,1.2e+06,1.596e+06,1.596e+06,,4805558.309,,,,,,,,,,7.07071,0,7.07071,0,100,100
149435,,,,,,,,,,,,,,,,,,,,,,,154,,,,,,
149577,,,,,,,,,,,,,,,,,,,,,,154,,,,,,,
149990,53000,53400,52800,51700,52600,70000,1.2e+06,1.2e+06,1.2e+06,1.2e+06,1.596e+06,1.596e+06,,4805566.511,,,,,,,,,,1,0,12.2449,0.990099,100,100
150398,,,,,,,,,,,,,,,,,,,,,,,155,,,,,,
150541,,,,,,,,,,,,,,,,,,,,,,155,,,,,,,
150990,53000,53400,52800,51900,52300,70000,1.2e+06,1.2e+06,1.2e+06,1.2e+06,1.596e+06,1.596e+06,24.9,4805574.808,,,,,,,,,,1,0.990099,14.8515,0,100,100
151361,,,,,,,,,,,,,,,,,,,,,,,156,,,,,,
151504,,,,,,,,,,,,,,,,,,,,,,156,,,,,,,
151990,53200,53600,53000,52100,52800,70000,1.2e+06,1.2e+06,1.2e+06,1.2e+06,1.596e+06,1.596e+06,,4805583.022,,,,,,,,,,1.9802,6.06061,6.06061,0,100,100
152324,,,,,,,,,,,,,,,,,,,,,,,157,,,,,,
152470,,,,,,,,,,,,,,,,,,,,,,157,,,,,,,
152990,53000,53400,52800,52100,52600,70000,1.2e+06,1.2e+06,1.2e+06,1.2e+06,1.596e+06,1.596e+06,,4805591.320,,,,,,,,,,1,7.07071,6.93069,0,100,100
153289,,,,,,,,,,,,,,,,,,,,,,,158,,,,,,
153436,,,,,,,,,,,,,,,,,,,,,,158,,,,,,,
153990,53000,53600,52800,52100,52500,70000,1.2e+06,1.2e+06,1.2e+06,1.2e+06,1.596e+06,1.596e+06,,4805599.606,,,,,,,,,,0,6.06061,9.90099,0,100,100
154251,,,,,,,,,,,,,,,,,,,,,,,159,,,,,,
154398,,,,,,,,,,,,,,,,,,,,,,159,,,,,,,
154990,53000,53400,52600,51900,52600,70000,1.2e+06,1.2e+06,1.2e+06,1.2e+06,1.596e+06,1.596e+06,,4805607.810,,,,,,,,,,2.9703,0,12,0,100,100
155215,,,,,,,,,,,,,,,,,,,,,,,160,,,,,,
155362,,,,,,,,,,,,,,,,,,,,,,160,,,,,,,
155990,53000,53600,52800,51900,52600,70000,1.2e+06,1.2e+06,1.2e+06,1.2e+06,1.596e+06,1.596e+06,,4805616.108,,,,,,,,,,1,0,0,12.8713,100,100
156178,,,,,,,,,,,,,,,,,,,,,,,161,,,,,,
156326,,,,,,,,,,,,,,,,,,,,,,161,,,,,,,
156990,53000,53400,53000,51900,52300,70000,1.2e+06,1.2e+06,1.2e+06,1.2e+06,1.596e+06,1.596e+06,,4805624.401,,,,,,,,,,7,0,9.90099,0,100,100
157139,,,,,,,,,,,,,,,,,,,,,,,162,,,,,,
157289,,,,,,,,,,,,,,,,,,,,,,162,,,,,,,
157990,53000,53400,52800,51900,52300,70000,1.2e+06,1.2e+06,1.2e+06,1.2e+06,1.596e+06,1.596e+06,,4805632.631,,,,,,,,,,0,1,14.8515,0,100,100
158102,,,,,,,,,,,,,,,,,,,,,,,163,,,,,,
158253,,,,,,,,,,,,,,,,,,,,,,163,,,,,,,
158990,53200,53400,52800,51900,52500,70000,1.2e+06,1.2e+06,1.2e+06,1.2e+06,1.596e+06,1.596e+06,,4805640.912,,,,,,,,,,1,0,12.1212,0.990099,100,100
159067,,,,,,,,,,,,,,,,,,,,,,,164,,,,,,
159216,,,,,,,,,,,,,,,,,,,,,,164,,,,,,,
159990,52800,53600,52600,52100,52500,70000,1.2e+06,1.2e+06,1.2e+06,1.2e+06,1.596e+06,1.596e+06,,4805649.221,,,,,,,,,,1.0101,0.990099,3,12.2449,100,100
160028,,,,,,,,,,,,,,,,,,,,,,,165,,,,,,
160179,,,,,,,,,,,,,,,,,,,,,,165,,,,,,,
160990,53000,53400,53000,51900,52600,70000,1.2e+06,1.2e+06,1.2e+06,1.2e+06,1.596e+06,1.596e+06,24.879,4805657.611,,,,,,,,,,5,8,0,2.9703,100,100
160992,,,,,,,,,,,,,,,,,,,,,,,166,,,,,,
161144,,,,,,,,,,,,,,,,,,,,,,166,,,,,,,
161955,,,,,,,,,,,,,,,,,,,,,,,167,,,,,,
161990,53000,53600,53000,52100,52500,70000,1.2e+06,1.2e+06,1.2e+06,1.2e+06,1.596e+06,1.596e+06,,4805665.816,,,,,,,,,,1.9802,7.07071,6.93069,0,100,100
162108,,,,,,,,,,,,,,,,,,,,,,167,,,,,,,
162918,,,,,,,,,,,,,,,,,,,,,,,168,,,,,,
162991,53000,53800,52800,52100,52600,70000,1.2e+06,1.2e+06,1.2e+06,1.2e+06,1.596e+06,1.596e+06,,4805674.108,,,,,,,,,,0,7,6.06061,0,100,100
163071,,,,,,,,,,,,,,,,,,,,,,168,,,,,,,
163882,,,,,,,,,,,,,,,,,,,,,,,169,,,,,,
163990,53000,53800,53000,52300,52600,70000,1.2e+06,1.2e+06,1.2e+06,1.2e+06,1.596e+06,1.596e+06,,4805682.401,,,,,,,,,,1.9802,16,0,0,100,100
164036,,,,,,,,,,,,,,,,,,,,,,169,,,,,,,
164846,,,,,,,,,,,,,,,,,,,,,,,170,,,,,,
164990,53400,53800,53000,52100,52600,70000,1.2e+06,1.2e+06,1.2e+06,1.2e+06,1.596e+06,1.596e+06,,4805688.560,,,,,,,,,,2,12,0,0,100,100
165000,,,,,,,,,,,,,,,,,,,,,,170,,,,,,,
165810,,,,,,,,,,,,,,,,,,,,,,,171,,,,,,
165965,,,,,,,,,,,,,,,,,,,,,,171,,,,,,,
165990,53400,53800,53200,52500,52800,70000,1.2e+06,1.2e+06,1.2e+06,1.2e+06,1.596e+06,1.596e+06,,4805696.850,,,,,,,,,,1,6,7,0,100,100
166773,,,,,,,,,,,,,,,,,,,,,,,172,,,,,,
166930,,,,,,,,,,,,,,,,,,,,,,172,,,,,,,
166990,53400,53800,52800,51900,52600,70000,1.2e+06,1.2e+06,1.2e+06,1.2e+06,1.596e+06,1.596e+06,,4805705.144,,,,,,,,,,1.0101,8,6,0,100,100
167736,,,,,,,,,,,,,,,,,,,,,,,173,,,,,,
167894,,,,,,,,,,,,,,,,,,,,,,173,,,,,,,
167990,53200,53800,53000,51900,52600,70000,1.2e+06,1.2e+06,1.2e+06,1.2e+06,1.596e+06,1.596e+06,,4805713.360,,,,,,,,,,9.18367,0,6,0.990099,100,100
168699,,,,,,,,,,,,,,,,,,,,,,,174,,,,,,
168858,,,,,,,,,,,,,,,,,,,,,,174,,,,,,,
168990,53200,53800,53200,52100,52600,70000,1.2e+06,1.2e+06,1.2e+06,1.2e+06,1.596e+06,1.596e+06,,4805721.656,,,,,,,,,,1.9802,0,11.2245,0,100,100
169663,,,,,,,,,,,,,,,,,,,,,,,175,,,,,,
169823,,,,,,,,,,,,,,,,,,,,,,175,,,,,,,
169990,53000,53600,53000,51900,52500,70000,1.2e+06,1.2e+06,1.2e+06,1.2e+06,1.596e+06,1.596e+06,,4805729.945,,,,,,,,,,1,0,14.1414,0,100,100
170626,,,,,,,,,,,,,,,,,,,,,,,176,,,,,,
170789,,,,,,,,,,,,,,,,,,,,,,176,,,,,,,
170990,53200,53600,53000,52100,52600,70000,1.2e+06,1.2e+06,1.2e+06,1.2e+06,1.596e+06,1.596e+06,24.9,4805738.174,,,,,,,,,,7,0,8.08081,0,100,100
171589,,,,,,,,,,,,,,,,,,,,,,,177,,,,,,
171752,,,,,,,,,,,,,,,,,,,,,,177,,,,,,,
171990,53400,53800,53000,52300,52600,70000,1.2e+06,1.2e+06,1.2e+06,1.2e+06,1.596e+06,1.596e+06,,4805746.468,,,,,,,,,,1.9802,0.990099,10.2041,0.990099,100,100
172553,,,,,,,,,,,,,,,,,,,,,,,178,,,,,,
172717,,,,,,,,,,,,,,,,,,,,,,178,,,,,,,
172990,53400,53800,53000,52300,52600,70000,1.2e+06,1.2e+06,1.2e+06,1.2e+06,1.596e+06,1.596e+06,,4805754.682,,,,,,,,,,1,0,7,6.06061,100,100
173517,,,,,,,,,,,,,,,,,,,,,,,179,,,,,,
173681,,,,,,,,,,,,,,,,,,,,,,179,,,,,,,
173990,53200,53800,53000,52100,52600,70000,1.2e+06,1.2e+06,1.2e+06,1.2e+06,1.596e+06,1.596e+06,,4805762.970,,,,,,,,,,1,1.9802,15,0.990099,100,100
174481,,,,,,,,,,,,,,,,,,,,,,,180,,,,,,
174645,,,,,,,,,,,,,,,,,,,,,,180,,,,,,,
174990,53400,53800,53200,52300,52600,70000,1.2e+06,1.2e+06,1.2e+06,1.2e+06,1.596e+06,1.596e+06,,4805771.361,,,,,,,,,,0,0,14.8515,0,100,100
175444,,,,,,,,,,,,,,,,,,,,,,,181,,,,,,
175610,,,,,,,,,,,,,,,,,,,,,,181,,,,,,,
175990,53200,53600,53200,52300,52600,70000,1.2e+06,1.2e+06,1.2e+06,1.2e+06,1.596e+06,1.596e+06,,4805779.572,,,,,,,,,,1.9802,1,12.1212,1,100,100
176407,,,,,,,,,,,,,,,,,,,,,,,182,,,,,,
176575,,,,,,,,,,,,,,,,,,,,,,182,,,,,,,
176990,53200,53800,53000,52300,52600,70000,1.2e+06,1.2e+06,1.2e+06,1.2e+06,1.596e+06,1.596e+06,,4805787.789,,,,,,,,,,2,0,13.1313,0,100,100
177372,,,,,,,,,,,,,,,,,,,,,,,183,,,,,,
177541,,,,,,,,,,,,,,,,,,,,,,183,,,,,,,
177991,53400,53800,53000,52100,52600,70000,1.2e+06,1.2e+06,1.2e+06,1.2e+06,1.596e+06,1.596e+06,,4805796.081,,,,,,,,,,1,0,9.09091,4.08163,100,100
178334,,,,,,,,,,,,,,,,,,,,,,,184,,,,,,
178504,,,,,,,,,,,,,,,,,,,,,,184,,,,,,,
178990,53400,54000,53000,52300,52800,70000,1.2e+06,1.2e+06,1.2e+06,1.2e+06,1.596e+06,1.596e+06,,4805804.380,,,,,,,,,,0,1.9802,6.93069,7,100,100
179298,,,,,,,,,,,,,,,,,,,,,,,185,,,,,,
179469,,,,,,,,,,,,,,,,,,,,,,185,,,,,,,
179990,53400,53400,53000,52100,52600,70000,1.2e+06,1.2e+06,1.2e+06,1.2e+06,1.596e+06,1.596e+06,,4805812.579,,,,,,,,,,1,2.0202,7,5.94059,100,100
180262,,,,,,,,,,,,,,,,,,,,,,,186,,,,,,
180434,,,,,,,,,,,,,,,,,,,,,,186,,,,,,,
180990,53400,53600,53000,52300,52600,70000,1.2e+06,1.2e+06,1.2e+06,1.2e+06,1.596e+06,1.596e+06,24.9,4805820.965,,,,,,,,,,1.9802,9.09091,1,6,100,100
181224,,,,,,,,,,,,,,,,,,,,,,,187,,,,,,
181398,,,,,,,,,,,,,,,,,,,,,,187,,,,,,,
181990,53200,53600,53200,51900,52500,70000,1.2e+06,1.2e+06,1.2e+06,1.2e+06,1.596e+06,1.596e+06,,4805829.189,,,,,,,,,,1,6,0,5.10204,100,100
182188,,,,,,,,,,,,,,,,,,,,,,,188,,,,,,
182361,,,,,,,,,,,,,,,,,,,,,,188,,,,,,,
182990,53400,53800,53000,52300,52600,70000,1.2e+06,1.2e+06,1.2e+06,1.2e+06,1.596e+06,1.596e+06,,4805837.479,,,,,,,,,,7.07071,7,1,1.9802,100,100
183153,,,,,,,,,,,,,,,,,,,,,,,189,,,,,,
183326,,,,,,,,,,,,,,,,,,,,,,189,,,,,,,
183990,53200,53800,53000,52100,52600,70000,1.2e+06,1.2e+06,1.2e+06,1.2e+06,1.596e+06,1.596e+06,,4805845.859,,,,,,,,,,0,0,7.14286,4.0404,100,100
184117,,,,,,,,,,,,,,,,,,,,,,,190,,,,,,
184292,,,,,,,,,,,,,,,,,,,,,,190,,,,,,,
184990,53400,53800,53200,52300,52600,70000,1.2e+06,1.2e+06,1.2e+06,1.2e+06,1.596e+06,1.596e+06,,4805854.085,,,,,,,,,,1.9802,0,15,0,100,100
185079,,,,,,,,,,,,,,,,,,,,,,,191,,,,,,
185256,,,,,,,,,,,,,,,,,,,,,,191,,,,,,,
185990,53400,53800,53000,52300,53000,70000,1.2e+06,1.2e+06,1.2e+06,1.2e+06,1.596e+06,1.596e+06,,4805862.477,,,,,,,,,,1,0.990099,11.1111,0,100,100
186042,,,,,,,,,,,,,,,,,,,,,,,192,,,,,,
186221,,,,,,,,,,,,,,,,,,,,,,192,,,,,,,
186991,53200,53800,53000,52100,52600,70000,1.2e+06,1.2e+06,1.2e+06,1.2e+06,1.596e+06,1.596e+06,,4805870.675,,,,,,,,,,1,0,10.8911,6,100,100
187005,,,,,,,,,,,,,,,,,,,,,,,193,,,,,,
187184,,,,,,,,,,,,,,,,,,,,,,193,,,,,,,
187969,,,,,,,,,,,,,,,,,,,,,,,194,,,,,,
187990,53400,53800,53000,52300,52800,70000,1.2e+06,1.2e+06,1.2e+06,1.2e+06,1.596e+06,1.596e+06,,4805878.980,,,,,,,,,,0,0,14,1,100,100
188148,,,,,,,,,,,,,,,,,,,,,,194,,,,,,,
188932,,,,,,,,,,,,,,,,,,,,,,,195,,,,,,
188990,53200,53800,53000,52100,52800,70000,1.2e+06,1.2e+06,1.2e+06,1.2e+06,1.596e+06,1.596e+06,,4805887.263,,,,,,,,,,1.9802,0,7,6,100,100
189114,,,,,,,,,,,,,,,,,,,,,,195,,,,,,,
189895,,,,,,,,,,,,,,,,,,,,,,,196,,,,,,
189990,53400,53800,53000,52300,52600,70000,1.2e+06,1.2e+06,1.2e+06,1.2e+06,1.596e+06,1.596e+06,,4805895.482,,,,,,,,,,1,1,7.07071,6,100,100
190077,,,,,,,,,,,,,,,,,,,,,,196,,,,,,,
190858,,,,,,,,,,,,,,,,,,,,,,,197,,,,,,
190990,53400,54000,53400,52300,52800,70000,1.2e+06,1.2e+06,1.2e+06,1.2e+06,1.596e+06,1.596e+06,24.89,4805903.776,,,,,,,,,,5,7,0,5.88235,100,100
191041,,,,,,,,,,,,,,,,,,,,,,197,,,,,,,
191822,,,,,,,,,,,,,,,,,,,,,,,198,,,,,,
191991,53400,53800,53200,52300,52600,70000,1.2e+06,1.2e+06,1.2e+06,1.2e+06,1.596e+06,1.596e+06,,4805911.996,,,,,,,,,,1.02041,0,1.9802,11.1111,100,100
192005,,,,,,,,,,,,,,,,,,,,,,198,,,,,,,
192784,,,,,,,,,,,,,,,,,,,,,,,199,,,,,,
192968,,,,,,,,,,,,,,,,,,,,,,199,,,,,,,
192990,53400,53800,53000,52300,52800,70000,1.2e+06,1.2e+06,1.2e+06,1.2e+06,1.596e+06,1.596e+06,,4805920.282,,,,,,,,,,1,5.05051,0,7,100,100
193746,,,,,,,,,,,,,,,,,,,,,,,200,,,,,,
193932,,,,,,,,,,,,,,,,,,,,,,200,,,,,,,
193990,53200,53800,53200,52300,52500,70000,1.2e+06,1.2e+06,1.2e+06,1.2e+06,1.596e+06,1.596e+06,,4805928.585,,,,,,,,,,2,6,0,8,100,100
194709,,,,,,,,,,,,,,,,,,,,,,,201,,,,,,
194898,,,,,,,,,,,,,,,,,,,,,,201,,,,,,,
194990,53400,53400,52800,52100,52600,70000,1.2e+06,1.2e+06,1.2e+06,1.2e+06,1.596e+06,1.596e+06,,4805936.806,,,,,,,,,,1,12,1,4,100,100
195673,,,,,,,,,,,,,,,,,,,,,,,202,,,,,,
195863,,,,,,,,,,,,,,,,,,,,,,202,,,,,,,
195990,53400,53800,53200,52500,52600,70000,1.2e+06,1.2e+06,1.2e+06,1.2e+06,1.596e+06,1.596e+06,,4805945.092,,,,,,,,,,1,11.2245,0,0,100,100
196638,,,,,,,,,,,,,,,,,,,,,,,203,,,,,,
196828,,,,,,,,,,,,,,,,,,,,,,203,,,,,,,
196990,53400,53800,53000,52100,52600,70000,1.2e+06,1.2e+06,1.2e+06,1.2e+06,1.596e+06,1.596e+06,,4805953.390,,,,,,,,,,2.9703,5.05051,2,6,100,100
197601,,,,,,,,,,,,,,,,,,,,,,,204,,,,,,
197792,,,,,,,,,,,,,,,,,,,,,,204,,,,,,,
197990,53400,53800,53200,52300,53000,70000,1.2e+06,1.2e+06,1.2e+06,1.2e+06,1.596e+06,1.596e+06,,4805961.695,,,,,,,,,,1,12,5,0,100,100
198565,,,,,,,,,,,,,,,,,,,,,,,205,,,,,,
198758,,,,,,,,,,,,,,,,,,,,,,205,,,,,,,
198990,53400,53800,53200,52500,52600,70000,1.2e+06,1.2e+06,1.2e+06,1.2e+06,1.596e+06,1.596e+06,,4805969.911,,,,,,,,,,1,4.12371,1,4.0404,100,100
199528,,,,,,,,,,,,,,,,,,,,,,,206,,,,,,
199720,,,,,,,,,,,,,,,,,,,,,,206,,,,,,,
199990,53200,54200,53200,52100,52800,70000,1.2e+06,1.2e+06,1.2e+06,1.2e+06,1.596e+06,1.596e+06,,4805976.149,,,,,,,,,,2,7,0,8.08081,100,100
200491,,,,,,,,,,,,,,,,,,,,,,,207,,,,,,
200685,,,,,,,,,,,,,,,,,,,,,,207,,,,,,,
200991,53600,53800,53200,52300,52600,70000,1.2e+06,1.2e+06,1.2e+06,1.2e+06,1.596e+06,1.596e+06,24.911,4805984.442,,,,,,,,,,0,6,0,8.16327,100,100
201455,,,,,,,,,,,,,,,,,,,,,,,208,,,,,,
201650,,,,,,,,,,,,,,,,,,,,,,208,,,,,,,
201990,53400,53800,53200,52300,52800,70000,1.2e+06,1.2e+06,1.2e+06,1.2e+06,1.596e+06,1.596e+06,,4805992.729,,,,,,,,,,1,10.101,0,1.9802,100,100
202418,,,,,,,,,,,,,,,,,,,,,,,209,,,,,,
202613,,,,,,,,,,,,,,,,,,,,,,209,,,,,,,
202990,53000,53800,53000,52100,52600,70000,1.2e+06,1.2e+06,1.2e+06,1.2e+06,1.596e+06,1.596e+06,,4806001.035,,,,,,,,,,1,11.2245,0,0,100,100
203381,,,,,,,,,,,,,,,,,,,,,,,210,,,,,,
203577,,,,,,,,,,,,,,,,,,,,,,210,,,,,,,
203990,53400,53800,53200,52500,52600,70000,1.2e+06,1.2e+06,1.2e+06,1.2e+06,1.596e+06,1.596e+06,,4806009.335,,,,,,,,,,1.9802,16.5049,1,0.990099,100,100
204344,,,,,,,,,,,,,,,,,,,,,,,211,,,,,,
204540,,,,,,,,,,,,,,,,,,,,,,211,,,,,,,
204990,53200,53800,53000,52100,52600,70000,1.2e+06,1.2e+06,1.2e+06,1.2e+06,1.596e+06,1.596e+06,,4806017.553,,,,,,,,,,0,10.101,0,4.08163,100,100
205307,,,,,,,,,,,,,,,,,,,,,,,212,,,,,,
205504,,,,,,,,,,,,,,,,,,,,,,212,,,,,,,
205991,53400,53800,53000,52300,52800,70000,1.2e+06,1.2e+06,1.2e+06,1.2e+06,1.596e+06,1.596e+06,,4806025.842,,,,,,,,,,1.9802,6,0,6.06061,100,100
206270,,,,,,,,,,,,,,,,,,,,,,,213,,,,,,
206469,,,,,,,,,,,,,,,,,,,,,,213,,,,,,,
206991,53400,53800,53000,52300,52800,70000,1.2e+06,1.2e+06,1.2e+06,1.2e+06,1.596e+06,1.596e+06,,4806034.048,,,,,,,,,,1.0101,14,0,0.990099,100,100
207235,,,,,,,,,,,,,,,,,,,,,,,214,,,,,,
207435,,,,,,,,,,,,,,,,,,,,,,214,,,,,,,
207990,53200,53400,53200,52100,52600,70000,1.2e+06,1.2e+06,1.2e+06,1.2e+06,1.596e+06,1.596e+06,,4806042.341,,,,,,,,,,1,10,5.88235,0,100,100
208198,,,,,,,,,,,,,,,,,,,,,,,215,,,,,,
208400,,,,,,,,,,,,,,,,,,,,,,215,,,,,,,
208991,53400,53800,53000,52300,52800,70000,1.2e+06,1.2e+06,1.2e+06,1.2e+06,1.596e+06,1.596e+06,,4806050.635,,,,,,,,,,0,6.06061,7.07071,1,100,100
209162,,,,,,,,,,,,,,,,,,,,,,,216,,,,,,
209364,,,,,,,,,,,,,,,,,,,,,,216,,,,,,,
209991,53400,53800,53000,52100,52800,70000,1.2e+06,1.2e+06,1.2e+06,1.2e+06,1.596e+06,1.596e+06,,4806058.852,,,,,,,,,,5,2.9703,7.07071,0,100,100
210124,,,,,,,,,,,,,,,,,,,,,,,217,,,,,,
210327,,,,,,,,,,,,,,,,,,,,,,217,,,,,,,
210990,53400,53600,52600,52100,52500,70000,1.2e+06,1.2e+06,1.2e+06,1.2e+06,1.596e+06,1.596e+06,24.954,4806067.231,,,,,,,,,,1,1.9802,11.2245,0,100,100
211088,,,,,,,,,,,,,,,,,,,,,,,218,,,,,,
211292,,,,,,,,,,,,,,,,,,,,,,218,,,,,,,
211990,53400,53800,53400,52300,53000,70000,1.2e+06,1.2e+06,1.2e+06,1.2e+06,1.596e+06,1.596e+06,,4806075.536,,,,,,,,,,1,1,15,0,100,100
212050,,,,,,,,,,,,,,,,,,,,,,,219,,,,,,
212256,,,,,,,,,,,,,,,,,,,,,,219,,,,,,,
212990,53400,53800,53000,52300,53000,70000,1.2e+06,1.2e+06,1.2e+06,1.2e+06,1.596e+06,1.596e+06,,4806083.753,,,,,,,,,,0,0,12.1212,0,100,100
213013,,,,,,,,,,,,,,,,,,,,,,,220,,,,,,
213220,,,,,,,,,,,,,,,,,,,,,,220,,,,,,,
213977,,,,,,,,,,,,,,,,,,,,,,,221,,,,,,
213990,53200,53600,53000,52100,52800,70000,1.2e+06,1.2e+06,1.2e+06,1.2e+06,1.596e+06,1.596e+06,,4806091.974,,,,,,,,,,7,1.9802,8,0,100,100
214185,,,,,,,,,,,,,,,,,,,,,,221,,,,,,,
214941,,,,,,,,,,,,,,,,,,,,,,,222,,,,,,
214990,53400,53600,53000,52100,52600,70000,1.2e+06,1.2e+06,1.2e+06,1.2e+06,1.596e+06,1.596e+06,,4806100.286,,,,,,,,,,1.9802,1.0101,10.2041,1,100,100
215149,,,,,,,,,,,,,,,,,,,,,,222,,,,,,,
215904,,,,,,,,,,,,,,,,,,,,,,,223,,,,,,
215991,53200,53400,52800,52300,52600,70000,1.2e+06,1.2e+06,1.2e+06,1.2e+06,1.596e+06,1.596e+06,,4806108.599,,,,,,,,,,1,9,6,0,100,100
216114,,,,,,,,,,,,,,,,,,,,,,223,,,,,,,
216869,,,,,,,,,,,,,,,,,,,,,,,224,,,,,,
216990,53200,53600,53000,52500,52800,70000,1.2e+06,1.2e+06,1.2e+06,1.2e+06,1.596e+06,1.596e+06,,4806116.811,,,,,,,,,,0,6,7,0,100,100
217079,,,,,,,,,,,,,,,,,,,,,,224,,,,,,,
217831,,,,,,,,,,,,,,,,,,,,,,,225,,,,,,
217990,53400,53800,53400,52500,52600,70000,1.2e+06,1.2e+06,1.2e+06,1.2e+06,1.596e+06,1.596e+06,,4806125.123,,,,,,,,,,1.9802,7,8.91089,0,100,100
218043,,,,,,,,,,,,,,,,,,,,,,225,,,,,,,
218795,,,,,,,,,,,,,,,,,,,,,,,226,,,,,,
218990,53400,53800,53000,52100,52800,70000,1.2e+06,1.2e+06,1.2e+06,1.2e+06,1.596e+06,1.596e+06,,4806133.421,,,,,,,,,,2,12.8713,2.0202,0,100,100
219008,,,,,,,,,,,,,,,,,,,,,,226,,,,,,,
219758,,,,,,,,,,,,,,,,,,,,,,,227,,,,,,
219973,,,,,,,,,,,,,,,,,,,,,,227,,,,,,,
219990,53400,53600,53200,52100,52600,70000,1.2e+06,1.2e+06,1.2e+06,1.2e+06,1.596e+06,1.596e+06,,4806141.626,,,,,,,,,,5.94059,1,7.07071,0,100,100
220721,,,,,,,,,,,,,,,,,,,,,,,228,,,,,,
220936,,,,,,,,,,,,,,,,,,,,,,228,,,,,,,
220990,53400,53800,53000,52100,52600,70000,1.2e+06,1.2e+06,1.2e+06,1.2e+06,1.596e+06,1.596e+06,24.965,4806149.921,,,,,,,,,,0,5.05051,0,7,100,100
221684,,,,,,,,,,,,,,,,,,,,,,,229,,,,,,
221901,,,,,,,,,,,,,,,,,,,,,,229,,,,,,,
221990,53200,53800,53000,52100,52600,70000,1.2e+06,1.2e+06,1.2e+06,1.2e+06,1.596e+06,1.596e+06,,4806158.137,,,,,,,,,,4.0404,5,0,6.06061,100,100
222646,,,,,,,,,,,,,,,,,,,,,,,230,,,,,,
222864,,,,,,,,,,,,,,,,,,,,,,230,,,,,,,
222990,53400,53800,53200,52500,52600,70000,1.2e+06,1.2e+06,1.2e+06,1.2e+06,1.596e+06,1.596e+06,,4806166.355,,,,,,,,,,3.8835,7.07071,1,7,100,100
223610,,,,,,,,,,,,,,,,,,,,,,,231,,,,,,
223828,,,,,,,,,,,,,,,,,,,,,,231,,,,,,,
223990,53200,53800,53000,52100,52600,70000,1.2e+06,1.2e+06,1.2e+06,1.2e+06,1.596e+06,1.596e+06,,4806174.651,,,,,,,,,,1.0101,8.91089,0,7.84314,100,100
224573,,,,,,,,,,,,,,,,,,,,,,,232,,,,,,
224792,,,,,,,,,,,,,,,,,,,,,,232,,,,,,,
224990,53200,53800,53000,52300,52600,70000,1.2e+06,1.2e+06,1.2e+06,1.2e+06,1.596e+06,1.596e+06,,4806182.870,,,,,,,,,,7.92079,1,10,0,100,100
225536,,,,,,,,,,,,,,,,,,,,,,,233,,,,,,
225757,,,,,,,,,,,,,,,,,,,,,,233,,,,,,,
225990,53400,53800,53200,52100,52600,70000,1.2e+06,1.2e+06,1.2e+06,1.2e+06,1.596e+06,1.596e+06,,4806191.252,,,,,,,,,,0,0,6.06061,6,100,100
226500,,,,,,,,,,,,,,,,,,,,,,,234,,,,,,
226722,,,,,,,,,,,,,,,,,,,,,,234,,,,,,,
226990,53400,53800,53000,52100,52600,70000,1.2e+06,1.2e+06,1.2e+06,1.2e+06,1.596e+06,1.596e+06,,4806199.473,,,,,,,,,,7,0.990099,5.05051,3,100,100
227463,,,,,,,,,,,,,,,,,,,,,,,235,,,,,,
227685,,,,,,,,,,,,,,,,,,,,,,235,,,,,,,
227991,53400,53800,53000,52300,52800,70000,1.2e+06,1.2e+06,1.2e+06,1.2e+06,1.596e+06,1.596e+06,,4806207.768,,,,,,,,,,5,0,9.09091,0,100,100
228425,,,,,,,,,,,,,,,,,,,,,,,236,,,,,,
228648,,,,,,,,,,,,,,,,,,,,,,236,,,,,,,
228991,53200,53600,53200,52100,52600,70000,1.2e+06,1.2e+06,1.2e+06,1.2e+06,1.596e+06,1.596e+06,,4806215.988,,,,,,,,,,1,0,7.07071,5.05051,100,100
229388,,,,,,,,,,,,,,,,,,,,,,,237,,,,,,
229613,,,,,,,,,,,,,,,,,,,,,,237,,,,,,,
229990,53200,54000,53000,52100,52600,70000,1.2e+06,1.2e+06,1.2e+06,1.2e+06,1.596e+06,1.596e+06,,4806224.283,,,,,,,,,,0,1,12.8713,0,100,100
230351,,,,,,,,,,,,,,,,,,,,,,,238,,,,,,
230578,,,,,,,,,,,,,,,,,,,,,,238,,,,,,,
230991,53400,53800,53000,52100,52600,70000,1.2e+06,1.2e+06,1.2e+06,1.2e+06,1.596e+06,1.596e+06,24.986,4806232.588,,,,,,,,,,1.9802,1,8.08081,6.06061,100,100
231315,,,,,,,,,,,,,,,,,,,,,,,239,,,,,,
231542,,,,,,,,,,,,,,,,,,,,,,239,,,,,,,
231990,53400,53800,53000,52100,52800,70000,1.2e+06,1.2e+06,1.2e+06,1.2e+06,1.596e+06,1.596e+06,,4806240.811,,,,,,,,,,1,9.09091,0.990099,5.05051,100,100
232279,,,,,,,,,,,,,,,,,,,,,,,240,,,,,,
232506,,,,,,,,,,,,,,,,,,,,,,240,,,,,,,
232990,53400,53800,53000,52100,52600,70000,1.2e+06,1.2e+06,1.2e+06,1.2e+06,1.596e+06,1.596e+06,,4806249.097,,,,,,,,,,4,10.8911,1,0,100,100
233242,,,,,,,,,,,,,,,,,,,,,,,241,,,,,,
233470,,,,,,,,,,,,,,,,,,,,,,241,,,,,,,
233990,53400,53600,53400,52300,52600,70000,1.2e+06,1.2e+06,1.2e+06,1.2e+06,1.596e+06,1.596e+06,,4806257.397,,,,,,,,,,0,7.14286,0,6.93069,100,100
234206,,,,,,,,,,,,,,,,,,,,,,,242,,,,,,
234435,,,,,,,,,,,,,,,,,,,,,,242,,,,,,,
234990,53400,53800,53000,51900,52600,70000,1.2e+06,1.2e+06,1.2e+06,1.2e+06,1.596e+06,1.596e+06,,4806265.693,,,,,,,,,,1,9.09091,4.9505,0,100,100
235169,,,,,,,,,,,,,,,,,,,,,,,243,,,,,,
235399,,,,,,,,,,,,,,,,,,,,,,243,,,,,,,
235990,53400,53600,53000,52100,52500,70000,1.2e+06,1.2e+06,1.2e+06,1.2e+06,1.596e+06,1.596e+06,,4806273.918,,,,,,,,,,1.9802,11.1111,2.0202,0,100,100
236131,,,,,,,,,,,,,,,,,,,,,,,244,,,,,,
236363,,,,,,,,,,,,,,,,,,,,,,244,,,,,,,
236990,53600,53800,53000,52300,52600,70000,1.2e+06,1.2e+06,1.2e+06,1.2e+06,1.596e+06,1.596e+06,,4806280.168,,,,,,,,,,1,12.8713,0,0,100,100
237095,,,,,,,,,,,,,,,,,,,,,,,245,,,,,,
237326,,,,,,,,,,,,,,,,,,,,,,245,,,,,,,
237990,53400,53800,53200,52300,52600,70000,1.2e+06,1.2e+06,1.2e+06,1.2e+06,1.596e+06,1.596e+06,,4806288.380,,,,,,,,,,1.0101,6.18557,6.93069,0,100,100
238057,,,,,,,,,,,,,,,,,,,,,,,246,,,,,,
238289,,,,,,,,,,,,,,,,,,,,,,246,,,,,,,
238990,53400,54000,53400,52300,52600,70000,1.2e+06,1.2e+06,1.2e+06,1.2e+06,1.596e+06,1.596e+06,,4806296.661,,,,,,,,,,1.9802,10.8911,5.05051,1,100,100
239020,,,,,,,,,,,,,,,,,,,,,,,247,,,,,,
239252,,,,,,,,,,,,,,,,,,,,,,247,,,,,,,
239983,,,,,,,,,,,,,,,,,,,,,,,248,,,,,,
239990,53200,53400,53000,52100,52600,70000,1.2e+06,1.2e+06,1.2e+06,1.2e+06,1.596e+06,1.596e+06,,4806304.976,,,,,,,,,,1,6.06061,5.05051,0,100,100
240217,,,,,,,,,,,,,,,,,,,,,,248,,,,,,,
240945,,,,,,,,,,,,,,,,,,,,,,,249,,,,,,
240990,53400,53800,53400,52300,52800,70000,1.2e+06,1.2e+06,1.2e+06,1.2e+06,1.596e+06,1.596e+06,25.018,4806313.261,,,,,,,,,,1.9802,12,0.990099,0,100,100
241180,,,,,,,,,,,,,,,,,,,,,,249,,,,,,,
241907,,,,,,,,,,,,,,,,,,,,,,,250,,,,,,
241990,53400,53800,53200,52300,53000,70000,1.2e+06,1.2e+06,1.2e+06,1.2e+06,1.596e+06,1.596e+06,,4806321.468,,,,,,,,,,1,8.24742,3.06122,0,100,100
242141,,,,,,,,,,,,,,,,,,,,,,250,,,,,,,
242870,,,,,,,,,,,,,,,,,,,,,,,251,,,,,,
242990,53600,53800,53400,52300,53000,70000,1.2e+06,1.2e+06,1.2e+06,1.2e+06,1.596e+06,1.596e+06,,4806329.765,,,,,,,,,,1.0101,15.8416,0,0.990099,100,100
243106,,,,,,,,,,,,,,,,,,,,,,251,,,,,,,
243833,,,,,,,,,,,,,,,,,,,,,,,252,,,,,,
243991,53800,53800,53400,52300,52600,70000,1.2e+06,1.2e+06,1.2e+06,1.2e+06,1.596e+06,1.596e+06,,4806337.979,,,,,,,,,,1.9802,12,0,0,100,100
244069,,,,,,,,,,,,,,,,,,,,,,252,,,,,,,
244797,,,,,,,,,,,,,,,,,,,,,,,253,,,,,,
244991,53600,54200,53400,52300,52600,70000,1.2e+06,1.2e+06,1.2e+06,1.2e+06,1.596e+06,1.596e+06,,4806346.267,,,,,,,,,,1.9802,7.07071,6.06061,0,100,100
245035,,,,,,,,,,,,,,,,,,,,,,253,,,,,,,
245760,,,,,,,,,,,,,,,,,,,,,,,254,,,,,,
245990,53400,53800,53200,52300,52600,70000,1.2e+06,1.2e+06,1.2e+06,1.2e+06,1.596e+06,1.596e+06,,4806354.478,,,,,,,,,,1,14.1414,0.990099,0,100,100
245999,,,,,,,,,,,,,,,,,,,,,,254,,,,,,,
246724,,,,,,,,,,,,,,,,,,,,,,,255,,,,,,
246962,,,,,,,,,,,,,,,,,,,,,,255,,,,,,,
246990,53200,53800,53400,52300,52800,70000,1.2e+06,1.2e+06,1.2e+06,1.2e+06,1.596e+06,1.596e+06,,4806362.788,,,,,,,,,,1,14,0,0,100,100
247685,,,,,,,,,,,,,,,,,,,,,,,256,,,,,,
247926,,,,,,,,,,,,,,,,,,,,,,256,,,,,,,
247990,53400,53800,53000,52500,53000,70000,1.2e+06,1.2e+06,1.2e+06,1.2e+06,1.596e+06,1.596e+06,,4806371.004,,,,,,,,,,1.0101,8.08081,5.05051,0,100,100
248648,,,,,,,,,,,,,,,,,,,,,,,257,,,,,,
248889,,,,,,,,,,,,,,,,,,,,,,257,,,,,,,
248990,53400,53800,53400,52300,52600,70000,1.2e+06,1.2e+06,1.2e+06,1.2e+06,1.596e+06,1.596e+06,,4806379.305,,,,,,,,,,5,6.93069,6,0.990099,100,100
249610,,,,,,,,,,,,,,,,,,,,,,,258,,,,,,
249853,,,,,,,,,,,,,,,,,,,,,,258,,,,,,,
249990,53400,53800,53200,52300,52600,70000,1.2e+06,1.2e+06,1.2e+06,1.2e+06,1.596e+06,1.596e+06,,4806387.519,,,,,,,,,,1,0,12,0,100,100
250574,,,,,,,,,,,,,,,,,,,,,,,259,,,,,,
250816,,,,,,,,,,,,,,,,,,,,,,259,,,,,,,
250990,53400,53800,53200,52300,52600,70000,1.2e+06,1.2e+06,1.2e+06,1.2e+06,1.596e+06,1.596e+06,25.051,4806395.824,,,,,,,,,,0,0,13,0,100,100
251537,,,,,,,,,,,,,,,,,,,,,,,260,,,,,,
251780,,,,,,,,,,,,,,,,,,,,,,260,,,,,,,
251990,53400,54000,53400,52100,52600,70000,1.2e+06,1.2e+06,1.2e+06,1.2e+06,1.596e+06,1.596e+06,,4806404.123,,,,,,,,,,1.9802,0,11.1111,3,100,100
252500,,,,,,,,,,,,,,,,,,,,,,,261,,,,,,
252745,,,,,,,,,,,,,,,,,,,,,,261,,,,,,,
252990,53400,54000,53400,52500,52600,70000,1.2e+06,1.2e+06,1.2e+06,1.2e+06,1.596e+06,1.596e+06,,4806412.343,,,,,,,,,,1,0.990099,11.1111,3,100,100
253464,,,,,,,,,,,,,,,,,,,,,,,262,,,,,,
253710,,,,,,,,,,,,,,,,,,,,,,262,,,,,,,
253991,53400,53800,53000,52300,52600,70000,1.2e+06,1.2e+06,1.2e+06,1.2e+06,1.596e+06,1.596e+06,,4806420.650,,,,,,,,,,1,0.990099,6,6,100,100
254427,,,,,,,,,,,,,,,,,,,,,,,263,,,,,,
254675,,,,,,,,,,,,,,,,,,,,,,263,,,,,,,
254991,53800,54000,53400,52500,52800,70000,1.2e+06,1.2e+06,1.2e+06,1.2e+06,1.596e+06,1.596e+06,,4806428.862,,,,,,,,,,2,0,13.2653,1,100,100
255390,,,,,,,,,,,,,,,,,,,,,,,264,,,,,,
255639,,,,,,,,,,,,,,,,,,,,,,264,,,,,,,
255990,53400,53800,53000,52100,52600,70000,1.2e+06,1.2e+06,1.2e+06,1.2e+06,1.596e+06,1.596e+06,,4806437.079,,,,,,,,,,1.9802,0,15.8416,0,100,100
256353,,,,,,,,,,,,,,,,,,,,,,,265,,,,,,
256602,,,,,,,,,,,,,,,,,,,,,,265,,,,,,,
256990,53200,54000,53000,52100,52600,70000,1.2e+06,1.2e+06,1.2e+06,1.2e+06,1.596e+06,1.596e+06,,4806445.381,,,,,,,,,,1.0101,0,13.8614,0,100,100
257316,,,,,,,,,,,,,,,,,,,,,,,266,,,,,,
257566,,,,,,,,,,,,,,,,,,,,,,266,,,,,,,
257991,53200,53600,53000,52100,52600,70000,1.2e+06,1.2e+06,1.2e+06,1.2e+06,1.596e+06,1.596e+06,,4806453.610,,,,,,,,,,1,1,12.8713,0,100,100
258280,,,,,,,,,,,,,,,,,,,,,,,267,,,,,,
258533,,,,,,,,,,,,,,,,,,,,,,267,,,,,,,
258990,53400,53800,53400,52300,52500,70000,1.2e+06,1.2e+06,1.2e+06,1.2e+06,1.596e+06,1.596e+06,,4806461.901,,,,,,,,,,0,0,13.1313,1.96078,100,100
259243,,,,,,,,,,,,,,,,,,,,,,,268,,,,,,
259497,,,,,,,,,,,,,,,,,,,,,,268,,,,,,,
259990,53400,53800,53200,52300,52800,70000,1.2e+06,1.2e+06,1.2e+06,1.2e+06,1.596e+06,1.596e+06,,4806470.205,,,,,,,,,,1,2.94118,14.1414,1,100,100
260206,,,,,,,,,,,,,,,,,,,,,,,269,,,,,,
260461,,,,,,,,,,,,,,,,,,,,,,269,,,,,,,
260990,53400,54000,53000,52100,52800,70000,1.2e+06,1.2e+06,1.2e+06,1.2e+06,1.596e+06,1.596e+06,25.051,4806478.436,,,,,,,,,,1,0.990099,7.92079,6,100,100
261170,,,,,,,,,,,,,,,,,,,,,,,270,,,,,,
261426,,,,,,,,,,,,,,,,,,,,,,270,,,,,,,
261990,53400,53600,53000,52100,52600,70000,1.2e+06,1.2e+06,1.2e+06,1.2e+06,1.596e+06,1.596e+06,,4806486.740,,,,,,,,,,1,0,13.8614,0,100,100
262133,,,,,,,,,,,,,,,,,,,,,,,271,,,,,,
262390,,,,,,,,,,,,,,,,,,,,,,271,,,,,,,
262990,53400,53800,53200,52500,53000,70000,1.2e+06,1.2e+06,1.2e+06,1.2e+06,1.596e+06,1.596e+06,,4806494.956,,,,,,,,,,0,0,10.101,5.10204,100,100
263096,,,,,,,,,,,,,,,,,,,,,,,272,,,,,,
263355,,,,,,,,,,,,,,,,,,,,,,272,,,,,,,
263990,53400,53800,53400,52300,53000,70000,1.2e+06,1.2e+06,1.2e+06,1.2e+06,1.596e+06,1.596e+06,,4806503.252,,,,,,,,,,2,0,13.8614,0.990099,100,100
264060,,,,,,,,,,,,,,,,,,,,,,,273,,,,,,
264319,,,,,,,,,,,,,,,,,,,,,,273,,,,,,,
264990,53400,54000,53200,52300,52600,70000,1.2e+06,1.2e+06,1.2e+06,1.2e+06,1.596e+06,1.596e+06,,4806511.548,,,,,,,,,,1.9802,0,7.07071,6,100,100
265023,,,,,,,,,,,,,,,,,,,,,,,274,,,,,,
265281,,,,,,,,,,,,,,,,,,,,,,274,,,,,,,
265987,,,,,,,,,,,,,,,,,,,,,,,275,,,,,,
265990,53600,54000,53400,52500,52800,70000,1.2e+06,1.2e+06,1.2e+06,1.2e+06,1.596e+06,1.596e+06,,4806519.759,,,,,,,,,,1,0.990099,14,0,100,100
266246,,,,,,,,,,,,,,,,,,,,,,275,,,,,,,
266952,,,,,,,,,,,,,,,,,,,,,,,276,,,,,,
266990,53600,54000,53200,52300,52800,70000,1.2e+06,1.2e+06,1.2e+06,1.2e+06,1.596e+06,1.596e+06,,4806528.063,,,,,,,,,,0,0,8.91089,6,100,100
267212,,,,,,,,,,,,,,,,,,,,,,276,,,,,,,
267914,,,,,,,,,,,,,,,,,,,,,,,277,,,,,,
267990,53600,54000,53400,52600,53000,70000,1.2e+06,1.2e+06,1.2e+06,1.2e+06,1.596e+06,1.596e+06,,4806536.348,,,,,,,,,,1,0,7,5.05051,100,100
268177,,,,,,,,,,,,,,,,,,,,,,277,,,,,,,
268878,,,,,,,,,,,,,,,,,,,,,,,278,,,,,,
268990,53400,53800,53400,52500,52600,70000,1.2e+06,1.2e+06,1.2e+06,1.2e+06,1.596e+06,1.596e+06,,4806544.577,,,,,,,,,,2,0,14,1,100,100
269142,,,,,,,,,,,,,,,,,,,,,,278,,,,,,,
269841,,,,,,,,,,,,,,,,,,,,,,,279,,,,,,
269990,53400,53800,53200,52300,52600,70000,1.2e+06,1.2e+06,1.2e+06,1.2e+06,1.596e+06,1.596e+06,,4806552.865,,,,,,,,,,1.9802,0,14.1414,0,100,100
270104,,,,,,,,,,,,,,,,,,,,,,279,,,,,,,
270805,,,,,,,,,,,,,,,,,,,,,,,280,,,,,,
270990,53200,54200,53400,52300,52600,70000,1.2e+06,1.2e+06,1.2e+06,1.2e+06,1.596e+06,1.596e+06,25.04,4806561.088,,,,,,,,,,0,0,6.12245,6,100,100
271068,,,,,,,,,,,,,,,,,,,,,,280,,,,,,,
271768,,,,,,,,,,,,,,,,,,,,,,,281,,,,,,
271990,53400,54000,53400,52300,53000,70000,1.2e+06,1.2e+06,1.2e+06,1.2e+06,1.596e+06,1.596e+06,,4806569.373,,,,,,,,,,1,0,12,0,100,100
272032,,,,,,,,,,,,,,,,,,,,,,281,,,,,,,
272731,,,,,,,,,,,,,,,,,,,,,,,282,,,,,,
272990,53400,54000,53400,52500,52600,70000,1.2e+06,1.2e+06,1.2e+06,1.2e+06,1.596e+06,1.596e+06,,4806577.600,,,,,,,,,,1,1.02041,6.06061,6,100,100
272996,,,,,,,,,,,,,,,,,,,,,,282,,,,,,,
273695,,,,,,,,,,,,,,,,,,,,,,,283,,,,,,
273961,,,,,,,,,,,,,,,,,,,,,,283,,,,,,,
273990,53400,54200,53200,52300,52800,70000,1.2e+06,1.2e+06,1.2e+06,1.2e+06,1.596e+06,1.596e+06,,4806585.807,,,,,,,,,,1.9802,1,16.8317,0,100,100
274658,,,,,,,,,,,,,,,,,,,,,,,284,,,,,,
274924,,,,,,,,,,,,,,,,,,,,,,284,,,,,,,
274991,53400,54000,53400,52300,52600,70000,1.2e+06,1.2e+06,1.2e+06,1.2e+06,1.596e+06,1.596e+06,,4806594.100,,,,,,,,,,1,0.990099,12,0,100,100
275623,,,,,,,,,,,,,,,,,,,,,,,285,,,,,,
275890,,,,,,,,,,,,,,,,,,,,,,285,,,,,,,
275990,53400,54000,53200,52300,52800,70000,1.2e+06,1.2e+06,1.2e+06,1.2e+06,1.596e+06,1.596e+06,,4806602.405,,,,,,,,,,1.9802,0,8.08081,4.08163,100,100
276586,,,,,,,,,,,,,,,,,,,,,,,286,,,,,,
276853,,,,,,,,,,,,,,,,,,,,,,286,,,,,,,
276991,53600,54000,53400,52600,53200,70000,1.2e+06,1.2e+06,1.2e+06,1.2e+06,1.596e+06,1.596e+06,,4806610.621,,,,,,,,,,1.0101,0,9.09091,6,100,100
277548,,,,,,,,,,,,,,,,,,,,,,,287,,,,,,
277817,,,,,,,,,,,,,,,,,,,,,,287,,,,,,,
277990,53600,53800,53200,52300,52800,70000,1.2e+06,1.2e+06,1.2e+06,1.2e+06,1.596e+06,1.596e+06,,4806618.910,,,,,,,,,,1,0.990099,12,0,100,100
278510,,,,,,,,,,,,,,,,,,,,,,,288,,,,,,
278780,,,,,,,,,,,,,,,,,,,,,,288,,,,,,,
278990,53400,53800,53200,52300,52800,70000,1.2e+06,1.2e+06,1.2e+06,1.2e+06,1.596e+06,1.596e+06,,4806627.134,,,,,,,,,,1,7,6,1,100,100
279472,,,,,,,,,,,,,,,,,,,,,,,289,,,,,,
279741,,,,,,,,,,,,,,,,,,,,,,289,,,,,,,
279990,53400,54000,53200,52300,52800,70000,1.2e+06,1.2e+06,1.2e+06,1.2e+06,1.596e+06,1.596e+06,,4806635.434,,,,,,,,,,1,0,0,13.2653,100,100
280436,,,,,,,,,,,,,,,,,,,,,,,290,,,,,,
280707,,,,,,,,,,,,,,,,,,,,,,290,,,,,,,
280990,53400,54000,53200,52500,52600,70000,1.2e+06,1.2e+06,1.2e+06,1.2e+06,1.596e+06,1.596e+06,25.018,4806641.595,,,,,,,,,,1.0101,0,1.96078,14,100,100
281398,,,,,,,,,,,,,,,,,,,,,,,291,,,,,,
281671,,,,,,,,,,,,,,,,,,,,,,291,,,,,,,
281990,53600,54000,53400,52500,53000,70000,1.2e+06,1.2e+06,1.2e+06,1.2e+06,1.596e+06,1.596e+06,,4806649.897,,,,,,,,,,1,0,0,12,100,100
282361,,,,,,,,,,,,,,,,,,,,,,,292,,,,,,
282635,,,,,,,,,,,,,,,,,,,,,,292,,,,,,,
282990,53600,53800,53400,52300,52800,70000,1.2e+06,1.2e+06,1.2e+06,1.2e+06,1.596e+06,1.596e+06,,4806658.196,,,,,,,,,,1.9802,0,4.9505,11,100,100
283324,,,,,,,,,,,,,,,,,,,,,,,293,,,,,,
283599,,,,,,,,,,,,,,,,,,,,,,293,,,,,,,
283990,53400,53800,53200,52300,53000,70000,1.2e+06,1.2e+06,1.2e+06,1.2e+06,1.596e+06,1.596e+06,,4806666.497,,,,,,,,,,0,1,6,9.09091,100,100
284287,,,,,,,,,,,,,,,,,,,,,,,294,,,,,,
284561,,,,,,,,,,,,,,,,,,,,,,294,,,,,,,
284990,53800,53800,53200,52500,52800,70000,1.2e+06,1.2e+06,1.2e+06,1.2e+06,1.596e+06,1.596e+06,,4806674.792,,,,,,,,,,2,0,6.93069,5.05051,100,100
285249,,,,,,,,,,,,,,,,,,,,,,,295,,,,,,
285525,,,,,,,,,,,,,,,,,,,,,,295,,,,,,,
285991,53600,53800,53400,52500,53000,70000,1.2e+06,1.2e+06,1.2e+06,1.2e+06,1.596e+06,1.596e+06,,4806683.104,,,,,,,,,,1,0,0,14.1414,100,100
286211,,,,,,,,,,,,,,,,,,,,,,,296,,,,,,
286489,,,,,,,,,,,,,,,,,,,,,,296,,,,,,,
286990,53600,54000,53400,52500,52800,70000,1.2e+06,1.2e+06,1.2e+06,1.2e+06,1.596e+06,1.596e+06,,4806691.477,,,,,,,,,,1,0,0.990099,13.1313,100,100
287174,,,,,,,,,,,,,,,,,,,,,,,297,,,,,,
287453,,,,,,,,,,,,,,,,,,,,,,297,,,,,,,
287990,53600,54000,53200,52300,53000,70000,1.2e+06,1.2e+06,1.2e+06,1.2e+06,1.596e+06,1.596e+06,,4806699.772,,,,,,,,,,0,0,0,12.2449,100,100
288138,,,,,,,,,,,,,,,,,,,,,,,298,,,,,,
288418,,,,,,,,,,,,,,,,,,,,,,298,,,,,,,
288991,53800,54200,53200,52600,52800,70000,1.2e+06,1.2e+06,1.2e+06,1.2e+06,1.596e+06,1.596e+06,,4806708.086,,,,,,,,,,7,0,0.990099,6,100,100
289101,,,,,,,,,,,,,,,,,,,,,,,299,,,,,,
289382,,,,,,,,,,,,,,,,,,,,,,299,,,,,,,
289990,53600,54000,53400,52600,53000,70000,1.2e+06,1.2e+06,1.2e+06,1.2e+06,1.596e+06,1.596e+06,,4806716.301,,,,,,,,,,7,0,1,7.21649,100,100
290065,,,,,,,,,,,,,,,,,,,,,,,300,,,,,,
290348,,,,,,,,,,,,,,,,,,,,,,300,,,,,,,
290990,53600,54000,53200,52500,53000,70000,1.2e+06,1.2e+06,1.2e+06,1.2e+06,1.596e+06,1.596e+06,24.997,4806724.594,,,,,,,,,,7.92079,0,1,9,100,100
291028,,,,,,,,,,,,,,,,,,,,,,,301,,,,,,
291312,,,,,,,,,,,,,,,,,,,,,,301,,,,,,,
291990,53800,54200,53200,52500,53000,70000,1.2e+06,1.2e+06,1.2e+06,1.2e+06,1.596e+06,1.596e+06,,4806732.818,,,,,,,,,,0,0,0,12,100,100
291991,,,,,,,,,,,,,,,,,,,,,,,302,,,,,,
292276,,,,,,,,,,,,,,,,,,,,,,302,,,,,,,
292954,,,,,,,,,,,,,,,,,,,,,,,303,,,,,,
292990,53400,53800,53400,52500,53000,70000,1.2e+06,1.2e+06,1.2e+06,1.2e+06,1.596e+06,1.596e+06,,4806741.104,,,,,,,,,,1,0,2.91262,15.6863,100,100
293241,,,,,,,,,,,,,,,,,,,,,,303,,,,,,,
293919,,,,,,,,,,,,,,,,,,,,,,,304,,,,,,
293990,53800,54000,53000,52500,53000,70000,1.2e+06,1.2e+06,1.2e+06,1.2e+06,1.596e+06,1.596e+06,,4806749.330,,,,,,,,,,1,0,1,16,100,100
294206,,,,,,,,,,,,,,,,,,,,,,304,,,,,,,
294882,,,,,,,,,,,,,,,,,,,,,,,305,,,,,,
294990,53400,54000,53200,52300,52800,70000,1.2e+06,1.2e+06,1.2e+06,1.2e+06,1.596e+06,1.596e+06,,4806757.633,,,,,,,,,,1,0,0,10.2041,100,100
295171,,,,,,,,,,,,,,,,,,,,,,305,,,,,,,
295845,,,,,,,,,,,,,,,,,,,,,,,306,,,,,,
295990,53800,54000,53200,52500,52800,70000,1.2e+06,1.2e+06,1.2e+06,1.2e+06,1.596e+06,1.596e+06,,4806765.956,,,,,,,,,,0,0.990099,6.06061,7,100,100
296134,,,,,,,,,,,,,,,,,,,,,,306,,,,,,,
296808,,,,,,,,,,,,,,,,,,,,,,,307,,,,,,
296990,53400,54000,53400,52300,53000,70000,1.2e+06,1.2e+06,1.2e+06,1.2e+06,1.596e+06,1.596e+06,,4806774.153,,,,,,,,,,1.0101,4,6,6.93069,100,100
297099,,,,,,,,,,,,,,,,,,,,,,307,,,,,,,
297770,,,,,,,,,,,,,,,,,,,,,,,308,,,,,,
297990,53400,54200,53400,52300,52600,70000,1.2e+06,1.2e+06,1.2e+06,1.2e+06,1.596e+06,1.596e+06,,4806782.540,,,,,,,,,,1.9802,8.91089,6,0,100,100
298063,,,,,,,,,,,,,,,,,,,,,,308,,,,,,,
298734,,,,,,,,,,,,,,,,,,,,,,,309,,,,,,
298990,53800,54200,53200,52600,53200,70000,1.2e+06,1.2e+06,1.2e+06,1.2e+06,1.596e+06,1.596e+06,,4806790.760,,,,,,,,,,1,6.06061,4.08163,0.990099,100,100
299028,,,,,,,,,,,,,,,,,,,,,,309,,,,,,,
299697,,,,,,,,,,,,,,,,,,,,,,,310,,,,,,
299990,53400,54000,53200,52300,52800,70000,1.2e+06,1.2e+06,1.2e+06,1.2e+06,1.596e+06,1.596e+06,,4806799.058,,,,,,,,,,7.07071,2,6,1,100,100
