# Started at: 2022-04-24 12:44:17 +0000, Version: v0.1-177-gf3f14d1, Generated by: thermobench --verbose --time=300 --wait=50 --wait-timeout=60 --sensors_file=/root/thermobench/src/sensors.imx8 --cpu-usage --column=CPU0_work_done --column=CPU1_work_done --column=CPU2_work_done --column=CPU3_work_done --column=CPU4_work_done --column=CPU5_work_done --output=/root/JSA/coefficients_experiment/measurements/imx8b//membench-1M-RW-S_A72_all.json.yaml.csv -- demos-sched -p high -c /root/JSA/coefficients_experiment/demos_configurations/imx8//membench-1M-RW-S_A72_all.json.yaml
time/ms,CPU_0_temp/m°C,CPU_1_temp/m°C,GPU_0_temp/m°C,GPU_1_temp/m°C,DRC_temp/m°C,PMIC_temp/m°C,Cortex_A53_0_freq/Hz,Cortex_A53_1_freq/Hz,Cortex_A53_2_freq/Hz,Cortex_A53_3_freq/Hz,Cortex_A72_0_freq/Hz,Cortex_A72_1_freq/Hz,ambient,energy,cam_cpu,cam_mem,heat_sources,CPU0_work_done,CPU1_work_done,CPU2_work_done,CPU3_work_done,CPU4_work_done,CPU5_work_done,CPU0_load/%,CPU1_load/%,CPU2_load/%,CPU3_load/%,CPU4_load/%,CPU5_load/%
1.12648,47200,46800,47000,45600,46600,70000,600000,600000,600000,600000,1.056e+06,1.056e+06,,,,,,,,,,,,0,0,33.3333,0,33.3333,50
989.407,47700,47900,47500,46400,47200,70000,1.2e+06,1.2e+06,1.2e+06,1.2e+06,1.596e+06,1.596e+06,24.965,4822193.594,,,,,,,,,,3.09278,3.09278,4.0404,8.08081,90.9091,87.7551
1982.98,,,,,,,,,,,,,,,,,,,,,,,0,,,,,,
1989.1,47500,48100,47500,46200,47500,70000,1.2e+06,1.2e+06,1.2e+06,1.2e+06,1.596e+06,1.596e+06,,4822201.731,,,,,,,,,,2,0,11.1111,0,100,100
2001.91,,,,,,,,,,,,,,,,,,,,,,0,,,,,,,
2989.12,47900,48100,47700,46800,47400,70000,1.2e+06,1.2e+06,1.2e+06,1.2e+06,1.596e+06,1.596e+06,,4822209.961,,,,,,,,,,1.0101,14.7059,1,0,100,100
3840.98,,,,,,,,,,,,,,,,,,,,,,,1,,,,,,
3857.93,,,,,,,,,,,,,,,,,,,,,,1,,,,,,,
3989.38,48300,48700,48100,46800,47700,70000,1.2e+06,1.2e+06,1.2e+06,1.2e+06,1.596e+06,1.596e+06,,4822218.126,,,,,,,,,,1.0101,2.0202,13.2653,0,100,100
4989.1,48100,48700,48300,47200,47900,70000,1.2e+06,1.2e+06,1.2e+06,1.2e+06,1.596e+06,1.596e+06,,4822226.283,,,,,,,,,,1.9802,12.1212,2.9703,0.990099,100,100
5694.52,,,,,,,,,,,,,,,,,,,,,,,2,,,,,,
5713.56,,,,,,,,,,,,,,,,,,,,,,2,,,,,,,
5989.88,48300,48700,48300,47200,47700,70000,1.2e+06,1.2e+06,1.2e+06,1.2e+06,1.596e+06,1.596e+06,,4822234.507,,,,,,,,,,1.9802,0,11.2245,0,100,100
6989.24,48500,48900,48300,47200,47900,70000,1.2e+06,1.2e+06,1.2e+06,1.2e+06,1.596e+06,1.596e+06,,4822240.621,,,,,,,,,,2.9703,10.101,3,0,100,100
7549.92,,,,,,,,,,,,,,,,,,,,,,,3,,,,,,
7567.04,,,,,,,,,,,,,,,,,,,,,,3,,,,,,,
7989.23,48900,49300,48300,47200,48300,70000,1.2e+06,1.2e+06,1.2e+06,1.2e+06,1.596e+06,1.596e+06,,4822248.861,,,,,,,,,,1.0101,5,10.101,0,100,100
8989.08,48700,49500,48700,47500,48300,70000,1.2e+06,1.2e+06,1.2e+06,1.2e+06,1.596e+06,1.596e+06,,4822257.090,,,,,,,,,,1.9802,16.1616,1,0.990099,100,100
9402.78,,,,,,,,,,,,,,,,,,,,,,,4,,,,,,
9420.3,,,,,,,,,,,,,,,,,,,,,,4,,,,,,,
9989.99,49100,49500,49100,47900,48500,70000,1.2e+06,1.2e+06,1.2e+06,1.2e+06,1.596e+06,1.596e+06,,4822265.252,,,,,,,,,,2,8.91089,4.9505,1,100,100
10990,49100,49300,48700,47900,48700,70000,1.2e+06,1.2e+06,1.2e+06,1.2e+06,1.596e+06,1.596e+06,24.965,4822273.498,,,,,,,,,,1,7,6.06061,0,100,100
11265.4,,,,,,,,,,,,,,,,,,,,,,,5,,,,,,
11282.6,,,,,,,,,,,,,,,,,,,,,,5,,,,,,,
11989.2,49100,49300,49100,47900,48700,70000,1.2e+06,1.2e+06,1.2e+06,1.2e+06,1.596e+06,1.596e+06,,4822281.755,,,,,,,,,,3,6.12245,2,5,100,100
12990.1,49100,49700,49100,48100,48700,70000,1.2e+06,1.2e+06,1.2e+06,1.2e+06,1.596e+06,1.596e+06,,4822289.967,,,,,,,,,,7,4.0404,1,6.06061,100,100
13128,,,,,,,,,,,,,,,,,,,,,,,6,,,,,,
13143.3,,,,,,,,,,,,,,,,,,,,,,6,,,,,,,
13989.7,49500,49900,49100,47900,48900,70000,1.2e+06,1.2e+06,1.2e+06,1.2e+06,1.596e+06,1.596e+06,,4822298.209,,,,,,,,,,1,7.07071,0.990099,7,100,100
14989.9,49500,49500,49300,48300,48900,70000,1.2e+06,1.2e+06,1.2e+06,1.2e+06,1.596e+06,1.596e+06,,4822306.457,,,,,,,,,,8,7,0,0,100,100
14997.6,,,,,,,,,,,,,,,,,,,,,,,7,,,,,,
15012.6,,,,,,,,,,,,,,,,,,,,,,7,,,,,,,
15989.5,49500,49900,49500,48500,48700,70000,1.2e+06,1.2e+06,1.2e+06,1.2e+06,1.596e+06,1.596e+06,,4822314.616,,,,,,,,,,1.0101,9.09091,0,7.92079,100,100
16853.5,,,,,,,,,,,,,,,,,,,,,,,8,,,,,,
16865.9,,,,,,,,,,,,,,,,,,,,,,8,,,,,,,
16989.1,49900,50100,49700,48500,49100,70000,1.2e+06,1.2e+06,1.2e+06,1.2e+06,1.596e+06,1.596e+06,,4822322.788,,,,,,,,,,2.94118,9.09091,0,6.06061,100,100
17990,49700,50100,49500,48300,49100,70000,1.2e+06,1.2e+06,1.2e+06,1.2e+06,1.596e+06,1.596e+06,,4822331.070,,,,,,,,,,0,13.1313,0.990099,0,100,100
18721.1,,,,,,,,,,,,,,,,,,,,,,,9,,,,,,
18731.9,,,,,,,,,,,,,,,,,,,,,,9,,,,,,,
18990.1,49900,50300,49500,48500,49500,70000,1.2e+06,1.2e+06,1.2e+06,1.2e+06,1.596e+06,1.596e+06,,4822339.265,,,,,,,,,,2,13.8614,1,0,100,100
19989.9,49900,50300,49900,48700,49300,70000,1.2e+06,1.2e+06,1.2e+06,1.2e+06,1.596e+06,1.596e+06,,4822347.520,,,,,,,,,,1.9802,16.1616,0,0,100,100
20578.2,,,,,,,,,,,,,,,,,,,,,,,10,,,,,,
20589.1,,,,,,,,,,,,,,,,,,,,,,10,,,,,,,
20989.4,49900,50300,49700,48500,49500,70000,1.2e+06,1.2e+06,1.2e+06,1.2e+06,1.596e+06,1.596e+06,24.965,4822355.695,,,,,,,,,,1.0101,9.09091,7,0,100,100
21989.8,50300,50500,49900,48700,49300,70000,1.2e+06,1.2e+06,1.2e+06,1.2e+06,1.596e+06,1.596e+06,,4822363.950,,,,,,,,,,1,13,0,0,100,100
22430.8,,,,,,,,,,,,,,,,,,,,,,,11,,,,,,
22441.2,,,,,,,,,,,,,,,,,,,,,,11,,,,,,,
22989.7,50300,50500,49900,48700,49500,70000,1.2e+06,1.2e+06,1.2e+06,1.2e+06,1.596e+06,1.596e+06,,4822372.128,,,,,,,,,,1.0101,1.0101,6.06061,7.92079,100,100
23990.1,50300,50900,49900,48900,49700,70000,1.2e+06,1.2e+06,1.2e+06,1.2e+06,1.596e+06,1.596e+06,,4822380.375,,,,,,,,,,5,0,12.1212,0,100,100
24299.3,,,,,,,,,,,,,,,,,,,,,,,12,,,,,,
24309.3,,,,,,,,,,,,,,,,,,,,,,12,,,,,,,
24990,50300,50700,49900,49100,49900,70000,1.2e+06,1.2e+06,1.2e+06,1.2e+06,1.596e+06,1.596e+06,,4822388.624,,,,,,,,,,4,3,11.8812,0,100,100
25989.3,50300,50900,50300,49300,49900,70000,1.2e+06,1.2e+06,1.2e+06,1.2e+06,1.596e+06,1.596e+06,,4822396.792,,,,,,,,,,0,0,6.93069,5.10204,99.0099,100
26155.3,,,,,,,,,,,,,,,,,,,,,,,13,,,,,,
26165,,,,,,,,,,,,,,,,,,,,,,13,,,,,,,
26989.5,50500,50900,50300,49300,49900,70000,1.2e+06,1.2e+06,1.2e+06,1.2e+06,1.596e+06,1.596e+06,,4822405.031,,,,,,,,,,1,1,8,5.10204,100,100
27989.9,50700,51100,50500,49500,49900,70000,1.2e+06,1.2e+06,1.2e+06,1.2e+06,1.596e+06,1.596e+06,,4822413.202,,,,,,,,,,1,0,13.8614,0,100,100
28028.7,,,,,,,,,,,,,,,,,,,,,,,14,,,,,,
28035.7,,,,,,,,,,,,,,,,,,,,,,14,,,,,,,
28989.7,50700,50900,50500,49300,49900,70000,1.2e+06,1.2e+06,1.2e+06,1.2e+06,1.596e+06,1.596e+06,,4822421.445,,,,,,,,,,1.0101,1,15.1515,0,100,100
29895.3,,,,,,,,,,,,,,,,,,,,,,,15,,,,,,
29901.2,,,,,,,,,,,,,,,,,,,,,,15,,,,,,,
29989.4,50300,50700,50500,49300,49900,70000,1.2e+06,1.2e+06,1.2e+06,1.2e+06,1.596e+06,1.596e+06,,4822429.711,,,,,,,,,,1.9802,0.990099,9.18367,7,100,100
30989.2,50700,51100,50700,49700,50100,70000,1.2e+06,1.2e+06,1.2e+06,1.2e+06,1.596e+06,1.596e+06,24.933,4822437.887,,,,,,,,,,1,0,13,0,100,100
31753.3,,,,,,,,,,,,,,,,,,,,,,,16,,,,,,
31758.9,,,,,,,,,,,,,,,,,,,,,,16,,,,,,,
31989.3,50700,51100,50500,49300,50300,70000,1.2e+06,1.2e+06,1.2e+06,1.2e+06,1.596e+06,1.596e+06,,4822446.045,,,,,,,,,,2,0,12.1212,0,100,100
32989.1,50900,51100,50500,49500,50300,70000,1.2e+06,1.2e+06,1.2e+06,1.2e+06,1.596e+06,1.596e+06,,4822454.298,,,,,,,,,,1,0,17.8218,0,100,100
33624.7,,,,,,,,,,,,,,,,,,,,,,,17,,,,,,
33630.5,,,,,,,,,,,,,,,,,,,,,,17,,,,,,,
33989.7,50900,51100,50700,49700,50500,70000,1.2e+06,1.2e+06,1.2e+06,1.2e+06,1.596e+06,1.596e+06,,4822462.557,,,,,,,,,,1.9802,0,10.8911,6.06061,100,100
34989.6,51100,51700,50700,49700,50300,70000,1.2e+06,1.2e+06,1.2e+06,1.2e+06,1.596e+06,1.596e+06,,4822470.723,,,,,,,,,,1.0101,0,11.3402,0,100,100
35489,,,,,,,,,,,,,,,,,,,,,,,18,,,,,,
35491.9,,,,,,,,,,,,,,,,,,,,,,18,,,,,,,
35989.3,51100,51500,50900,49700,50300,70000,1.2e+06,1.2e+06,1.2e+06,1.2e+06,1.596e+06,1.596e+06,,4822478.971,,,,,,,,,,1,0,6.06061,7,100,100
36989.1,51100,51500,50500,49900,50300,70000,1.2e+06,1.2e+06,1.2e+06,1.2e+06,1.596e+06,1.596e+06,,4822487.151,,,,,,,,,,1.0101,0,17.8218,0,100,100
37355.9,,,,,,,,,,,,,,,,,,,,,,,19,,,,,,
37356,,,,,,,,,,,,,,,,,,,,,,19,,,,,,,
37989.7,51100,51500,50700,49500,50500,70000,1.2e+06,1.2e+06,1.2e+06,1.2e+06,1.596e+06,1.596e+06,,4822495.409,,,,,,,,,,1.9802,0,7.14286,6.93069,100,100
38989.9,51100,51700,51100,49900,50700,70000,1.2e+06,1.2e+06,1.2e+06,1.2e+06,1.596e+06,1.596e+06,,4822503.673,,,,,,,,,,1.9802,0.990099,5.10204,7,100,100
39215,,,,,,,,,,,,,,,,,,,,,,20,,,,,,,
39217.2,,,,,,,,,,,,,,,,,,,,,,,20,,,,,,
39989.4,50900,51500,51100,50100,50700,70000,1.2e+06,1.2e+06,1.2e+06,1.2e+06,1.596e+06,1.596e+06,,4822511.845,,,,,,,,,,1.0101,0,14,1.02041,100,100
40989.7,51100,51500,51100,49900,50500,70000,1.2e+06,1.2e+06,1.2e+06,1.2e+06,1.596e+06,1.596e+06,24.933,4822520.096,,,,,,,,,,1,0.990099,10.101,5.94059,100,100
41077.1,,,,,,,,,,,,,,,,,,,,,,21,,,,,,,
41081.7,,,,,,,,,,,,,,,,,,,,,,,21,,,,,,
41989.7,51100,51700,51100,50100,50700,70000,1.2e+06,1.2e+06,1.2e+06,1.2e+06,1.596e+06,1.596e+06,,4822528.356,,,,,,,,,,1.0101,0,15,0,100,100
42942.3,,,,,,,,,,,,,,,,,,,,,,22,,,,,,,
42948.7,,,,,,,,,,,,,,,,,,,,,,,22,,,,,,
42989.1,51300,51900,51100,50100,50700,70000,1.2e+06,1.2e+06,1.2e+06,1.2e+06,1.596e+06,1.596e+06,,4822536.628,,,,,,,,,,1.9802,0,14.8515,0,100,100
43989.7,51500,51900,51100,50300,50900,70000,1.2e+06,1.2e+06,1.2e+06,1.2e+06,1.596e+06,1.596e+06,,4822544.807,,,,,,,,,,1.0101,0,15.1515,0,100,100
44808.1,,,,,,,,,,,,,,,,,,,,,,23,,,,,,,
44817,,,,,,,,,,,,,,,,,,,,,,,23,,,,,,
44989.2,51500,51900,51500,50300,51100,70000,1.2e+06,1.2e+06,1.2e+06,1.2e+06,1.596e+06,1.596e+06,,4822551.017,,,,,,,,,,1.9802,0,15.8416,0.990099,100,100
45989.9,51300,51900,51300,50100,50700,70000,1.2e+06,1.2e+06,1.2e+06,1.2e+06,1.596e+06,1.596e+06,,4822559.282,,,,,,,,,,1,0,6.93069,7,100,100
46663.9,,,,,,,,,,,,,,,,,,,,,,24,,,,,,,
46674.5,,,,,,,,,,,,,,,,,,,,,,,24,,,,,,
46989.6,51700,51900,51300,50100,51100,70000,1.2e+06,1.2e+06,1.2e+06,1.2e+06,1.596e+06,1.596e+06,,4822567.574,,,,,,,,,,0,0,11.3402,0,100,100
47990.1,51700,52100,51300,50500,50900,70000,1.2e+06,1.2e+06,1.2e+06,1.2e+06,1.596e+06,1.596e+06,,4822575.751,,,,,,,,,,1.0101,0,6.93069,7.92079,100,100
48518.4,,,,,,,,,,,,,,,,,,,,,,25,,,,,,,
48529.2,,,,,,,,,,,,,,,,,,,,,,,25,,,,,,
48989.5,51500,51900,51100,50100,50900,70000,1.2e+06,1.2e+06,1.2e+06,1.2e+06,1.596e+06,1.596e+06,,4822583.992,,,,,,,,,,1.9802,0,7.14286,7,100,100
49989.9,51900,52100,51300,50500,51100,70000,1.2e+06,1.2e+06,1.2e+06,1.2e+06,1.596e+06,1.596e+06,,4822592.167,,,,,,,,,,1,1,8.82353,7,100,100
50393.3,,,,,,,,,,,,,,,,,,,,,,26,,,,,,,
50402.9,,,,,,,,,,,,,,,,,,,,,,,26,,,,,,
50989.9,51900,51900,51500,50300,51100,70000,1.2e+06,1.2e+06,1.2e+06,1.2e+06,1.596e+06,1.596e+06,24.9,4822600.413,,,,,,,,,,1,0,3.06122,6.06061,100,100
51990,51900,51900,51500,50300,50900,70000,1.2e+06,1.2e+06,1.2e+06,1.2e+06,1.596e+06,1.596e+06,,4822608.684,,,,,,,,,,1.0101,1,8.91089,6.06061,100,100
52260,,,,,,,,,,,,,,,,,,,,,,27,,,,,,,
52269.7,,,,,,,,,,,,,,,,,,,,,,,27,,,,,,
52989.8,51900,51900,51500,50100,51100,70000,1.2e+06,1.2e+06,1.2e+06,1.2e+06,1.596e+06,1.596e+06,,4822616.951,,,,,,,,,,1.9802,0,6.06061,7.92079,100,100
53989.3,51500,51900,51500,50300,50700,70000,1.2e+06,1.2e+06,1.2e+06,1.2e+06,1.596e+06,1.596e+06,,4822625.148,,,,,,,,,,1,0.990099,7,7,100,100
54111.8,,,,,,,,,,,,,,,,,,,,,,28,,,,,,,
54122.2,,,,,,,,,,,,,,,,,,,,,,,28,,,,,,
54989.8,51500,51900,51300,50300,51100,70000,1.2e+06,1.2e+06,1.2e+06,1.2e+06,1.596e+06,1.596e+06,,4822633.390,,,,,,,,,,1,6.06061,0,7,100,100
55988.7,,,,,,,,,,,,,,,,,,,,,,29,,,,,,,
55989.8,51700,51900,51500,50500,51100,70000,1.2e+06,1.2e+06,1.2e+06,1.2e+06,1.596e+06,1.596e+06,,4822641.573,,,,,,,,,,1.0101,0,0,13,100,100
56000.5,,,,,,,,,,,,,,,,,,,,,,,29,,,,,,
56989.2,51900,52100,51700,50500,51100,70000,1.2e+06,1.2e+06,1.2e+06,1.2e+06,1.596e+06,1.596e+06,,4822649.829,,,,,,,,,,1,0,6.06061,6.06061,100,100
57846.5,,,,,,,,,,,,,,,,,,,,,,30,,,,,,,
57861.3,,,,,,,,,,,,,,,,,,,,,,,30,,,,,,
57989.5,52300,52100,51500,50700,51100,70000,1.2e+06,1.2e+06,1.2e+06,1.2e+06,1.596e+06,1.596e+06,,4822658.012,,,,,,,,,,1.9802,0,12.1212,0,100,100
58989.2,51700,52300,51700,50700,51300,70000,1.2e+06,1.2e+06,1.2e+06,1.2e+06,1.596e+06,1.596e+06,,4822666.344,,,,,,,,,,1.0101,0,12.2449,1,100,100
59707.7,,,,,,,,,,,,,,,,,,,,,,31,,,,,,,
59725,,,,,,,,,,,,,,,,,,,,,,,31,,,,,,
59989.7,51900,52300,51500,50700,51100,70000,1.2e+06,1.2e+06,1.2e+06,1.2e+06,1.596e+06,1.596e+06,,4822674.529,,,,,,,,,,1,6,1.0101,6,100,100
60989.1,51700,52300,51500,50300,51100,70000,1.2e+06,1.2e+06,1.2e+06,1.2e+06,1.596e+06,1.596e+06,24.9,4822682.793,,,,,,,,,,2,0.990099,0,12.1212,100,100
61577.9,,,,,,,,,,,,,,,,,,,,,,32,,,,,,,
61598.1,,,,,,,,,,,,,,,,,,,,,,,32,,,,,,
61989.7,51900,52300,51700,50700,51100,70000,1.2e+06,1.2e+06,1.2e+06,1.2e+06,1.596e+06,1.596e+06,,4822690.954,,,,,,,,,,0,0,7.92079,7,100,100
62989.2,51900,52500,51500,50500,51100,70000,1.2e+06,1.2e+06,1.2e+06,1.2e+06,1.596e+06,1.596e+06,,4822699.219,,,,,,,,,,1.0101,7,0,7,100,100
63444.4,,,,,,,,,,,,,,,,,,,,,,33,,,,,,,
63467.4,,,,,,,,,,,,,,,,,,,,,,,33,,,,,,
63989.6,51900,52300,51500,50900,51300,70000,1.2e+06,1.2e+06,1.2e+06,1.2e+06,1.596e+06,1.596e+06,,4822707.421,,,,,,,,,,2,7.07071,7.84314,4.0404,100,100
64989.1,51900,52300,51700,50700,51300,70000,1.2e+06,1.2e+06,1.2e+06,1.2e+06,1.596e+06,1.596e+06,,4822715.665,,,,,,,,,,2.9703,0,6.06061,6.06061,100,100
65301.2,,,,,,,,,,,,,,,,,,,,,,34,,,,,,,
65324.6,,,,,,,,,,,,,,,,,,,,,,,34,,,,,,
65989.6,52100,52500,51900,50700,51300,70000,1.2e+06,1.2e+06,1.2e+06,1.2e+06,1.596e+06,1.596e+06,,4822723.930,,,,,,,,,,1.0101,0,6.06061,7,100,100
66989.7,52100,52500,51900,50900,51500,70000,1.2e+06,1.2e+06,1.2e+06,1.2e+06,1.596e+06,1.596e+06,,4822732.114,,,,,,,,,,10.8911,0,7.92079,1,100,100
67165.5,,,,,,,,,,,,,,,,,,,,,,35,,,,,,,
67191,,,,,,,,,,,,,,,,,,,,,,,35,,,,,,
67990,52100,52500,51900,50700,51500,70000,1.2e+06,1.2e+06,1.2e+06,1.2e+06,1.596e+06,1.596e+06,,4822740.385,,,,,,,,,,7.07071,6.06061,0,4.9505,100,100
68990.1,52300,52600,51700,50900,51500,70000,1.2e+06,1.2e+06,1.2e+06,1.2e+06,1.596e+06,1.596e+06,,4822748.674,,,,,,,,,,7.92079,0,1.9802,7.84314,100,100
69025,,,,,,,,,,,,,,,,,,,,,,36,,,,,,,
69053.6,,,,,,,,,,,,,,,,,,,,,,,36,,,,,,
69989.5,52300,52300,51500,50700,51500,70000,1.2e+06,1.2e+06,1.2e+06,1.2e+06,1.596e+06,1.596e+06,,4822756.925,,,,,,,,,,7.29167,0.990099,7,0,100,100
70898.5,,,,,,,,,,,,,,,,,,,,,,37,,,,,,,
70925.4,,,,,,,,,,,,,,,,,,,,,,,37,,,,,,
70989.3,52300,52600,51900,50900,51500,70000,1.2e+06,1.2e+06,1.2e+06,1.2e+06,1.596e+06,1.596e+06,24.879,4822765.109,,,,,,,,,,19.6078,0,0,1,100,100
71989.6,51900,52300,51700,50700,51500,70000,1.2e+06,1.2e+06,1.2e+06,1.2e+06,1.596e+06,1.596e+06,,4822773.384,,,,,,,,,,2.04082,10,0,0,100,100
72763,,,,,,,,,,,,,,,,,,,,,,38,,,,,,,
72791.6,,,,,,,,,,,,,,,,,,,,,,,38,,,,,,
72989.5,52100,52600,51900,51100,51500,70000,1.2e+06,1.2e+06,1.2e+06,1.2e+06,1.596e+06,1.596e+06,,4822781.563,,,,,,,,,,9.90099,0,0,7.07071,100,100
73989.7,52300,52600,52100,50900,51700,70000,1.2e+06,1.2e+06,1.2e+06,1.2e+06,1.596e+06,1.596e+06,,4822789.848,,,,,,,,,,1.0101,0,0.990099,16.1616,100,100
74620,,,,,,,,,,,,,,,,,,,,,,39,,,,,,,
74651.2,,,,,,,,,,,,,,,,,,,,,,,39,,,,,,
74989.9,52300,52600,52100,51100,51500,70000,1.2e+06,1.2e+06,1.2e+06,1.2e+06,1.596e+06,1.596e+06,,4822798.029,,,,,,,,,,1,0.990099,7,7.07071,100,100
75990,52300,52600,52300,51100,51900,70000,1.2e+06,1.2e+06,1.2e+06,1.2e+06,1.596e+06,1.596e+06,,4822806.299,,,,,,,,,,1,0,7.92079,6.06061,100,100
76479,,,,,,,,,,,,,,,,,,,,,,40,,,,,,,
76511.2,,,,,,,,,,,,,,,,,,,,,,,40,,,,,,
76989.6,52300,52600,52100,51100,51900,70000,1.2e+06,1.2e+06,1.2e+06,1.2e+06,1.596e+06,1.596e+06,,4822814.566,,,,,,,,,,2,0,6.12245,9,100,100
77989.9,52300,52600,52300,51300,51900,70000,1.2e+06,1.2e+06,1.2e+06,1.2e+06,1.596e+06,1.596e+06,,4822822.841,,,,,,,,,,1.9802,0,1.96078,15.3061,100,100
78350.9,,,,,,,,,,,,,,,,,,,,,,41,,,,,,,
78382.7,,,,,,,,,,,,,,,,,,,,,,,41,,,,,,
78990,52300,53000,52100,51100,51900,70000,1.2e+06,1.2e+06,1.2e+06,1.2e+06,1.596e+06,1.596e+06,,4822831.004,,,,,,,,,,1,0,0,14.7059,100,100
79989.3,52300,52800,52100,50900,51700,70000,1.2e+06,1.2e+06,1.2e+06,1.2e+06,1.596e+06,1.596e+06,,4822839.264,,,,,,,,,,5.15464,0,0,7.07071,100,100
80222.9,,,,,,,,,,,,,,,,,,,,,,42,,,,,,,
80257.7,,,,,,,,,,,,,,,,,,,,,,,42,,,,,,
80989.4,52800,53000,52300,51300,51900,70000,1.2e+06,1.2e+06,1.2e+06,1.2e+06,1.596e+06,1.596e+06,24.9,4822847.534,,,,,,,,,,1,1,1,16,100,100
81989.6,52500,52600,51900,51100,51500,70000,1.2e+06,1.2e+06,1.2e+06,1.2e+06,1.596e+06,1.596e+06,,4822855.727,,,,,,,,,,5.05051,0,0,12,100,100
82085.1,,,,,,,,,,,,,,,,,,,,,,43,,,,,,,
82122.5,,,,,,,,,,,,,,,,,,,,,,,43,,,,,,
82990,52500,52600,52300,51300,51900,70000,1.2e+06,1.2e+06,1.2e+06,1.2e+06,1.596e+06,1.596e+06,,4822864.006,,,,,,,,,,1,0,0.990099,12.1212,100,100
83937.7,,,,,,,,,,,,,,,,,,,,,,44,,,,,,,
83976.5,,,,,,,,,,,,,,,,,,,,,,,44,,,,,,
83989.6,52300,52600,52100,51100,51700,70000,1.2e+06,1.2e+06,1.2e+06,1.2e+06,1.596e+06,1.596e+06,,4822870.227,,,,,,,,,,7.07071,0,7.92079,0,100,100
84989.1,52600,52600,52300,51300,51700,70000,1.2e+06,1.2e+06,1.2e+06,1.2e+06,1.596e+06,1.596e+06,,4822878.511,,,,,,,,,,11.7647,7,0,2.0202,100,100
85810.6,,,,,,,,,,,,,,,,,,,,,,45,,,,,,,
85846.2,,,,,,,,,,,,,,,,,,,,,,,45,,,,,,
85989.5,52500,52600,52300,51100,51700,70000,1.2e+06,1.2e+06,1.2e+06,1.2e+06,1.596e+06,1.596e+06,,4822886.693,,,,,,,,,,9,6.06061,0,0,100,100
86990,52300,52600,52100,50900,51700,70000,1.2e+06,1.2e+06,1.2e+06,1.2e+06,1.596e+06,1.596e+06,,4822894.968,,,,,,,,,,10,0,0,5,100,100
87671.8,,,,,,,,,,,,,,,,,,,,,,46,,,,,,,
87707.6,,,,,,,,,,,,,,,,,,,,,,,46,,,,,,
87989.9,52300,52600,52100,51100,51700,70000,1.2e+06,1.2e+06,1.2e+06,1.2e+06,1.596e+06,1.596e+06,,4822903.237,,,,,,,,,,6.06061,0,1,7.07071,100,100
88989.6,52500,52600,52300,51300,51900,70000,1.2e+06,1.2e+06,1.2e+06,1.2e+06,1.596e+06,1.596e+06,,4822911.517,,,,,,,,,,13.2653,5,1,0,100,100
89537.7,,,,,,,,,,,,,,,,,,,,,,47,,,,,,,
89572.8,,,,,,,,,,,,,,,,,,,,,,,47,,,,,,
89989.1,52600,52600,52300,51300,51500,70000,1.2e+06,1.2e+06,1.2e+06,1.2e+06,1.596e+06,1.596e+06,,4822919.711,,,,,,,,,,10,2,4.9505,0,100,100
90989.7,52600,52600,52300,51100,51900,70000,1.2e+06,1.2e+06,1.2e+06,1.2e+06,1.596e+06,1.596e+06,24.922,4822927.968,,,,,,,,,,9.80392,4,2.0202,0.990099,100,100
91407.9,,,,,,,,,,,,,,,,,,,,,,48,,,,,,,
91444,,,,,,,,,,,,,,,,,,,,,,,48,,,,,,
91990,52500,53000,52300,51300,51900,70000,1.2e+06,1.2e+06,1.2e+06,1.2e+06,1.596e+06,1.596e+06,,4822936.238,,,,,,,,,,12.2449,2.0202,1,1,100,100
92989.2,52600,52800,52500,51300,51900,70000,1.2e+06,1.2e+06,1.2e+06,1.2e+06,1.596e+06,1.596e+06,,4822944.418,,,,,,,,,,15.6863,3.0303,0,1,100,100
93272.5,,,,,,,,,,,,,,,,,,,,,,49,,,,,,,
93309.6,,,,,,,,,,,,,,,,,,,,,,,49,,,,,,
93989.4,52800,53000,52500,51500,51900,70000,1.2e+06,1.2e+06,1.2e+06,1.2e+06,1.596e+06,1.596e+06,,4822952.691,,,,,,,,,,14,0,0,0,100,100
94989.5,52500,53000,52300,51500,52100,70000,1.2e+06,1.2e+06,1.2e+06,1.2e+06,1.596e+06,1.596e+06,,4822960.959,,,,,,,,,,14.1414,0,0,0,100,100
95134.7,,,,,,,,,,,,,,,,,,,,,,50,,,,,,,
95171.9,,,,,,,,,,,,,,,,,,,,,,,50,,,,,,
95989.6,52600,53000,52300,51300,51900,70000,1.2e+06,1.2e+06,1.2e+06,1.2e+06,1.596e+06,1.596e+06,,4822969.232,,,,,,,,,,12,6.93069,0,1.9802,100,100
96989.5,52600,52800,52300,51500,51900,70000,1.2e+06,1.2e+06,1.2e+06,1.2e+06,1.596e+06,1.596e+06,,4822977.430,,,,,,,,,,4.9505,13,0.990099,0,100,100
96991.9,,,,,,,,,,,,,,,,,,,,,,51,,,,,,,
97033.7,,,,,,,,,,,,,,,,,,,,,,,51,,,,,,
97989.4,52600,53000,52500,51500,52100,70000,1.2e+06,1.2e+06,1.2e+06,1.2e+06,1.596e+06,1.596e+06,,4822985.700,,,,,,,,,,7.07071,1,6.06061,0,100,100
98856.3,,,,,,,,,,,,,,,,,,,,,,52,,,,,,,
98900.3,,,,,,,,,,,,,,,,,,,,,,,52,,,,,,
98989.5,52800,52800,52300,51300,52100,70000,1.2e+06,1.2e+06,1.2e+06,1.2e+06,1.596e+06,1.596e+06,,4822993.940,,,,,,,,,,13.2653,0,0.990099,1,100,100
99990.1,52800,53000,52500,51300,51900,70000,1.2e+06,1.2e+06,1.2e+06,1.2e+06,1.596e+06,1.596e+06,,4823002.180,,,,,,,,,,12.8713,2,2.0202,0,100,100
100728,,,,,,,,,,,,,,,,,,,,,,53,,,,,,,
100771,,,,,,,,,,,,,,,,,,,,,,,53,,,,,,
100989,52800,53000,52300,51700,52300,70000,1.2e+06,1.2e+06,1.2e+06,1.2e+06,1.596e+06,1.596e+06,24.975,4823010.461,,,,,,,,,,11.1111,1,0,6.06061,100,100
101989,52600,53000,52500,51700,52300,70000,1.2e+06,1.2e+06,1.2e+06,1.2e+06,1.596e+06,1.596e+06,,4823018.647,,,,,,,,,,7.92079,1,6,1,100,100
102586,,,,,,,,,,,,,,,,,,,,,,54,,,,,,,
102629,,,,,,,,,,,,,,,,,,,,,,,54,,,,,,
102990,52600,53000,52600,51300,52500,70000,1.2e+06,1.2e+06,1.2e+06,1.2e+06,1.596e+06,1.596e+06,,4823026.906,,,,,,,,,,7.07071,0.990099,7,1,100,100
103989,52800,53200,52600,51300,52300,70000,1.2e+06,1.2e+06,1.2e+06,1.2e+06,1.596e+06,1.596e+06,,4823035.103,,,,,,,,,,2.9703,9.09091,0,7,100,100
104451,,,,,,,,,,,,,,,,,,,,,,55,,,,,,,
104495,,,,,,,,,,,,,,,,,,,,,,,55,,,,,,
104990,52800,53000,52600,51700,52300,70000,1.2e+06,1.2e+06,1.2e+06,1.2e+06,1.596e+06,1.596e+06,,4823043.387,,,,,,,,,,1,7,9.90099,0,100,100
105989,52600,53200,52600,51500,52100,70000,1.2e+06,1.2e+06,1.2e+06,1.2e+06,1.596e+06,1.596e+06,,4823051.589,,,,,,,,,,1.0101,6.06061,5.10204,0,100,100
106318,,,,,,,,,,,,,,,,,,,,,,56,,,,,,,
106362,,,,,,,,,,,,,,,,,,,,,,,56,,,,,,
106989,53000,53000,52500,51500,52300,70000,1.2e+06,1.2e+06,1.2e+06,1.2e+06,1.596e+06,1.596e+06,,4823059.868,,,,,,,,,,0,1,13,0,100,100
107990,53000,53200,52600,51500,52100,70000,1.2e+06,1.2e+06,1.2e+06,1.2e+06,1.596e+06,1.596e+06,,4823068.055,,,,,,,,,,1.0101,0,15.1515,0,100,100
108175,,,,,,,,,,,,,,,,,,,,,,57,,,,,,,
108224,,,,,,,,,,,,,,,,,,,,,,,57,,,,,,
108990,52800,53200,52600,51500,52100,70000,1.2e+06,1.2e+06,1.2e+06,1.2e+06,1.596e+06,1.596e+06,,4823076.327,,,,,,,,,,1,0,11,6,100,100
109990,52800,53000,52800,51500,52300,70000,1.2e+06,1.2e+06,1.2e+06,1.2e+06,1.596e+06,1.596e+06,,4823084.524,,,,,,,,,,2,5.10204,5.10204,0,100,100
110040,,,,,,,,,,,,,,,,,,,,,,58,,,,,,,
110090,,,,,,,,,,,,,,,,,,,,,,,58,,,,,,
110989,52600,53000,52300,51700,52100,70000,1.2e+06,1.2e+06,1.2e+06,1.2e+06,1.596e+06,1.596e+06,25.018,4823092.798,,,,,,,,,,1,8.08081,4.0404,0,100,100
111895,,,,,,,,,,,,,,,,,,,,,,59,,,,,,,
111947,,,,,,,,,,,,,,,,,,,,,,,59,,,,,,
111989,52600,53200,52600,51700,52100,70000,1.2e+06,1.2e+06,1.2e+06,1.2e+06,1.596e+06,1.596e+06,,4823100.993,,,,,,,,,,2,14,1.0101,0,100,100
112990,53000,53000,52300,51500,52100,70000,1.2e+06,1.2e+06,1.2e+06,1.2e+06,1.596e+06,1.596e+06,,4823109.267,,,,,,,,,,2,7.84314,13.4615,0,100,100
113749,,,,,,,,,,,,,,,,,,,,,,60,,,,,,,
113801,,,,,,,,,,,,,,,,,,,,,,,60,,,,,,
113990,52800,53200,52600,51500,52100,70000,1.2e+06,1.2e+06,1.2e+06,1.2e+06,1.596e+06,1.596e+06,,4823117.551,,,,,,,,,,1,0,6.12245,6.06061,100,100
114990,52800,53000,52300,51700,51900,70000,1.2e+06,1.2e+06,1.2e+06,1.2e+06,1.596e+06,1.596e+06,,4823125.727,,,,,,,,,,0,0,7,7.92079,100,100
115627,,,,,,,,,,,,,,,,,,,,,,61,,,,,,,
115678,,,,,,,,,,,,,,,,,,,,,,,61,,,,,,
115989,52600,53200,52500,51700,52300,70000,1.2e+06,1.2e+06,1.2e+06,1.2e+06,1.596e+06,1.596e+06,,4823134.005,,,,,,,,,,1,5.94059,3,9.90099,100,100
116990,52600,53000,52600,51300,51900,70000,1.2e+06,1.2e+06,1.2e+06,1.2e+06,1.596e+06,1.596e+06,,4823142.224,,,,,,,,,,1.0101,6,6.93069,5,100,100
117487,,,,,,,,,,,,,,,,,,,,,,62,,,,,,,
117539,,,,,,,,,,,,,,,,,,,,,,,62,,,,,,
117990,52800,53000,52300,51500,52300,70000,1.2e+06,1.2e+06,1.2e+06,1.2e+06,1.596e+06,1.596e+06,,4823150.492,,,,,,,,,,1.9802,8.08081,5,0,100,100
118989,52600,53000,52500,51500,52100,70000,1.2e+06,1.2e+06,1.2e+06,1.2e+06,1.596e+06,1.596e+06,,4823158.760,,,,,,,,,,2,13.8614,0,0,100,100
119355,,,,,,,,,,,,,,,,,,,,,,63,,,,,,,
119408,,,,,,,,,,,,,,,,,,,,,,,63,,,,,,
119990,52800,53000,52500,51500,52300,70000,1.2e+06,1.2e+06,1.2e+06,1.2e+06,1.596e+06,1.596e+06,,4823166.954,,,,,,,,,,1.0101,9,0.990099,6.93069,100,100
120990,52600,53000,52500,51700,52300,70000,1.2e+06,1.2e+06,1.2e+06,1.2e+06,1.596e+06,1.596e+06,25.018,4823175.239,,,,,,,,,,1,11,6.06061,0,100,100
121214,,,,,,,,,,,,,,,,,,,,,,64,,,,,,,
121268,,,,,,,,,,,,,,,,,,,,,,,64,,,,,,
121990,52800,53200,52500,51500,52100,70000,1.2e+06,1.2e+06,1.2e+06,1.2e+06,1.596e+06,1.596e+06,,4823183.506,,,,,,,,,,2,1.0101,10.101,0,100,100
122989,52600,53200,52500,51500,52300,70000,1.2e+06,1.2e+06,1.2e+06,1.2e+06,1.596e+06,1.596e+06,,4823189.639,,,,,,,,,,1,12.1212,0,0,100,100
123082,,,,,,,,,,,,,,,,,,,,,,65,,,,,,,
123134,,,,,,,,,,,,,,,,,,,,,,,65,,,,,,
123990,52800,53000,52500,51700,51900,70000,1.2e+06,1.2e+06,1.2e+06,1.2e+06,1.596e+06,1.596e+06,,4823197.938,,,,,,,,,,1.0101,8.16327,7,0,100,100
124941,,,,,,,,,,,,,,,,,,,,,,66,,,,,,,
124990,52600,53000,52300,51500,51900,70000,1.2e+06,1.2e+06,1.2e+06,1.2e+06,1.596e+06,1.596e+06,,4823206.144,,,,,,,,,,1.0101,11,4,0.990099,100,100
124994,,,,,,,,,,,,,,,,,,,,,,,66,,,,,,
125989,52800,53200,52500,51500,52300,70000,1.2e+06,1.2e+06,1.2e+06,1.2e+06,1.596e+06,1.596e+06,,4823214.426,,,,,,,,,,1,13.8614,2.9703,0,100,100
126814,,,,,,,,,,,,,,,,,,,,,,67,,,,,,,
126866,,,,,,,,,,,,,,,,,,,,,,,67,,,,,,
126989,53000,53200,52500,51700,52300,70000,1.2e+06,1.2e+06,1.2e+06,1.2e+06,1.596e+06,1.596e+06,,4823222.618,,,,,,,,,,1.0101,7.92079,6.06061,0,100,100
127989,52600,53400,52500,51700,52300,70000,1.2e+06,1.2e+06,1.2e+06,1.2e+06,1.596e+06,1.596e+06,,4823230.909,,,,,,,,,,1.9802,16,0,0,100,100
128668,,,,,,,,,,,,,,,,,,,,,,68,,,,,,,
128722,,,,,,,,,,,,,,,,,,,,,,,68,,,,,,
128989,52800,53200,52600,51700,52300,70000,1.2e+06,1.2e+06,1.2e+06,1.2e+06,1.596e+06,1.596e+06,,4823239.193,,,,,,,,,,1.0101,10.101,7.84314,0.990099,100,100
129990,52800,53000,52500,51500,52300,70000,1.2e+06,1.2e+06,1.2e+06,1.2e+06,1.596e+06,1.596e+06,,4823247.485,,,,,,,,,,9.90099,0,5,1,100,100
130542,,,,,,,,,,,,,,,,,,,,,,69,,,,,,,
130595,,,,,,,,,,,,,,,,,,,,,,,69,,,,,,
130989,53000,53000,52600,51700,52300,70000,1.2e+06,1.2e+06,1.2e+06,1.2e+06,1.596e+06,1.596e+06,25.104,4823255.681,,,,,,,,,,1.0101,0,13,0,100,100
131990,52600,53200,52500,51700,52300,70000,1.2e+06,1.2e+06,1.2e+06,1.2e+06,1.596e+06,1.596e+06,,4823263.967,,,,,,,,,,1,0,13,3,100,100
132404,,,,,,,,,,,,,,,,,,,,,,70,,,,,,,
132458,,,,,,,,,,,,,,,,,,,,,,,70,,,,,,
132990,52800,53200,52500,51700,52300,70000,1.2e+06,1.2e+06,1.2e+06,1.2e+06,1.596e+06,1.596e+06,,4823272.156,,,,,,,,,,1,1.9802,7,4.9505,100,100
133989,52600,53400,52600,51700,52300,70000,1.2e+06,1.2e+06,1.2e+06,1.2e+06,1.596e+06,1.596e+06,,4823280.434,,,,,,,,,,2,13.8614,6.06061,0,100,100
134271,,,,,,,,,,,,,,,,,,,,,,71,,,,,,,
134329,,,,,,,,,,,,,,,,,,,,,,,71,,,,,,
134989,52600,53200,52600,51700,52300,70000,1.2e+06,1.2e+06,1.2e+06,1.2e+06,1.596e+06,1.596e+06,,4823288.645,,,,,,,,,,1,5.10204,7,0.990099,100,100
135990,52600,53000,52600,51700,52300,70000,1.2e+06,1.2e+06,1.2e+06,1.2e+06,1.596e+06,1.596e+06,,4823296.932,,,,,,,,,,5.05051,8.08081,2,0,100,100
136134,,,,,,,,,,,,,,,,,,,,,,72,,,,,,,
136192,,,,,,,,,,,,,,,,,,,,,,,72,,,,,,
136990,53000,53400,52600,51700,52300,70000,1.2e+06,1.2e+06,1.2e+06,1.2e+06,1.596e+06,1.596e+06,,4823305.152,,,,,,,,,,1,8.16327,8,0,100,100
137989,53000,53200,52600,51500,52100,70000,1.2e+06,1.2e+06,1.2e+06,1.2e+06,1.596e+06,1.596e+06,,4823313.409,,,,,,,,,,1,14.8515,0,0,100,100
137996,,,,,,,,,,,,,,,,,,,,,,73,,,,,,,
138054,,,,,,,,,,,,,,,,,,,,,,,73,,,,,,
138989,53000,53400,52800,51900,52300,70000,1.2e+06,1.2e+06,1.2e+06,1.2e+06,1.596e+06,1.596e+06,,4823321.682,,,,,,,,,,1.0101,8,6.06061,0,100,100
139856,,,,,,,,,,,,,,,,,,,,,,74,,,,,,,
139917,,,,,,,,,,,,,,,,,,,,,,,74,,,,,,
139990,53000,53200,52600,51500,52300,70000,1.2e+06,1.2e+06,1.2e+06,1.2e+06,1.596e+06,1.596e+06,,4823329.963,,,,,,,,,,4,2.0202,4.9505,7,100,100
140990,53000,53200,52800,51900,52300,70000,1.2e+06,1.2e+06,1.2e+06,1.2e+06,1.596e+06,1.596e+06,25.126,4823338.244,,,,,,,,,,5,1,6.06061,7,100,100
141720,,,,,,,,,,,,,,,,,,,,,,75,,,,,,,
141784,,,,,,,,,,,,,,,,,,,,,,,75,,,,,,
141990,52800,53200,52600,51700,52300,70000,1.2e+06,1.2e+06,1.2e+06,1.2e+06,1.596e+06,1.596e+06,,4823346.456,,,,,,,,,,1,0,9.90099,4,100,100
142990,53000,53400,52800,51700,52300,70000,1.2e+06,1.2e+06,1.2e+06,1.2e+06,1.596e+06,1.596e+06,,4823354.745,,,,,,,,,,1,0.990099,0,11.3402,100,100
143582,,,,,,,,,,,,,,,,,,,,,,76,,,,,,,
143647,,,,,,,,,,,,,,,,,,,,,,,76,,,,,,
143989,53000,53200,52600,51900,52300,70000,1.2e+06,1.2e+06,1.2e+06,1.2e+06,1.596e+06,1.596e+06,,4823363.007,,,,,,,,,,9.18367,5.10204,0,0.990099,100,100
144990,53000,53200,52800,51700,52500,70000,1.2e+06,1.2e+06,1.2e+06,1.2e+06,1.596e+06,1.596e+06,,4823371.215,,,,,,,,,,1,6.06061,9.18367,0,100,100
145449,,,,,,,,,,,,,,,,,,,,,,77,,,,,,,
145518,,,,,,,,,,,,,,,,,,,,,,,77,,,,,,
145989,52800,53400,52800,51900,52300,70000,1.2e+06,1.2e+06,1.2e+06,1.2e+06,1.596e+06,1.596e+06,,4823379.489,,,,,,,,,,1,11.2245,0.990099,0.990099,100,100
146989,53000,53200,52600,51900,52300,70000,1.2e+06,1.2e+06,1.2e+06,1.2e+06,1.596e+06,1.596e+06,,4823387.703,,,,,,,,,,0,13.1313,0,0,100,100
147312,,,,,,,,,,,,,,,,,,,,,,78,,,,,,,
147381,,,,,,,,,,,,,,,,,,,,,,,78,,,,,,
147990,52600,53000,52600,51700,52300,70000,1.2e+06,1.2e+06,1.2e+06,1.2e+06,1.596e+06,1.596e+06,,4823395.982,,,,,,,,,,2.9703,6.93069,6.06061,0,100,100
148989,53000,53400,52600,51900,52500,70000,1.2e+06,1.2e+06,1.2e+06,1.2e+06,1.596e+06,1.596e+06,,4823404.264,,,,,,,,,,2,14.1414,0,0.990099,100,100
149170,,,,,,,,,,,,,,,,,,,,,,79,,,,,,,
149237,,,,,,,,,,,,,,,,,,,,,,,79,,,,,,
149990,53000,53400,52800,52100,52300,70000,1.2e+06,1.2e+06,1.2e+06,1.2e+06,1.596e+06,1.596e+06,,4823412.508,,,,,,,,,,1,10.8911,7,0,100,100
150989,53200,53400,52800,51900,52300,70000,1.2e+06,1.2e+06,1.2e+06,1.2e+06,1.596e+06,1.596e+06,,4823420.761,,,,,,,,,,1.0101,14,0,0,100,100
151037,,,,,,,,,,,,,,,,,,,,,,80,,,,,,,
151108,,,,,,,,,,,,,,,,,,,,,,,80,,,,,,
151990,53000,53200,52600,51700,52100,70000,1.2e+06,1.2e+06,1.2e+06,1.2e+06,1.596e+06,1.596e+06,25.136,4823429.020,,,,,,,,,,4,10.101,3.9604,0,100,100
152896,,,,,,,,,,,,,,,,,,,,,,81,,,,,,,
152966,,,,,,,,,,,,,,,,,,,,,,,81,,,,,,
152989,53000,53400,52600,51900,52500,70000,1.2e+06,1.2e+06,1.2e+06,1.2e+06,1.596e+06,1.596e+06,,4823437.304,,,,,,,,,,1,0,16.6667,0,100,100
153990,53000,53200,52600,51900,52300,70000,1.2e+06,1.2e+06,1.2e+06,1.2e+06,1.596e+06,1.596e+06,,4823445.521,,,,,,,,,,1,0,14.2857,0,100,100
154753,,,,,,,,,,,,,,,,,,,,,,82,,,,,,,
154824,,,,,,,,,,,,,,,,,,,,,,,82,,,,,,
154990,52800,53200,52600,51700,52100,70000,1.2e+06,1.2e+06,1.2e+06,1.2e+06,1.596e+06,1.596e+06,,4823453.796,,,,,,,,,,0,0,7,7,100,100
155989,53000,53000,52800,51900,52600,70000,1.2e+06,1.2e+06,1.2e+06,1.2e+06,1.596e+06,1.596e+06,,4823462.003,,,,,,,,,,2.94118,4.0404,12.7451,0,100,100
156614,,,,,,,,,,,,,,,,,,,,,,83,,,,,,,
156685,,,,,,,,,,,,,,,,,,,,,,,83,,,,,,
156990,53000,53200,52800,51700,52300,70000,1.2e+06,1.2e+06,1.2e+06,1.2e+06,1.596e+06,1.596e+06,,4823470.284,,,,,,,,,,1.0101,7,7,4,100,100
157990,52800,53400,52800,52100,52300,70000,1.2e+06,1.2e+06,1.2e+06,1.2e+06,1.596e+06,1.596e+06,,4823478.487,,,,,,,,,,1.0101,12.1212,0,1,100,100
158475,,,,,,,,,,,,,,,,,,,,,,84,,,,,,,
158545,,,,,,,,,,,,,,,,,,,,,,,84,,,,,,
158990,52600,53400,52600,52100,52500,70000,1.2e+06,1.2e+06,1.2e+06,1.2e+06,1.596e+06,1.596e+06,,4823486.680,,,,,,,,,,2,3,11,0,100,100
159990,53000,53200,52600,51900,52300,70000,1.2e+06,1.2e+06,1.2e+06,1.2e+06,1.596e+06,1.596e+06,,4823494.976,,,,,,,,,,2.94118,12.1212,0,0,100,100
160325,,,,,,,,,,,,,,,,,,,,,,85,,,,,,,
160397,,,,,,,,,,,,,,,,,,,,,,,85,,,,,,
160990,52800,53400,52600,51700,52100,70000,1.2e+06,1.2e+06,1.2e+06,1.2e+06,1.596e+06,1.596e+06,,4823503.264,,,,,,,,,,1.0101,15.1515,0.990099,0,100,100
161989,52800,53400,52600,52100,52500,70000,1.2e+06,1.2e+06,1.2e+06,1.2e+06,1.596e+06,1.596e+06,25.147,4823509.493,,,,,,,,,,1.0101,8.82353,11,0,100,100
162181,,,,,,,,,,,,,,,,,,,,,,86,,,,,,,
162256,,,,,,,,,,,,,,,,,,,,,,,86,,,,,,
162990,52800,53400,52600,51900,52300,70000,1.2e+06,1.2e+06,1.2e+06,1.2e+06,1.596e+06,1.596e+06,,4823517.782,,,,,,,,,,7,6.93069,0,0,100,100
163990,53000,53000,52800,51900,52300,70000,1.2e+06,1.2e+06,1.2e+06,1.2e+06,1.596e+06,1.596e+06,,4823525.983,,,,,,,,,,2,14,0,0,100,100
164035,,,,,,,,,,,,,,,,,,,,,,87,,,,,,,
164110,,,,,,,,,,,,,,,,,,,,,,,87,,,,,,
164989,53000,53200,52600,51900,52300,70000,1.2e+06,1.2e+06,1.2e+06,1.2e+06,1.596e+06,1.596e+06,,4823534.265,,,,,,,,,,7.92079,0,13.8614,0,100,100
165898,,,,,,,,,,,,,,,,,,,,,,88,,,,,,,
165974,,,,,,,,,,,,,,,,,,,,,,,88,,,,,,
165990,53000,53400,52600,51900,52500,70000,1.2e+06,1.2e+06,1.2e+06,1.2e+06,1.596e+06,1.596e+06,,4823542.548,,,,,,,,,,7.07071,5,2,0,100,100
166990,53000,53400,52800,51900,52300,70000,1.2e+06,1.2e+06,1.2e+06,1.2e+06,1.596e+06,1.596e+06,,4823550.762,,,,,,,,,,1.0101,4.08163,6.06061,2,100,100
167763,,,,,,,,,,,,,,,,,,,,,,89,,,,,,,
167843,,,,,,,,,,,,,,,,,,,,,,,89,,,,,,
167989,53000,53600,53000,52100,52500,70000,1.2e+06,1.2e+06,1.2e+06,1.2e+06,1.596e+06,1.596e+06,,4823559.046,,,,,,,,,,2,7.84314,9,1,100,100
168990,53000,53400,53000,52100,52600,70000,1.2e+06,1.2e+06,1.2e+06,1.2e+06,1.596e+06,1.596e+06,,4823567.321,,,,,,,,,,1,0,16.1616,0,100,100
169624,,,,,,,,,,,,,,,,,,,,,,90,,,,,,,
169702,,,,,,,,,,,,,,,,,,,,,,,90,,,,,,
169990,53000,53600,52800,52100,52600,70000,1.2e+06,1.2e+06,1.2e+06,1.2e+06,1.596e+06,1.596e+06,,4823575.603,,,,,,,,,,1,0,7,7,100,100
170990,53200,53400,53000,51900,52300,70000,1.2e+06,1.2e+06,1.2e+06,1.2e+06,1.596e+06,1.596e+06,,4823583.810,,,,,,,,,,2.9703,0,14.8515,0,100,100
171492,,,,,,,,,,,,,,,,,,,,,,91,,,,,,,
171569,,,,,,,,,,,,,,,,,,,,,,,91,,,,,,
171990,53200,53400,52600,51700,52300,70000,1.2e+06,1.2e+06,1.2e+06,1.2e+06,1.596e+06,1.596e+06,25.158,4823592.076,,,,,,,,,,1,0,7.07071,10,100,100
172990,53200,53600,52800,51900,52500,70000,1.2e+06,1.2e+06,1.2e+06,1.2e+06,1.596e+06,1.596e+06,,4823600.440,,,,,,,,,,6.12245,0,6.06061,3,100,100
173355,,,,,,,,,,,,,,,,,,,,,,92,,,,,,,
173434,,,,,,,,,,,,,,,,,,,,,,,92,,,,,,
173990,53000,53400,52800,52100,52500,70000,1.2e+06,1.2e+06,1.2e+06,1.2e+06,1.596e+06,1.596e+06,,4823608.650,,,,,,,,,,1.9802,1,12.1212,0,100,100
174990,53000,53600,53000,51900,52600,70000,1.2e+06,1.2e+06,1.2e+06,1.2e+06,1.596e+06,1.596e+06,,4823616.911,,,,,,,,,,1.0101,1,12.7451,7,100,100
175218,,,,,,,,,,,,,,,,,,,,,,93,,,,,,,
175305,,,,,,,,,,,,,,,,,,,,,,,93,,,,,,
175990,53000,53400,52800,51900,52500,70000,1.2e+06,1.2e+06,1.2e+06,1.2e+06,1.596e+06,1.596e+06,,4823625.199,,,,,,,,,,1,0,15,0,100,100
176990,53000,53200,52800,51900,52500,70000,1.2e+06,1.2e+06,1.2e+06,1.2e+06,1.596e+06,1.596e+06,,4823633.400,,,,,,,,,,0,1,14.8515,0,100,100
177094,,,,,,,,,,,,,,,,,,,,,,94,,,,,,,
177175,,,,,,,,,,,,,,,,,,,,,,,94,,,,,,
177989,53000,53200,52800,51900,52600,70000,1.2e+06,1.2e+06,1.2e+06,1.2e+06,1.596e+06,1.596e+06,,4823641.691,,,,,,,,,,2,1.9802,16.1616,0,100,100
178947,,,,,,,,,,,,,,,,,,,,,,95,,,,,,,
178989,52800,53400,53000,52100,52600,70000,1.2e+06,1.2e+06,1.2e+06,1.2e+06,1.596e+06,1.596e+06,,4823649.891,,,,,,,,,,1.0101,0.990099,15.1515,0,100,100
179031,,,,,,,,,,,,,,,,,,,,,,,95,,,,,,
179989,53000,53200,52800,52100,52500,70000,1.2e+06,1.2e+06,1.2e+06,1.2e+06,1.596e+06,1.596e+06,,4823658.198,,,,,,,,,,1,0,5.05051,6.06061,100,100
180805,,,,,,,,,,,,,,,,,,,,,,96,,,,,,,
180891,,,,,,,,,,,,,,,,,,,,,,,96,,,,,,
180989,53000,53400,52800,51900,52500,70000,1.2e+06,1.2e+06,1.2e+06,1.2e+06,1.596e+06,1.596e+06,,4823666.404,,,,,,,,,,8,0.990099,12.6214,0,100,100
181990,53200,53400,53000,52100,52600,70000,1.2e+06,1.2e+06,1.2e+06,1.2e+06,1.596e+06,1.596e+06,25.169,4823674.677,,,,,,,,,,1,0,13.2653,0,100,100
182671,,,,,,,,,,,,,,,,,,,,,,97,,,,,,,
182755,,,,,,,,,,,,,,,,,,,,,,,97,,,,,,
182990,53000,53600,53000,51900,52600,70000,1.2e+06,1.2e+06,1.2e+06,1.2e+06,1.596e+06,1.596e+06,,4823682.967,,,,,,,,,,1.0101,0,9.90099,7,100,100
183990,53200,53600,53000,52100,52600,70000,1.2e+06,1.2e+06,1.2e+06,1.2e+06,1.596e+06,1.596e+06,,4823691.239,,,,,,,,,,1.9802,0,14,0,100,100
184542,,,,,,,,,,,,,,,,,,,,,,98,,,,,,,
184629,,,,,,,,,,,,,,,,,,,,,,,98,,,,,,
184990,53200,53400,52600,51700,52500,70000,1.2e+06,1.2e+06,1.2e+06,1.2e+06,1.596e+06,1.596e+06,,4823699.452,,,,,,,,,,0,0,8,6.06061,100,100
185990,53200,53600,52600,52100,52600,70000,1.2e+06,1.2e+06,1.2e+06,1.2e+06,1.596e+06,1.596e+06,,4823707.758,,,,,,,,,,2,0.990099,8.16327,6.06061,100,100
186391,,,,,,,,,,,,,,,,,,,,,,99,,,,,,,
186479,,,,,,,,,,,,,,,,,,,,,,,99,,,,,,
186990,53000,53400,52800,52100,52500,70000,1.2e+06,1.2e+06,1.2e+06,1.2e+06,1.596e+06,1.596e+06,,4823715.947,,,,,,,,,,1,0,9,6,100,100
187989,53400,53800,52600,51900,52600,70000,1.2e+06,1.2e+06,1.2e+06,1.2e+06,1.596e+06,1.596e+06,,4823724.248,,,,,,,,,,1.0101,0,15.534,0,100,100
188245,,,,,,,,,,,,,,,,,,,,,,100,,,,,,,
188329,,,,,,,,,,,,,,,,,,,,,,,100,,,,,,
188989,53000,53400,52600,51900,52500,70000,1.2e+06,1.2e+06,1.2e+06,1.2e+06,1.596e+06,1.596e+06,,4823732.535,,,,,,,,,,1,0,10,4.0404,100,100
189989,53200,53400,52800,52100,52300,70000,1.2e+06,1.2e+06,1.2e+06,1.2e+06,1.596e+06,1.596e+06,,4823740.770,,,,,,,,,,2,0,14.1414,0,100,100
190106,,,,,,,,,,,,,,,,,,,,,,101,,,,,,,
190191,,,,,,,,,,,,,,,,,,,,,,,101,,,,,,
190989,53200,53600,52800,52100,52600,70000,1.2e+06,1.2e+06,1.2e+06,1.2e+06,1.596e+06,1.596e+06,,4823749.033,,,,,,,,,,1,0,16.1616,0,100,100
191966,,,,,,,,,,,,,,,,,,,,,,102,,,,,,,
191989,53400,53600,53000,52100,52800,70000,1.2e+06,1.2e+06,1.2e+06,1.2e+06,1.596e+06,1.596e+06,25.158,4823757.231,,,,,,,,,,1.0101,5.05051,2.0202,7,100,100
192051,,,,,,,,,,,,,,,,,,,,,,,102,,,,,,
192990,53200,53400,52800,52100,52600,70000,1.2e+06,1.2e+06,1.2e+06,1.2e+06,1.596e+06,1.596e+06,,4823765.525,,,,,,,,,,6.12245,0.990099,9.18367,0,100,100
193837,,,,,,,,,,,,,,,,,,,,,,103,,,,,,,
193925,,,,,,,,,,,,,,,,,,,,,,,103,,,,,,
193989,53400,53600,53000,52300,52600,70000,1.2e+06,1.2e+06,1.2e+06,1.2e+06,1.596e+06,1.596e+06,,4823773.815,,,,,,,,,,1.9802,0.990099,15.1515,0,100,100
194989,53400,53400,53000,51900,52500,70000,1.2e+06,1.2e+06,1.2e+06,1.2e+06,1.596e+06,1.596e+06,,4823782.008,,,,,,,,,,1.0101,0,13,1.96078,100,100
195687,,,,,,,,,,,,,,,,,,,,,,104,,,,,,,
195775,,,,,,,,,,,,,,,,,,,,,,,104,,,,,,
195989,53000,53600,53000,52100,52600,70000,1.2e+06,1.2e+06,1.2e+06,1.2e+06,1.596e+06,1.596e+06,,4823790.283,,,,,,,,,,1,0.990099,15,0.990099,100,100
196989,53400,53400,53000,52300,52300,70000,1.2e+06,1.2e+06,1.2e+06,1.2e+06,1.596e+06,1.596e+06,,4823798.497,,,,,,,,,,6,4.08163,7.92079,0,100,100
197555,,,,,,,,,,,,,,,,,,,,,,105,,,,,,,
197647,,,,,,,,,,,,,,,,,,,,,,,105,,,,,,
197989,53400,53400,52800,52100,52600,70000,1.2e+06,1.2e+06,1.2e+06,1.2e+06,1.596e+06,1.596e+06,,4823804.725,,,,,,,,,,9.09091,7,0.990099,0,100,100
198990,53000,53400,52800,52100,52600,70000,1.2e+06,1.2e+06,1.2e+06,1.2e+06,1.596e+06,1.596e+06,,4823813.007,,,,,,,,,,8,6.93069,0,0,100,100
199423,,,,,,,,,,,,,,,,,,,,,,106,,,,,,,
199516,,,,,,,,,,,,,,,,,,,,,,,106,,,,,,
199990,53000,53600,53000,52100,52500,70000,1.2e+06,1.2e+06,1.2e+06,1.2e+06,1.596e+06,1.596e+06,,4823821.288,,,,,,,,,,2.0202,6.06061,6.06061,0,100,100
200989,53400,53800,53000,52100,52600,70000,1.2e+06,1.2e+06,1.2e+06,1.2e+06,1.596e+06,1.596e+06,,4823829.556,,,,,,,,,,8.08081,1,9,1,100,100
201293,,,,,,,,,,,,,,,,,,,,,,107,,,,,,,
201386,,,,,,,,,,,,,,,,,,,,,,,107,,,,,,
201990,53200,53800,53000,52100,52600,70000,1.2e+06,1.2e+06,1.2e+06,1.2e+06,1.596e+06,1.596e+06,25.158,4823837.750,,,,,,,,,,3,6,0,6,100,100
202989,53400,53600,53000,52300,52600,70000,1.2e+06,1.2e+06,1.2e+06,1.2e+06,1.596e+06,1.596e+06,,4823846.033,,,,,,,,,,1.0101,0,7,7,100,100
203161,,,,,,,,,,,,,,,,,,,,,,108,,,,,,,
203252,,,,,,,,,,,,,,,,,,,,,,,108,,,,,,
203990,53200,53600,52800,52100,52600,70000,1.2e+06,1.2e+06,1.2e+06,1.2e+06,1.596e+06,1.596e+06,,4823854.324,,,,,,,,,,1.0101,0,11.7647,7.07071,100,100
204990,53200,53800,53200,52100,52600,70000,1.2e+06,1.2e+06,1.2e+06,1.2e+06,1.596e+06,1.596e+06,,4823862.609,,,,,,,,,,1,0,8.08081,6,100,100
205016,,,,,,,,,,,,,,,,,,,,,,109,,,,,,,
205108,,,,,,,,,,,,,,,,,,,,,,,109,,,,,,
205989,53200,53600,53000,52100,52600,70000,1.2e+06,1.2e+06,1.2e+06,1.2e+06,1.596e+06,1.596e+06,,4823870.890,,,,,,,,,,1.9802,0,2.9703,12.2449,100,100
206875,,,,,,,,,,,,,,,,,,,,,,110,,,,,,,
206969,,,,,,,,,,,,,,,,,,,,,,,110,,,,,,
206989,53200,53400,53000,52100,52300,70000,1.2e+06,1.2e+06,1.2e+06,1.2e+06,1.596e+06,1.596e+06,,4823879.200,,,,,,,,,,1.0101,0,7,6,100,100
207990,53200,53400,52800,52100,52500,70000,1.2e+06,1.2e+06,1.2e+06,1.2e+06,1.596e+06,1.596e+06,,4823887.396,,,,,,,,,,10.8911,0,6.06061,0,100,100
208732,,,,,,,,,,,,,,,,,,,,,,111,,,,,,,
208828,,,,,,,,,,,,,,,,,,,,,,,111,,,,,,
208990,53200,53600,53000,52100,52600,70000,1.2e+06,1.2e+06,1.2e+06,1.2e+06,1.596e+06,1.596e+06,,4823895.686,,,,,,,,,,10.101,1.9802,6,1,100,100
209990,53000,53800,53000,52500,52800,70000,1.2e+06,1.2e+06,1.2e+06,1.2e+06,1.596e+06,1.596e+06,,4823903.971,,,,,,,,,,3.0303,0.990099,7,5.94059,100,100
210596,,,,,,,,,,,,,,,,,,,,,,112,,,,,,,
210694,,,,,,,,,,,,,,,,,,,,,,,112,,,,,,
210990,53200,53400,52800,52100,52600,70000,1.2e+06,1.2e+06,1.2e+06,1.2e+06,1.596e+06,1.596e+06,,4823912.242,,,,,,,,,,8,0,11.8812,0,100,100
211990,53200,53800,53200,52300,52600,70000,1.2e+06,1.2e+06,1.2e+06,1.2e+06,1.596e+06,1.596e+06,25.115,4823920.528,,,,,,,,,,6,0,8.08081,0,100,100
212469,,,,,,,,,,,,,,,,,,,,,,113,,,,,,,
212570,,,,,,,,,,,,,,,,,,,,,,,113,,,,,,
212990,53400,53600,53000,52100,52800,70000,1.2e+06,1.2e+06,1.2e+06,1.2e+06,1.596e+06,1.596e+06,,4823928.822,,,,,,,,,,9.90099,1,7.92079,0,100,100
213990,53400,53600,53000,52100,52600,70000,1.2e+06,1.2e+06,1.2e+06,1.2e+06,1.596e+06,1.596e+06,,4823937.029,,,,,,,,,,8,0.990099,6.06061,1,100,100
214331,,,,,,,,,,,,,,,,,,,,,,114,,,,,,,
214431,,,,,,,,,,,,,,,,,,,,,,,114,,,,,,
214990,53000,53400,52800,52100,52600,70000,1.2e+06,1.2e+06,1.2e+06,1.2e+06,1.596e+06,1.596e+06,,4823945.324,,,,,,,,,,8,0,6.93069,0,100,100
215990,53400,53800,52800,52300,52600,70000,1.2e+06,1.2e+06,1.2e+06,1.2e+06,1.596e+06,1.596e+06,,4823953.618,,,,,,,,,,2,6.06061,4,6,100,100
216196,,,,,,,,,,,,,,,,,,,,,,115,,,,,,,
216301,,,,,,,,,,,,,,,,,,,,,,,115,,,,,,
216990,53000,53600,52800,52300,52600,70000,1.2e+06,1.2e+06,1.2e+06,1.2e+06,1.596e+06,1.596e+06,,4823961.816,,,,,,,,,,1.0101,12.1212,3,0,100,100
217990,53400,53800,53000,52300,53000,70000,1.2e+06,1.2e+06,1.2e+06,1.2e+06,1.596e+06,1.596e+06,,4823970.121,,,,,,,,,,0,7,6.93069,0,100,100
218070,,,,,,,,,,,,,,,,,,,,,,116,,,,,,,
218173,,,,,,,,,,,,,,,,,,,,,,,116,,,,,,
218990,53200,53800,53000,52100,53000,70000,1.2e+06,1.2e+06,1.2e+06,1.2e+06,1.596e+06,1.596e+06,,4823978.397,,,,,,,,,,4.9505,1,7,6.06061,100,100
219930,,,,,,,,,,,,,,,,,,,,,,117,,,,,,,
219990,53400,53600,53000,52100,52600,70000,1.2e+06,1.2e+06,1.2e+06,1.2e+06,1.596e+06,1.596e+06,,4823986.701,,,,,,,,,,6.12245,0,6.06061,4.9505,100,100
220037,,,,,,,,,,,,,,,,,,,,,,,117,,,,,,
220989,53200,53400,53000,52100,52600,70000,1.2e+06,1.2e+06,1.2e+06,1.2e+06,1.596e+06,1.596e+06,,4823994.905,,,,,,,,,,8.82353,1,5.10204,1,100,100
221792,,,,,,,,,,,,,,,,,,,,,,118,,,,,,,
221901,,,,,,,,,,,,,,,,,,,,,,,118,,,,,,
221990,53000,53600,53000,52100,52600,70000,1.2e+06,1.2e+06,1.2e+06,1.2e+06,1.596e+06,1.596e+06,25.126,4824003.266,,,,,,,,,,7.07071,0.990099,8,0,99,100
222990,53400,53800,53000,52100,52600,70000,1.2e+06,1.2e+06,1.2e+06,1.2e+06,1.596e+06,1.596e+06,,4824011.469,,,,,,,,,,1.0101,0,9.90099,9.70874,100,100
223663,,,,,,,,,,,,,,,,,,,,,,119,,,,,,,
223769,,,,,,,,,,,,,,,,,,,,,,,119,,,,,,
223989,53000,53600,53000,51900,52300,70000,1.2e+06,1.2e+06,1.2e+06,1.2e+06,1.596e+06,1.596e+06,,4824019.749,,,,,,,,,,13.1313,1.9802,3,0,100,100
224989,53000,53400,52600,52100,52500,70000,1.2e+06,1.2e+06,1.2e+06,1.2e+06,1.596e+06,1.596e+06,,4824028.045,,,,,,,,,,1.9802,0,6.06061,7.92079,100,100
225526,,,,,,,,,,,,,,,,,,,,,,120,,,,,,,
225632,,,,,,,,,,,,,,,,,,,,,,,120,,,,,,
225990,53000,53800,53000,52100,52600,70000,1.2e+06,1.2e+06,1.2e+06,1.2e+06,1.596e+06,1.596e+06,,4824036.250,,,,,,,,,,1.0101,1.96078,14,0,100,100
226990,53400,53600,53000,52300,52600,70000,1.2e+06,1.2e+06,1.2e+06,1.2e+06,1.596e+06,1.596e+06,,4824044.546,,,,,,,,,,1.9802,0,11.1111,6.06061,100,100
227387,,,,,,,,,,,,,,,,,,,,,,121,,,,,,,
227495,,,,,,,,,,,,,,,,,,,,,,,121,,,,,,
227990,53000,53400,52800,51900,52500,70000,1.2e+06,1.2e+06,1.2e+06,1.2e+06,1.596e+06,1.596e+06,,4824052.731,,,,,,,,,,1,0,12.1212,0,100,100
228990,53000,53600,52800,52100,52500,70000,1.2e+06,1.2e+06,1.2e+06,1.2e+06,1.596e+06,1.596e+06,,4824061.009,,,,,,,,,,2,1,7,7,100,100
229247,,,,,,,,,,,,,,,,,,,,,,122,,,,,,,
229356,,,,,,,,,,,,,,,,,,,,,,,122,,,,,,
229990,53400,53600,52800,52100,52600,70000,1.2e+06,1.2e+06,1.2e+06,1.2e+06,1.596e+06,1.596e+06,,4824069.230,,,,,,,,,,10.2041,5.10204,0.990099,0.990099,100,100
230989,53200,53800,53000,52100,52800,70000,1.2e+06,1.2e+06,1.2e+06,1.2e+06,1.596e+06,1.596e+06,,4824077.507,,,,,,,,,,9,7.92079,0,1,100,100
231103,,,,,,,,,,,,,,,,,,,,,,123,,,,,,,
231217,,,,,,,,,,,,,,,,,,,,,,,123,,,,,,
231990,53200,53800,52800,51900,52500,70000,1.2e+06,1.2e+06,1.2e+06,1.2e+06,1.596e+06,1.596e+06,25.104,4824085.791,,,,,,,,,,8.08081,7,0,0,100,100
232964,,,,,,,,,,,,,,,,,,,,,,124,,,,,,,
232990,53200,53800,53000,52100,52800,70000,1.2e+06,1.2e+06,1.2e+06,1.2e+06,1.596e+06,1.596e+06,,4824091.949,,,,,,,,,,14.1414,0,0,0,100,100
233078,,,,,,,,,,,,,,,,,,,,,,,124,,,,,,
233989,53400,53600,52800,52300,52600,70000,1.2e+06,1.2e+06,1.2e+06,1.2e+06,1.596e+06,1.596e+06,,4824100.212,,,,,,,,,,3,2.94118,11.7647,5,100,100
234829,,,,,,,,,,,,,,,,,,,,,,125,,,,,,,
234942,,,,,,,,,,,,,,,,,,,,,,,125,,,,,,
234990,53200,53600,53000,51900,52600,70000,1.2e+06,1.2e+06,1.2e+06,1.2e+06,1.596e+06,1.596e+06,,4824108.490,,,,,,,,,,6.93069,1,11.7647,0,100,100
235990,53000,53800,52800,51900,52600,70000,1.2e+06,1.2e+06,1.2e+06,1.2e+06,1.596e+06,1.596e+06,,4824116.689,,,,,,,,,,0,0,6.06061,0,100,100
236693,,,,,,,,,,,,,,,,,,,,,,126,,,,,,,
236807,,,,,,,,,,,,,,,,,,,,,,,126,,,,,,
236989,53000,53600,53000,52100,52600,70000,1.2e+06,1.2e+06,1.2e+06,1.2e+06,1.596e+06,1.596e+06,,4824124.968,,,,,,,,,,18.6275,0,0,0,100,100
237990,53400,53800,53000,52100,52600,70000,1.2e+06,1.2e+06,1.2e+06,1.2e+06,1.596e+06,1.596e+06,,4824133.149,,,,,,,,,,5,4.0404,0,6.93069,100,100
238557,,,,,,,,,,,,,,,,,,,,,,127,,,,,,,
238674,,,,,,,,,,,,,,,,,,,,,,,127,,,,,,
238990,53400,53800,52800,51700,52300,70000,1.2e+06,1.2e+06,1.2e+06,1.2e+06,1.596e+06,1.596e+06,,4824141.441,,,,,,,,,,7.07071,9,0,0,100,100
239990,53000,53400,53000,52100,52500,70000,1.2e+06,1.2e+06,1.2e+06,1.2e+06,1.596e+06,1.596e+06,,4824149.726,,,,,,,,,,1.0101,6,0,7.84314,100,100
240420,,,,,,,,,,,,,,,,,,,,,,128,,,,,,,
240539,,,,,,,,,,,,,,,,,,,,,,,128,,,,,,
240990,53400,53400,52600,52300,52600,70000,1.2e+06,1.2e+06,1.2e+06,1.2e+06,1.596e+06,1.596e+06,,4824157.930,,,,,,,,,,2.9703,0,17.6471,0,100,100
241989,53400,53400,53000,52300,52800,70000,1.2e+06,1.2e+06,1.2e+06,1.2e+06,1.596e+06,1.596e+06,25.093,4824166.217,,,,,,,,,,6.06061,1,11,0,100,100
242282,,,,,,,,,,,,,,,,,,,,,,129,,,,,,,
242403,,,,,,,,,,,,,,,,,,,,,,,129,,,,,,
242989,53000,53600,52600,52100,52500,70000,1.2e+06,1.2e+06,1.2e+06,1.2e+06,1.596e+06,1.596e+06,,4824174.501,,,,,,,,,,2,0,6.06061,5.05051,100,100
243990,53400,53600,53000,52100,52600,70000,1.2e+06,1.2e+06,1.2e+06,1.2e+06,1.596e+06,1.596e+06,,4824182.708,,,,,,,,,,0,0,12,0,100,100
244139,,,,,,,,,,,,,,,,,,,,,,130,,,,,,,
244259,,,,,,,,,,,,,,,,,,,,,,,130,,,,,,
244990,53400,53200,52800,52300,52600,70000,1.2e+06,1.2e+06,1.2e+06,1.2e+06,1.596e+06,1.596e+06,,4824191.066,,,,,,,,,,2,1,8.16327,6.93069,100,100
245989,53400,53600,53000,52100,52600,70000,1.2e+06,1.2e+06,1.2e+06,1.2e+06,1.596e+06,1.596e+06,,4824199.261,,,,,,,,,,1,0,17.8218,0,100,100
245996,,,,,,,,,,,,,,,,,,,,,,131,,,,,,,
246119,,,,,,,,,,,,,,,,,,,,,,,131,,,,,,
246990,53000,53600,53000,52100,52600,70000,1.2e+06,1.2e+06,1.2e+06,1.2e+06,1.596e+06,1.596e+06,,4824207.548,,,,,,,,,,2.9703,0,13.7255,0,100,100
247859,,,,,,,,,,,,,,,,,,,,,,132,,,,,,,
247982,,,,,,,,,,,,,,,,,,,,,,,132,,,,,,
247990,53400,53800,53000,52300,52800,70000,1.2e+06,1.2e+06,1.2e+06,1.2e+06,1.596e+06,1.596e+06,,4824215.765,,,,,,,,,,1.9802,0,13.1313,0,100,100
248990,53200,53800,53000,52300,52600,70000,1.2e+06,1.2e+06,1.2e+06,1.2e+06,1.596e+06,1.596e+06,,4824224.046,,,,,,,,,,6.12245,1.9802,1.0101,6.93069,100,100
249726,,,,,,,,,,,,,,,,,,,,,,133,,,,,,,
249847,,,,,,,,,,,,,,,,,,,,,,,133,,,,,,
249989,53000,53600,53000,52100,52600,70000,1.2e+06,1.2e+06,1.2e+06,1.2e+06,1.596e+06,1.596e+06,,4824232.249,,,,,,,,,,8,4.0404,1,6,100,100
250990,53000,53400,53000,52300,52600,70000,1.2e+06,1.2e+06,1.2e+06,1.2e+06,1.596e+06,1.596e+06,,4824240.605,,,,,,,,,,1,0,0,13.1313,100,100
251587,,,,,,,,,,,,,,,,,,,,,,134,,,,,,,
251715,,,,,,,,,,,,,,,,,,,,,,,134,,,,,,
251989,53400,53600,53000,52100,52600,70000,1.2e+06,1.2e+06,1.2e+06,1.2e+06,1.596e+06,1.596e+06,25.083,4824248.825,,,,,,,,,,0,1.9802,0,13.8614,100,100
252989,53400,53800,53200,52300,53000,70000,1.2e+06,1.2e+06,1.2e+06,1.2e+06,1.596e+06,1.596e+06,,4824257.075,,,,,,,,,,1.0101,0.990099,15.1515,0,100,100
253457,,,,,,,,,,,,,,,,,,,,,,135,,,,,,,
253578,,,,,,,,,,,,,,,,,,,,,,,135,,,,,,
253990,53400,53800,53200,51900,52600,70000,1.2e+06,1.2e+06,1.2e+06,1.2e+06,1.596e+06,1.596e+06,,4824265.360,,,,,,,,,,1.9802,5.10204,4.9505,6.06061,100,100
254990,53000,53800,52800,52100,52500,70000,1.2e+06,1.2e+06,1.2e+06,1.2e+06,1.596e+06,1.596e+06,,4824273.568,,,,,,,,,,2,6.06061,6.06061,0.990099,100,100
255323,,,,,,,,,,,,,,,,,,,,,,136,,,,,,,
255450,,,,,,,,,,,,,,,,,,,,,,,136,,,,,,
255989,53200,53600,52800,52100,52500,70000,1.2e+06,1.2e+06,1.2e+06,1.2e+06,1.596e+06,1.596e+06,,4824281.924,,,,,,,,,,2.9703,10.7843,0,7.92079,100,100
256990,53000,53600,52800,52100,52600,70000,1.2e+06,1.2e+06,1.2e+06,1.2e+06,1.596e+06,1.596e+06,,4824290.120,,,,,,,,,,1,11.2245,2,0,100,100
257197,,,,,,,,,,,,,,,,,,,,,,137,,,,,,,
257325,,,,,,,,,,,,,,,,,,,,,,,137,,,,,,
257990,53400,53600,53000,52100,52800,70000,1.2e+06,1.2e+06,1.2e+06,1.2e+06,1.596e+06,1.596e+06,,4824298.398,,,,,,,,,,1.0101,0,16.8317,0,100,100
258989,53400,53400,53000,52300,52800,70000,1.2e+06,1.2e+06,1.2e+06,1.2e+06,1.596e+06,1.596e+06,,4824306.599,,,,,,,,,,6.06061,0.990099,7.92079,1,100,100
259060,,,,,,,,,,,,,,,,,,,,,,138,,,,,,,
259190,,,,,,,,,,,,,,,,,,,,,,,138,,,,,,
259990,53400,53600,53000,51900,52600,70000,1.2e+06,1.2e+06,1.2e+06,1.2e+06,1.596e+06,1.596e+06,,4824314.880,,,,,,,,,,2,0,11.7647,2.9703,100,100
260930,,,,,,,,,,,,,,,,,,,,,,139,,,,,,,
260990,53400,53400,53000,52300,52600,70000,1.2e+06,1.2e+06,1.2e+06,1.2e+06,1.596e+06,1.596e+06,,4824323.167,,,,,,,,,,1,3,0,12.2449,100,100
261058,,,,,,,,,,,,,,,,,,,,,,,139,,,,,,
261989,53400,53600,53200,52100,52800,70000,1.2e+06,1.2e+06,1.2e+06,1.2e+06,1.596e+06,1.596e+06,25.061,4824331.450,,,,,,,,,,8,0,0,10.8911,100,100
262797,,,,,,,,,,,,,,,,,,,,,,140,,,,,,,
262930,,,,,,,,,,,,,,,,,,,,,,,140,,,,,,
262989,53000,53800,52600,52300,52600,70000,1.2e+06,1.2e+06,1.2e+06,1.2e+06,1.596e+06,1.596e+06,,4824339.724,,,,,,,,,,1.9802,0,0,13.1313,100,100
263990,53400,53600,53000,52300,52600,70000,1.2e+06,1.2e+06,1.2e+06,1.2e+06,1.596e+06,1.596e+06,,4824347.926,,,,,,,,,,4,6.06061,6,0,100,100
264666,,,,,,,,,,,,,,,,,,,,,,141,,,,,,,
264797,,,,,,,,,,,,,,,,,,,,,,,141,,,,,,
264990,53400,53800,53200,52300,52600,70000,1.2e+06,1.2e+06,1.2e+06,1.2e+06,1.596e+06,1.596e+06,,4824356.216,,,,,,,,,,5,1,13.8614,0,100,100
265989,53400,53600,53000,52300,52600,70000,1.2e+06,1.2e+06,1.2e+06,1.2e+06,1.596e+06,1.596e+06,,4824364.413,,,,,,,,,,1,0,7,7.92079,100,100
266528,,,,,,,,,,,,,,,,,,,,,,142,,,,,,,
266664,,,,,,,,,,,,,,,,,,,,,,,142,,,,,,
266990,53400,53800,53000,52500,52800,70000,1.2e+06,1.2e+06,1.2e+06,1.2e+06,1.596e+06,1.596e+06,,4824372.709,,,,,,,,,,0,1,12.1212,0,100,100
267990,53400,53800,53000,52300,52600,70000,1.2e+06,1.2e+06,1.2e+06,1.2e+06,1.596e+06,1.596e+06,,4824381.002,,,,,,,,,,1,0,15.1515,0,100,100
268394,,,,,,,,,,,,,,,,,,,,,,143,,,,,,,
268533,,,,,,,,,,,,,,,,,,,,,,,143,,,,,,
268990,53200,53600,53000,52300,52600,70000,1.2e+06,1.2e+06,1.2e+06,1.2e+06,1.596e+06,1.596e+06,,4824387.156,,,,,,,,,,1,0,17,0,100,100
269990,53400,53800,52800,52300,52600,70000,1.2e+06,1.2e+06,1.2e+06,1.2e+06,1.596e+06,1.596e+06,,4824395.532,,,,,,,,,,1,0,14.7059,0,100,100
270251,,,,,,,,,,,,,,,,,,,,,,144,,,,,,,
270385,,,,,,,,,,,,,,,,,,,,,,,144,,,,,,
270990,53000,53800,53000,52100,52600,70000,1.2e+06,1.2e+06,1.2e+06,1.2e+06,1.596e+06,1.596e+06,,4824403.755,,,,,,,,,,1.9802,1,14,0,100,100
271990,53400,53800,53000,52300,52800,70000,1.2e+06,1.2e+06,1.2e+06,1.2e+06,1.596e+06,1.596e+06,25.051,4824412.044,,,,,,,,,,1,0,16,0,100,100
272116,,,,,,,,,,,,,,,,,,,,,,145,,,,,,,
272251,,,,,,,,,,,,,,,,,,,,,,,145,,,,,,
272989,53000,53800,53000,52100,52800,70000,1.2e+06,1.2e+06,1.2e+06,1.2e+06,1.596e+06,1.596e+06,,4824420.339,,,,,,,,,,1.0101,0,15.3061,0,100,100
273977,,,,,,,,,,,,,,,,,,,,,,146,,,,,,,
273990,53400,53600,53000,52300,52800,70000,1.2e+06,1.2e+06,1.2e+06,1.2e+06,1.596e+06,1.596e+06,,4824428.519,,,,,,,,,,1,0.990099,7,6.93069,100,100
274113,,,,,,,,,,,,,,,,,,,,,,,146,,,,,,
274990,53400,54000,53000,52100,52600,70000,1.2e+06,1.2e+06,1.2e+06,1.2e+06,1.596e+06,1.596e+06,,4824436.838,,,,,,,,,,1.0101,5.05051,2.9703,8,100,100
275827,,,,,,,,,,,,,,,,,,,,,,147,,,,,,,
275966,,,,,,,,,,,,,,,,,,,,,,,147,,,,,,
275989,53000,53600,52800,52300,52600,70000,1.2e+06,1.2e+06,1.2e+06,1.2e+06,1.596e+06,1.596e+06,,4824445.117,,,,,,,,,,13,1.9802,4,1.96078,100,100
276990,53400,53800,53000,52300,52600,70000,1.2e+06,1.2e+06,1.2e+06,1.2e+06,1.596e+06,1.596e+06,,4824453.319,,,,,,,,,,8.08081,0,1.9802,6.06061,100,100
277684,,,,,,,,,,,,,,,,,,,,,,148,,,,,,,
277821,,,,,,,,,,,,,,,,,,,,,,,148,,,,,,
277989,53400,53800,53000,52300,52800,70000,1.2e+06,1.2e+06,1.2e+06,1.2e+06,1.596e+06,1.596e+06,,4824461.601,,,,,,,,,,2.9703,0,0,13,100,100
278989,53800,54000,53200,52100,53000,70000,1.2e+06,1.2e+06,1.2e+06,1.2e+06,1.596e+06,1.596e+06,,4824469.884,,,,,,,,,,1,0,1,13.4021,100,100
279551,,,,,,,,,,,,,,,,,,,,,,149,,,,,,,
279691,,,,,,,,,,,,,,,,,,,,,,,149,,,,,,
279989,53400,53800,53000,52300,52800,70000,1.2e+06,1.2e+06,1.2e+06,1.2e+06,1.596e+06,1.596e+06,,4824478.018,,,,,,,,,,12,0,4.0404,0,100,100
280989,53400,53600,52800,52100,52800,70000,1.2e+06,1.2e+06,1.2e+06,1.2e+06,1.596e+06,1.596e+06,,4824486.485,,,,,,,,,,13.1313,0,2.9703,1,100,99.0196
281417,,,,,,,,,,,,,,,,,,,,,,150,,,,,,,
281561,,,,,,,,,,,,,,,,,,,,,,,150,,,,,,
281989,53400,53800,53200,52100,52600,70000,1.2e+06,1.2e+06,1.2e+06,1.2e+06,1.596e+06,1.596e+06,25.04,4824494.757,,,,,,,,,,7.07071,7.92079,0,0,100,100
282989,53400,53800,53000,52300,52800,70000,1.2e+06,1.2e+06,1.2e+06,1.2e+06,1.596e+06,1.596e+06,,4824503.034,,,,,,,,,,8,9.90099,0,0,100,100
283279,,,,,,,,,,,,,,,,,,,,,,151,,,,,,,
283421,,,,,,,,,,,,,,,,,,,,,,,151,,,,,,
283990,53400,53800,53200,52300,52600,70000,1.2e+06,1.2e+06,1.2e+06,1.2e+06,1.596e+06,1.596e+06,,4824511.249,,,,,,,,,,8,0,4,4,100,100
284990,53400,54200,53200,52300,52800,70000,1.2e+06,1.2e+06,1.2e+06,1.2e+06,1.596e+06,1.596e+06,,4824519.690,,,,,,,,,,10,0.990099,2.0202,3.06122,100,100
285149,,,,,,,,,,,,,,,,,,,,,,152,,,,,,,
285290,,,,,,,,,,,,,,,,,,,,,,,152,,,,,,
285990,53400,53800,53000,52100,52600,70000,1.2e+06,1.2e+06,1.2e+06,1.2e+06,1.596e+06,1.596e+06,,4824527.982,,,,,,,,,,8,0,6.93069,1.9802,100,100
286990,53400,53800,53000,52300,52800,70000,1.2e+06,1.2e+06,1.2e+06,1.2e+06,1.596e+06,1.596e+06,,4824536.167,,,,,,,,,,1,0,12.2449,0,100,100
287004,,,,,,,,,,,,,,,,,,,,,,153,,,,,,,
287152,,,,,,,,,,,,,,,,,,,,,,,153,,,,,,
287990,53400,53600,53000,52300,52600,70000,1.2e+06,1.2e+06,1.2e+06,1.2e+06,1.596e+06,1.596e+06,,4824544.494,,,,,,,,,,2,1,6,10.101,100,100
288867,,,,,,,,,,,,,,,,,,,,,,154,,,,,,,
288989,53400,53800,53000,52500,52600,70000,1.2e+06,1.2e+06,1.2e+06,1.2e+06,1.596e+06,1.596e+06,,4824552.780,,,,,,,,,,1,0,13.8614,2.0202,100,100
289016,,,,,,,,,,,,,,,,,,,,,,,154,,,,,,
289990,53400,53600,53000,52300,52600,70000,1.2e+06,1.2e+06,1.2e+06,1.2e+06,1.596e+06,1.596e+06,,4824560.973,,,,,,,,,,1.0101,0,0,11,100,100
290736,,,,,,,,,,,,,,,,,,,,,,155,,,,,,,
290883,,,,,,,,,,,,,,,,,,,,,,,155,,,,,,
290990,53400,53600,53000,52100,52800,70000,1.2e+06,1.2e+06,1.2e+06,1.2e+06,1.596e+06,1.596e+06,,4824569.257,,,,,,,,,,0,0,3.9604,12,100,100
291989,53400,53800,53000,52300,53000,70000,1.2e+06,1.2e+06,1.2e+06,1.2e+06,1.596e+06,1.596e+06,25.051,4824577.464,,,,,,,,,,2,7,0,10,100,100
292599,,,,,,,,,,,,,,,,,,,,,,156,,,,,,,
292747,,,,,,,,,,,,,,,,,,,,,,,156,,,,,,
292990,53400,54000,53000,52500,52600,70000,1.2e+06,1.2e+06,1.2e+06,1.2e+06,1.596e+06,1.596e+06,,4824585.756,,,,,,,,,,1,0,0,14.1414,100,100
293990,53400,54000,53200,52500,52800,70000,1.2e+06,1.2e+06,1.2e+06,1.2e+06,1.596e+06,1.596e+06,,4824594.046,,,,,,,,,,1.0101,1,1,12.1212,100,100
294466,,,,,,,,,,,,,,,,,,,,,,157,,,,,,,
294618,,,,,,,,,,,,,,,,,,,,,,,157,,,,,,
294990,53400,53800,53000,52100,52600,70000,1.2e+06,1.2e+06,1.2e+06,1.2e+06,1.596e+06,1.596e+06,,4824602.302,,,,,,,,,,1.9802,4.08163,0,8,100,100
295990,53600,53800,53000,52300,52600,70000,1.2e+06,1.2e+06,1.2e+06,1.2e+06,1.596e+06,1.596e+06,,4824610.528,,,,,,,,,,1,0.990099,4.12371,10,100,100
296334,,,,,,,,,,,,,,,,,,,,,,158,,,,,,,
296489,,,,,,,,,,,,,,,,,,,,,,,158,,,,,,
296989,53400,53800,53200,52300,52800,70000,1.2e+06,1.2e+06,1.2e+06,1.2e+06,1.596e+06,1.596e+06,,4824618.781,,,,,,,,,,7.07071,6.12245,5,0,100,100
297990,53400,53800,53000,52300,52600,70000,1.2e+06,1.2e+06,1.2e+06,1.2e+06,1.596e+06,1.596e+06,,4824626.988,,,,,,,,,,6.06061,0,7,0,100,100
298196,,,,,,,,,,,,,,,,,,,,,,159,,,,,,,
298348,,,,,,,,,,,,,,,,,,,,,,,159,,,,,,
298990,53600,54000,53000,52500,53000,70000,1.2e+06,1.2e+06,1.2e+06,1.2e+06,1.596e+06,1.596e+06,,4824635.280,,,,,,,,,,7.07071,7,0,0.990099,100,100
299989,53400,53800,53400,52300,52800,70000,1.2e+06,1.2e+06,1.2e+06,1.2e+06,1.596e+06,1.596e+06,,4824643.478,,,,,,,,,,8,3.06122,6.86275,0,100,100
