# Started at: 2022-04-24 14:50:45 +0000, Version: v0.1-177-gf3f14d1, Generated by: thermobench --verbose --time=300 --wait=50 --wait-timeout=60 --sensors_file=/root/thermobench/src/sensors.imx8 --cpu-usage --column=CPU0_work_done --column=CPU1_work_done --column=CPU2_work_done --column=CPU3_work_done --column=CPU4_work_done --column=CPU5_work_done --output=/root/JSA/coefficients_experiment/measurements/imx8b//pntrch-4M_A72_one.json.yaml.csv -- demos-sched -p high -c /root/JSA/coefficients_experiment/demos_configurations/imx8//pntrch-4M_A72_one.json.yaml
time/ms,CPU_0_temp/m°C,CPU_1_temp/m°C,GPU_0_temp/m°C,GPU_1_temp/m°C,DRC_temp/m°C,PMIC_temp/m°C,Cortex_A53_0_freq/Hz,Cortex_A53_1_freq/Hz,Cortex_A53_2_freq/Hz,Cortex_A53_3_freq/Hz,Cortex_A72_0_freq/Hz,Cortex_A72_1_freq/Hz,ambient,energy,cam_cpu,cam_mem,heat_sources,CPU0_work_done,CPU1_work_done,CPU2_work_done,CPU3_work_done,CPU4_work_done,CPU5_work_done,CPU0_load/%,CPU1_load/%,CPU2_load/%,CPU3_load/%,CPU4_load/%,CPU5_load/%
1.13836,49700,49500,49700,48300,49100,70000,600000,600000,600000,600000,600000,600000,,,,,,,,,,,,0,0,0,0,0,25
230.725,,,,,,,,,,,,,,,,,,,,,,0,,,,,,,
986.634,50700,50900,49900,49100,49500,70000,1.2e+06,1.2e+06,1.2e+06,1.2e+06,1.596e+06,1.596e+06,25.04,4878775.214,,,,,,,,,,4.12371,11.3402,0,4.0404,84.6939,0
1497.72,,,,,,,,,,,,,,,,,,,,,,1,,,,,,,
1986.26,50700,51500,50300,49500,49900,70000,1.2e+06,1.2e+06,1.2e+06,1.2e+06,1.596e+06,1.596e+06,,4878782.646,,,,,,,,,,1,6,5.05051,0,100,0
2764.94,,,,,,,,,,,,,,,,,,,,,,2,,,,,,,
2986.27,50900,51300,50300,49500,50100,70000,1.2e+06,1.2e+06,1.2e+06,1.2e+06,1.596e+06,1.596e+06,,4878790.027,,,,,,,,,,6.06061,6.93069,0.990099,0,100,0
3985.86,51100,51700,50500,49700,50100,70000,1.2e+06,1.2e+06,1.2e+06,1.2e+06,1.596e+06,1.596e+06,,4878797.445,,,,,,,,,,7.92079,2.9703,5.05051,0.990099,100,0
4027.67,,,,,,,,,,,,,,,,,,,,,,3,,,,,,,
4985.83,51500,51700,50700,49700,50300,70000,1.2e+06,1.2e+06,1.2e+06,1.2e+06,1.596e+06,1.596e+06,,4878804.880,,,,,,,,,,1.9802,4.0404,5.05051,2.0202,100,0
5290.41,,,,,,,,,,,,,,,,,,,,,,4,,,,,,,
5986.43,51100,51500,50500,49900,50300,70000,1.2e+06,1.2e+06,1.2e+06,1.2e+06,1.596e+06,1.596e+06,,4878812.306,,,,,,,,,,0,6,6,4.9505,100,0
6553.14,,,,,,,,,,,,,,,,,,,,,,5,,,,,,,
6986.56,51100,51900,50700,49900,50100,70000,1.2e+06,1.2e+06,1.2e+06,1.2e+06,1.596e+06,1.596e+06,,4878819.642,,,,,,,,,,6,0.990099,0,6,100,0
7815.74,,,,,,,,,,,,,,,,,,,,,,6,,,,,,,
7985.64,51300,51900,51100,50100,50300,70000,1.2e+06,1.2e+06,1.2e+06,1.2e+06,1.596e+06,1.596e+06,,4878827.062,,,,,,,,,,0,0,5.05051,6,100,0
8986.32,51500,52100,51100,50300,50500,70000,1.2e+06,1.2e+06,1.2e+06,1.2e+06,1.596e+06,1.596e+06,,4878834.385,,,,,,,,,,3,0,5.94059,4.08163,100,0
9078.13,,,,,,,,,,,,,,,,,,,,,,7,,,,,,,
9986.51,51500,52100,50900,50100,50700,70000,1.2e+06,1.2e+06,1.2e+06,1.2e+06,1.596e+06,1.596e+06,,4878841.789,,,,,,,,,,0,6.93069,1.96078,6.93069,100,0
10340.9,,,,,,,,,,,,,,,,,,,,,,8,,,,,,,
10985.6,51500,51900,51300,50100,50500,70000,1.2e+06,1.2e+06,1.2e+06,1.2e+06,1.596e+06,1.596e+06,25.04,4878849.116,,,,,,,,,,1.9802,6,5.10204,2,100,0
11603.6,,,,,,,,,,,,,,,,,,,,,,9,,,,,,,
11986.5,51500,52100,51300,50100,50500,70000,1.2e+06,1.2e+06,1.2e+06,1.2e+06,1.596e+06,1.596e+06,,4878854.621,,,,,,,,,,1.9802,1.0101,4,6,100,0
12866.3,,,,,,,,,,,,,,,,,,,,,,10,,,,,,,
12986.6,51500,52100,50900,49700,50300,70000,1.2e+06,1.2e+06,1.2e+06,1.2e+06,1.596e+06,1.596e+06,,4878862.021,,,,,,,,,,0,7.84314,3.9604,3.06122,100,0
13986.5,51500,51900,51100,50100,50700,70000,1.2e+06,1.2e+06,1.2e+06,1.2e+06,1.596e+06,1.596e+06,,4878869.416,,,,,,,,,,1.9802,6,2.0202,6.93069,100,0
14128.8,,,,,,,,,,,,,,,,,,,,,,11,,,,,,,
14986,51300,51900,50900,49700,50500,70000,1.2e+06,1.2e+06,1.2e+06,1.2e+06,1.596e+06,1.596e+06,,4878876.805,,,,,,,,,,1.9802,0,6,7.84314,100,0
15391.6,,,,,,,,,,,,,,,,,,,,,,12,,,,,,,
15986,51500,52100,50900,50100,50300,70000,1.2e+06,1.2e+06,1.2e+06,1.2e+06,1.596e+06,1.596e+06,,4878884.136,,,,,,,,,,0,6.93069,5.05051,1,100,1
16654.2,,,,,,,,,,,,,,,,,,,,,,13,,,,,,,
16986.1,51700,52100,50700,50100,50700,70000,1.2e+06,1.2e+06,1.2e+06,1.2e+06,1.596e+06,1.596e+06,,4878891.568,,,,,,,,,,0.990099,0,6,6,100,0.990099
17916.9,,,,,,,,,,,,,,,,,,,,,,14,,,,,,,
17986.1,51500,52100,50900,49900,50500,70000,1.2e+06,1.2e+06,1.2e+06,1.2e+06,1.596e+06,1.596e+06,,4878898.886,,,,,,,,,,0,4.9505,6,4,100,0
18986.3,51500,52100,51100,50100,50300,70000,1.2e+06,1.2e+06,1.2e+06,1.2e+06,1.596e+06,1.596e+06,,4878906.286,,,,,,,,,,1,3.06122,6,2,100,0
19179.7,,,,,,,,,,,,,,,,,,,,,,15,,,,,,,
19986.5,51500,51700,50900,49900,50100,70000,1.2e+06,1.2e+06,1.2e+06,1.2e+06,1.596e+06,1.596e+06,,4878913.697,,,,,,,,,,0,6,5.05051,4,100,0
20442.3,,,,,,,,,,,,,,,,,,,,,,16,,,,,,,
20986.1,51500,51700,51100,50100,50700,70000,1.2e+06,1.2e+06,1.2e+06,1.2e+06,1.596e+06,1.596e+06,25.04,4878921.098,,,,,,,,,,1,1,5,7.84314,100,0
21704.9,,,,,,,,,,,,,,,,,,,,,,17,,,,,,,
21986.4,51300,51700,51100,49900,50500,70000,1.2e+06,1.2e+06,1.2e+06,1.2e+06,1.596e+06,1.596e+06,,4878928.537,,,,,,,,,,6.93069,0,0,5.10204,100,0
22967.5,,,,,,,,,,,,,,,,,,,,,,18,,,,,,,
22986.7,51500,51900,50900,49900,50500,70000,1.2e+06,1.2e+06,1.2e+06,1.2e+06,1.596e+06,1.596e+06,,4878935.874,,,,,,,,,,2.0202,0,6,6,100,0
23986.6,51300,52100,50900,50100,50300,70000,1.2e+06,1.2e+06,1.2e+06,1.2e+06,1.596e+06,1.596e+06,,4878943.268,,,,,,,,,,5,0.990099,6.93069,2,100,0
24230.2,,,,,,,,,,,,,,,,,,,,,,19,,,,,,,
24986.1,51300,52100,50700,50100,50300,70000,1.2e+06,1.2e+06,1.2e+06,1.2e+06,1.596e+06,1.596e+06,,4878950.677,,,,,,,,,,2,0,5,9.09091,100,0
25496.2,,,,,,,,,,,,,,,,,,,,,,20,,,,,,,
25986.2,51300,51900,51100,49900,50700,70000,1.2e+06,1.2e+06,1.2e+06,1.2e+06,1.596e+06,1.596e+06,,4878958.008,,,,,,,,,,6.06061,0,6.93069,1.96078,100,0
26758.9,,,,,,,,,,,,,,,,,,,,,,21,,,,,,,
26986,51500,52100,51100,50100,50300,70000,1.2e+06,1.2e+06,1.2e+06,1.2e+06,1.596e+06,1.596e+06,,4878965.283,,,,,,,,,,7,0,1,5.05051,100,0
27985.7,51500,52100,51100,49900,50500,70000,1.2e+06,1.2e+06,1.2e+06,1.2e+06,1.596e+06,1.596e+06,,4878972.680,,,,,,,,,,0,0.990099,6.93069,6.93069,100,0.990099
28021.2,,,,,,,,,,,,,,,,,,,,,,22,,,,,,,
28986.4,51300,52100,51100,49900,50500,70000,1.2e+06,1.2e+06,1.2e+06,1.2e+06,1.596e+06,1.596e+06,,4878979.994,,,,,,,,,,2.9703,4,1.0101,4.9505,100,0
29283.9,,,,,,,,,,,,,,,,,,,,,,23,,,,,,,
29986.6,51500,52100,51100,50100,50500,70000,1.2e+06,1.2e+06,1.2e+06,1.2e+06,1.596e+06,1.596e+06,,4878987.377,,,,,,,,,,1,6.06061,0,8.91089,100,0.990099
30546.5,,,,,,,,,,,,,,,,,,,,,,24,,,,,,,
30986.5,51500,51900,51300,50100,50300,70000,1.2e+06,1.2e+06,1.2e+06,1.2e+06,1.596e+06,1.596e+06,25.029,4878994.703,,,,,,,,,,3,4,0.990099,8,100,0
31809.1,,,,,,,,,,,,,,,,,,,,,,25,,,,,,,
31986.3,51300,52100,50900,50100,50500,70000,1.2e+06,1.2e+06,1.2e+06,1.2e+06,1.596e+06,1.596e+06,,4879002.098,,,,,,,,,,7,6,0,2,100,0
32986.6,51500,51700,50700,49900,50500,70000,1.2e+06,1.2e+06,1.2e+06,1.2e+06,1.596e+06,1.596e+06,,4879009.520,,,,,,,,,,1,0,6,6,100,0
33071.7,,,,,,,,,,,,,,,,,,,,,,26,,,,,,,
33986.4,51500,51700,50900,49900,50500,70000,1.2e+06,1.2e+06,1.2e+06,1.2e+06,1.596e+06,1.596e+06,,4879016.850,,,,,,,,,,7,1,5.05051,0,100,0
34334.5,,,,,,,,,,,,,,,,,,,,,,27,,,,,,,
34986.5,51100,51700,50700,49900,50500,70000,1.2e+06,1.2e+06,1.2e+06,1.2e+06,1.596e+06,1.596e+06,,4879024.256,,,,,,,,,,1.0101,0,5,7.84314,100,0
35597,,,,,,,,,,,,,,,,,,,,,,28,,,,,,,
35985.7,51500,51700,50900,49900,50300,70000,1.2e+06,1.2e+06,1.2e+06,1.2e+06,1.596e+06,1.596e+06,,4879031.587,,,,,,,,,,6.93069,0,6.93069,2.9703,100,0
36859.3,,,,,,,,,,,,,,,,,,,,,,29,,,,,,,
36986,51300,51700,50700,49700,50300,70000,1.2e+06,1.2e+06,1.2e+06,1.2e+06,1.596e+06,1.596e+06,,4879039.027,,,,,,,,,,3,0,3.06122,6.93069,100,0
37986.6,51100,51700,50700,49900,50300,70000,1.2e+06,1.2e+06,1.2e+06,1.2e+06,1.596e+06,1.596e+06,,4879046.382,,,,,,,,,,5,0,6,6.93069,100,0
38121.7,,,,,,,,,,,,,,,,,,,,,,30,,,,,,,
38986,51300,51700,51100,49900,50300,70000,1.2e+06,1.2e+06,1.2e+06,1.2e+06,1.596e+06,1.596e+06,,4879053.805,,,,,,,,,,7.92079,0,6.86275,0,100,0
39384.4,,,,,,,,,,,,,,,,,,,,,,31,,,,,,,
39985.9,51300,52100,50900,49900,50300,70000,1.2e+06,1.2e+06,1.2e+06,1.2e+06,1.596e+06,1.596e+06,,4879061.193,,,,,,,,,,5.05051,0,0,6.93069,100,0.990099
40646.9,,,,,,,,,,,,,,,,,,,,,,32,,,,,,,
40986,51300,51900,50900,50100,50300,70000,1.2e+06,1.2e+06,1.2e+06,1.2e+06,1.596e+06,1.596e+06,25.018,4879068.584,,,,,,,,,,6.12245,0.990099,6.93069,0,100,0
41909.2,,,,,,,,,,,,,,,,,,,,,,33,,,,,,,
41986.3,51300,51500,50700,49900,50500,70000,1.2e+06,1.2e+06,1.2e+06,1.2e+06,1.596e+06,1.596e+06,,4879075.922,,,,,,,,,,1.96078,1,13.1313,0,100,0
42986.2,51100,51500,50900,49900,50300,70000,1.2e+06,1.2e+06,1.2e+06,1.2e+06,1.596e+06,1.596e+06,,4879083.287,,,,,,,,,,0,0,15.534,0,100,0
43171.7,,,,,,,,,,,,,,,,,,,,,,34,,,,,,,
43986.4,51300,51700,50900,49900,50300,70000,1.2e+06,1.2e+06,1.2e+06,1.2e+06,1.596e+06,1.596e+06,,4879090.843,,,,,,,,,,1,1,14,0.990099,100,0
44434.1,,,,,,,,,,,,,,,,,,,,,,35,,,,,,,
44986.3,51500,51700,50700,49900,50300,70000,1.2e+06,1.2e+06,1.2e+06,1.2e+06,1.596e+06,1.596e+06,,4879098.223,,,,,,,,,,0,0,12.1212,0,100,0
45696.6,,,,,,,,,,,,,,,,,,,,,,36,,,,,,,
45986.7,50700,51300,50500,49900,49900,70000,1.2e+06,1.2e+06,1.2e+06,1.2e+06,1.596e+06,1.596e+06,,4879105.575,,,,,,,,,,0.990099,0,12.1212,0,100,0
46959,,,,,,,,,,,,,,,,,,,,,,37,,,,,,,
46986.5,51100,51500,50500,49500,50300,70000,1.2e+06,1.2e+06,1.2e+06,1.2e+06,1.596e+06,1.596e+06,,4879112.972,,,,,,,,,,1.9802,0,5.10204,7.84314,100,0
47986.2,51100,51500,50500,49700,50300,70000,1.2e+06,1.2e+06,1.2e+06,1.2e+06,1.596e+06,1.596e+06,,4879118.538,,,,,,,,,,1.9802,0.990099,9.09091,5.05051,100,0.990099
48221.5,,,,,,,,,,,,,,,,,,,,,,38,,,,,,,
48986,51100,51500,50700,49900,50300,70000,1.2e+06,1.2e+06,1.2e+06,1.2e+06,1.596e+06,1.596e+06,,4879125.860,,,,,,,,,,0,0,11.8812,0,100,0
49483.8,,,,,,,,,,,,,,,,,,,,,,39,,,,,,,
49986.1,51100,51700,50500,49700,50100,70000,1.2e+06,1.2e+06,1.2e+06,1.2e+06,1.596e+06,1.596e+06,,4879133.272,,,,,,,,,,1,0.990099,6,6.93069,100,0
50746.2,,,,,,,,,,,,,,,,,,,,,,40,,,,,,,
50986.3,51100,51700,50700,49700,50100,70000,1.2e+06,1.2e+06,1.2e+06,1.2e+06,1.596e+06,1.596e+06,25.008,4879140.585,,,,,,,,,,0,1,12,0,100,0
51985.8,51100,51700,50700,49500,50100,70000,1.2e+06,1.2e+06,1.2e+06,1.2e+06,1.596e+06,1.596e+06,,4879147.907,,,,,,,,,,1,0,13.1313,0,100,0
52008.5,,,,,,,,,,,,,,,,,,,,,,41,,,,,,,
52986.6,51100,51700,50700,49900,50300,70000,1.2e+06,1.2e+06,1.2e+06,1.2e+06,1.596e+06,1.596e+06,,4879155.301,,,,,,,,,,1,0,13.7255,1,100,0
53271.1,,,,,,,,,,,,,,,,,,,,,,42,,,,,,,
53985.7,51100,51700,50700,49900,50100,70000,1.2e+06,1.2e+06,1.2e+06,1.2e+06,1.596e+06,1.596e+06,,4879162.735,,,,,,,,,,0,0,12.8713,2.0202,100,0
54533.6,,,,,,,,,,,,,,,,,,,,,,43,,,,,,,
54986.7,51100,51700,50500,49500,49900,70000,1.2e+06,1.2e+06,1.2e+06,1.2e+06,1.596e+06,1.596e+06,,4879170.082,,,,,,,,,,0.990099,1,12.8713,0,100,0
55796.1,,,,,,,,,,,,,,,,,,,,,,44,,,,,,,
55986.4,51100,51700,50700,49700,50100,70000,1.2e+06,1.2e+06,1.2e+06,1.2e+06,1.596e+06,1.596e+06,,4879177.413,,,,,,,,,,0,0,11.1111,0,100,0
56986.5,51100,51700,50900,49700,50300,70000,1.2e+06,1.2e+06,1.2e+06,1.2e+06,1.596e+06,1.596e+06,,4879184.749,,,,,,,,,,1.9802,1,12.1212,0,100,0
57058.4,,,,,,,,,,,,,,,,,,,,,,45,,,,,,,
57985.8,51100,51700,50900,49900,50300,70000,1.2e+06,1.2e+06,1.2e+06,1.2e+06,1.596e+06,1.596e+06,,4879192.168,,,,,,,,,,0,0,8.91089,4.08163,100,0
58320.9,,,,,,,,,,,,,,,,,,,,,,46,,,,,,,
58986.5,51100,51700,50700,49700,50100,70000,1.2e+06,1.2e+06,1.2e+06,1.2e+06,1.596e+06,1.596e+06,,4879199.504,,,,,,,,,,1,1,13.1313,0,100,0
59583.1,,,,,,,,,,,,,,,,,,,,,,47,,,,,,,
59985.8,51100,51700,50700,49700,49900,70000,1.2e+06,1.2e+06,1.2e+06,1.2e+06,1.596e+06,1.596e+06,,4879206.926,,,,,,,,,,0,0,13,0,100,0
60845.6,,,,,,,,,,,,,,,,,,,,,,48,,,,,,,
60986.2,51100,51700,50500,49500,50100,70000,1.2e+06,1.2e+06,1.2e+06,1.2e+06,1.596e+06,1.596e+06,25.008,4879214.244,,,,,,,,,,1,0,12.8713,0,100,0
61986.4,51100,51700,50700,49700,50300,70000,1.2e+06,1.2e+06,1.2e+06,1.2e+06,1.596e+06,1.596e+06,,4879221.606,,,,,,,,,,1,0.990099,6,6,100,0
62108,,,,,,,,,,,,,,,,,,,,,,49,,,,,,,
62986.5,51100,51700,50700,49700,50100,70000,1.2e+06,1.2e+06,1.2e+06,1.2e+06,1.596e+06,1.596e+06,,4879228.933,,,,,,,,,,0,6,1,6.93069,100,0.990099
63370.5,,,,,,,,,,,,,,,,,,,,,,50,,,,,,,
63986.1,51100,51700,50700,49900,50300,70000,1.2e+06,1.2e+06,1.2e+06,1.2e+06,1.596e+06,1.596e+06,,4879236.321,,,,,,,,,,3,0,1,14.5631,100,0
64632.8,,,,,,,,,,,,,,,,,,,,,,51,,,,,,,
64986,51100,51700,50700,49500,50300,70000,1.2e+06,1.2e+06,1.2e+06,1.2e+06,1.596e+06,1.596e+06,,4879243.761,,,,,,,,,,3.06122,0,0.990099,12.8713,100,0
65895.2,,,,,,,,,,,,,,,,,,,,,,52,,,,,,,
65986.4,51100,51700,50700,49900,50500,70000,1.2e+06,1.2e+06,1.2e+06,1.2e+06,1.596e+06,1.596e+06,,4879251.084,,,,,,,,,,0.990099,0,0,11.1111,100,0
66985.9,51100,51500,50700,49500,50300,70000,1.2e+06,1.2e+06,1.2e+06,1.2e+06,1.596e+06,1.596e+06,,4879258.563,,,,,,,,,,1,0,1,10.2041,100,0
67157.9,,,,,,,,,,,,,,,,,,,,,,53,,,,,,,
67986.6,50900,51300,50500,49500,49900,70000,1.2e+06,1.2e+06,1.2e+06,1.2e+06,1.596e+06,1.596e+06,,4879265.990,,,,,,,,,,1,0,6,6.93069,100,0
68420.2,,,,,,,,,,,,,,,,,,,,,,54,,,,,,,
68986.5,51300,51700,50500,49700,50300,70000,1.2e+06,1.2e+06,1.2e+06,1.2e+06,1.596e+06,1.596e+06,,4879273.334,,,,,,,,,,12.1212,0,0.990099,2,100,0
69682.5,,,,,,,,,,,,,,,,,,,,,,55,,,,,,,
69986.1,51300,51900,50700,49500,50300,70000,1.2e+06,1.2e+06,1.2e+06,1.2e+06,1.596e+06,1.596e+06,,4879280.748,,,,,,,,,,0,3.9604,7,4.9505,100,0
70944.9,,,,,,,,,,,,,,,,,,,,,,56,,,,,,,
70986,50900,51700,50700,49700,50300,70000,1.2e+06,1.2e+06,1.2e+06,1.2e+06,1.596e+06,1.596e+06,24.986,4879288.155,,,,,,,,,,1,8,0,7.84314,100,0
71986.5,50900,51700,50700,49500,50100,70000,1.2e+06,1.2e+06,1.2e+06,1.2e+06,1.596e+06,1.596e+06,,4879295.492,,,,,,,,,,0,12.8713,1,0,100,0
72207.4,,,,,,,,,,,,,,,,,,,,,,57,,,,,,,
72986.2,51100,51700,50900,49700,50100,70000,1.2e+06,1.2e+06,1.2e+06,1.2e+06,1.596e+06,1.596e+06,,4879302.892,,,,,,,,,,1,6.18557,0,3.0303,100,0
73469.7,,,,,,,,,,,,,,,,,,,,,,58,,,,,,,
73986,51100,51700,50700,49900,50100,70000,1.2e+06,1.2e+06,1.2e+06,1.2e+06,1.596e+06,1.596e+06,,4879310.229,,,,,,,,,,1,14.8515,0,0.990099,100,0
74732.1,,,,,,,,,,,,,,,,,,,,,,59,,,,,,,
74986.2,51100,51700,50700,49700,50100,70000,1.2e+06,1.2e+06,1.2e+06,1.2e+06,1.596e+06,1.596e+06,,4879317.672,,,,,,,,,,8.82353,5,0.990099,0,100,0
75986,50700,51500,50700,49900,50500,70000,1.2e+06,1.2e+06,1.2e+06,1.2e+06,1.596e+06,1.596e+06,,4879325.027,,,,,,,,,,0.990099,6,1,9,100,0
75994.6,,,,,,,,,,,,,,,,,,,,,,60,,,,,,,
76986.2,50900,51700,50700,49700,50300,70000,1.2e+06,1.2e+06,1.2e+06,1.2e+06,1.596e+06,1.596e+06,,4879332.444,,,,,,,,,,0,0,1.96078,11.2245,100,0
77257.1,,,,,,,,,,,,,,,,,,,,,,61,,,,,,,
77986.7,51100,51700,50900,49900,49900,70000,1.2e+06,1.2e+06,1.2e+06,1.2e+06,1.596e+06,1.596e+06,,4879339.744,,,,,,,,,,1,1.0101,4.0404,6,100,0
78519.5,,,,,,,,,,,,,,,,,,,,,,62,,,,,,,
78986.4,50700,51500,50300,49500,50100,70000,1.2e+06,1.2e+06,1.2e+06,1.2e+06,1.596e+06,1.596e+06,,4879347.211,,,,,,,,,,1,0,7.84314,8,100,0
79781.8,,,,,,,,,,,,,,,,,,,,,,63,,,,,,,
79986,50900,51500,50700,49500,49900,70000,1.2e+06,1.2e+06,1.2e+06,1.2e+06,1.596e+06,1.596e+06,,4879354.564,,,,,,,,,,0,0,8.08081,4,100,0
80986.3,50900,51300,50500,49500,49900,70000,1.2e+06,1.2e+06,1.2e+06,1.2e+06,1.596e+06,1.596e+06,24.986,4879361.966,,,,,,,,,,1,0,9,5.05051,100,0
81044.3,,,,,,,,,,,,,,,,,,,,,,64,,,,,,,
81986.4,50900,51500,50500,49700,50100,70000,1.2e+06,1.2e+06,1.2e+06,1.2e+06,1.596e+06,1.596e+06,,4879369.393,,,,,,,,,,0,0,6,6.93069,100,0
82306.8,,,,,,,,,,,,,,,,,,,,,,65,,,,,,,
82985.9,51100,51300,50500,49500,50100,70000,1.2e+06,1.2e+06,1.2e+06,1.2e+06,1.596e+06,1.596e+06,,4879376.731,,,,,,,,,,1,0,12.8713,1,100,0
83569.2,,,,,,,,,,,,,,,,,,,,,,66,,,,,,,
83986.4,51100,51700,50700,49700,50100,70000,1.2e+06,1.2e+06,1.2e+06,1.2e+06,1.596e+06,1.596e+06,,4879384.112,,,,,,,,,,0,0,5.05051,6,100,0
84831.5,,,,,,,,,,,,,,,,,,,,,,67,,,,,,,
84986,51100,51700,50700,49500,50100,70000,1.2e+06,1.2e+06,1.2e+06,1.2e+06,1.596e+06,1.596e+06,,4879391.555,,,,,,,,,,1,0,9.80392,6.93069,100,0
85985.7,50900,51500,50700,49500,50300,70000,1.2e+06,1.2e+06,1.2e+06,1.2e+06,1.596e+06,1.596e+06,,4879398.878,,,,,,,,,,1.9802,0.990099,9.18367,1.02041,100,0
86093.9,,,,,,,,,,,,,,,,,,,,,,68,,,,,,,
86986.2,51100,51500,50700,49500,49900,70000,1.2e+06,1.2e+06,1.2e+06,1.2e+06,1.596e+06,1.596e+06,,4879404.411,,,,,,,,,,1.9802,1.96078,9,4.9505,100,0
87356.5,,,,,,,,,,,,,,,,,,,,,,69,,,,,,,
87986.5,51100,51500,50700,49500,50100,70000,1.2e+06,1.2e+06,1.2e+06,1.2e+06,1.596e+06,1.596e+06,,4879411.831,,,,,,,,,,1,0.990099,9,5.05051,100,0
88618.9,,,,,,,,,,,,,,,,,,,,,,70,,,,,,,
88985.8,50900,51500,50500,49500,50300,70000,1.2e+06,1.2e+06,1.2e+06,1.2e+06,1.596e+06,1.596e+06,,4879419.114,,,,,,,,,,0,0,11.1111,1.96078,100,0
89881.3,,,,,,,,,,,,,,,,,,,,,,71,,,,,,,
89986.6,50900,51500,50500,49700,50100,70000,1.2e+06,1.2e+06,1.2e+06,1.2e+06,1.596e+06,1.596e+06,,4879426.495,,,,,,,,,,1,0,11.1111,0,100,0
90986.2,51100,51500,50700,49500,49900,70000,1.2e+06,1.2e+06,1.2e+06,1.2e+06,1.596e+06,1.596e+06,24.954,4879433.876,,,,,,,,,,0,0,12.8713,2,100,0
91143.9,,,,,,,,,,,,,,,,,,,,,,72,,,,,,,
91985.6,51100,51500,50500,49900,50100,70000,1.2e+06,1.2e+06,1.2e+06,1.2e+06,1.596e+06,1.596e+06,,4879441.221,,,,,,,,,,1,0.990099,8.16327,4.0404,100,0
92406.3,,,,,,,,,,,,,,,,,,,,,,73,,,,,,,
92986.5,51100,51500,50500,49300,49900,70000,1.2e+06,1.2e+06,1.2e+06,1.2e+06,1.596e+06,1.596e+06,,4879448.532,,,,,,,,,,0,0,12.2449,0.990099,100,0
93668.6,,,,,,,,,,,,,,,,,,,,,,74,,,,,,,
93986.5,50900,51500,50300,49500,50300,70000,1.2e+06,1.2e+06,1.2e+06,1.2e+06,1.596e+06,1.596e+06,,4879455.949,,,,,,,,,,1.9802,0,12,0,100,0
94931,,,,,,,,,,,,,,,,,,,,,,75,,,,,,,
94986.1,51100,51500,50300,49700,50100,70000,1.2e+06,1.2e+06,1.2e+06,1.2e+06,1.596e+06,1.596e+06,,4879463.373,,,,,,,,,,0,0,5.05051,6.93069,100,0
95986.7,50900,51100,50500,49700,49900,70000,1.2e+06,1.2e+06,1.2e+06,1.2e+06,1.596e+06,1.596e+06,,4879470.699,,,,,,,,,,1.9802,0,8.82353,5.05051,100,0
96193.6,,,,,,,,,,,,,,,,,,,,,,76,,,,,,,
96986.4,51100,51500,50700,49500,50100,70000,1.2e+06,1.2e+06,1.2e+06,1.2e+06,1.596e+06,1.596e+06,,4879478.072,,,,,,,,,,1,6.93069,0.990099,8.91089,100,0
97456,,,,,,,,,,,,,,,,,,,,,,77,,,,,,,
97986.7,50900,51500,50300,49500,49900,70000,1.2e+06,1.2e+06,1.2e+06,1.2e+06,1.596e+06,1.596e+06,,4879485.462,,,,,,,,,,1,0,4.0404,9.18367,100,0
98718.3,,,,,,,,,,,,,,,,,,,,,,78,,,,,,,
98986.2,50700,51500,50300,49500,50100,70000,1.2e+06,1.2e+06,1.2e+06,1.2e+06,1.596e+06,1.596e+06,,4879492.787,,,,,,,,,,1,0,2,11,100,0
99980.6,,,,,,,,,,,,,,,,,,,,,,79,,,,,,,
99985.8,50700,51500,50500,49700,49900,70000,1.2e+06,1.2e+06,1.2e+06,1.2e+06,1.596e+06,1.596e+06,,4879500.096,,,,,,,,,,0,0,5.05051,7,100,0
100986,50700,51100,50300,49500,49900,70000,1.2e+06,1.2e+06,1.2e+06,1.2e+06,1.596e+06,1.596e+06,24.933,4879507.573,,,,,,,,,,1,0,6,7.84314,100,0.990099
101243,,,,,,,,,,,,,,,,,,,,,,80,,,,,,,
101987,51100,51500,50500,49500,50300,70000,1.2e+06,1.2e+06,1.2e+06,1.2e+06,1.596e+06,1.596e+06,,4879514.919,,,,,,,,,,0,3,9.90099,0,100,0
102506,,,,,,,,,,,,,,,,,,,,,,81,,,,,,,
102987,51100,51700,50700,49500,50300,70000,1.2e+06,1.2e+06,1.2e+06,1.2e+06,1.596e+06,1.596e+06,,4879522.284,,,,,,,,,,1.9802,13.1313,0,0,100,0
103768,,,,,,,,,,,,,,,,,,,,,,82,,,,,,,
103986,51100,51500,50500,49300,50300,70000,1.2e+06,1.2e+06,1.2e+06,1.2e+06,1.596e+06,1.596e+06,,4879529.628,,,,,,,,,,1,5.05051,4.9505,3.0303,100,0
104987,50700,51500,50700,49900,49900,70000,1.2e+06,1.2e+06,1.2e+06,1.2e+06,1.596e+06,1.596e+06,,4879537.002,,,,,,,,,,1,12.8713,0,3.92157,100,0
105030,,,,,,,,,,,,,,,,,,,,,,83,,,,,,,
105986,51100,51700,50700,49500,50100,70000,1.2e+06,1.2e+06,1.2e+06,1.2e+06,1.596e+06,1.596e+06,,4879544.362,,,,,,,,,,1,12,1,0,100,0
106293,,,,,,,,,,,,,,,,,,,,,,84,,,,,,,
106986,50700,51700,50700,49500,50100,70000,1.2e+06,1.2e+06,1.2e+06,1.2e+06,1.596e+06,1.596e+06,,4879551.769,,,,,,,,,,6.06061,1.0101,6,0,100,0
107555,,,,,,,,,,,,,,,,,,,,,,85,,,,,,,
107986,51100,51500,50700,49900,50100,70000,1.2e+06,1.2e+06,1.2e+06,1.2e+06,1.596e+06,1.596e+06,,4879559.085,,,,,,,,,,1,0.990099,11.8812,1.0101,100,0
108817,,,,,,,,,,,,,,,,,,,,,,86,,,,,,,
108986,50900,51700,50700,49700,49900,70000,1.2e+06,1.2e+06,1.2e+06,1.2e+06,1.596e+06,1.596e+06,,4879566.471,,,,,,,,,,1,1,13.7255,4,100,0
109986,51100,51300,50500,49500,50100,70000,1.2e+06,1.2e+06,1.2e+06,1.2e+06,1.596e+06,1.596e+06,,4879573.772,,,,,,,,,,0,0.990099,12,0,100,0
110080,,,,,,,,,,,,,,,,,,,,,,87,,,,,,,
110986,50700,51500,50500,49500,50100,70000,1.2e+06,1.2e+06,1.2e+06,1.2e+06,1.596e+06,1.596e+06,24.9,4879581.284,,,,,,,,,,0.990099,1,12,0,100,0
111343,,,,,,,,,,,,,,,,,,,,,,88,,,,,,,
111986,51100,51500,50500,49700,50100,70000,1.2e+06,1.2e+06,1.2e+06,1.2e+06,1.596e+06,1.596e+06,,4879588.688,,,,,,,,,,0,1,10.2041,0,100,0
112605,,,,,,,,,,,,,,,,,,,,,,89,,,,,,,
112987,51100,51500,50700,49500,50100,70000,1.2e+06,1.2e+06,1.2e+06,1.2e+06,1.596e+06,1.596e+06,,4879596.070,,,,,,,,,,1,0,8,5.88235,100,0
113867,,,,,,,,,,,,,,,,,,,,,,90,,,,,,,
113986,50700,51500,50500,49500,50300,70000,1.2e+06,1.2e+06,1.2e+06,1.2e+06,1.596e+06,1.596e+06,,4879603.449,,,,,,,,,,0,1,10.101,3.0303,100,0
114986,50900,51300,50700,49300,49900,70000,1.2e+06,1.2e+06,1.2e+06,1.2e+06,1.596e+06,1.596e+06,,4879610.785,,,,,,,,,,1.9802,6.93069,0,8,100,0
115129,,,,,,,,,,,,,,,,,,,,,,91,,,,,,,
115987,50900,51700,50700,49500,50300,70000,1.2e+06,1.2e+06,1.2e+06,1.2e+06,1.596e+06,1.596e+06,,4879618.222,,,,,,,,,,7.84314,0,0,5.05051,100,0.990099
116392,,,,,,,,,,,,,,,,,,,,,,92,,,,,,,
116986,50900,51500,50500,49500,50100,70000,1.2e+06,1.2e+06,1.2e+06,1.2e+06,1.596e+06,1.596e+06,,4879625.638,,,,,,,,,,0,6,0,5.05051,100,0
117654,,,,,,,,,,,,,,,,,,,,,,93,,,,,,,
117986,50900,51700,50500,49500,49900,70000,1.2e+06,1.2e+06,1.2e+06,1.2e+06,1.596e+06,1.596e+06,,4879633.067,,,,,,,,,,2.9703,0,0,11.1111,100,0
118917,,,,,,,,,,,,,,,,,,,,,,94,,,,,,,
118986,50900,51100,50700,49500,50100,70000,1.2e+06,1.2e+06,1.2e+06,1.2e+06,1.596e+06,1.596e+06,,4879640.465,,,,,,,,,,4.0404,3,6,0.990099,100,0
119986,50900,51700,50700,49500,50100,70000,1.2e+06,1.2e+06,1.2e+06,1.2e+06,1.596e+06,1.596e+06,,4879647.760,,,,,,,,,,1,9.90099,7.92079,0,100,0
120179,,,,,,,,,,,,,,,,,,,,,,95,,,,,,,
120986,50700,51300,50500,49500,49900,70000,1.2e+06,1.2e+06,1.2e+06,1.2e+06,1.596e+06,1.596e+06,24.879,4879655.133,,,,,,,,,,7.92079,0,6,0.990099,100,0
121442,,,,,,,,,,,,,,,,,,,,,,96,,,,,,,
121986,50700,51300,50300,49500,50100,70000,1.2e+06,1.2e+06,1.2e+06,1.2e+06,1.596e+06,1.596e+06,,4879662.460,,,,,,,,,,5.10204,0,6,0,100,0
122704,,,,,,,,,,,,,,,,,,,,,,97,,,,,,,
122987,50700,51500,50500,49700,49900,70000,1.2e+06,1.2e+06,1.2e+06,1.2e+06,1.596e+06,1.596e+06,,4879669.827,,,,,,,,,,6.93069,5.05051,0.990099,0.990099,100,0
123966,,,,,,,,,,,,,,,,,,,,,,98,,,,,,,
123986,51100,51500,50700,49500,50100,70000,1.2e+06,1.2e+06,1.2e+06,1.2e+06,1.596e+06,1.596e+06,,4879677.140,,,,,,,,,,0,7,6,0,100,0
124986,50700,51500,50500,49500,49900,70000,1.2e+06,1.2e+06,1.2e+06,1.2e+06,1.596e+06,1.596e+06,,4879684.532,,,,,,,,,,1,6,8,0,100,0
125229,,,,,,,,,,,,,,,,,,,,,,99,,,,,,,
125986,51100,51300,50300,49500,49900,70000,1.2e+06,1.2e+06,1.2e+06,1.2e+06,1.596e+06,1.596e+06,,4879691.890,,,,,,,,,,4.9505,6,5,0,100,0
126491,,,,,,,,,,,,,,,,,,,,,,100,,,,,,,
126986,51100,51500,50500,49300,49900,70000,1.2e+06,1.2e+06,1.2e+06,1.2e+06,1.596e+06,1.596e+06,,4879697.431,,,,,,,,,,4.0404,4,5.05051,0.990099,100,0
127754,,,,,,,,,,,,,,,,,,,,,,101,,,,,,,
127986,50900,51300,50300,49300,50100,70000,1.2e+06,1.2e+06,1.2e+06,1.2e+06,1.596e+06,1.596e+06,,4879704.753,,,,,,,,,,7.84314,0,6,1,100,0
128986,50700,51500,50500,49700,50100,70000,1.2e+06,1.2e+06,1.2e+06,1.2e+06,1.596e+06,1.596e+06,,4879712.144,,,,,,,,,,0,6.93069,6.93069,1.96078,100,0
129016,,,,,,,,,,,,,,,,,,,,,,102,,,,,,,
129986,50700,51500,50500,49500,50100,70000,1.2e+06,1.2e+06,1.2e+06,1.2e+06,1.596e+06,1.596e+06,,4879719.435,,,,,,,,,,9,5.05051,0,0,100,0
130279,,,,,,,,,,,,,,,,,,,,,,103,,,,,,,
130986,51100,51300,50300,49300,49900,70000,1.2e+06,1.2e+06,1.2e+06,1.2e+06,1.596e+06,1.596e+06,24.879,4879726.867,,,,,,,,,,10.101,6,0,1,100,0
131541,,,,,,,,,,,,,,,,,,,,,,104,,,,,,,
131986,51100,51300,50500,49700,49900,70000,1.2e+06,1.2e+06,1.2e+06,1.2e+06,1.596e+06,1.596e+06,,4879734.240,,,,,,,,,,10.101,1.0101,0,0,100,0
132803,,,,,,,,,,,,,,,,,,,,,,105,,,,,,,
132986,50700,51500,50500,49700,50100,70000,1.2e+06,1.2e+06,1.2e+06,1.2e+06,1.596e+06,1.596e+06,,4879741.650,,,,,,,,,,8.73786,6.93069,0,1,100,0
133986,50700,51500,50500,49300,49900,70000,1.2e+06,1.2e+06,1.2e+06,1.2e+06,1.596e+06,1.596e+06,,4879748.989,,,,,,,,,,11.3402,0,0,0,100,0
134066,,,,,,,,,,,,,,,,,,,,,,106,,,,,,,
134986,50900,51500,50500,49500,49900,70000,1.2e+06,1.2e+06,1.2e+06,1.2e+06,1.596e+06,1.596e+06,,4879756.374,,,,,,,,,,1,2.0202,4,6.06061,100,0
135328,,,,,,,,,,,,,,,,,,,,,,107,,,,,,,
135986,50900,51900,50700,49500,50100,70000,1.2e+06,1.2e+06,1.2e+06,1.2e+06,1.596e+06,1.596e+06,,4879763.764,,,,,,,,,,1.9802,11.1111,2,0,100,0
136591,,,,,,,,,,,,,,,,,,,,,,108,,,,,,,
136987,50900,51500,50700,49700,50100,70000,1.2e+06,1.2e+06,1.2e+06,1.2e+06,1.596e+06,1.596e+06,,4879771.136,,,,,,,,,,0,10.2041,2,1.96078,100,0
137853,,,,,,,,,,,,,,,,,,,,,,109,,,,,,,
137987,50700,51700,50500,49700,50100,70000,1.2e+06,1.2e+06,1.2e+06,1.2e+06,1.596e+06,1.596e+06,,4879778.514,,,,,,,,,,1,2.0202,9.09091,0,100,0.990099
138986,50900,51500,50500,49700,49900,70000,1.2e+06,1.2e+06,1.2e+06,1.2e+06,1.596e+06,1.596e+06,,4879785.833,,,,,,,,,,1,11.8812,0.990099,0,100,0
139116,,,,,,,,,,,,,,,,,,,,,,110,,,,,,,
139986,50700,51300,50300,49300,49900,70000,1.2e+06,1.2e+06,1.2e+06,1.2e+06,1.596e+06,1.596e+06,,4879793.227,,,,,,,,,,2.9703,12.1212,0,0.990099,100,0
140378,,,,,,,,,,,,,,,,,,,,,,111,,,,,,,
140986,51100,51500,50500,49300,50100,70000,1.2e+06,1.2e+06,1.2e+06,1.2e+06,1.596e+06,1.596e+06,24.911,4879800.538,,,,,,,,,,1,14.8515,0,0,100,0
141641,,,,,,,,,,,,,,,,,,,,,,112,,,,,,,
141986,50900,51500,50500,49700,50100,70000,1.2e+06,1.2e+06,1.2e+06,1.2e+06,1.596e+06,1.596e+06,,4879807.933,,,,,,,,,,0,9.09091,3.0303,1,100,0
142903,,,,,,,,,,,,,,,,,,,,,,113,,,,,,,
142986,50700,51300,50500,49300,49900,70000,1.2e+06,1.2e+06,1.2e+06,1.2e+06,1.596e+06,1.596e+06,,4879815.352,,,,,,,,,,1,0,15.6863,0.990099,100,0
143987,50900,51500,50700,49500,50100,70000,1.2e+06,1.2e+06,1.2e+06,1.2e+06,1.596e+06,1.596e+06,,4879822.705,,,,,,,,,,6.93069,0,5.05051,0,100,0
144166,,,,,,,,,,,,,,,,,,,,,,114,,,,,,,
144986,50900,51300,50300,49700,49900,70000,1.2e+06,1.2e+06,1.2e+06,1.2e+06,1.596e+06,1.596e+06,,4879830.076,,,,,,,,,,1,0,5.05051,6.93069,100,0
145428,,,,,,,,,,,,,,,,,,,,,,115,,,,,,,
145986,50300,51300,50500,49300,49900,70000,1.2e+06,1.2e+06,1.2e+06,1.2e+06,1.596e+06,1.596e+06,,4879837.474,,,,,,,,,,0,0.990099,11.1111,0.990099,100,0
146691,,,,,,,,,,,,,,,,,,,,,,116,,,,,,,
146986,50700,51300,50300,49300,50100,70000,1.2e+06,1.2e+06,1.2e+06,1.2e+06,1.596e+06,1.596e+06,,4879844.825,,,,,,,,,,1,0,6.93069,6,100,0
147953,,,,,,,,,,,,,,,,,,,,,,117,,,,,,,
147986,50700,51100,50300,49500,49700,70000,1.2e+06,1.2e+06,1.2e+06,1.2e+06,1.596e+06,1.596e+06,,4879852.255,,,,,,,,,,1,0.990099,7.07071,5,100,0
148986,50700,51100,50300,49300,49700,70000,1.2e+06,1.2e+06,1.2e+06,1.2e+06,1.596e+06,1.596e+06,,4879859.517,,,,,,,,,,1,1,13.8614,0,100,0
149215,,,,,,,,,,,,,,,,,,,,,,118,,,,,,,
149986,50700,51300,50500,49300,49700,70000,1.2e+06,1.2e+06,1.2e+06,1.2e+06,1.596e+06,1.596e+06,,4879867.004,,,,,,,,,,1,1,13.1313,0,100,0
150478,,,,,,,,,,,,,,,,,,,,,,119,,,,,,,
150986,51100,51300,50300,49500,49900,70000,1.2e+06,1.2e+06,1.2e+06,1.2e+06,1.596e+06,1.596e+06,24.911,4879874.418,,,,,,,,,,0,0.990099,8,6,100,0
151740,,,,,,,,,,,,,,,,,,,,,,120,,,,,,,
151986,50700,51500,50500,49500,49900,70000,1.2e+06,1.2e+06,1.2e+06,1.2e+06,1.596e+06,1.596e+06,,4879881.829,,,,,,,,,,1,1,11.1111,0,100,0
152987,50700,51100,50300,48900,49500,70000,1.2e+06,1.2e+06,1.2e+06,1.2e+06,1.596e+06,1.596e+06,,4879889.168,,,,,,,,,,0,0.990099,12,0,100,0
153002,,,,,,,,,,,,,,,,,,,,,,121,,,,,,,
153986,50700,51100,50300,49300,49900,70000,1.2e+06,1.2e+06,1.2e+06,1.2e+06,1.596e+06,1.596e+06,,4879896.573,,,,,,,,,,1,0,13.7255,0,100,0
154265,,,,,,,,,,,,,,,,,,,,,,122,,,,,,,
154986,50700,51100,50300,49300,49700,70000,1.2e+06,1.2e+06,1.2e+06,1.2e+06,1.596e+06,1.596e+06,,4879903.921,,,,,,,,,,0,1,13.1313,0,100,0
155527,,,,,,,,,,,,,,,,,,,,,,123,,,,,,,
155986,50700,51300,50300,49500,49900,70000,1.2e+06,1.2e+06,1.2e+06,1.2e+06,1.596e+06,1.596e+06,,4879911.347,,,,,,,,,,0.990099,0,14.8515,0,100,0
156790,,,,,,,,,,,,,,,,,,,,,,124,,,,,,,
156987,50500,51100,50100,48900,49700,70000,1.2e+06,1.2e+06,1.2e+06,1.2e+06,1.596e+06,1.596e+06,,4879918.675,,,,,,,,,,1,1.9802,8,5.05051,100,0
157986,50700,51500,50300,49500,49900,70000,1.2e+06,1.2e+06,1.2e+06,1.2e+06,1.596e+06,1.596e+06,,4879926.056,,,,,,,,,,0,1.9802,6,6,100,0
158052,,,,,,,,,,,,,,,,,,,,,,125,,,,,,,
158986,50500,51300,50300,49500,49900,70000,1.2e+06,1.2e+06,1.2e+06,1.2e+06,1.596e+06,1.596e+06,,4879933.419,,,,,,,,,,1.9802,0,12,0,100,0
159315,,,,,,,,,,,,,,,,,,,,,,126,,,,,,,
159986,50500,51300,50300,49300,49700,70000,1.2e+06,1.2e+06,1.2e+06,1.2e+06,1.596e+06,1.596e+06,,4879940.824,,,,,,,,,,0,0,12.8713,0,100,0
160577,,,,,,,,,,,,,,,,,,,,,,127,,,,,,,
160986,50700,51300,50300,49100,49700,70000,1.2e+06,1.2e+06,1.2e+06,1.2e+06,1.596e+06,1.596e+06,24.911,4879948.260,,,,,,,,,,2,6,0,7.92079,100,0
161839,,,,,,,,,,,,,,,,,,,,,,128,,,,,,,
161986,50700,51700,50500,49500,49900,70000,1.2e+06,1.2e+06,1.2e+06,1.2e+06,1.596e+06,1.596e+06,,4879955.566,,,,,,,,,,0,0,0.990099,16,100,0
162986,50700,51100,50300,49300,49900,70000,1.2e+06,1.2e+06,1.2e+06,1.2e+06,1.596e+06,1.596e+06,,4879962.963,,,,,,,,,,1,0.990099,0,12.8713,100,0
163102,,,,,,,,,,,,,,,,,,,,,,129,,,,,,,
163986,50700,51500,50500,49500,49900,70000,1.2e+06,1.2e+06,1.2e+06,1.2e+06,1.596e+06,1.596e+06,,4879970.307,,,,,,,,,,0,0,0,9.27835,100,0
164364,,,,,,,,,,,,,,,,,,,,,,130,,,,,,,
164986,50700,51500,50100,48900,49900,70000,1.2e+06,1.2e+06,1.2e+06,1.2e+06,1.596e+06,1.596e+06,,4879977.705,,,,,,,,,,1,0.990099,1,14.8515,100,0
165627,,,,,,,,,,,,,,,,,,,,,,131,,,,,,,
165986,50300,51300,50300,49300,49700,70000,1.2e+06,1.2e+06,1.2e+06,1.2e+06,1.596e+06,1.596e+06,,4879985.148,,,,,,,,,,1,0,0,17.6471,100,0
166889,,,,,,,,,,,,,,,,,,,,,,132,,,,,,,
166986,50700,51300,50100,49300,49700,70000,1.2e+06,1.2e+06,1.2e+06,1.2e+06,1.596e+06,1.596e+06,,4879992.462,,,,,,,,,,0,0,0,10.2041,100,0
167986,50500,51300,50500,49300,49700,70000,1.2e+06,1.2e+06,1.2e+06,1.2e+06,1.596e+06,1.596e+06,,4879997.988,,,,,,,,,,0.990099,0,0.990099,11.1111,100,0
168152,,,,,,,,,,,,,,,,,,,,,,133,,,,,,,
168986,50500,51500,50100,49300,49700,70000,1.2e+06,1.2e+06,1.2e+06,1.2e+06,1.596e+06,1.596e+06,,4880005.380,,,,,,,,,,1,0,0,11.1111,100,0
169414,,,,,,,,,,,,,,,,,,,,,,134,,,,,,,
169986,50700,50900,50300,49300,49900,70000,1.2e+06,1.2e+06,1.2e+06,1.2e+06,1.596e+06,1.596e+06,,4880012.736,,,,,,,,,,1,0.990099,1.96078,13.8614,100,0
170676,,,,,,,,,,,,,,,,,,,,,,135,,,,,,,
170986,50700,51100,50100,49300,49700,70000,1.2e+06,1.2e+06,1.2e+06,1.2e+06,1.596e+06,1.596e+06,24.933,4880020.131,,,,,,,,,,2.0202,0,0,11,100,0
171939,,,,,,,,,,,,,,,,,,,,,,136,,,,,,,
171986,50700,51100,50100,49300,49700,70000,1.2e+06,1.2e+06,1.2e+06,1.2e+06,1.596e+06,1.596e+06,,4880027.455,,,,,,,,,,4,3.0303,2.94118,6,100,0
172986,50500,51100,50100,49300,49900,70000,1.2e+06,1.2e+06,1.2e+06,1.2e+06,1.596e+06,1.596e+06,,4880034.856,,,,,,,,,,9,0,0,6,100,0
173201,,,,,,,,,,,,,,,,,,,,,,137,,,,,,,
173986,50300,51100,50300,49300,49700,70000,1.2e+06,1.2e+06,1.2e+06,1.2e+06,1.596e+06,1.596e+06,,4880042.235,,,,,,,,,,1,0.990099,1.9802,12,100,0
174464,,,,,,,,,,,,,,,,,,,,,,138,,,,,,,
174987,50300,51300,50300,49300,49700,70000,1.2e+06,1.2e+06,1.2e+06,1.2e+06,1.596e+06,1.596e+06,,4880049.563,,,,,,,,,,4.0404,0,0.990099,7.07071,100,0
175726,,,,,,,,,,,,,,,,,,,,,,139,,,,,,,
175986,50700,51300,50100,49100,49900,70000,1.2e+06,1.2e+06,1.2e+06,1.2e+06,1.596e+06,1.596e+06,,4880056.951,,,,,,,,,,6.06061,0,1,6.12245,100,0.990099
176986,50700,51300,50300,49100,49500,70000,1.2e+06,1.2e+06,1.2e+06,1.2e+06,1.596e+06,1.596e+06,,4880064.275,,,,,,,,,,7.84314,0,1,7.92079,100,0
176988,,,,,,,,,,,,,,,,,,,,,,140,,,,,,,
177986,50700,51100,50300,49100,49900,70000,1.2e+06,1.2e+06,1.2e+06,1.2e+06,1.596e+06,1.596e+06,,4880071.666,,,,,,,,,,1,0,0.990099,14.1414,100,0
178251,,,,,,,,,,,,,,,,,,,,,,141,,,,,,,
178986,50700,51100,50100,49300,49700,70000,1.2e+06,1.2e+06,1.2e+06,1.2e+06,1.596e+06,1.596e+06,,4880079.009,,,,,,,,,,0,0,0,12.8713,100,0
179513,,,,,,,,,,,,,,,,,,,,,,142,,,,,,,
179986,50700,51100,50300,49300,49700,70000,1.2e+06,1.2e+06,1.2e+06,1.2e+06,1.596e+06,1.596e+06,,4880086.402,,,,,,,,,,0.990099,0,0.990099,12,100,0
180776,,,,,,,,,,,,,,,,,,,,,,143,,,,,,,
180986,50300,50900,50300,49100,49700,70000,1.2e+06,1.2e+06,1.2e+06,1.2e+06,1.596e+06,1.596e+06,24.911,4880093.728,,,,,,,,,,0,0,0,12,100,0
181986,50500,51300,50300,49100,49700,70000,1.2e+06,1.2e+06,1.2e+06,1.2e+06,1.596e+06,1.596e+06,,4880101.099,,,,,,,,,,1,0,1,12,100,0
182038,,,,,,,,,,,,,,,,,,,,,,144,,,,,,,
182986,50500,51100,50300,49300,49700,70000,1.2e+06,1.2e+06,1.2e+06,1.2e+06,1.596e+06,1.596e+06,,4880108.435,,,,,,,,,,6.06061,0.990099,6,0.990099,100,0.990099
183300,,,,,,,,,,,,,,,,,,,,,,145,,,,,,,
183986,50500,50900,50300,49300,49700,70000,1.2e+06,1.2e+06,1.2e+06,1.2e+06,1.596e+06,1.596e+06,,4880115.884,,,,,,,,,,8.91089,6,0.990099,0,100,0
184563,,,,,,,,,,,,,,,,,,,,,,146,,,,,,,
184986,50700,51300,50300,49300,49900,70000,1.2e+06,1.2e+06,1.2e+06,1.2e+06,1.596e+06,1.596e+06,,4880123.309,,,,,,,,,,11.2245,3.0303,0,0,100,0
185825,,,,,,,,,,,,,,,,,,,,,,147,,,,,,,
185986,50700,51100,50100,49500,49900,70000,1.2e+06,1.2e+06,1.2e+06,1.2e+06,1.596e+06,1.596e+06,,4880130.650,,,,,,,,,,6,6,0.990099,0,100,0
186986,50700,51300,50300,49100,49900,70000,1.2e+06,1.2e+06,1.2e+06,1.2e+06,1.596e+06,1.596e+06,,4880138.052,,,,,,,,,,15.534,0,0.990099,0.990099,100,0
187088,,,,,,,,,,,,,,,,,,,,,,148,,,,,,,
187986,50500,51300,50100,49500,49900,70000,1.2e+06,1.2e+06,1.2e+06,1.2e+06,1.596e+06,1.596e+06,,4880145.381,,,,,,,,,,10.101,4,0,0,100,0
188350,,,,,,,,,,,,,,,,,,,,,,149,,,,,,,
188986,50700,51100,50500,49100,49700,70000,1.2e+06,1.2e+06,1.2e+06,1.2e+06,1.596e+06,1.596e+06,,4880152.750,,,,,,,,,,14.1414,0,0,0,100,0
189612,,,,,,,,,,,,,,,,,,,,,,150,,,,,,,
189986,50300,51100,50300,48900,49700,70000,1.2e+06,1.2e+06,1.2e+06,1.2e+06,1.596e+06,1.596e+06,,4880160.081,,,,,,,,,,10.8911,5,0,0,100,0
190875,,,,,,,,,,,,,,,,,,,,,,151,,,,,,,
190987,50500,51100,50100,49500,49700,70000,1.2e+06,1.2e+06,1.2e+06,1.2e+06,1.596e+06,1.596e+06,24.933,4880167.465,,,,,,,,,,12,0,1,0.990099,100,0
191987,50500,51100,50100,49300,49700,70000,1.2e+06,1.2e+06,1.2e+06,1.2e+06,1.596e+06,1.596e+06,,4880174.861,,,,,,,,,,6.06061,4.08163,0.990099,0,100,0
192137,,,,,,,,,,,,,,,,,,,,,,152,,,,,,,
192986,50500,51100,50100,49100,49900,70000,1.2e+06,1.2e+06,1.2e+06,1.2e+06,1.596e+06,1.596e+06,,4880182.236,,,,,,,,,,7,6.93069,0,0,100,0
193400,,,,,,,,,,,,,,,,,,,,,,153,,,,,,,
193986,50500,50900,50300,49300,49700,70000,1.2e+06,1.2e+06,1.2e+06,1.2e+06,1.596e+06,1.596e+06,,4880189.532,,,,,,,,,,0,10.2041,2.9703,0,100,0
194662,,,,,,,,,,,,,,,,,,,,,,154,,,,,,,
194986,50700,51300,50300,49500,49700,70000,1.2e+06,1.2e+06,1.2e+06,1.2e+06,1.596e+06,1.596e+06,,4880196.922,,,,,,,,,,9.18367,4,0,0.990099,100,0
195925,,,,,,,,,,,,,,,,,,,,,,155,,,,,,,
195986,50300,51100,50100,49500,49500,70000,1.2e+06,1.2e+06,1.2e+06,1.2e+06,1.596e+06,1.596e+06,,4880204.245,,,,,,,,,,8.91089,6,0,0,100,0
196986,50700,51100,50300,49100,49900,70000,1.2e+06,1.2e+06,1.2e+06,1.2e+06,1.596e+06,1.596e+06,,4880211.650,,,,,,,,,,6.06061,5,0,0,100,0
197187,,,,,,,,,,,,,,,,,,,,,,156,,,,,,,
197986,50700,51100,50100,49500,49700,70000,1.2e+06,1.2e+06,1.2e+06,1.2e+06,1.596e+06,1.596e+06,,4880219.048,,,,,,,,,,11.2245,1.9802,0,0.990099,100,0
198450,,,,,,,,,,,,,,,,,,,,,,157,,,,,,,
198986,50500,50900,50100,48900,49700,70000,1.2e+06,1.2e+06,1.2e+06,1.2e+06,1.596e+06,1.596e+06,,4880226.344,,,,,,,,,,16.6667,0,0,1,100,0
199712,,,,,,,,,,,,,,,,,,,,,,158,,,,,,,
199986,50700,51300,50300,49500,49700,70000,1.2e+06,1.2e+06,1.2e+06,1.2e+06,1.596e+06,1.596e+06,,4880233.721,,,,,,,,,,12.2449,0,0,1,100,0
200974,,,,,,,,,,,,,,,,,,,,,,159,,,,,,,
200987,50700,51100,50300,49300,49700,70000,1.2e+06,1.2e+06,1.2e+06,1.2e+06,1.596e+06,1.596e+06,24.954,4880241.054,,,,,,,,,,15,0,0,0.990099,100,0
201986,50300,50900,49900,49300,49700,70000,1.2e+06,1.2e+06,1.2e+06,1.2e+06,1.596e+06,1.596e+06,,4880248.534,,,,,,,,,,7,5.05051,0,0,100,0
202237,,,,,,,,,,,,,,,,,,,,,,160,,,,,,,
202986,50500,50900,50100,49300,49500,70000,1.2e+06,1.2e+06,1.2e+06,1.2e+06,1.596e+06,1.596e+06,,4880256.016,,,,,,,,,,12,1,0,0,100,0
203499,,,,,,,,,,,,,,,,,,,,,,161,,,,,,,
203986,50500,51300,50300,49300,49700,70000,1.2e+06,1.2e+06,1.2e+06,1.2e+06,1.596e+06,1.596e+06,,4880263.343,,,,,,,,,,14.1414,0,0,1,100,0
204761,,,,,,,,,,,,,,,,,,,,,,162,,,,,,,
204986,50700,51300,50300,49500,49700,70000,1.2e+06,1.2e+06,1.2e+06,1.2e+06,1.596e+06,1.596e+06,,4880268.838,,,,,,,,,,11.8812,4,0,1.96078,100,0
205986,50500,51300,50100,49300,49700,70000,1.2e+06,1.2e+06,1.2e+06,1.2e+06,1.596e+06,1.596e+06,,4880276.257,,,,,,,,,,9,1,0,5.05051,100,0
206024,,,,,,,,,,,,,,,,,,,,,,163,,,,,,,
206986,50300,51100,50100,49500,49700,70000,1.2e+06,1.2e+06,1.2e+06,1.2e+06,1.596e+06,1.596e+06,,4880283.647,,,,,,,,,,1,11,0,0.990099,100,0
207287,,,,,,,,,,,,,,,,,,,,,,164,,,,,,,
207987,50300,51100,50100,49100,49500,70000,1.2e+06,1.2e+06,1.2e+06,1.2e+06,1.596e+06,1.596e+06,,4880290.959,,,,,,,,,,0,12,0,0,100,0
208549,,,,,,,,,,,,,,,,,,,,,,165,,,,,,,
208986,50500,50900,50300,49100,49500,70000,1.2e+06,1.2e+06,1.2e+06,1.2e+06,1.596e+06,1.596e+06,,4880298.368,,,,,,,,,,1,4.12371,0.990099,6,100,0
209811,,,,,,,,,,,,,,,,,,,,,,166,,,,,,,
209986,50300,51100,50100,49300,49700,70000,1.2e+06,1.2e+06,1.2e+06,1.2e+06,1.596e+06,1.596e+06,,4880305.703,,,,,,,,,,1,14,1,0,100,0
210987,50300,50900,50100,49100,49700,70000,1.2e+06,1.2e+06,1.2e+06,1.2e+06,1.596e+06,1.596e+06,24.986,4880313.114,,,,,,,,,,1,12,0,0,100,0
211073,,,,,,,,,,,,,,,,,,,,,,167,,,,,,,
211986,50500,51100,50100,49300,49500,70000,1.2e+06,1.2e+06,1.2e+06,1.2e+06,1.596e+06,1.596e+06,,4880320.496,,,,,,,,,,1,9.09091,0,4,100,0
212336,,,,,,,,,,,,,,,,,,,,,,168,,,,,,,
212986,50700,51100,49900,49100,49500,70000,1.2e+06,1.2e+06,1.2e+06,1.2e+06,1.596e+06,1.596e+06,,4880327.846,,,,,,,,,,0,13.8614,0,0,100,0.990099
213598,,,,,,,,,,,,,,,,,,,,,,169,,,,,,,
213987,50300,51100,50100,49100,49900,70000,1.2e+06,1.2e+06,1.2e+06,1.2e+06,1.596e+06,1.596e+06,,4880335.251,,,,,,,,,,1,6,1,5.05051,100,0
214861,,,,,,,,,,,,,,,,,,,,,,170,,,,,,,
214986,50500,51100,49900,49100,49500,70000,1.2e+06,1.2e+06,1.2e+06,1.2e+06,1.596e+06,1.596e+06,,4880342.602,,,,,,,,,,4.9505,2.0202,1.96078,6.06061,100,0
215986,50300,51100,49700,49100,49500,70000,1.2e+06,1.2e+06,1.2e+06,1.2e+06,1.596e+06,1.596e+06,,4880350.015,,,,,,,,,,7,7.84314,0,0,100,0
216123,,,,,,,,,,,,,,,,,,,,,,171,,,,,,,
216986,50500,50900,50100,48900,49700,70000,1.2e+06,1.2e+06,1.2e+06,1.2e+06,1.596e+06,1.596e+06,,4880357.397,,,,,,,,,,1,1.0101,1.96078,12.1212,100,0
217385,,,,,,,,,,,,,,,,,,,,,,172,,,,,,,
217986,50700,51100,49900,49300,49700,70000,1.2e+06,1.2e+06,1.2e+06,1.2e+06,1.596e+06,1.596e+06,,4880364.736,,,,,,,,,,1.0101,9,0,3.0303,100,0
218648,,,,,,,,,,,,,,,,,,,,,,173,,,,,,,
218986,50300,50900,50300,48900,49500,70000,1.2e+06,1.2e+06,1.2e+06,1.2e+06,1.596e+06,1.596e+06,,4880372.175,,,,,,,,,,1.9802,5.05051,1,6.06061,100,0
219910,,,,,,,,,,,,,,,,,,,,,,174,,,,,,,
219986,50300,50700,49900,49300,49500,70000,1.2e+06,1.2e+06,1.2e+06,1.2e+06,1.596e+06,1.596e+06,,4880379.506,,,,,,,,,,0,12,0,0,100,0
220986,50500,51300,49900,49100,49900,70000,1.2e+06,1.2e+06,1.2e+06,1.2e+06,1.596e+06,1.596e+06,24.986,4880386.908,,,,,,,,,,1,12,0.990099,0,100,0
221173,,,,,,,,,,,,,,,,,,,,,,175,,,,,,,
221986,50500,51300,50300,49300,49700,70000,1.2e+06,1.2e+06,1.2e+06,1.2e+06,1.596e+06,1.596e+06,,4880394.298,,,,,,,,,,0,12.8713,0,0,100,0
222435,,,,,,,,,,,,,,,,,,,,,,176,,,,,,,
222987,50700,51100,50100,48900,49500,70000,1.2e+06,1.2e+06,1.2e+06,1.2e+06,1.596e+06,1.596e+06,,4880401.630,,,,,,,,,,1,7.07071,6.93069,0.990099,100,0
223697,,,,,,,,,,,,,,,,,,,,,,177,,,,,,,
223986,50500,51100,50100,49100,49700,70000,1.2e+06,1.2e+06,1.2e+06,1.2e+06,1.596e+06,1.596e+06,,4880409.080,,,,,,,,,,2.94118,14.1414,0,0,100,0
224960,,,,,,,,,,,,,,,,,,,,,,178,,,,,,,
224986,50300,50900,50100,49100,49500,70000,1.2e+06,1.2e+06,1.2e+06,1.2e+06,1.596e+06,1.596e+06,,4880416.435,,,,,,,,,,0,6.06061,6,0,100,0
225986,50500,50900,50300,49100,49500,70000,1.2e+06,1.2e+06,1.2e+06,1.2e+06,1.596e+06,1.596e+06,,4880423.839,,,,,,,,,,1,12.8713,0,0,100,0
226222,,,,,,,,,,,,,,,,,,,,,,179,,,,,,,
226987,50700,50900,50100,49100,49900,70000,1.2e+06,1.2e+06,1.2e+06,1.2e+06,1.596e+06,1.596e+06,,4880431.189,,,,,,,,,,0,6.93069,6.06061,0,100,0
227485,,,,,,,,,,,,,,,,,,,,,,180,,,,,,,
227986,50700,51300,50100,49100,49700,70000,1.2e+06,1.2e+06,1.2e+06,1.2e+06,1.596e+06,1.596e+06,,4880438.570,,,,,,,,,,1,14,0,0,100,0
228747,,,,,,,,,,,,,,,,,,,,,,181,,,,,,,
228986,50700,51300,50300,49100,49500,70000,1.2e+06,1.2e+06,1.2e+06,1.2e+06,1.596e+06,1.596e+06,,4880445.992,,,,,,,,,,0,10.7843,6.93069,0,100,0
229987,50700,51100,50300,49300,49700,70000,1.2e+06,1.2e+06,1.2e+06,1.2e+06,1.596e+06,1.596e+06,,4880453.335,,,,,,,,,,1,7,5.10204,0,100,0
230009,,,,,,,,,,,,,,,,,,,,,,182,,,,,,,
230986,50500,51100,50300,49300,49500,70000,1.2e+06,1.2e+06,1.2e+06,1.2e+06,1.596e+06,1.596e+06,25.008,4880460.730,,,,,,,,,,1,12.8713,0.990099,0,100,0
231272,,,,,,,,,,,,,,,,,,,,,,183,,,,,,,
231987,50300,51100,50100,49100,49500,70000,1.2e+06,1.2e+06,1.2e+06,1.2e+06,1.596e+06,1.596e+06,,4880468.129,,,,,,,,,,0,8,6.93069,0,100,0
232534,,,,,,,,,,,,,,,,,,,,,,184,,,,,,,
232986,50300,50900,50100,49300,49500,70000,1.2e+06,1.2e+06,1.2e+06,1.2e+06,1.596e+06,1.596e+06,,4880475.531,,,,,,,,,,6.86275,4,5.05051,1,100,0
233797,,,,,,,,,,,,,,,,,,,,,,185,,,,,,,
233986,50500,51100,50100,49100,49500,70000,1.2e+06,1.2e+06,1.2e+06,1.2e+06,1.596e+06,1.596e+06,,4880482.832,,,,,,,,,,0,6.93069,7.07071,0,100,0
234987,50300,51100,50100,49300,49700,70000,1.2e+06,1.2e+06,1.2e+06,1.2e+06,1.596e+06,1.596e+06,,4880490.265,,,,,,,,,,1,10.2041,0,1,100,0
235059,,,,,,,,,,,,,,,,,,,,,,186,,,,,,,
235986,50700,50900,49900,49100,49500,70000,1.2e+06,1.2e+06,1.2e+06,1.2e+06,1.596e+06,1.596e+06,,4880497.551,,,,,,,,,,0,6,5.05051,0.990099,100,0
236322,,,,,,,,,,,,,,,,,,,,,,187,,,,,,,
236986,50100,50700,49900,48900,49500,70000,1.2e+06,1.2e+06,1.2e+06,1.2e+06,1.596e+06,1.596e+06,,4880504.859,,,,,,,,,,1,14,0,0,100,0
237584,,,,,,,,,,,,,,,,,,,,,,188,,,,,,,
237986,50300,50900,49900,48900,49500,70000,1.2e+06,1.2e+06,1.2e+06,1.2e+06,1.596e+06,1.596e+06,,4880512.274,,,,,,,,,,3.9604,6.06061,4,0,100,0
238847,,,,,,,,,,,,,,,,,,,,,,189,,,,,,,
238986,50300,51100,50300,49100,49900,70000,1.2e+06,1.2e+06,1.2e+06,1.2e+06,1.596e+06,1.596e+06,,4880519.699,,,,,,,,,,3.0303,0,11.1111,0.990099,100,0
239987,50500,51100,50100,48900,49500,70000,1.2e+06,1.2e+06,1.2e+06,1.2e+06,1.596e+06,1.596e+06,,4880527.081,,,,,,,,,,1,0,12.8713,0.990099,100,0
240109,,,,,,,,,,,,,,,,,,,,,,190,,,,,,,
240986,50300,50700,49900,48900,49300,70000,1.2e+06,1.2e+06,1.2e+06,1.2e+06,1.596e+06,1.596e+06,25.061,4880534.441,,,,,,,,,,0,1,6,6.93069,100,0
241371,,,,,,,,,,,,,,,,,,,,,,191,,,,,,,
241986,50300,50700,49900,48900,49300,70000,1.2e+06,1.2e+06,1.2e+06,1.2e+06,1.596e+06,1.596e+06,,4880541.750,,,,,,,,,,1.9802,0,12,0,100,0
242634,,,,,,,,,,,,,,,,,,,,,,192,,,,,,,
242986,50300,51300,49900,48900,49500,70000,1.2e+06,1.2e+06,1.2e+06,1.2e+06,1.596e+06,1.596e+06,,4880549.108,,,,,,,,,,0.990099,0,13,0.990099,100,0
243896,,,,,,,,,,,,,,,,,,,,,,193,,,,,,,
243986,50300,51100,50100,48900,49500,70000,1.2e+06,1.2e+06,1.2e+06,1.2e+06,1.596e+06,1.596e+06,,4880556.399,,,,,,,,,,0,0,12.1212,0,100,0
244986,50500,51100,50100,49100,49500,70000,1.2e+06,1.2e+06,1.2e+06,1.2e+06,1.596e+06,1.596e+06,,4880563.844,,,,,,,,,,1,0.990099,12.8713,0,100,1.0101
245158,,,,,,,,,,,,,,,,,,,,,,194,,,,,,,
245986,50700,51300,49900,48900,49500,70000,1.2e+06,1.2e+06,1.2e+06,1.2e+06,1.596e+06,1.596e+06,,4880569.329,,,,,,,,,,1,0,11.1111,0.990099,100,0
246421,,,,,,,,,,,,,,,,,,,,,,195,,,,,,,
246986,50300,51300,50100,49500,49900,70000,1.2e+06,1.2e+06,1.2e+06,1.2e+06,1.596e+06,1.596e+06,,4880576.731,,,,,,,,,,1,0.990099,5.05051,5.05051,100,0
247683,,,,,,,,,,,,,,,,,,,,,,196,,,,,,,
247986,50300,50900,49900,48900,49500,70000,1.2e+06,1.2e+06,1.2e+06,1.2e+06,1.596e+06,1.596e+06,,4880584.061,,,,,,,,,,0,5,8.91089,2,100,0
248946,,,,,,,,,,,,,,,,,,,,,,197,,,,,,,
248986,50300,51100,50300,49100,49700,70000,1.2e+06,1.2e+06,1.2e+06,1.2e+06,1.596e+06,1.596e+06,,4880591.460,,,,,,,,,,1.9802,0,0,15.1515,100,0
249986,50500,51100,50300,48900,49500,70000,1.2e+06,1.2e+06,1.2e+06,1.2e+06,1.596e+06,1.596e+06,,4880598.831,,,,,,,,,,0,0.990099,0,12,100,0
250209,,,,,,,,,,,,,,,,,,,,,,198,,,,,,,
250987,50500,50900,49900,49100,49900,70000,1.2e+06,1.2e+06,1.2e+06,1.2e+06,1.596e+06,1.596e+06,25.051,4880606.265,,,,,,,,,,1,0,3.06122,8,100,0
251471,,,,,,,,,,,,,,,,,,,,,,199,,,,,,,
251986,50300,50900,49900,49300,49700,70000,1.2e+06,1.2e+06,1.2e+06,1.2e+06,1.596e+06,1.596e+06,,4880613.675,,,,,,,,,,1.9802,6.93069,7.84314,0,100,0
252734,,,,,,,,,,,,,,,,,,,,,,200,,,,,,,
252986,50700,50700,50100,49100,49900,70000,1.2e+06,1.2e+06,1.2e+06,1.2e+06,1.596e+06,1.596e+06,,4880620.995,,,,,,,,,,8.08081,0,6.93069,0,100,0
253986,50700,51100,49900,49100,49700,70000,1.2e+06,1.2e+06,1.2e+06,1.2e+06,1.596e+06,1.596e+06,,4880628.379,,,,,,,,,,4.0404,0,8,0,100,0
253996,,,,,,,,,,,,,,,,,,,,,,201,,,,,,,
254986,50700,51100,49900,48900,49500,70000,1.2e+06,1.2e+06,1.2e+06,1.2e+06,1.596e+06,1.596e+06,,4880635.784,,,,,,,,,,0,0.990099,16,0.990099,100,0
255259,,,,,,,,,,,,,,,,,,,,,,202,,,,,,,
255986,50300,50900,49900,49300,49500,70000,1.2e+06,1.2e+06,1.2e+06,1.2e+06,1.596e+06,1.596e+06,,4880643.223,,,,,,,,,,1,0,10.2041,0,100,0
256521,,,,,,,,,,,,,,,,,,,,,,203,,,,,,,
256986,50300,51100,49900,49100,49500,70000,1.2e+06,1.2e+06,1.2e+06,1.2e+06,1.596e+06,1.596e+06,,4880650.628,,,,,,,,,,0.990099,0,6,6,100,0
257784,,,,,,,,,,,,,,,,,,,,,,204,,,,,,,
257986,50100,50900,49900,49100,49500,70000,1.2e+06,1.2e+06,1.2e+06,1.2e+06,1.596e+06,1.596e+06,,4880658.029,,,,,,,,,,1,0,12,0,100,0
258986,50300,50900,49900,48700,49100,70000,1.2e+06,1.2e+06,1.2e+06,1.2e+06,1.596e+06,1.596e+06,,4880665.393,,,,,,,,,,1,0,6,6.06061,100,0
259046,,,,,,,,,,,,,,,,,,,,,,205,,,,,,,
259986,50100,50900,49900,49100,49300,70000,1.2e+06,1.2e+06,1.2e+06,1.2e+06,1.596e+06,1.596e+06,,4880672.739,,,,,,,,,,0,0,12,0,100,0.990099
260309,,,,,,,,,,,,,,,,,,,,,,206,,,,,,,
260986,50300,50900,49900,48900,49500,70000,1.2e+06,1.2e+06,1.2e+06,1.2e+06,1.596e+06,1.596e+06,25.072,4880680.150,,,,,,,,,,1,0,12,0.990099,100,0
261571,,,,,,,,,,,,,,,,,,,,,,207,,,,,,,
261986,50300,50900,49700,48900,49300,70000,1.2e+06,1.2e+06,1.2e+06,1.2e+06,1.596e+06,1.596e+06,,4880687.567,,,,,,,,,,1,0,6,5.05051,100,0
262834,,,,,,,,,,,,,,,,,,,,,,208,,,,,,,
262986,50300,50900,50100,49100,49500,70000,1.2e+06,1.2e+06,1.2e+06,1.2e+06,1.596e+06,1.596e+06,,4880694.891,,,,,,,,,,1,0,11.1111,0,100,0
263986,50300,50700,49900,49100,49300,70000,1.2e+06,1.2e+06,1.2e+06,1.2e+06,1.596e+06,1.596e+06,,4880702.219,,,,,,,,,,0,0,11.1111,0,100,0
264097,,,,,,,,,,,,,,,,,,,,,,209,,,,,,,
264986,50300,50900,49900,48900,49500,70000,1.2e+06,1.2e+06,1.2e+06,1.2e+06,1.596e+06,1.596e+06,,4880709.604,,,,,,,,,,1,0.990099,12,0.990099,100,0
265359,,,,,,,,,,,,,,,,,,,,,,210,,,,,,,
265987,50300,50900,49700,48900,49300,70000,1.2e+06,1.2e+06,1.2e+06,1.2e+06,1.596e+06,1.596e+06,,4880716.979,,,,,,,,,,0,1,7,5.05051,100,0
266622,,,,,,,,,,,,,,,,,,,,,,211,,,,,,,
266986,49900,50900,49900,49100,49500,70000,1.2e+06,1.2e+06,1.2e+06,1.2e+06,1.596e+06,1.596e+06,,4880724.332,,,,,,,,,,1,0,11.1111,0,100,0
267884,,,,,,,,,,,,,,,,,,,,,,212,,,,,,,
267986,50300,50900,49900,48900,49700,70000,1.2e+06,1.2e+06,1.2e+06,1.2e+06,1.596e+06,1.596e+06,,4880731.734,,,,,,,,,,0,0,7.92079,7.84314,100,0.990099
268986,50300,50900,49900,49100,49700,70000,1.2e+06,1.2e+06,1.2e+06,1.2e+06,1.596e+06,1.596e+06,,4880739.089,,,,,,,,,,1,0.990099,10,0,100,0
269147,,,,,,,,,,,,,,,,,,,,,,213,,,,,,,
269987,50300,50900,49900,48900,49700,70000,1.2e+06,1.2e+06,1.2e+06,1.2e+06,1.596e+06,1.596e+06,,4880746.484,,,,,,,,,,0,0.990099,12.8713,1.9802,100,0
270409,,,,,,,,,,,,,,,,,,,,,,214,,,,,,,
270986,50300,50900,49900,48900,49500,70000,1.2e+06,1.2e+06,1.2e+06,1.2e+06,1.596e+06,1.596e+06,25.072,4880753.866,,,,,,,,,,1,0,11.1111,0,100,0
271672,,,,,,,,,,,,,,,,,,,,,,215,,,,,,,
271987,50300,50900,49900,49100,49500,70000,1.2e+06,1.2e+06,1.2e+06,1.2e+06,1.596e+06,1.596e+06,,4880761.176,,,,,,,,,,0.990099,0,1.0101,10,100,0
272934,,,,,,,,,,,,,,,,,,,,,,216,,,,,,,
272987,50300,50900,49900,49100,49500,70000,1.2e+06,1.2e+06,1.2e+06,1.2e+06,1.596e+06,1.596e+06,,4880768.603,,,,,,,,,,1,7,1.96078,6,100,0
273986,50300,50900,49900,49100,49500,70000,1.2e+06,1.2e+06,1.2e+06,1.2e+06,1.596e+06,1.596e+06,,4880775.998,,,,,,,,,,0,1,0,10.101,100,0
274197,,,,,,,,,,,,,,,,,,,,,,217,,,,,,,
274986,50700,51300,49900,49100,49500,70000,1.2e+06,1.2e+06,1.2e+06,1.2e+06,1.596e+06,1.596e+06,,4880783.360,,,,,,,,,,1,0,1,11.1111,100,0
275459,,,,,,,,,,,,,,,,,,,,,,218,,,,,,,
275986,50100,51300,49900,49100,49500,70000,1.2e+06,1.2e+06,1.2e+06,1.2e+06,1.596e+06,1.596e+06,,4880790.717,,,,,,,,,,1,0,0,12.8713,100,0
276722,,,,,,,,,,,,,,,,,,,,,,219,,,,,,,
276986,50300,50900,50100,49100,49500,70000,1.2e+06,1.2e+06,1.2e+06,1.2e+06,1.596e+06,1.596e+06,,4880798.125,,,,,,,,,,3.0303,2,1,9,100,0
277985,,,,,,,,,,,,,,,,,,,,,,220,,,,,,,
277987,50300,50900,49900,49100,49500,70000,1.2e+06,1.2e+06,1.2e+06,1.2e+06,1.596e+06,1.596e+06,,4880805.462,,,,,,,,,,1,0.990099,0.990099,12,100,0
278986,50300,50900,49900,49100,49500,70000,1.2e+06,1.2e+06,1.2e+06,1.2e+06,1.596e+06,1.596e+06,,4880812.898,,,,,,,,,,0,0,4.0404,10,100,0
279247,,,,,,,,,,,,,,,,,,,,,,221,,,,,,,
279987,50500,51100,50100,49300,49500,70000,1.2e+06,1.2e+06,1.2e+06,1.2e+06,1.596e+06,1.596e+06,,4880820.298,,,,,,,,,,9,0,4.0404,0,100,0
280510,,,,,,,,,,,,,,,,,,,,,,222,,,,,,,
280986,50300,51100,49900,48700,49500,70000,1.2e+06,1.2e+06,1.2e+06,1.2e+06,1.596e+06,1.596e+06,25.072,4880827.677,,,,,,,,,,7.92079,0.990099,1,6,100,0
281772,,,,,,,,,,,,,,,,,,,,,,223,,,,,,,
281986,50300,50900,49700,48900,49500,70000,1.2e+06,1.2e+06,1.2e+06,1.2e+06,1.596e+06,1.596e+06,,4880835.010,,,,,,,,,,7,0,1,5.10204,100,0
282987,50500,51100,50100,49100,49500,70000,1.2e+06,1.2e+06,1.2e+06,1.2e+06,1.596e+06,1.596e+06,,4880842.465,,,,,,,,,,1,0,0,13,100,0
283035,,,,,,,,,,,,,,,,,,,,,,224,,,,,,,
283986,50100,50700,49900,49100,49500,70000,1.2e+06,1.2e+06,1.2e+06,1.2e+06,1.596e+06,1.596e+06,,4880849.753,,,,,,,,,,0,0,1,15.8416,100,0
284298,,,,,,,,,,,,,,,,,,,,,,225,,,,,,,
284986,50700,51100,49900,49100,49300,70000,1.2e+06,1.2e+06,1.2e+06,1.2e+06,1.596e+06,1.596e+06,,4880855.320,,,,,,,,,,5,2,0,6.06061,100,0
285560,,,,,,,,,,,,,,,,,,,,,,226,,,,,,,
285986,50300,50900,49900,49100,49500,70000,1.2e+06,1.2e+06,1.2e+06,1.2e+06,1.596e+06,1.596e+06,,4880862.640,,,,,,,,,,1,0,1.9802,12,100,0
286823,,,,,,,,,,,,,,,,,,,,,,227,,,,,,,
286986,50300,51300,49900,48900,49300,70000,1.2e+06,1.2e+06,1.2e+06,1.2e+06,1.596e+06,1.596e+06,,4880869.998,,,,,,,,,,0,0,0,14,100,0
287987,50300,51100,49900,48900,49500,70000,1.2e+06,1.2e+06,1.2e+06,1.2e+06,1.596e+06,1.596e+06,,4880877.391,,,,,,,,,,0.990099,0,1,12,100,0
288085,,,,,,,,,,,,,,,,,,,,,,228,,,,,,,
288987,50500,51100,50100,48900,49300,70000,1.2e+06,1.2e+06,1.2e+06,1.2e+06,1.596e+06,1.596e+06,,4880884.786,,,,,,,,,,1,0,1,15.1515,100,0
289348,,,,,,,,,,,,,,,,,,,,,,229,,,,,,,
289987,50300,50900,49900,48900,49500,70000,1.2e+06,1.2e+06,1.2e+06,1.2e+06,1.596e+06,1.596e+06,,4880892.132,,,,,,,,,,1,0,0.990099,11.1111,100,0
290611,,,,,,,,,,,,,,,,,,,,,,230,,,,,,,
290986,50500,51100,50100,49100,49500,70000,1.2e+06,1.2e+06,1.2e+06,1.2e+06,1.596e+06,1.596e+06,25.061,4880899.518,,,,,,,,,,0,0,1,13.7255,100,0
291873,,,,,,,,,,,,,,,,,,,,,,231,,,,,,,
291987,50500,50900,50100,49300,49700,70000,1.2e+06,1.2e+06,1.2e+06,1.2e+06,1.596e+06,1.596e+06,,4880906.830,,,,,,,,,,2.9703,4,0.990099,6.93069,100,0
292986,50300,50900,49900,49300,49500,70000,1.2e+06,1.2e+06,1.2e+06,1.2e+06,1.596e+06,1.596e+06,,4880914.221,,,,,,,,,,1,0,1,13,100,0
293136,,,,,,,,,,,,,,,,,,,,,,232,,,,,,,
293986,50300,50900,50100,48900,49500,70000,1.2e+06,1.2e+06,1.2e+06,1.2e+06,1.596e+06,1.596e+06,,4880921.502,,,,,,,,,,0,0,1.9802,12.1212,100,0
294399,,,,,,,,,,,,,,,,,,,,,,233,,,,,,,
294986,50300,50900,49900,49300,49500,70000,1.2e+06,1.2e+06,1.2e+06,1.2e+06,1.596e+06,1.596e+06,,4880928.892,,,,,,,,,,1,0,0,16,100,0
295661,,,,,,,,,,,,,,,,,,,,,,234,,,,,,,
295986,50300,50900,49900,49100,49500,70000,1.2e+06,1.2e+06,1.2e+06,1.2e+06,1.596e+06,1.596e+06,,4880936.191,,,,,,,,,,0,5.05051,1,6,100,0
296923,,,,,,,,,,,,,,,,,,,,,,235,,,,,,,
296987,50300,50900,50100,49100,49500,70000,1.2e+06,1.2e+06,1.2e+06,1.2e+06,1.596e+06,1.596e+06,,4880943.597,,,,,,,,,,0.990099,0,1,11.1111,100,0
297986,50100,50900,49900,49100,49500,70000,1.2e+06,1.2e+06,1.2e+06,1.2e+06,1.596e+06,1.596e+06,,4880950.928,,,,,,,,,,2.0202,4.0404,0,6,100,0
298186,,,,,,,,,,,,,,,,,,,,,,236,,,,,,,
298986,50500,50900,50100,48900,49500,70000,1.2e+06,1.2e+06,1.2e+06,1.2e+06,1.596e+06,1.596e+06,,4880958.269,,,,,,,,,,8,0.990099,0,7,100,0
299449,,,,,,,,,,,,,,,,,,,,,,237,,,,,,,
299986,50300,51100,50100,48900,49500,70000,1.2e+06,1.2e+06,1.2e+06,1.2e+06,1.596e+06,1.596e+06,,4880965.643,,,,,,,,,,14.8515,0,0,0,100,0
