# Started at: 2022-04-24 16:32:28 +0000, Version: v0.1-177-gf3f14d1, Generated by: thermobench --verbose --time=300 --wait=50 --wait-timeout=60 --sensors_file=/root/thermobench/src/sensors.imx8 --cpu-usage --column=CPU0_work_done --column=CPU1_work_done --column=CPU2_work_done --column=CPU3_work_done --column=CPU4_work_done --column=CPU5_work_done --output=/root/JSA/coefficients_experiment/measurements/imx8b//tblook-4K_A72_one.json.yaml.csv -- demos-sched -p high -c /root/JSA/coefficients_experiment/demos_configurations/imx8//tblook-4K_A72_one.json.yaml
time/ms,CPU_0_temp/m°C,CPU_1_temp/m°C,GPU_0_temp/m°C,GPU_1_temp/m°C,DRC_temp/m°C,PMIC_temp/m°C,Cortex_A53_0_freq/Hz,Cortex_A53_1_freq/Hz,Cortex_A53_2_freq/Hz,Cortex_A53_3_freq/Hz,Cortex_A72_0_freq/Hz,Cortex_A72_1_freq/Hz,ambient,energy,cam_cpu,cam_mem,heat_sources,CPU0_work_done,CPU1_work_done,CPU2_work_done,CPU3_work_done,CPU4_work_done,CPU5_work_done,CPU0_load/%,CPU1_load/%,CPU2_load/%,CPU3_load/%,CPU4_load/%,CPU5_load/%
1.12311,49900,49700,49900,48900,49500,70000,600000,600000,600000,600000,600000,600000,,,,,,,,,,,,33.3333,0,25,50,25,0
140.48,,,,,,,,,,,,,,,,,,,,,,0,,,,,,,
641.121,,,,,,,,,,,,,,,,,,,,,,300,,,,,,,
987.107,50700,51300,50500,49500,49900,70000,1.2e+06,1.2e+06,1.2e+06,1.2e+06,1.596e+06,1.596e+06,24.965,4924304.921,,,,,,,,,,1.03093,1.0101,5.10204,7.07071,87.6289,3.09278
1141.02,,,,,,,,,,,,,,,,,,,,,,600,,,,,,,
1642.24,,,,,,,,,,,,,,,,,,,,,,901,,,,,,,
1987.08,50700,51700,50500,49500,50300,70000,1.2e+06,1.2e+06,1.2e+06,1.2e+06,1.596e+06,1.596e+06,,4924312.075,,,,,,,,,,1.9802,6,0,7.92079,100,0
2141.9,,,,,,,,,,,,,,,,,,,,,,1201,,,,,,,
2643.15,,,,,,,,,,,,,,,,,,,,,,1502,,,,,,,
2987.13,51100,51700,50700,49700,50300,70000,1.2e+06,1.2e+06,1.2e+06,1.2e+06,1.596e+06,1.596e+06,,4924319.180,,,,,,,,,,2,5,1.9802,8.08081,100,0
3142.81,,,,,,,,,,,,,,,,,,,,,,1802,,,,,,,
3644.01,,,,,,,,,,,,,,,,,,,,,,2103,,,,,,,
3986.92,51100,51700,50900,49700,50300,70000,1.2e+06,1.2e+06,1.2e+06,1.2e+06,1.596e+06,1.596e+06,,4924326.229,,,,,,,,,,5.94059,0,0,7,100,0
4145.25,,,,,,,,,,,,,,,,,,,,,,2404,,,,,,,
4646.34,,,,,,,,,,,,,,,,,,,,,,2705,,,,,,,
4987.14,51100,51900,50900,50100,50700,70000,1.2e+06,1.2e+06,1.2e+06,1.2e+06,1.596e+06,1.596e+06,,4924333.307,,,,,,,,,,0,1.9802,0.990099,14.1414,100,0
5145.88,,,,,,,,,,,,,,,,,,,,,,3005,,,,,,,
5646.92,,,,,,,,,,,,,,,,,,,,,,3306,,,,,,,
5987.74,51100,51700,50700,49900,50700,70000,1.2e+06,1.2e+06,1.2e+06,1.2e+06,1.596e+06,1.596e+06,,4924340.348,,,,,,,,,,7,1.0101,0.990099,5.05051,100,0
6148.27,,,,,,,,,,,,,,,,,,,,,,3607,,,,,,,
6649.4,,,,,,,,,,,,,,,,,,,,,,3908,,,,,,,
6987.46,51100,51900,50700,49500,50300,70000,1.2e+06,1.2e+06,1.2e+06,1.2e+06,1.596e+06,1.596e+06,,4924347.469,,,,,,,,,,1.9802,1,0,10.2041,100,0
7148.88,,,,,,,,,,,,,,,,,,,,,,4208,,,,,,,
7649.91,,,,,,,,,,,,,,,,,,,,,,4509,,,,,,,
7987.18,51100,51700,50500,49500,50300,70000,1.2e+06,1.2e+06,1.2e+06,1.2e+06,1.596e+06,1.596e+06,,4924354.524,,,,,,,,,,8.08081,1,0,7.92079,100,0
8151.14,,,,,,,,,,,,,,,,,,,,,,4810,,,,,,,
8652.3,,,,,,,,,,,,,,,,,,,,,,5111,,,,,,,
8987.56,51100,51900,51100,49900,50300,70000,1.2e+06,1.2e+06,1.2e+06,1.2e+06,1.596e+06,1.596e+06,,4924361.679,,,,,,,,,,5,6.93069,0,3,100,0
9151.83,,,,,,,,,,,,,,,,,,,,,,5411,,,,,,,
9652.95,,,,,,,,,,,,,,,,,,,,,,5712,,,,,,,
9987.24,51100,51900,50700,49700,50500,70000,1.2e+06,1.2e+06,1.2e+06,1.2e+06,1.596e+06,1.596e+06,,4924368.818,,,,,,,,,,1,6.06061,0,10,100,0
10154.2,,,,,,,,,,,,,,,,,,,,,,6013,,,,,,,
10653.8,,,,,,,,,,,,,,,,,,,,,,6313,,,,,,,
10987.7,51300,51700,50700,49700,50500,70000,1.2e+06,1.2e+06,1.2e+06,1.2e+06,1.596e+06,1.596e+06,24.975,4924375.889,,,,,,,,,,1.9802,1.9802,0,10.101,100,0
11155,,,,,,,,,,,,,,,,,,,,,,6614,,,,,,,
11656,,,,,,,,,,,,,,,,,,,,,,6915,,,,,,,
11987.1,51100,51700,50900,49700,50100,70000,1.2e+06,1.2e+06,1.2e+06,1.2e+06,1.596e+06,1.596e+06,,4924383.039,,,,,,,,,,0,0,6,6.93069,100,0
12157.2,,,,,,,,,,,,,,,,,,,,,,7216,,,,,,,
12658.3,,,,,,,,,,,,,,,,,,,,,,7517,,,,,,,
12987.7,51100,51700,50900,49700,50300,70000,1.2e+06,1.2e+06,1.2e+06,1.2e+06,1.596e+06,1.596e+06,,4924390.177,,,,,,,,,,1.9802,1,8,6.06061,100,0
13157.8,,,,,,,,,,,,,,,,,,,,,,7817,,,,,,,
13658.8,,,,,,,,,,,,,,,,,,,,,,8118,,,,,,,
13987.6,51100,51900,51100,49700,50300,70000,1.2e+06,1.2e+06,1.2e+06,1.2e+06,1.596e+06,1.596e+06,,4924397.348,,,,,,,,,,1.0101,1,7.07071,6.06061,100,0
14159.9,,,,,,,,,,,,,,,,,,,,,,8419,,,,,,,
14661,,,,,,,,,,,,,,,,,,,,,,8720,,,,,,,
14987.2,51100,51700,50700,49900,50500,70000,1.2e+06,1.2e+06,1.2e+06,1.2e+06,1.596e+06,1.596e+06,,4924402.653,,,,,,,,,,1,0,7.07071,6,100,0
15162.2,,,,,,,,,,,,,,,,,,,,,,9021,,,,,,,
15663.4,,,,,,,,,,,,,,,,,,,,,,9322,,,,,,,
15987.5,51100,51700,50900,49900,50300,70000,1.2e+06,1.2e+06,1.2e+06,1.2e+06,1.596e+06,1.596e+06,,4924409.788,,,,,,,,,,1.0101,0.990099,6.06061,5.05051,100,0
16163,,,,,,,,,,,,,,,,,,,,,,9622,,,,,,,
16664.1,,,,,,,,,,,,,,,,,,,,,,9923,,,,,,,
16987.4,50700,51500,50700,49700,50300,70000,1.2e+06,1.2e+06,1.2e+06,1.2e+06,1.596e+06,1.596e+06,,4924416.847,,,,,,,,,,2,5,2.9703,8,100,0
17165.4,,,,,,,,,,,,,,,,,,,,,,10224,,,,,,,
17664.8,,,,,,,,,,,,,,,,,,,,,,10524,,,,,,,
17987.1,51100,51900,50900,49700,50500,70000,1.2e+06,1.2e+06,1.2e+06,1.2e+06,1.596e+06,1.596e+06,,4924423.957,,,,,,,,,,1.0101,0,4.0404,7.92079,100,0
18166,,,,,,,,,,,,,,,,,,,,,,10825,,,,,,,
18667,,,,,,,,,,,,,,,,,,,,,,11126,,,,,,,
18987.2,51100,51700,50700,49900,50300,70000,1.2e+06,1.2e+06,1.2e+06,1.2e+06,1.596e+06,1.596e+06,,4924431.081,,,,,,,,,,3.8835,0,3.92157,13.1313,100,0
19168.1,,,,,,,,,,,,,,,,,,,,,,11427,,,,,,,
19669.3,,,,,,,,,,,,,,,,,,,,,,11728,,,,,,,
19987.4,51100,51700,50500,49900,50500,70000,1.2e+06,1.2e+06,1.2e+06,1.2e+06,1.596e+06,1.596e+06,,4924438.172,,,,,,,,,,1.0101,6,1.0101,6.93069,100,0
20168.9,,,,,,,,,,,,,,,,,,,,,,12028,,,,,,,
20669.9,,,,,,,,,,,,,,,,,,,,,,12329,,,,,,,
20987,50900,51700,50300,49900,50300,70000,1.2e+06,1.2e+06,1.2e+06,1.2e+06,1.596e+06,1.596e+06,24.965,4924445.298,,,,,,,,,,0,0,2.91262,12,100,0
21171.1,,,,,,,,,,,,,,,,,,,,,,12630,,,,,,,
21672.1,,,,,,,,,,,,,,,,,,,,,,12931,,,,,,,
21987.3,50900,51500,50700,49700,50300,70000,1.2e+06,1.2e+06,1.2e+06,1.2e+06,1.596e+06,1.596e+06,,4924452.369,,,,,,,,,,3,4.9505,0,8.08081,100,0
22173.3,,,,,,,,,,,,,,,,,,,,,,13232,,,,,,,
22674.3,,,,,,,,,,,,,,,,,,,,,,13533,,,,,,,
22987,51100,51700,50500,49500,50300,70000,1.2e+06,1.2e+06,1.2e+06,1.2e+06,1.596e+06,1.596e+06,,4924459.522,,,,,,,,,,1,3.0303,1.9802,9.09091,100,0
23173.9,,,,,,,,,,,,,,,,,,,,,,13833,,,,,,,
23675,,,,,,,,,,,,,,,,,,,,,,14134,,,,,,,
23987.5,50900,51700,50700,49500,50500,70000,1.2e+06,1.2e+06,1.2e+06,1.2e+06,1.596e+06,1.596e+06,,4924466.623,,,,,,,,,,1.9802,0,4,10,100,0
24176.2,,,,,,,,,,,,,,,,,,,,,,14435,,,,,,,
24677.4,,,,,,,,,,,,,,,,,,,,,,14736,,,,,,,
24986.8,50900,51500,50500,49500,50100,70000,1.2e+06,1.2e+06,1.2e+06,1.2e+06,1.596e+06,1.596e+06,,4924473.752,,,,,,,,,,0,0,8.91089,5,100,0
25176.9,,,,,,,,,,,,,,,,,,,,,,15036,,,,,,,
25677.9,,,,,,,,,,,,,,,,,,,,,,15337,,,,,,,
25987.4,50900,51700,50700,49700,50300,70000,1.2e+06,1.2e+06,1.2e+06,1.2e+06,1.596e+06,1.596e+06,,4924480.819,,,,,,,,,,1.0101,1.9802,0,11.1111,100,0
26179.1,,,,,,,,,,,,,,,,,,,,,,15638,,,,,,,
26680.1,,,,,,,,,,,,,,,,,,,,,,15939,,,,,,,
26987.6,51100,51700,50700,49900,50300,70000,1.2e+06,1.2e+06,1.2e+06,1.2e+06,1.596e+06,1.596e+06,,4924487.951,,,,,,,,,,1,0,5.05051,8.91089,100,0
27181.2,,,,,,,,,,,,,,,,,,,,,,16240,,,,,,,
27682.2,,,,,,,,,,,,,,,,,,,,,,16541,,,,,,,
27986.8,50900,51500,50300,49500,50100,70000,1.2e+06,1.2e+06,1.2e+06,1.2e+06,1.596e+06,1.596e+06,,4924495.057,,,,,,,,,,1,0,6.93069,7.92079,100,0
28181.7,,,,,,,,,,,,,,,,,,,,,,16841,,,,,,,
28682.7,,,,,,,,,,,,,,,,,,,,,,17142,,,,,,,
28987.3,50700,51500,50500,49500,50300,70000,1.2e+06,1.2e+06,1.2e+06,1.2e+06,1.596e+06,1.596e+06,,4924502.095,,,,,,,,,,1.9802,1,9.09091,3.0303,100,0
29182.2,,,,,,,,,,,,,,,,,,,,,,17442,,,,,,,
29683.3,,,,,,,,,,,,,,,,,,,,,,17743,,,,,,,
29986.9,50700,51500,50300,49500,50300,70000,1.2e+06,1.2e+06,1.2e+06,1.2e+06,1.596e+06,1.596e+06,,4924509.271,,,,,,,,,,1,1,8,6,100,0
30182.9,,,,,,,,,,,,,,,,,,,,,,18043,,,,,,,
30684.1,,,,,,,,,,,,,,,,,,,,,,18344,,,,,,,
30987.6,50700,51300,50100,49100,50100,70000,1.2e+06,1.2e+06,1.2e+06,1.2e+06,1.596e+06,1.596e+06,24.954,4924516.314,,,,,,,,,,1,2.94118,7,6.93069,100,0
31185.3,,,,,,,,,,,,,,,,,,,,,,18645,,,,,,,
31684.8,,,,,,,,,,,,,,,,,,,,,,18945,,,,,,,
31987.3,50900,51500,50500,49500,50300,70000,1.2e+06,1.2e+06,1.2e+06,1.2e+06,1.596e+06,1.596e+06,,4924523.421,,,,,,,,,,0,4.0404,8.82353,0,100,0
32186,,,,,,,,,,,,,,,,,,,,,,19246,,,,,,,
32687,,,,,,,,,,,,,,,,,,,,,,19547,,,,,,,
32987.5,50900,51700,50300,49700,50100,70000,1.2e+06,1.2e+06,1.2e+06,1.2e+06,1.596e+06,1.596e+06,,4924530.541,,,,,,,,,,6.06061,1.9802,9,0.990099,100,0
33188,,,,,,,,,,,,,,,,,,,,,,19848,,,,,,,
33689.1,,,,,,,,,,,,,,,,,,,,,,20149,,,,,,,
33987.6,50900,51700,50300,49300,50100,70000,1.2e+06,1.2e+06,1.2e+06,1.2e+06,1.596e+06,1.596e+06,,4924537.626,,,,,,,,,,6.06061,1.9802,7.92079,0,100,0
34190.2,,,,,,,,,,,,,,,,,,,,,,20450,,,,,,,
34691.2,,,,,,,,,,,,,,,,,,,,,,20751,,,,,,,
34986.7,50700,51500,50300,49500,50100,70000,1.2e+06,1.2e+06,1.2e+06,1.2e+06,1.596e+06,1.596e+06,,4924544.764,,,,,,,,,,1,1,12.2449,1,100,0
35192.3,,,,,,,,,,,,,,,,,,,,,,21052,,,,,,,
35693.3,,,,,,,,,,,,,,,,,,,,,,21353,,,,,,,
35986.7,50700,51500,50500,49500,49900,70000,1.2e+06,1.2e+06,1.2e+06,1.2e+06,1.596e+06,1.596e+06,,4924551.829,,,,,,,,,,1,1,13.7255,0,100,0
36192.8,,,,,,,,,,,,,,,,,,,,,,21653,,,,,,,
36693.8,,,,,,,,,,,,,,,,,,,,,,21954,,,,,,,
36987.3,50500,51500,50300,49500,50300,70000,1.2e+06,1.2e+06,1.2e+06,1.2e+06,1.596e+06,1.596e+06,,4924558.966,,,,,,,,,,0.990099,0,11.1111,0,100,0
37195,,,,,,,,,,,,,,,,,,,,,,22255,,,,,,,
37696,,,,,,,,,,,,,,,,,,,,,,22556,,,,,,,
37987.6,50700,51300,50300,49300,50300,70000,1.2e+06,1.2e+06,1.2e+06,1.2e+06,1.596e+06,1.596e+06,,4924566.038,,,,,,,,,,1.0101,1.0101,14,0,100,0
38197.2,,,,,,,,,,,,,,,,,,,,,,22857,,,,,,,
38698.3,,,,,,,,,,,,,,,,,,,,,,23158,,,,,,,
38986.9,50900,51300,50500,49500,50100,70000,1.2e+06,1.2e+06,1.2e+06,1.2e+06,1.596e+06,1.596e+06,,4924573.169,,,,,,,,,,1.9802,0,11.1111,0,100,0
39197.8,,,,,,,,,,,,,,,,,,,,,,23458,,,,,,,
39698.7,,,,,,,,,,,,,,,,,,,,,,23759,,,,,,,
39987.3,50700,51500,50500,49500,50100,70000,1.2e+06,1.2e+06,1.2e+06,1.2e+06,1.596e+06,1.596e+06,,4924580.261,,,,,,,,,,0,1,15.1515,0,100,0
40198.2,,,,,,,,,,,,,,,,,,,,,,24059,,,,,,,
40699.2,,,,,,,,,,,,,,,,,,,,,,24360,,,,,,,
40987.6,50700,51500,50500,49300,49900,70000,1.2e+06,1.2e+06,1.2e+06,1.2e+06,1.596e+06,1.596e+06,24.954,4924587.382,,,,,,,,,,1.9802,0,12.8713,1,100,0
41200.3,,,,,,,,,,,,,,,,,,,,,,24661,,,,,,,
41701.2,,,,,,,,,,,,,,,,,,,,,,24962,,,,,,,
41987.4,50700,51300,50100,49500,49900,70000,1.2e+06,1.2e+06,1.2e+06,1.2e+06,1.596e+06,1.596e+06,,4924594.505,,,,,,,,,,1,1,12,1,100,0
42202.3,,,,,,,,,,,,,,,,,,,,,,25263,,,,,,,
42703.3,,,,,,,,,,,,,,,,,,,,,,25564,,,,,,,
42986.7,50500,51300,50100,49100,49900,70000,1.2e+06,1.2e+06,1.2e+06,1.2e+06,1.596e+06,1.596e+06,,4924601.645,,,,,,,,,,1.0101,0,6.93069,6.93069,100,0
43204.4,,,,,,,,,,,,,,,,,,,,,,25865,,,,,,,
43703.8,,,,,,,,,,,,,,,,,,,,,,26165,,,,,,,
43987.3,50700,51300,50300,49100,50100,70000,1.2e+06,1.2e+06,1.2e+06,1.2e+06,1.596e+06,1.596e+06,,4924608.692,,,,,,,,,,1.0101,0,6.06061,7,100,0
44204.9,,,,,,,,,,,,,,,,,,,,,,26466,,,,,,,
44706,,,,,,,,,,,,,,,,,,,,,,26767,,,,,,,
44987.6,50300,51100,50100,49100,49700,70000,1.2e+06,1.2e+06,1.2e+06,1.2e+06,1.596e+06,1.596e+06,,4924615.830,,,,,,,,,,4.85437,1,8,5,100,0
45207.1,,,,,,,,,,,,,,,,,,,,,,27068,,,,,,,
45708,,,,,,,,,,,,,,,,,,,,,,27369,,,,,,,
45987.6,50700,51300,50300,49300,49900,70000,1.2e+06,1.2e+06,1.2e+06,1.2e+06,1.596e+06,1.596e+06,,4924622.952,,,,,,,,,,1.0101,0,9.09091,4,100,0
46209.1,,,,,,,,,,,,,,,,,,,,,,27670,,,,,,,
46709.9,,,,,,,,,,,,,,,,,,,,,,27971,,,,,,,
46987.5,50300,51100,50300,49100,49900,70000,1.2e+06,1.2e+06,1.2e+06,1.2e+06,1.596e+06,1.596e+06,,4924630.011,,,,,,,,,,1.9802,1,11.8812,2.0202,100,0
47211.1,,,,,,,,,,,,,,,,,,,,,,28272,,,,,,,
47712,,,,,,,,,,,,,,,,,,,,,,28573,,,,,,,
47987.4,50500,51100,49900,49100,49900,70000,1.2e+06,1.2e+06,1.2e+06,1.2e+06,1.596e+06,1.596e+06,,4924637.132,,,,,,,,,,1.0101,6,1,6.93069,100,0
48213,,,,,,,,,,,,,,,,,,,,,,28874,,,,,,,
48713.8,,,,,,,,,,,,,,,,,,,,,,29175,,,,,,,
48987.2,50300,51100,50100,49300,49900,70000,1.2e+06,1.2e+06,1.2e+06,1.2e+06,1.596e+06,1.596e+06,,4924644.335,,,,,,,,,,3.9604,4.0404,0,4.08163,100,0
49214.8,,,,,,,,,,,,,,,,,,,,,,29476,,,,,,,
49715.8,,,,,,,,,,,,,,,,,,,,,,29777,,,,,,,
49987.4,50700,51300,50300,49300,49900,70000,1.2e+06,1.2e+06,1.2e+06,1.2e+06,1.596e+06,1.596e+06,,4924651.451,,,,,,,,,,2,0,1,13.8614,100,0
50216.8,,,,,,,,,,,,,,,,,,,,,,30078,,,,,,,
50717.8,,,,,,,,,,,,,,,,,,,,,,30379,,,,,,,
50987.4,50700,51100,50300,49300,49900,70000,1.2e+06,1.2e+06,1.2e+06,1.2e+06,1.596e+06,1.596e+06,24.954,4924658.666,,,,,,,,,,4.0404,2.9703,7,1,100,0
51218.9,,,,,,,,,,,,,,,,,,,,,,30680,,,,,,,
51719.9,,,,,,,,,,,,,,,,,,,,,,30981,,,,,,,
51987.2,50500,51300,50300,49100,49500,70000,1.2e+06,1.2e+06,1.2e+06,1.2e+06,1.596e+06,1.596e+06,,4924665.723,,,,,,,,,,3.9604,4.0404,4.9505,6,100,0
52221,,,,,,,,,,,,,,,,,,,,,,31282,,,,,,,
52722,,,,,,,,,,,,,,,,,,,,,,31583,,,,,,,
52987.4,50500,51300,50100,49100,49900,70000,1.2e+06,1.2e+06,1.2e+06,1.2e+06,1.596e+06,1.596e+06,,4924671.046,,,,,,,,,,1.0101,0,6.93069,6.93069,100,0
53223.1,,,,,,,,,,,,,,,,,,,,,,31884,,,,,,,
53724,,,,,,,,,,,,,,,,,,,,,,32185,,,,,,,
53987.5,50300,51300,50100,49300,49900,70000,1.2e+06,1.2e+06,1.2e+06,1.2e+06,1.596e+06,1.596e+06,,4924678.143,,,,,,,,,,2,0,12,0,100,0
54225,,,,,,,,,,,,,,,,,,,,,,32486,,,,,,,
54725.9,,,,,,,,,,,,,,,,,,,,,,32787,,,,,,,
54987,50300,51100,50100,49100,49900,70000,1.2e+06,1.2e+06,1.2e+06,1.2e+06,1.596e+06,1.596e+06,,4924685.289,,,,,,,,,,0,0,7.21649,5,100,0
55227,,,,,,,,,,,,,,,,,,,,,,33088,,,,,,,
55727.9,,,,,,,,,,,,,,,,,,,,,,33389,,,,,,,
55986.8,50300,51300,50100,49100,49900,70000,1.2e+06,1.2e+06,1.2e+06,1.2e+06,1.596e+06,1.596e+06,,4924692.365,,,,,,,,,,2,1,7.07071,6,100,0
56228.9,,,,,,,,,,,,,,,,,,,,,,33690,,,,,,,
56729.8,,,,,,,,,,,,,,,,,,,,,,33991,,,,,,,
56986.7,50300,51100,50100,49300,49900,70000,1.2e+06,1.2e+06,1.2e+06,1.2e+06,1.596e+06,1.596e+06,,4924699.507,,,,,,,,,,2,0,15.6863,0,100,0
57230.9,,,,,,,,,,,,,,,,,,,,,,34292,,,,,,,
57731.9,,,,,,,,,,,,,,,,,,,,,,34593,,,,,,,
57986.8,50500,51100,50100,49100,49700,70000,1.2e+06,1.2e+06,1.2e+06,1.2e+06,1.596e+06,1.596e+06,,4924706.624,,,,,,,,,,1,1,15.3846,0,100,0
58233,,,,,,,,,,,,,,,,,,,,,,34894,,,,,,,
58734.1,,,,,,,,,,,,,,,,,,,,,,35195,,,,,,,
58986.9,50300,51100,50100,49100,49900,70000,1.2e+06,1.2e+06,1.2e+06,1.2e+06,1.596e+06,1.596e+06,,4924713.636,,,,,,,,,,1,6.93069,0,6,100,0
59235.2,,,,,,,,,,,,,,,,,,,,,,35496,,,,,,,
59736.1,,,,,,,,,,,,,,,,,,,,,,35797,,,,,,,
59987.1,50500,51300,49900,48900,49900,70000,1.2e+06,1.2e+06,1.2e+06,1.2e+06,1.596e+06,1.596e+06,,4924720.816,,,,,,,,,,1.9802,5.05051,1,6.06061,100,0
60237.2,,,,,,,,,,,,,,,,,,,,,,36098,,,,,,,
60738.1,,,,,,,,,,,,,,,,,,,,,,36399,,,,,,,
60987,50500,51100,50300,48900,49700,70000,1.2e+06,1.2e+06,1.2e+06,1.2e+06,1.596e+06,1.596e+06,24.954,4924727.950,,,,,,,,,,1.0101,0,1.9802,13.7255,100,0
61239.1,,,,,,,,,,,,,,,,,,,,,,36700,,,,,,,
61740,,,,,,,,,,,,,,,,,,,,,,37001,,,,,,,
61986.9,50500,50900,50100,49100,49700,70000,1.2e+06,1.2e+06,1.2e+06,1.2e+06,1.596e+06,1.596e+06,,4924735.044,,,,,,,,,,7.84314,0,1.0101,7.07071,100,0
62241,,,,,,,,,,,,,,,,,,,,,,37302,,,,,,,
62741.9,,,,,,,,,,,,,,,,,,,,,,37603,,,,,,,
62986.9,50500,51100,50100,49300,49700,70000,1.2e+06,1.2e+06,1.2e+06,1.2e+06,1.596e+06,1.596e+06,,4924742.156,,,,,,,,,,0,0,0,12.1212,100,0
63243,,,,,,,,,,,,,,,,,,,,,,37904,,,,,,,
63743.9,,,,,,,,,,,,,,,,,,,,,,38205,,,,,,,
63986.8,50500,50900,49900,49100,49500,70000,1.2e+06,1.2e+06,1.2e+06,1.2e+06,1.596e+06,1.596e+06,,4924749.273,,,,,,,,,,2,0,6.93069,9.09091,100,0
64244.9,,,,,,,,,,,,,,,,,,,,,,38506,,,,,,,
64746,,,,,,,,,,,,,,,,,,,,,,38807,,,,,,,
64986.9,50300,51100,49900,49100,49700,70000,1.2e+06,1.2e+06,1.2e+06,1.2e+06,1.596e+06,1.596e+06,,4924756.419,,,,,,,,,,6.18557,0,4.9505,1,100,0
65247.2,,,,,,,,,,,,,,,,,,,,,,39108,,,,,,,
65748.2,,,,,,,,,,,,,,,,,,,,,,39409,,,,,,,
65987.1,50300,50900,50100,48900,49500,70000,1.2e+06,1.2e+06,1.2e+06,1.2e+06,1.596e+06,1.596e+06,,4924763.444,,,,,,,,,,7.92079,0,0,6.93069,100,0
66249.3,,,,,,,,,,,,,,,,,,,,,,39710,,,,,,,
66750.4,,,,,,,,,,,,,,,,,,,,,,40011,,,,,,,
66987.4,50300,51100,50100,49100,49900,70000,1.2e+06,1.2e+06,1.2e+06,1.2e+06,1.596e+06,1.596e+06,,4924770.549,,,,,,,,,,4.08163,0.990099,0.990099,10.101,100,0
67249.8,,,,,,,,,,,,,,,,,,,,,,40311,,,,,,,
67750.8,,,,,,,,,,,,,,,,,,,,,,40612,,,,,,,
67987.7,50100,50900,49900,49100,49500,70000,1.2e+06,1.2e+06,1.2e+06,1.2e+06,1.596e+06,1.596e+06,,4924777.679,,,,,,,,,,6,1.96078,6.93069,1.9802,100,0
68251.8,,,,,,,,,,,,,,,,,,,,,,40913,,,,,,,
68752.6,,,,,,,,,,,,,,,,,,,,,,41214,,,,,,,
68986.8,50300,51100,50100,49100,49700,70000,1.2e+06,1.2e+06,1.2e+06,1.2e+06,1.596e+06,1.596e+06,,4924784.856,,,,,,,,,,6,0,7,6.93069,100,0
69251.8,,,,,,,,,,,,,,,,,,,,,,41514,,,,,,,
69752.6,,,,,,,,,,,,,,,,,,,,,,41815,,,,,,,
69986.7,50300,50900,49900,49100,49500,70000,1.2e+06,1.2e+06,1.2e+06,1.2e+06,1.596e+06,1.596e+06,,4924791.903,,,,,,,,,,7,0,0,4.08163,100,0.990099
70251.8,,,,,,,,,,,,,,,,,,,,,,42115,,,,,,,
70752.5,,,,,,,,,,,,,,,,,,,,,,42416,,,,,,,
70986.9,50100,51100,50100,49100,49900,70000,1.2e+06,1.2e+06,1.2e+06,1.2e+06,1.596e+06,1.596e+06,24.954,4924799.056,,,,,,,,,,7,0,1,8.73786,100,0
71253.3,,,,,,,,,,,,,,,,,,,,,,42717,,,,,,,
71754.1,,,,,,,,,,,,,,,,,,,,,,43018,,,,,,,
71987.3,49900,51100,49700,49100,49300,70000,1.2e+06,1.2e+06,1.2e+06,1.2e+06,1.596e+06,1.596e+06,,4924806.186,,,,,,,,,,1,0.990099,0.990099,11.1111,100,0
72255,,,,,,,,,,,,,,,,,,,,,,43319,,,,,,,
72755.9,,,,,,,,,,,,,,,,,,,,,,43620,,,,,,,
72987.2,50300,51300,49900,48700,49500,70000,1.2e+06,1.2e+06,1.2e+06,1.2e+06,1.596e+06,1.596e+06,,4924813.241,,,,,,,,,,1,1,0,15,100,0
73256.9,,,,,,,,,,,,,,,,,,,,,,43921,,,,,,,
73757.7,,,,,,,,,,,,,,,,,,,,,,44222,,,,,,,
73987,50300,50900,50100,49100,49500,70000,1.2e+06,1.2e+06,1.2e+06,1.2e+06,1.596e+06,1.596e+06,,4924820.360,,,,,,,,,,1,0,0,12,100,0.990099
74256.9,,,,,,,,,,,,,,,,,,,,,,44522,,,,,,,
74757.8,,,,,,,,,,,,,,,,,,,,,,44823,,,,,,,
74987.1,50300,51100,49900,49100,49500,70000,1.2e+06,1.2e+06,1.2e+06,1.2e+06,1.596e+06,1.596e+06,,4924827.441,,,,,,,,,,6.06061,0,0,7.92079,100,0
75258.7,,,,,,,,,,,,,,,,,,,,,,45124,,,,,,,
75757.9,,,,,,,,,,,,,,,,,,,,,,45424,,,,,,,
75987,50300,51100,50100,49100,49900,70000,1.2e+06,1.2e+06,1.2e+06,1.2e+06,1.596e+06,1.596e+06,,4924834.572,,,,,,,,,,1,0,1,14.8515,100,0
76258.7,,,,,,,,,,,,,,,,,,,,,,45725,,,,,,,
76759.5,,,,,,,,,,,,,,,,,,,,,,46026,,,,,,,
76987.6,50300,50700,49900,48900,49500,70000,1.2e+06,1.2e+06,1.2e+06,1.2e+06,1.596e+06,1.596e+06,,4924841.706,,,,,,,,,,1,0,6,7,100,0
77258.7,,,,,,,,,,,,,,,,,,,,,,46326,,,,,,,
77759.5,,,,,,,,,,,,,,,,,,,,,,46627,,,,,,,
77987.7,50300,50700,49900,48700,49900,70000,1.2e+06,1.2e+06,1.2e+06,1.2e+06,1.596e+06,1.596e+06,,4924848.835,,,,,,,,,,1,0,6.06061,6.93069,100,0
78260.4,,,,,,,,,,,,,,,,,,,,,,46928,,,,,,,
78761.2,,,,,,,,,,,,,,,,,,,,,,47229,,,,,,,
78987.6,50500,51100,49900,49100,49500,70000,1.2e+06,1.2e+06,1.2e+06,1.2e+06,1.596e+06,1.596e+06,,4924855.988,,,,,,,,,,2,6,2.9703,6.06061,100,0
79262.2,,,,,,,,,,,,,,,,,,,,,,47530,,,,,,,
79763.2,,,,,,,,,,,,,,,,,,,,,,47831,,,,,,,
79987.5,50300,51100,49900,49100,49500,70000,1.2e+06,1.2e+06,1.2e+06,1.2e+06,1.596e+06,1.596e+06,,4924863.085,,,,,,,,,,8.16327,0.990099,7.07071,0,100,0
80264.2,,,,,,,,,,,,,,,,,,,,,,48132,,,,,,,
80765.2,,,,,,,,,,,,,,,,,,,,,,48433,,,,,,,
80987.4,50100,51100,49700,48700,49500,70000,1.2e+06,1.2e+06,1.2e+06,1.2e+06,1.596e+06,1.596e+06,24.943,4924870.196,,,,,,,,,,2.9703,0,5.05051,6,100,0
81266.2,,,,,,,,,,,,,,,,,,,,,,48734,,,,,,,
81766.9,,,,,,,,,,,,,,,,,,,,,,49035,,,,,,,
81987,50300,50900,49900,49100,49500,70000,1.2e+06,1.2e+06,1.2e+06,1.2e+06,1.596e+06,1.596e+06,,4924877.302,,,,,,,,,,13.7255,0,1,0,100,0
82267.7,,,,,,,,,,,,,,,,,,,,,,49336,,,,,,,
82766.9,,,,,,,,,,,,,,,,,,,,,,49636,,,,,,,
82987.1,50300,51100,50100,48900,49900,70000,1.2e+06,1.2e+06,1.2e+06,1.2e+06,1.596e+06,1.596e+06,,4924884.370,,,,,,,,,,4.16667,0,0,7,100,0
83267.8,,,,,,,,,,,,,,,,,,,,,,49937,,,,,,,
83768.5,,,,,,,,,,,,,,,,,,,,,,50238,,,,,,,
83986.7,50300,50900,49900,48900,49500,70000,1.2e+06,1.2e+06,1.2e+06,1.2e+06,1.596e+06,1.596e+06,,4924891.568,,,,,,,,,,8.82353,0,0,8.91089,100,0
84269.3,,,,,,,,,,,,,,,,,,,,,,50539,,,,,,,
84770.1,,,,,,,,,,,,,,,,,,,,,,50840,,,,,,,
84987.4,49900,50900,49900,48900,49500,70000,1.2e+06,1.2e+06,1.2e+06,1.2e+06,1.596e+06,1.596e+06,,4924898.629,,,,,,,,,,7,0.990099,0,9,100,0
85271.1,,,,,,,,,,,,,,,,,,,,,,51141,,,,,,,
85772,,,,,,,,,,,,,,,,,,,,,,51442,,,,,,,
85987.1,50500,51100,50100,49100,49900,70000,1.2e+06,1.2e+06,1.2e+06,1.2e+06,1.596e+06,1.596e+06,,4924905.685,,,,,,,,,,0.990099,0,1.9802,12,100,0
86273,,,,,,,,,,,,,,,,,,,,,,51743,,,,,,,
86773.8,,,,,,,,,,,,,,,,,,,,,,52044,,,,,,,
86987,49900,50700,49500,48700,49500,70000,1.2e+06,1.2e+06,1.2e+06,1.2e+06,1.596e+06,1.596e+06,,4924912.793,,,,,,,,,,0,0,1,10.2041,100,0.990099
87274.8,,,,,,,,,,,,,,,,,,,,,,52345,,,,,,,
87775.6,,,,,,,,,,,,,,,,,,,,,,52646,,,,,,,
87986.9,50300,50900,49700,48700,49500,70000,1.2e+06,1.2e+06,1.2e+06,1.2e+06,1.596e+06,1.596e+06,,4924919.942,,,,,,,,,,7,0.990099,1,8,100,0
88274.8,,,,,,,,,,,,,,,,,,,,,,52946,,,,,,,
88775.6,,,,,,,,,,,,,,,,,,,,,,53247,,,,,,,
88986.9,50300,50700,49900,48700,49300,70000,1.2e+06,1.2e+06,1.2e+06,1.2e+06,1.596e+06,1.596e+06,,4924927.110,,,,,,,,,,5.88235,0,5.94059,4.0404,100,0
89274.8,,,,,,,,,,,,,,,,,,,,,,53547,,,,,,,
89775.6,,,,,,,,,,,,,,,,,,,,,,53848,,,,,,,
89986.8,50300,50900,49700,48900,49500,70000,1.2e+06,1.2e+06,1.2e+06,1.2e+06,1.596e+06,1.596e+06,,4924934.218,,,,,,,,,,5.05051,5.05051,0,6.06061,100,0
90274.9,,,,,,,,,,,,,,,,,,,,,,54148,,,,,,,
90775.7,,,,,,,,,,,,,,,,,,,,,,54449,,,,,,,
90986.9,50100,50700,49900,48700,49500,70000,1.2e+06,1.2e+06,1.2e+06,1.2e+06,1.596e+06,1.596e+06,24.943,4924941.300,,,,,,,,,,5.10204,0,0.990099,6,100,0
91274.9,,,,,,,,,,,,,,,,,,,,,,54749,,,,,,,
91775.6,,,,,,,,,,,,,,,,,,,,,,55050,,,,,,,
91987.7,50300,51100,49900,48900,49500,70000,1.2e+06,1.2e+06,1.2e+06,1.2e+06,1.596e+06,1.596e+06,,4924946.703,,,,,,,,,,1.9802,5.94059,5.05051,0,100,0
92276.4,,,,,,,,,,,,,,,,,,,,,,55351,,,,,,,
92777.2,,,,,,,,,,,,,,,,,,,,,,55652,,,,,,,
92987.5,50100,51100,50100,48900,49500,70000,1.2e+06,1.2e+06,1.2e+06,1.2e+06,1.596e+06,1.596e+06,,4924953.771,,,,,,,,,,1.0101,0,3.92157,12,100,0
93278.1,,,,,,,,,,,,,,,,,,,,,,55953,,,,,,,
93778.9,,,,,,,,,,,,,,,,,,,,,,56254,,,,,,,
93987,50300,50900,49700,48700,49500,70000,1.2e+06,1.2e+06,1.2e+06,1.2e+06,1.596e+06,1.596e+06,,4924960.915,,,,,,,,,,6.93069,0,1,8.91089,100,0
94279.9,,,,,,,,,,,,,,,,,,,,,,56555,,,,,,,
94780.8,,,,,,,,,,,,,,,,,,,,,,56856,,,,,,,
94987.1,50100,50900,49700,48700,49500,70000,1.2e+06,1.2e+06,1.2e+06,1.2e+06,1.596e+06,1.596e+06,,4924967.945,,,,,,,,,,0,0,0.990099,14,100,0
95281.8,,,,,,,,,,,,,,,,,,,,,,57157,,,,,,,
95782.6,,,,,,,,,,,,,,,,,,,,,,57458,,,,,,,
95986.7,50100,50900,49700,48700,49500,70000,1.2e+06,1.2e+06,1.2e+06,1.2e+06,1.596e+06,1.596e+06,,4924975.106,,,,,,,,,,12.8713,1,0,4,100,0
96281.8,,,,,,,,,,,,,,,,,,,,,,57758,,,,,,,
96782.5,,,,,,,,,,,,,,,,,,,,,,58059,,,,,,,
96987.6,50100,50700,49900,48900,49500,70000,1.2e+06,1.2e+06,1.2e+06,1.2e+06,1.596e+06,1.596e+06,,4924982.316,,,,,,,,,,2,5,7,1,100,0
97283.4,,,,,,,,,,,,,,,,,,,,,,58360,,,,,,,
97784.1,,,,,,,,,,,,,,,,,,,,,,58661,,,,,,,
97987.2,50300,50700,49700,48700,49300,70000,1.2e+06,1.2e+06,1.2e+06,1.2e+06,1.596e+06,1.596e+06,,4924989.355,,,,,,,,,,1,0.990099,6.93069,6,100,0
98284.9,,,,,,,,,,,,,,,,,,,,,,58962,,,,,,,
98785.6,,,,,,,,,,,,,,,,,,,,,,59263,,,,,,,
98987,50300,50900,49700,48700,49500,70000,1.2e+06,1.2e+06,1.2e+06,1.2e+06,1.596e+06,1.596e+06,,4924996.480,,,,,,,,,,2.04082,1,6,6,100,0
99284.8,,,,,,,,,,,,,,,,,,,,,,59563,,,,,,,
99785.6,,,,,,,,,,,,,,,,,,,,,,59864,,,,,,,
99986.9,49900,50700,49700,48500,49500,70000,1.2e+06,1.2e+06,1.2e+06,1.2e+06,1.596e+06,1.596e+06,,4925003.538,,,,,,,,,,12,1,1,0,100,0
100285,,,,,,,,,,,,,,,,,,,,,,60164,,,,,,,
100786,,,,,,,,,,,,,,,,,,,,,,60465,,,,,,,
100987,50300,50700,49900,48700,49500,70000,1.2e+06,1.2e+06,1.2e+06,1.2e+06,1.596e+06,1.596e+06,24.943,4925010.664,,,,,,,,,,13,0,4,0,100,0
101285,,,,,,,,,,,,,,,,,,,,,,60765,,,,,,,
101786,,,,,,,,,,,,,,,,,,,,,,61066,,,,,,,
101987,49900,50900,49700,48900,49300,70000,1.2e+06,1.2e+06,1.2e+06,1.2e+06,1.596e+06,1.596e+06,,4925017.787,,,,,,,,,,7.92079,1,0,7.92079,100,0
102287,,,,,,,,,,,,,,,,,,,,,,61367,,,,,,,
102788,,,,,,,,,,,,,,,,,,,,,,61668,,,,,,,
102987,49900,50700,49500,48500,49100,70000,1.2e+06,1.2e+06,1.2e+06,1.2e+06,1.596e+06,1.596e+06,,4925024.877,,,,,,,,,,2,0,6,6,100,0
103287,,,,,,,,,,,,,,,,,,,,,,61968,,,,,,,
103788,,,,,,,,,,,,,,,,,,,,,,62269,,,,,,,
103987,49900,50700,49700,48700,49300,70000,1.2e+06,1.2e+06,1.2e+06,1.2e+06,1.596e+06,1.596e+06,,4925031.968,,,,,,,,,,6.12245,0,0.990099,9,100,0.990099
104287,,,,,,,,,,,,,,,,,,,,,,62569,,,,,,,
104788,,,,,,,,,,,,,,,,,,,,,,62870,,,,,,,
104987,49900,50700,49900,48700,49500,70000,1.2e+06,1.2e+06,1.2e+06,1.2e+06,1.596e+06,1.596e+06,,4925039.058,,,,,,,,,,1,0,1,16.3462,100,1
105287,,,,,,,,,,,,,,,,,,,,,,63170,,,,,,,
105788,,,,,,,,,,,,,,,,,,,,,,63471,,,,,,,
105988,49900,50500,49500,48500,49300,70000,1.2e+06,1.2e+06,1.2e+06,1.2e+06,1.596e+06,1.596e+06,,4925046.110,,,,,,,,,,2,0,0.990099,14,100,0
106288,,,,,,,,,,,,,,,,,,,,,,63772,,,,,,,
106789,,,,,,,,,,,,,,,,,,,,,,64073,,,,,,,
106987,49700,50500,49500,48300,49100,70000,1.2e+06,1.2e+06,1.2e+06,1.2e+06,1.596e+06,1.596e+06,,4925053.219,,,,,,,,,,2,0,0,12.8713,100,0
107290,,,,,,,,,,,,,,,,,,,,,,64374,,,,,,,
107791,,,,,,,,,,,,,,,,,,,,,,64675,,,,,,,
107987,49900,50700,49500,48700,49100,70000,1.2e+06,1.2e+06,1.2e+06,1.2e+06,1.596e+06,1.596e+06,,4925060.354,,,,,,,,,,1,0,0,12.8713,100,0
108292,,,,,,,,,,,,,,,,,,,,,,64976,,,,,,,
108793,,,,,,,,,,,,,,,,,,,,,,65277,,,,,,,
108987,50300,50700,49900,48700,49500,70000,1.2e+06,1.2e+06,1.2e+06,1.2e+06,1.596e+06,1.596e+06,,4925067.401,,,,,,,,,,4.0404,0,0,12,100,0
109294,,,,,,,,,,,,,,,,,,,,,,65578,,,,,,,
109795,,,,,,,,,,,,,,,,,,,,,,65879,,,,,,,
109987,49900,50700,49500,48300,49300,70000,1.2e+06,1.2e+06,1.2e+06,1.2e+06,1.596e+06,1.596e+06,,4925074.574,,,,,,,,,,4,1,0,12,100,0
110294,,,,,,,,,,,,,,,,,,,,,,66179,,,,,,,
110795,,,,,,,,,,,,,,,,,,,,,,66480,,,,,,,
110988,49900,50500,49500,48500,49300,70000,1.2e+06,1.2e+06,1.2e+06,1.2e+06,1.596e+06,1.596e+06,24.933,4925081.719,,,,,,,,,,6,0,5,2,100,0
111294,,,,,,,,,,,,,,,,,,,,,,66780,,,,,,,
111795,,,,,,,,,,,,,,,,,,,,,,67081,,,,,,,
111987,49900,50500,49500,48700,49300,70000,1.2e+06,1.2e+06,1.2e+06,1.2e+06,1.596e+06,1.596e+06,,4925088.765,,,,,,,,,,6.12245,0,5.05051,0,100,0
112294,,,,,,,,,,,,,,,,,,,,,,67381,,,,,,,
112794,,,,,,,,,,,,,,,,,,,,,,67682,,,,,,,
112987,50300,50500,49500,48700,49300,70000,1.2e+06,1.2e+06,1.2e+06,1.2e+06,1.596e+06,1.596e+06,,4925095.886,,,,,,,,,,7.92079,2.91262,0,7.07071,100,0
113295,,,,,,,,,,,,,,,,,,,,,,67983,,,,,,,
113796,,,,,,,,,,,,,,,,,,,,,,68284,,,,,,,
113987,49900,50500,49500,48500,49300,70000,1.2e+06,1.2e+06,1.2e+06,1.2e+06,1.596e+06,1.596e+06,,4925102.962,,,,,,,,,,3,5.94059,0,6.06061,100,0
114297,,,,,,,,,,,,,,,,,,,,,,68585,,,,,,,
114798,,,,,,,,,,,,,,,,,,,,,,68886,,,,,,,
114987,49900,50900,49700,48700,49100,70000,1.2e+06,1.2e+06,1.2e+06,1.2e+06,1.596e+06,1.596e+06,,4925110.108,,,,,,,,,,1,0,0,14.8515,100,0
115299,,,,,,,,,,,,,,,,,,,,,,69187,,,,,,,
115800,,,,,,,,,,,,,,,,,,,,,,69488,,,,,,,
115987,49900,50700,49700,48500,49100,70000,1.2e+06,1.2e+06,1.2e+06,1.2e+06,1.596e+06,1.596e+06,,4925117.231,,,,,,,,,,0,1.9802,0,11.1111,100,0
116301,,,,,,,,,,,,,,,,,,,,,,69789,,,,,,,
116800,,,,,,,,,,,,,,,,,,,,,,70089,,,,,,,
116987,49900,50500,49500,48700,49100,70000,1.2e+06,1.2e+06,1.2e+06,1.2e+06,1.596e+06,1.596e+06,,4925124.234,,,,,,,,,,1.9802,0,0,11.1111,100,0
117301,,,,,,,,,,,,,,,,,,,,,,70390,,,,,,,
117801,,,,,,,,,,,,,,,,,,,,,,70691,,,,,,,
117988,49900,50700,49700,48500,49500,70000,1.2e+06,1.2e+06,1.2e+06,1.2e+06,1.596e+06,1.596e+06,,4925131.365,,,,,,,,,,1.9802,1.9802,1,16.5049,100,0
118302,,,,,,,,,,,,,,,,,,,,,,70992,,,,,,,
118803,,,,,,,,,,,,,,,,,,,,,,71293,,,,,,,
118987,49900,50700,49500,48500,49300,70000,1.2e+06,1.2e+06,1.2e+06,1.2e+06,1.596e+06,1.596e+06,,4925138.445,,,,,,,,,,6.06061,0,0,6.06061,100,0
119304,,,,,,,,,,,,,,,,,,,,,,71594,,,,,,,
119805,,,,,,,,,,,,,,,,,,,,,,71895,,,,,,,
119987,49900,50700,49700,48700,49300,70000,1.2e+06,1.2e+06,1.2e+06,1.2e+06,1.596e+06,1.596e+06,,4925145.613,,,,,,,,,,0,0,1,14.8515,100,0
120304,,,,,,,,,,,,,,,,,,,,,,72195,,,,,,,
120805,,,,,,,,,,,,,,,,,,,,,,72496,,,,,,,
120987,50100,50900,49500,48700,49500,70000,1.2e+06,1.2e+06,1.2e+06,1.2e+06,1.596e+06,1.596e+06,24.943,4925152.655,,,,,,,,,,3,0,2.94118,8.16327,100,0
121306,,,,,,,,,,,,,,,,,,,,,,72797,,,,,,,
121805,,,,,,,,,,,,,,,,,,,,,,73097,,,,,,,
121988,50100,50700,49700,48900,49300,70000,1.2e+06,1.2e+06,1.2e+06,1.2e+06,1.596e+06,1.596e+06,,4925159.792,,,,,,,,,,1.9802,2.0202,1.9802,11.8812,100,0
122306,,,,,,,,,,,,,,,,,,,,,,73398,,,,,,,
122807,,,,,,,,,,,,,,,,,,,,,,73699,,,,,,,
122987,49900,50900,49500,48700,49500,70000,1.2e+06,1.2e+06,1.2e+06,1.2e+06,1.596e+06,1.596e+06,,4925166.825,,,,,,,,,,1.0101,0,6.06061,7,100,0.990099
123306,,,,,,,,,,,,,,,,,,,,,,73999,,,,,,,
123807,,,,,,,,,,,,,,,,,,,,,,74300,,,,,,,
123987,49900,50500,49500,48300,49100,70000,1.2e+06,1.2e+06,1.2e+06,1.2e+06,1.596e+06,1.596e+06,,4925173.905,,,,,,,,,,0,10.101,0,1,100,0
124306,,,,,,,,,,,,,,,,,,,,,,74600,,,,,,,
124807,,,,,,,,,,,,,,,,,,,,,,74901,,,,,,,
124987,49900,50900,49500,48300,49300,70000,1.2e+06,1.2e+06,1.2e+06,1.2e+06,1.596e+06,1.596e+06,,4925180.953,,,,,,,,,,1,6.06061,6.93069,3,100,0
125306,,,,,,,,,,,,,,,,,,,,,,75201,,,,,,,
125807,,,,,,,,,,,,,,,,,,,,,,75502,,,,,,,
125987,49900,50700,49500,48500,49300,70000,1.2e+06,1.2e+06,1.2e+06,1.2e+06,1.596e+06,1.596e+06,,4925188.152,,,,,,,,,,2.9703,0,6,6.12245,100,0
126306,,,,,,,,,,,,,,,,,,,,,,75802,,,,,,,
126807,,,,,,,,,,,,,,,,,,,,,,76103,,,,,,,
126987,49900,50500,49700,48700,49300,70000,1.2e+06,1.2e+06,1.2e+06,1.2e+06,1.596e+06,1.596e+06,,4925195.245,,,,,,,,,,1,0.990099,6,8.91089,100,0
127306,,,,,,,,,,,,,,,,,,,,,,76403,,,,,,,
127807,,,,,,,,,,,,,,,,,,,,,,76704,,,,,,,
127987,49900,50700,49500,48700,49500,70000,1.2e+06,1.2e+06,1.2e+06,1.2e+06,1.596e+06,1.596e+06,,4925202.293,,,,,,,,,,0,6.93069,6,2,100,0
128306,,,,,,,,,,,,,,,,,,,,,,77004,,,,,,,
128807,,,,,,,,,,,,,,,,,,,,,,77305,,,,,,,
128987,49700,50500,49700,48300,49100,70000,1.2e+06,1.2e+06,1.2e+06,1.2e+06,1.596e+06,1.596e+06,,4925209.400,,,,,,,,,,2.0202,3,4.0404,4.08163,100,0
129308,,,,,,,,,,,,,,,,,,,,,,77606,,,,,,,
129809,,,,,,,,,,,,,,,,,,,,,,77907,,,,,,,
129987,49900,50700,49500,48300,49100,70000,1.2e+06,1.2e+06,1.2e+06,1.2e+06,1.596e+06,1.596e+06,,4925216.475,,,,,,,,,,13.1313,0,0.990099,0,100,0
130308,,,,,,,,,,,,,,,,,,,,,,78207,,,,,,,
130809,,,,,,,,,,,,,,,,,,,,,,78508,,,,,,,
130987,49900,50500,49500,48300,49100,70000,1.2e+06,1.2e+06,1.2e+06,1.2e+06,1.596e+06,1.596e+06,24.922,4925221.823,,,,,,,,,,14.8515,0,1,0.990099,100,0
131310,,,,,,,,,,,,,,,,,,,,,,78809,,,,,,,
131810,,,,,,,,,,,,,,,,,,,,,,79110,,,,,,,
131987,49900,50700,49700,48300,49100,70000,1.2e+06,1.2e+06,1.2e+06,1.2e+06,1.596e+06,1.596e+06,,4925228.941,,,,,,,,,,4,0,1.0101,11,100,0
132311,,,,,,,,,,,,,,,,,,,,,,79411,,,,,,,
132812,,,,,,,,,,,,,,,,,,,,,,79712,,,,,,,
132987,49900,50700,49300,48500,49100,70000,1.2e+06,1.2e+06,1.2e+06,1.2e+06,1.596e+06,1.596e+06,,4925236.088,,,,,,,,,,10.101,0,1,1.0101,100,0
133313,,,,,,,,,,,,,,,,,,,,,,80013,,,,,,,
133813,,,,,,,,,,,,,,,,,,,,,,80314,,,,,,,
133987,49900,50700,49500,48500,49300,70000,1.2e+06,1.2e+06,1.2e+06,1.2e+06,1.596e+06,1.596e+06,,4925243.156,,,,,,,,,,13,0,3.9604,1,100,0
134314,,,,,,,,,,,,,,,,,,,,,,80615,,,,,,,
134815,,,,,,,,,,,,,,,,,,,,,,80916,,,,,,,
134988,49900,50500,49500,48700,49300,70000,1.2e+06,1.2e+06,1.2e+06,1.2e+06,1.596e+06,1.596e+06,,4925250.288,,,,,,,,,,7.14286,0.990099,4,0,100,0.990099
135316,,,,,,,,,,,,,,,,,,,,,,81217,,,,,,,
135817,,,,,,,,,,,,,,,,,,,,,,81518,,,,,,,
135987,49900,50700,49500,48300,49300,70000,1.2e+06,1.2e+06,1.2e+06,1.2e+06,1.596e+06,1.596e+06,,4925257.361,,,,,,,,,,14.8515,2,0,2.94118,100,0
136316,,,,,,,,,,,,,,,,,,,,,,81818,,,,,,,
136817,,,,,,,,,,,,,,,,,,,,,,82119,,,,,,,
136987,49900,50700,49500,48500,49300,70000,1.2e+06,1.2e+06,1.2e+06,1.2e+06,1.596e+06,1.596e+06,,4925264.484,,,,,,,,,,6.06061,6.93069,0,1,100,0
137316,,,,,,,,,,,,,,,,,,,,,,82419,,,,,,,
137817,,,,,,,,,,,,,,,,,,,,,,82720,,,,,,,
137987,49900,50700,49700,48500,49100,70000,1.2e+06,1.2e+06,1.2e+06,1.2e+06,1.596e+06,1.596e+06,,4925271.504,,,,,,,,,,3,9.09091,0,1.0101,100,0
138316,,,,,,,,,,,,,,,,,,,,,,83020,,,,,,,
138817,,,,,,,,,,,,,,,,,,,,,,83321,,,,,,,
138987,49700,50500,49300,48300,49100,70000,1.2e+06,1.2e+06,1.2e+06,1.2e+06,1.596e+06,1.596e+06,,4925278.636,,,,,,,,,,2.94118,5.10204,0.990099,7.84314,100,0
139316,,,,,,,,,,,,,,,,,,,,,,83621,,,,,,,
139816,,,,,,,,,,,,,,,,,,,,,,83922,,,,,,,
139987,49900,50500,49500,48300,49100,70000,1.2e+06,1.2e+06,1.2e+06,1.2e+06,1.596e+06,1.596e+06,,4925285.749,,,,,,,,,,1.0101,6.93069,0,8.08081,100,0
140317,,,,,,,,,,,,,,,,,,,,,,84223,,,,,,,
140818,,,,,,,,,,,,,,,,,,,,,,84524,,,,,,,
140987,49900,50700,49700,48500,49300,70000,1.2e+06,1.2e+06,1.2e+06,1.2e+06,1.596e+06,1.596e+06,24.933,4925292.796,,,,,,,,,,0,0.990099,3.0303,10.8911,100,0.990099
141319,,,,,,,,,,,,,,,,,,,,,,84825,,,,,,,
141820,,,,,,,,,,,,,,,,,,,,,,85126,,,,,,,
141987,49900,50500,49500,48300,49300,70000,1.2e+06,1.2e+06,1.2e+06,1.2e+06,1.596e+06,1.596e+06,,4925299.980,,,,,,,,,,1,11.1111,2,1,100,0
142321,,,,,,,,,,,,,,,,,,,,,,85427,,,,,,,
142820,,,,,,,,,,,,,,,,,,,,,,85727,,,,,,,
142987,49700,50500,49300,48500,49300,70000,1.2e+06,1.2e+06,1.2e+06,1.2e+06,1.596e+06,1.596e+06,,4925307.117,,,,,,,,,,1.0101,6,5.94059,0.990099,100,0
143321,,,,,,,,,,,,,,,,,,,,,,86028,,,,,,,
143820,,,,,,,,,,,,,,,,,,,,,,86328,,,,,,,
143988,49500,50500,49300,48500,48900,70000,1.2e+06,1.2e+06,1.2e+06,1.2e+06,1.596e+06,1.596e+06,,4925314.167,,,,,,,,,,1.9802,3.0303,5,7,100,0
144321,,,,,,,,,,,,,,,,,,,,,,86629,,,,,,,
144822,,,,,,,,,,,,,,,,,,,,,,86930,,,,,,,
144987,49900,50500,49300,48300,49100,70000,1.2e+06,1.2e+06,1.2e+06,1.2e+06,1.596e+06,1.596e+06,,4925321.270,,,,,,,,,,1.0101,13.8614,0,0,100,0
145321,,,,,,,,,,,,,,,,,,,,,,87230,,,,,,,
145822,,,,,,,,,,,,,,,,,,,,,,87531,,,,,,,
145987,49900,50500,49500,48500,49300,70000,1.2e+06,1.2e+06,1.2e+06,1.2e+06,1.596e+06,1.596e+06,,4925328.466,,,,,,,,,,0,11,3,0,100,0
146321,,,,,,,,,,,,,,,,,,,,,,87831,,,,,,,
146822,,,,,,,,,,,,,,,,,,,,,,88132,,,,,,,
146987,49700,50500,49500,48300,49100,70000,1.2e+06,1.2e+06,1.2e+06,1.2e+06,1.596e+06,1.596e+06,,4925335.499,,,,,,,,,,1.9802,6.12245,5.94059,0.990099,100,0
147322,,,,,,,,,,,,,,,,,,,,,,88433,,,,,,,
147823,,,,,,,,,,,,,,,,,,,,,,88734,,,,,,,
147987,49900,50500,49300,48500,49100,70000,1.2e+06,1.2e+06,1.2e+06,1.2e+06,1.596e+06,1.596e+06,,4925342.628,,,,,,,,,,1,6.93069,5.05051,1,100,0
148324,,,,,,,,,,,,,,,,,,,,,,89035,,,,,,,
148824,,,,,,,,,,,,,,,,,,,,,,89336,,,,,,,
148988,49900,50500,49500,48500,49100,70000,1.2e+06,1.2e+06,1.2e+06,1.2e+06,1.596e+06,1.596e+06,,4925349.672,,,,,,,,,,0,11.1111,0.990099,1.9802,100,0
149325,,,,,,,,,,,,,,,,,,,,,,89637,,,,,,,
149826,,,,,,,,,,,,,,,,,,,,,,89938,,,,,,,
149987,49900,50500,49300,48300,49300,70000,1.2e+06,1.2e+06,1.2e+06,1.2e+06,1.596e+06,1.596e+06,,4925356.794,,,,,,,,,,3,3.92157,10,0,100,0
150325,,,,,,,,,,,,,,,,,,,,,,90238,,,,,,,
150826,,,,,,,,,,,,,,,,,,,,,,90539,,,,,,,
150987,49500,50500,49700,48300,49300,70000,1.2e+06,1.2e+06,1.2e+06,1.2e+06,1.596e+06,1.596e+06,24.911,4925363.902,,,,,,,,,,5,0,1.0101,6.93069,100,0
151326,,,,,,,,,,,,,,,,,,,,,,90840,,,,,,,
151827,,,,,,,,,,,,,,,,,,,,,,91141,,,,,,,
151988,49900,50700,49500,48500,49100,70000,1.2e+06,1.2e+06,1.2e+06,1.2e+06,1.596e+06,1.596e+06,,4925371.000,,,,,,,,,,4,2,4.9505,6,100,0
152328,,,,,,,,,,,,,,,,,,,,,,91442,,,,,,,
152828,,,,,,,,,,,,,,,,,,,,,,91743,,,,,,,
152987,49900,50500,49500,48300,49100,70000,1.2e+06,1.2e+06,1.2e+06,1.2e+06,1.596e+06,1.596e+06,,4925378.110,,,,,,,,,,7.14286,7.92079,0,0,100,0
153329,,,,,,,,,,,,,,,,,,,,,,92044,,,,,,,
153830,,,,,,,,,,,,,,,,,,,,,,92345,,,,,,,
153987,49900,50500,49300,48100,48900,70000,1.2e+06,1.2e+06,1.2e+06,1.2e+06,1.596e+06,1.596e+06,,4925385.122,,,,,,,,,,8.82353,6,1,0,100,0
154331,,,,,,,,,,,,,,,,,,,,,,92646,,,,,,,
154831,,,,,,,,,,,,,,,,,,,,,,92947,,,,,,,
154987,50100,50500,49300,48300,49100,70000,1.2e+06,1.2e+06,1.2e+06,1.2e+06,1.596e+06,1.596e+06,,4925392.247,,,,,,,,,,2.9703,5.05051,1,5.94059,100,0
155332,,,,,,,,,,,,,,,,,,,,,,93248,,,,,,,
155833,,,,,,,,,,,,,,,,,,,,,,93549,,,,,,,
155988,49900,50500,49300,48500,49100,70000,1.2e+06,1.2e+06,1.2e+06,1.2e+06,1.596e+06,1.596e+06,,4925399.307,,,,,,,,,,1,12.8713,0,0,100,0
156334,,,,,,,,,,,,,,,,,,,,,,93850,,,,,,,
156835,,,,,,,,,,,,,,,,,,,,,,94151,,,,,,,
156987,49500,50300,49300,48300,49100,70000,1.2e+06,1.2e+06,1.2e+06,1.2e+06,1.596e+06,1.596e+06,,4925406.397,,,,,,,,,,2,7.92079,4,0,100,0
157334,,,,,,,,,,,,,,,,,,,,,,94451,,,,,,,
157835,,,,,,,,,,,,,,,,,,,,,,94752,,,,,,,
157987,49700,50500,49500,48100,49100,70000,1.2e+06,1.2e+06,1.2e+06,1.2e+06,1.596e+06,1.596e+06,,4925413.493,,,,,,,,,,1.0101,11.1111,0,1,100,0
158334,,,,,,,,,,,,,,,,,,,,,,95052,,,,,,,
158835,,,,,,,,,,,,,,,,,,,,,,95353,,,,,,,
158987,49700,50300,49500,48300,49300,70000,1.2e+06,1.2e+06,1.2e+06,1.2e+06,1.596e+06,1.596e+06,,4925420.558,,,,,,,,,,1,2,11.7647,0,100,1
159336,,,,,,,,,,,,,,,,,,,,,,95654,,,,,,,
159836,,,,,,,,,,,,,,,,,,,,,,95955,,,,,,,
159987,49500,50500,49500,48100,48900,70000,1.2e+06,1.2e+06,1.2e+06,1.2e+06,1.596e+06,1.596e+06,,4925427.593,,,,,,,,,,5.05051,0,1,9,100,0
160337,,,,,,,,,,,,,,,,,,,,,,96256,,,,,,,
160838,,,,,,,,,,,,,,,,,,,,,,96557,,,,,,,
160988,49900,50500,49700,48300,49300,70000,1.2e+06,1.2e+06,1.2e+06,1.2e+06,1.596e+06,1.596e+06,24.9,4925434.726,,,,,,,,,,8,6.93069,1.9802,0.990099,100,0
161338,,,,,,,,,,,,,,,,,,,,,,96858,,,,,,,
161839,,,,,,,,,,,,,,,,,,,,,,97159,,,,,,,
161987,49500,50500,49500,48300,49100,70000,1.2e+06,1.2e+06,1.2e+06,1.2e+06,1.596e+06,1.596e+06,,4925441.774,,,,,,,,,,7,1.0101,4.0404,1,100,0
162340,,,,,,,,,,,,,,,,,,,,,,97460,,,,,,,
162841,,,,,,,,,,,,,,,,,,,,,,97761,,,,,,,
162987,49900,50500,49700,48500,49100,70000,1.2e+06,1.2e+06,1.2e+06,1.2e+06,1.596e+06,1.596e+06,,4925448.769,,,,,,,,,,5,0,7,1,100,0
163340,,,,,,,,,,,,,,,,,,,,,,98061,,,,,,,
163841,,,,,,,,,,,,,,,,,,,,,,98362,,,,,,,
163987,49900,50500,49500,48300,48900,70000,1.2e+06,1.2e+06,1.2e+06,1.2e+06,1.596e+06,1.596e+06,,4925455.911,,,,,,,,,,2.94118,0,12,0,100,0
164340,,,,,,,,,,,,,,,,,,,,,,98662,,,,,,,
164841,,,,,,,,,,,,,,,,,,,,,,98963,,,,,,,
164988,49900,50500,49500,48500,49100,70000,1.2e+06,1.2e+06,1.2e+06,1.2e+06,1.596e+06,1.596e+06,,4925463.001,,,,,,,,,,2,0.990099,11,0,100,0.990099
165342,,,,,,,,,,,,,,,,,,,,,,99264,,,,,,,
165843,,,,,,,,,,,,,,,,,,,,,,99565,,,,,,,
165987,49900,50500,49500,48300,48900,70000,1.2e+06,1.2e+06,1.2e+06,1.2e+06,1.596e+06,1.596e+06,,4925470.072,,,,,,,,,,1.0101,8.82353,5.05051,0,100,0
166342,,,,,,,,,,,,,,,,,,,,,,99865,,,,,,,
166843,,,,,,,,,,,,,,,,,,,,,,100166,,,,,,,
166987,49500,50700,49300,48100,48900,70000,1.2e+06,1.2e+06,1.2e+06,1.2e+06,1.596e+06,1.596e+06,,4925477.163,,,,,,,,,,5.94059,0,6.93069,0.990099,100,0
167342,,,,,,,,,,,,,,,,,,,,,,100466,,,,,,,
167843,,,,,,,,,,,,,,,,,,,,,,100767,,,,,,,
167987,49700,50300,49300,48300,49100,70000,1.2e+06,1.2e+06,1.2e+06,1.2e+06,1.596e+06,1.596e+06,,4925484.309,,,,,,,,,,0,0.990099,6,7.84314,100,0
168343,,,,,,,,,,,,,,,,,,,,,,101068,,,,,,,
168844,,,,,,,,,,,,,,,,,,,,,,101369,,,,,,,
168987,49900,50500,49300,48300,49100,70000,1.2e+06,1.2e+06,1.2e+06,1.2e+06,1.596e+06,1.596e+06,,4925489.622,,,,,,,,,,1.0101,1,1,12,100,0
169345,,,,,,,,,,,,,,,,,,,,,,101670,,,,,,,
169846,,,,,,,,,,,,,,,,,,,,,,101971,,,,,,,
169988,49500,50500,49500,48300,48900,70000,1.2e+06,1.2e+06,1.2e+06,1.2e+06,1.596e+06,1.596e+06,,4925498.518,,,,,,,,,,1.9802,7.07071,8.73786,0,100,0
170345,,,,,,,,,,,,,,,,,,,,,,102271,,,,,,,
170846,,,,,,,,,,,,,,,,,,,,,,102572,,,,,,,
170988,49700,50300,49300,48300,49100,70000,1.2e+06,1.2e+06,1.2e+06,1.2e+06,1.596e+06,1.596e+06,24.879,4925503.808,,,,,,,,,,1,7.84314,6.06061,0,100,0
171345,,,,,,,,,,,,,,,,,,,,,,102872,,,,,,,
171846,,,,,,,,,,,,,,,,,,,,,,103173,,,,,,,
171987,49900,50300,49300,48300,49100,70000,1.2e+06,1.2e+06,1.2e+06,1.2e+06,1.596e+06,1.596e+06,,4925510.948,,,,,,,,,,1.0101,0,9,4.08163,100,0
172347,,,,,,,,,,,,,,,,,,,,,,103474,,,,,,,
172848,,,,,,,,,,,,,,,,,,,,,,103775,,,,,,,
172987,49500,50300,49300,48100,48900,70000,1.2e+06,1.2e+06,1.2e+06,1.2e+06,1.596e+06,1.596e+06,,4925518.017,,,,,,,,,,1,2.0202,9,1,100,0
173347,,,,,,,,,,,,,,,,,,,,,,104075,,,,,,,
173848,,,,,,,,,,,,,,,,,,,,,,104376,,,,,,,
173987,49900,50100,49300,48300,49100,70000,1.2e+06,1.2e+06,1.2e+06,1.2e+06,1.596e+06,1.596e+06,,4925525.092,,,,,,,,,,1.9802,12.8713,0,0,100,0
174348,,,,,,,,,,,,,,,,,,,,,,104677,,,,,,,
174849,,,,,,,,,,,,,,,,,,,,,,104978,,,,,,,
174987,49900,50500,49300,48500,49100,70000,1.2e+06,1.2e+06,1.2e+06,1.2e+06,1.596e+06,1.596e+06,,4925532.137,,,,,,,,,,1.0101,7.07071,6.93069,1,100,0
175350,,,,,,,,,,,,,,,,,,,,,,105279,,,,,,,
175851,,,,,,,,,,,,,,,,,,,,,,105580,,,,,,,
175987,49700,50100,48900,48300,48900,70000,1.2e+06,1.2e+06,1.2e+06,1.2e+06,1.596e+06,1.596e+06,,4925539.208,,,,,,,,,,1.9802,12.8713,0,0,100,1
176350,,,,,,,,,,,,,,,,,,,,,,105880,,,,,,,
176851,,,,,,,,,,,,,,,,,,,,,,106181,,,,,,,
176987,49700,50300,49700,48300,49100,70000,1.2e+06,1.2e+06,1.2e+06,1.2e+06,1.596e+06,1.596e+06,,4925546.356,,,,,,,,,,7,7.14286,2,1,100,0
177350,,,,,,,,,,,,,,,,,,,,,,106481,,,,,,,
177851,,,,,,,,,,,,,,,,,,,,,,106782,,,,,,,
177987,49500,50500,49500,48300,48900,70000,1.2e+06,1.2e+06,1.2e+06,1.2e+06,1.596e+06,1.596e+06,,4925553.433,,,,,,,,,,1.9802,0,12,1,100,0
178352,,,,,,,,,,,,,,,,,,,,,,107083,,,,,,,
178852,,,,,,,,,,,,,,,,,,,,,,107384,,,,,,,
178987,49700,50100,49100,48300,49100,70000,1.2e+06,1.2e+06,1.2e+06,1.2e+06,1.596e+06,1.596e+06,,4925560.531,,,,,,,,,,0,0,12,0,100,0
179353,,,,,,,,,,,,,,,,,,,,,,107685,,,,,,,
179854,,,,,,,,,,,,,,,,,,,,,,107986,,,,,,,
179987,49900,50100,49300,48100,49100,70000,1.2e+06,1.2e+06,1.2e+06,1.2e+06,1.596e+06,1.596e+06,,4925567.573,,,,,,,,,,1.9802,0,13.8614,1,100,0
180355,,,,,,,,,,,,,,,,,,,,,,108287,,,,,,,
180856,,,,,,,,,,,,,,,,,,,,,,108588,,,,,,,
180987,49900,50300,49300,48300,49100,70000,1.2e+06,1.2e+06,1.2e+06,1.2e+06,1.596e+06,1.596e+06,24.879,4925574.705,,,,,,,,,,1,0,12.1212,0,100,0
181355,,,,,,,,,,,,,,,,,,,,,,108888,,,,,,,
181856,,,,,,,,,,,,,,,,,,,,,,109189,,,,,,,
181987,49500,50300,49300,48300,49100,70000,1.2e+06,1.2e+06,1.2e+06,1.2e+06,1.596e+06,1.596e+06,,4925581.787,,,,,,,,,,1.9802,0,5.05051,6.93069,100,0
182355,,,,,,,,,,,,,,,,,,,,,,109489,,,,,,,
182856,,,,,,,,,,,,,,,,,,,,,,109790,,,,,,,
182987,49700,50300,49300,48300,49100,70000,1.2e+06,1.2e+06,1.2e+06,1.2e+06,1.596e+06,1.596e+06,,4925588.838,,,,,,,,,,1.0101,0.990099,15,0,100,0
183355,,,,,,,,,,,,,,,,,,,,,,110090,,,,,,,
183856,,,,,,,,,,,,,,,,,,,,,,110391,,,,,,,
183987,49900,50500,49300,48300,49100,70000,1.2e+06,1.2e+06,1.2e+06,1.2e+06,1.596e+06,1.596e+06,,4925595.974,,,,,,,,,,0,0,13,0,100,0
184355,,,,,,,,,,,,,,,,,,,,,,110691,,,,,,,
184856,,,,,,,,,,,,,,,,,,,,,,110992,,,,,,,
184987,49500,50100,49300,48300,48900,70000,1.2e+06,1.2e+06,1.2e+06,1.2e+06,1.596e+06,1.596e+06,,4925603.083,,,,,,,,,,0.990099,0,12.8713,0,100,0
185355,,,,,,,,,,,,,,,,,,,,,,111292,,,,,,,
185856,,,,,,,,,,,,,,,,,,,,,,111593,,,,,,,
185987,49700,50500,49500,48700,49300,70000,1.2e+06,1.2e+06,1.2e+06,1.2e+06,1.596e+06,1.596e+06,,4925610.113,,,,,,,,,,1.9802,0.990099,12,0,100,0
186355,,,,,,,,,,,,,,,,,,,,,,111893,,,,,,,
186856,,,,,,,,,,,,,,,,,,,,,,112194,,,,,,,
186988,49500,50300,49500,48300,48900,70000,1.2e+06,1.2e+06,1.2e+06,1.2e+06,1.596e+06,1.596e+06,,4925617.197,,,,,,,,,,1,1,11.2245,0.990099,100,1
187355,,,,,,,,,,,,,,,,,,,,,,112493,,,,,,,
187856,,,,,,,,,,,,,,,,,,,,,,112794,,,,,,,
187988,49700,50100,49300,48100,48700,70000,1.2e+06,1.2e+06,1.2e+06,1.2e+06,1.596e+06,1.596e+06,,4925624.374,,,,,,,,,,1.0101,0,9,0,100,2
188356,,,,,,,,,,,,,,,,,,,,,,113094,,,,,,,
188857,,,,,,,,,,,,,,,,,,,,,,113395,,,,,,,
188987,49500,50300,49100,48300,49100,70000,1.2e+06,1.2e+06,1.2e+06,1.2e+06,1.596e+06,1.596e+06,,4925631.433,,,,,,,,,,1,0,14.8515,1,100,0
189358,,,,,,,,,,,,,,,,,,,,,,113696,,,,,,,
189859,,,,,,,,,,,,,,,,,,,,,,113997,,,,,,,
189987,49900,50300,49300,48100,49100,70000,1.2e+06,1.2e+06,1.2e+06,1.2e+06,1.596e+06,1.596e+06,,4925638.573,,,,,,,,,,2.0202,1.96078,10.8911,1,100,0
190359,,,,,,,,,,,,,,,,,,,,,,114297,,,,,,,
190860,,,,,,,,,,,,,,,,,,,,,,114598,,,,,,,
190987,49900,50300,49500,48300,49100,70000,1.2e+06,1.2e+06,1.2e+06,1.2e+06,1.596e+06,1.596e+06,,4925645.658,,,,,,,,,,1,1,7.07071,6.06061,100,0
191361,,,,,,,,,,,,,,,,,,,,,,114899,,,,,,,
191862,,,,,,,,,,,,,,,,,,,,,,115200,,,,,,,
191987,49500,50100,49100,48300,48900,70000,1.2e+06,1.2e+06,1.2e+06,1.2e+06,1.596e+06,1.596e+06,24.879,4925652.695,,,,,,,,,,3,7,1,5,100,0
192362,,,,,,,,,,,,,,,,,,,,,,115500,,,,,,,
192863,,,,,,,,,,,,,,,,,,,,,,115801,,,,,,,
192987,49900,50100,49100,48300,49100,70000,1.2e+06,1.2e+06,1.2e+06,1.2e+06,1.596e+06,1.596e+06,,4925659.838,,,,,,,,,,8.91089,5.05051,1,0,100,0
193363,,,,,,,,,,,,,,,,,,,,,,116101,,,,,,,
193864,,,,,,,,,,,,,,,,,,,,,,116402,,,,,,,
193987,49500,50100,49100,48100,48700,70000,1.2e+06,1.2e+06,1.2e+06,1.2e+06,1.596e+06,1.596e+06,,4925666.918,,,,,,,,,,1.0101,3,5.10204,6,100,0
194365,,,,,,,,,,,,,,,,,,,,,,116703,,,,,,,
194866,,,,,,,,,,,,,,,,,,,,,,117004,,,,,,,
194987,49500,50300,49300,48300,48900,70000,1.2e+06,1.2e+06,1.2e+06,1.2e+06,1.596e+06,1.596e+06,,4925674.030,,,,,,,,,,1,0,12.8713,1,100,0
195367,,,,,,,,,,,,,,,,,,,,,,117305,,,,,,,
195868,,,,,,,,,,,,,,,,,,,,,,117606,,,,,,,
195987,49500,50300,49300,48300,48700,70000,1.2e+06,1.2e+06,1.2e+06,1.2e+06,1.596e+06,1.596e+06,,4925681.095,,,,,,,,,,6,5.05051,1,1.9802,100,0
196368,,,,,,,,,,,,,,,,,,,,,,117906,,,,,,,
196869,,,,,,,,,,,,,,,,,,,,,,118207,,,,,,,
196987,49900,50300,49300,48300,49100,70000,1.2e+06,1.2e+06,1.2e+06,1.2e+06,1.596e+06,1.596e+06,,4925688.205,,,,,,,,,,7.84314,6.06061,0,1.9802,100,0
197370,,,,,,,,,,,,,,,,,,,,,,118508,,,,,,,
197871,,,,,,,,,,,,,,,,,,,,,,118809,,,,,,,
197987,49500,50300,49300,48300,48700,70000,1.2e+06,1.2e+06,1.2e+06,1.2e+06,1.596e+06,1.596e+06,,4925695.318,,,,,,,,,,1.0101,10.101,1,2.0202,100,0
198371,,,,,,,,,,,,,,,,,,,,,,119109,,,,,,,
198872,,,,,,,,,,,,,,,,,,,,,,119410,,,,,,,
198987,49700,50300,49300,48500,49100,70000,1.2e+06,1.2e+06,1.2e+06,1.2e+06,1.596e+06,1.596e+06,,4925702.351,,,,,,,,,,1.0101,13,0.990099,1,100,0
199373,,,,,,,,,,,,,,,,,,,,,,119711,,,,,,,
199873,,,,,,,,,,,,,,,,,,,,,,120011,,,,,,,
199987,49700,50500,49100,48300,49100,70000,1.2e+06,1.2e+06,1.2e+06,1.2e+06,1.596e+06,1.596e+06,,4925709.498,,,,,,,,,,1,14.8515,0,0,100,0
200374,,,,,,,,,,,,,,,,,,,,,,120312,,,,,,,
200875,,,,,,,,,,,,,,,,,,,,,,120613,,,,,,,
200987,49900,50500,49300,48300,49100,70000,1.2e+06,1.2e+06,1.2e+06,1.2e+06,1.596e+06,1.596e+06,,4925716.550,,,,,,,,,,1,13,0,1.9802,100,0
201376,,,,,,,,,,,,,,,,,,,,,,120914,,,,,,,
201877,,,,,,,,,,,,,,,,,,,,,,121215,,,,,,,
201987,49700,50300,49100,48500,49100,70000,1.2e+06,1.2e+06,1.2e+06,1.2e+06,1.596e+06,1.596e+06,24.858,4925723.716,,,,,,,,,,1.9802,11.1111,0,0,100,0
202377,,,,,,,,,,,,,,,,,,,,,,121515,,,,,,,
202878,,,,,,,,,,,,,,,,,,,,,,121816,,,,,,,
202987,49900,50500,49500,48300,48900,70000,1.2e+06,1.2e+06,1.2e+06,1.2e+06,1.596e+06,1.596e+06,,4925730.831,,,,,,,,,,1,7.07071,0.990099,7.84314,100,0
203379,,,,,,,,,,,,,,,,,,,,,,122117,,,,,,,
203880,,,,,,,,,,,,,,,,,,,,,,122418,,,,,,,
203987,49500,50100,49500,48100,49100,70000,1.2e+06,1.2e+06,1.2e+06,1.2e+06,1.596e+06,1.596e+06,,4925737.976,,,,,,,,,,0,13,0,1,100,0
204381,,,,,,,,,,,,,,,,,,,,,,122719,,,,,,,
204882,,,,,,,,,,,,,,,,,,,,,,123020,,,,,,,
204987,49500,50100,49500,48100,49100,70000,1.2e+06,1.2e+06,1.2e+06,1.2e+06,1.596e+06,1.596e+06,,4925745.029,,,,,,,,,,1,15.8416,0,1.9802,100,0
205382,,,,,,,,,,,,,,,,,,,,,,123320,,,,,,,
205883,,,,,,,,,,,,,,,,,,,,,,123621,,,,,,,
205987,49500,50300,49500,48500,49100,70000,1.2e+06,1.2e+06,1.2e+06,1.2e+06,1.596e+06,1.596e+06,,4925752.126,,,,,,,,,,2.94118,5.10204,0,6.93069,100,0
206384,,,,,,,,,,,,,,,,,,,,,,123922,,,,,,,
206885,,,,,,,,,,,,,,,,,,,,,,124223,,,,,,,
206987,49900,50500,49700,48300,49100,70000,1.2e+06,1.2e+06,1.2e+06,1.2e+06,1.596e+06,1.596e+06,,4925759.240,,,,,,,,,,1,12,0,1.0101,100,0
207386,,,,,,,,,,,,,,,,,,,,,,124524,,,,,,,
207887,,,,,,,,,,,,,,,,,,,,,,124825,,,,,,,
207988,49500,50300,49300,48500,49100,70000,1.2e+06,1.2e+06,1.2e+06,1.2e+06,1.596e+06,1.596e+06,,4925766.308,,,,,,,,,,0,14,0,1.9802,100,0
208387,,,,,,,,,,,,,,,,,,,,,,125125,,,,,,,
208888,,,,,,,,,,,,,,,,,,,,,,125426,,,,,,,
208988,49700,50500,49500,48300,49300,70000,1.2e+06,1.2e+06,1.2e+06,1.2e+06,1.596e+06,1.596e+06,,4925773.447,,,,,,,,,,1,14,1,1,100,0
209389,,,,,,,,,,,,,,,,,,,,,,125727,,,,,,,
209890,,,,,,,,,,,,,,,,,,,,,,126028,,,,,,,
209987,49700,50500,49300,48300,49300,70000,1.2e+06,1.2e+06,1.2e+06,1.2e+06,1.596e+06,1.596e+06,,4925778.735,,,,,,,,,,1.9802,13.8614,0,1,100,0
210391,,,,,,,,,,,,,,,,,,,,,,126329,,,,,,,
210892,,,,,,,,,,,,,,,,,,,,,,126630,,,,,,,
210987,49900,50300,49500,48500,49100,70000,1.2e+06,1.2e+06,1.2e+06,1.2e+06,1.596e+06,1.596e+06,,4925785.876,,,,,,,,,,7,0,0,5.05051,100,0
211391,,,,,,,,,,,,,,,,,,,,,,126930,,,,,,,
211892,,,,,,,,,,,,,,,,,,,,,,127231,,,,,,,
211987,49700,50500,49700,48500,49100,70000,1.2e+06,1.2e+06,1.2e+06,1.2e+06,1.596e+06,1.596e+06,24.858,4925793.011,,,,,,,,,,7,7,0,0,100,0
212393,,,,,,,,,,,,,,,,,,,,,,127532,,,,,,,
212894,,,,,,,,,,,,,,,,,,,,,,127833,,,,,,,
212988,49700,50300,49500,48300,49100,70000,1.2e+06,1.2e+06,1.2e+06,1.2e+06,1.596e+06,1.596e+06,,4925800.079,,,,,,,,,,1,6.93069,6,0,100,0
213395,,,,,,,,,,,,,,,,,,,,,,128134,,,,,,,
213896,,,,,,,,,,,,,,,,,,,,,,128435,,,,,,,
213987,49900,50100,49100,48300,49100,70000,1.2e+06,1.2e+06,1.2e+06,1.2e+06,1.596e+06,1.596e+06,,4925807.202,,,,,,,,,,1.0101,1,13.1313,0.990099,100,0
214396,,,,,,,,,,,,,,,,,,,,,,128735,,,,,,,
214897,,,,,,,,,,,,,,,,,,,,,,129036,,,,,,,
214988,49700,50500,49300,48300,49100,70000,1.2e+06,1.2e+06,1.2e+06,1.2e+06,1.596e+06,1.596e+06,,4925814.264,,,,,,,,,,1,3.06122,10.8911,0,100,0
215398,,,,,,,,,,,,,,,,,,,,,,129337,,,,,,,
215899,,,,,,,,,,,,,,,,,,,,,,129638,,,,,,,
215988,49900,50300,49500,48300,49300,70000,1.2e+06,1.2e+06,1.2e+06,1.2e+06,1.596e+06,1.596e+06,,4925821.420,,,,,,,,,,1.0101,3,7,6,100,0
216400,,,,,,,,,,,,,,,,,,,,,,129939,,,,,,,
216901,,,,,,,,,,,,,,,,,,,,,,130240,,,,,,,
216988,49700,50500,49300,48300,48900,70000,1.2e+06,1.2e+06,1.2e+06,1.2e+06,1.596e+06,1.596e+06,,4925828.561,,,,,,,,,,13.7255,1.0101,0,0,100,0
217402,,,,,,,,,,,,,,,,,,,,,,130541,,,,,,,
217903,,,,,,,,,,,,,,,,,,,,,,130842,,,,,,,
217988,49900,50500,49700,48300,49300,70000,1.2e+06,1.2e+06,1.2e+06,1.2e+06,1.596e+06,1.596e+06,,4925835.613,,,,,,,,,,1.0101,6.93069,1,6.06061,100,0
218404,,,,,,,,,,,,,,,,,,,,,,131143,,,,,,,
218905,,,,,,,,,,,,,,,,,,,,,,131444,,,,,,,
218987,49900,50500,49500,48500,49100,70000,1.2e+06,1.2e+06,1.2e+06,1.2e+06,1.596e+06,1.596e+06,,4925842.759,,,,,,,,,,1,7.07071,7.92079,0,100,0
219405,,,,,,,,,,,,,,,,,,,,,,131744,,,,,,,
219906,,,,,,,,,,,,,,,,,,,,,,132045,,,,,,,
219987,49900,50500,49700,48300,49100,70000,1.2e+06,1.2e+06,1.2e+06,1.2e+06,1.596e+06,1.596e+06,,4925849.845,,,,,,,,,,1,13.1313,0.990099,1.9802,100,0
220407,,,,,,,,,,,,,,,,,,,,,,132346,,,,,,,
220908,,,,,,,,,,,,,,,,,,,,,,132647,,,,,,,
220987,49700,50500,49100,48300,49300,70000,1.2e+06,1.2e+06,1.2e+06,1.2e+06,1.596e+06,1.596e+06,,4925856.952,,,,,,,,,,1,10,4,1,100,0
221409,,,,,,,,,,,,,,,,,,,,,,132948,,,,,,,
221910,,,,,,,,,,,,,,,,,,,,,,133249,,,,,,,
221988,49700,50500,49300,48500,49100,70000,1.2e+06,1.2e+06,1.2e+06,1.2e+06,1.596e+06,1.596e+06,24.847,4925864.067,,,,,,,,,,1,9.27835,1,0.990099,100,0
222411,,,,,,,,,,,,,,,,,,,,,,133550,,,,,,,
222912,,,,,,,,,,,,,,,,,,,,,,133851,,,,,,,
222988,49700,50100,49500,48300,48900,70000,1.2e+06,1.2e+06,1.2e+06,1.2e+06,1.596e+06,1.596e+06,,4925871.121,,,,,,,,,,1.0101,6.93069,5.05051,2.94118,100,0
223413,,,,,,,,,,,,,,,,,,,,,,134152,,,,,,,
223914,,,,,,,,,,,,,,,,,,,,,,134453,,,,,,,
223988,49500,50100,49300,48100,49300,70000,1.2e+06,1.2e+06,1.2e+06,1.2e+06,1.596e+06,1.596e+06,,4925878.247,,,,,,,,,,1.9802,7,5.05051,0,100,0
224415,,,,,,,,,,,,,,,,,,,,,,134754,,,,,,,
224916,,,,,,,,,,,,,,,,,,,,,,135055,,,,,,,
224987,49500,50500,49500,48100,49100,70000,1.2e+06,1.2e+06,1.2e+06,1.2e+06,1.596e+06,1.596e+06,,4925885.358,,,,,,,,,,1.0101,10,4,1.9802,100,0
225417,,,,,,,,,,,,,,,,,,,,,,135356,,,,,,,
225918,,,,,,,,,,,,,,,,,,,,,,135657,,,,,,,
225987,49700,50500,49500,48300,48900,70000,1.2e+06,1.2e+06,1.2e+06,1.2e+06,1.596e+06,1.596e+06,,4925892.402,,,,,,,,,,0,0,10.101,3,100,0
226418,,,,,,,,,,,,,,,,,,,,,,135957,,,,,,,
226919,,,,,,,,,,,,,,,,,,,,,,136258,,,,,,,
226987,49700,50100,49100,48100,48900,70000,1.2e+06,1.2e+06,1.2e+06,1.2e+06,1.596e+06,1.596e+06,,4925899.563,,,,,,,,,,2,0,12.7451,4,100,0
227420,,,,,,,,,,,,,,,,,,,,,,136559,,,,,,,
227921,,,,,,,,,,,,,,,,,,,,,,136860,,,,,,,
227987,49500,50300,49300,47900,48900,70000,1.2e+06,1.2e+06,1.2e+06,1.2e+06,1.596e+06,1.596e+06,,4925906.684,,,,,,,,,,1.0101,0,5.05051,6,100,0
228422,,,,,,,,,,,,,,,,,,,,,,137161,,,,,,,
228923,,,,,,,,,,,,,,,,,,,,,,137462,,,,,,,
228988,49500,50100,49100,48300,48900,70000,1.2e+06,1.2e+06,1.2e+06,1.2e+06,1.596e+06,1.596e+06,,4925913.705,,,,,,,,,,8,0.990099,7,0,100,0
229424,,,,,,,,,,,,,,,,,,,,,,137763,,,,,,,
229925,,,,,,,,,,,,,,,,,,,,,,138064,,,,,,,
229988,49500,50500,49500,48100,48900,70000,1.2e+06,1.2e+06,1.2e+06,1.2e+06,1.596e+06,1.596e+06,,4925920.822,,,,,,,,,,2,0,12.8713,1.0101,100,0
230426,,,,,,,,,,,,,,,,,,,,,,138365,,,,,,,
230927,,,,,,,,,,,,,,,,,,,,,,138666,,,,,,,
230988,49500,50100,49300,48300,49100,70000,1.2e+06,1.2e+06,1.2e+06,1.2e+06,1.596e+06,1.596e+06,,4925927.880,,,,,,,,,,2.9703,0,7,6.93069,100,0
231428,,,,,,,,,,,,,,,,,,,,,,138967,,,,,,,
231929,,,,,,,,,,,,,,,,,,,,,,139268,,,,,,,
231987,49900,50300,49300,48300,49300,70000,1.2e+06,1.2e+06,1.2e+06,1.2e+06,1.596e+06,1.596e+06,24.825,4925935.015,,,,,,,,,,6.06061,6.06061,0,2.0202,100,0
232430,,,,,,,,,,,,,,,,,,,,,,139569,,,,,,,
232931,,,,,,,,,,,,,,,,,,,,,,139870,,,,,,,
232987,49500,50100,49100,48100,48900,70000,1.2e+06,1.2e+06,1.2e+06,1.2e+06,1.596e+06,1.596e+06,,4925942.087,,,,,,,,,,7.92079,6,0,0,100,0
233432,,,,,,,,,,,,,,,,,,,,,,140171,,,,,,,
233933,,,,,,,,,,,,,,,,,,,,,,140472,,,,,,,
233987,49700,50500,49100,48300,49100,70000,1.2e+06,1.2e+06,1.2e+06,1.2e+06,1.596e+06,1.596e+06,,4925949.184,,,,,,,,,,5.10204,6,1,2.9703,100,0
234434,,,,,,,,,,,,,,,,,,,,,,140773,,,,,,,
234935,,,,,,,,,,,,,,,,,,,,,,141074,,,,,,,
234987,49500,50300,49300,48100,49100,70000,1.2e+06,1.2e+06,1.2e+06,1.2e+06,1.596e+06,1.596e+06,,4925956.330,,,,,,,,,,2,10.8911,2.0202,0,100,0
235436,,,,,,,,,,,,,,,,,,,,,,141375,,,,,,,
235937,,,,,,,,,,,,,,,,,,,,,,141676,,,,,,,
235987,49500,50500,49500,48300,49100,70000,1.2e+06,1.2e+06,1.2e+06,1.2e+06,1.596e+06,1.596e+06,,4925963.377,,,,,,,,,,1,11.1111,3.0303,0,100,0
236438,,,,,,,,,,,,,,,,,,,,,,141977,,,,,,,
236939,,,,,,,,,,,,,,,,,,,,,,142278,,,,,,,
236987,49900,50500,49500,48300,49100,70000,1.2e+06,1.2e+06,1.2e+06,1.2e+06,1.596e+06,1.596e+06,,4925970.526,,,,,,,,,,1.9802,6.93069,6,0,100,0
237440,,,,,,,,,,,,,,,,,,,,,,142579,,,,,,,
237941,,,,,,,,,,,,,,,,,,,,,,142880,,,,,,,
237987,49700,50500,49500,48300,49100,70000,1.2e+06,1.2e+06,1.2e+06,1.2e+06,1.596e+06,1.596e+06,,4925977.732,,,,,,,,,,1.0101,7,6.93069,1,100,0
238442,,,,,,,,,,,,,,,,,,,,,,143181,,,,,,,
238943,,,,,,,,,,,,,,,,,,,,,,143482,,,,,,,
238987,49500,50100,48900,48300,48900,70000,1.2e+06,1.2e+06,1.2e+06,1.2e+06,1.596e+06,1.596e+06,,4925984.846,,,,,,,,,,1.9802,7,6.93069,0,100,0
239444,,,,,,,,,,,,,,,,,,,,,,143783,,,,,,,
239945,,,,,,,,,,,,,,,,,,,,,,144084,,,,,,,
239987,49900,50700,49500,48500,49100,70000,1.2e+06,1.2e+06,1.2e+06,1.2e+06,1.596e+06,1.596e+06,,4925991.890,,,,,,,,,,2.0202,6,5.05051,1,100,0
240446,,,,,,,,,,,,,,,,,,,,,,144385,,,,,,,
240947,,,,,,,,,,,,,,,,,,,,,,144686,,,,,,,
240987,49500,50500,49500,48300,49100,70000,1.2e+06,1.2e+06,1.2e+06,1.2e+06,1.596e+06,1.596e+06,,4925999.114,,,,,,,,,,5.94059,1,1,7.07071,100,0
241448,,,,,,,,,,,,,,,,,,,,,,144987,,,,,,,
241949,,,,,,,,,,,,,,,,,,,,,,145288,,,,,,,
241987,49900,50700,49500,48500,49300,70000,1.2e+06,1.2e+06,1.2e+06,1.2e+06,1.596e+06,1.596e+06,24.836,4926006.203,,,,,,,,,,1,0,0.990099,13.7255,100,0
242450,,,,,,,,,,,,,,,,,,,,,,145589,,,,,,,
242951,,,,,,,,,,,,,,,,,,,,,,145890,,,,,,,
242987,49900,50500,49500,48300,49100,70000,1.2e+06,1.2e+06,1.2e+06,1.2e+06,1.596e+06,1.596e+06,,4926013.323,,,,,,,,,,9.09091,1.9802,7,0,100,0
243452,,,,,,,,,,,,,,,,,,,,,,146191,,,,,,,
243953,,,,,,,,,,,,,,,,,,,,,,146492,,,,,,,
243988,49700,50300,49300,48300,49100,70000,1.2e+06,1.2e+06,1.2e+06,1.2e+06,1.596e+06,1.596e+06,,4926020.421,,,,,,,,,,1.0101,0,11.8812,0,100,0
244454,,,,,,,,,,,,,,,,,,,,,,146793,,,,,,,
244955,,,,,,,,,,,,,,,,,,,,,,147094,,,,,,,
244988,49900,50300,49300,48300,49100,70000,1.2e+06,1.2e+06,1.2e+06,1.2e+06,1.596e+06,1.596e+06,,4926027.451,,,,,,,,,,1.9802,1.9802,9.18367,0,100,0
245454,,,,,,,,,,,,,,,,,,,,,,147394,,,,,,,
245955,,,,,,,,,,,,,,,,,,,,,,147695,,,,,,,
245987,49900,50500,49300,48100,48900,70000,1.2e+06,1.2e+06,1.2e+06,1.2e+06,1.596e+06,1.596e+06,,4926032.816,,,,,,,,,,0,4.0404,5.05051,3,100,0
246456,,,,,,,,,,,,,,,,,,,,,,147996,,,,,,,
246957,,,,,,,,,,,,,,,,,,,,,,148297,,,,,,,
246987,49900,50500,49500,48300,49100,70000,1.2e+06,1.2e+06,1.2e+06,1.2e+06,1.596e+06,1.596e+06,,4926039.922,,,,,,,,,,2,8,6.06061,0,100,0.990099
247458,,,,,,,,,,,,,,,,,,,,,,148598,,,,,,,
247959,,,,,,,,,,,,,,,,,,,,,,148899,,,,,,,
247987,49900,50500,49500,48500,49300,70000,1.2e+06,1.2e+06,1.2e+06,1.2e+06,1.596e+06,1.596e+06,,4926046.984,,,,,,,,,,1.0101,14,0,1,100,0
248459,,,,,,,,,,,,,,,,,,,,,,149199,,,,,,,
248960,,,,,,,,,,,,,,,,,,,,,,149500,,,,,,,
248988,49900,50500,49500,48300,49100,70000,1.2e+06,1.2e+06,1.2e+06,1.2e+06,1.596e+06,1.596e+06,,4926054.127,,,,,,,,,,1,10.8911,4,1,100,0
249461,,,,,,,,,,,,,,,,,,,,,,149801,,,,,,,
249962,,,,,,,,,,,,,,,,,,,,,,150102,,,,,,,
249987,49500,50100,49300,48300,49100,70000,1.2e+06,1.2e+06,1.2e+06,1.2e+06,1.596e+06,1.596e+06,,4926061.189,,,,,,,,,,0,0,9.27835,0,100,0
250463,,,,,,,,,,,,,,,,,,,,,,150403,,,,,,,
250964,,,,,,,,,,,,,,,,,,,,,,150704,,,,,,,
250987,49500,49900,49100,48300,49100,70000,1.2e+06,1.2e+06,1.2e+06,1.2e+06,1.596e+06,1.596e+06,,4926068.299,,,,,,,,,,1.9802,1,12,1,100,0
251465,,,,,,,,,,,,,,,,,,,,,,151005,,,,,,,
251966,,,,,,,,,,,,,,,,,,,,,,151306,,,,,,,
251987,49700,50300,49100,48300,49100,70000,1.2e+06,1.2e+06,1.2e+06,1.2e+06,1.596e+06,1.596e+06,24.825,4926075.407,,,,,,,,,,1,3,1.96078,10.101,100,0
252467,,,,,,,,,,,,,,,,,,,,,,151607,,,,,,,
252968,,,,,,,,,,,,,,,,,,,,,,151908,,,,,,,
252987,49700,50500,49100,48300,49100,70000,1.2e+06,1.2e+06,1.2e+06,1.2e+06,1.596e+06,1.596e+06,,4926082.433,,,,,,,,,,7.92079,4,0,7,100,0
253469,,,,,,,,,,,,,,,,,,,,,,152209,,,,,,,
253970,,,,,,,,,,,,,,,,,,,,,,152510,,,,,,,
253987,49500,50300,49300,48300,48900,70000,1.2e+06,1.2e+06,1.2e+06,1.2e+06,1.596e+06,1.596e+06,,4926089.550,,,,,,,,,,1.0101,0,1,12.8713,100,0
254471,,,,,,,,,,,,,,,,,,,,,,152811,,,,,,,
254972,,,,,,,,,,,,,,,,,,,,,,153112,,,,,,,
254987,49900,50100,49300,48100,49100,70000,1.2e+06,1.2e+06,1.2e+06,1.2e+06,1.596e+06,1.596e+06,,4926096.590,,,,,,,,,,5.10204,0,0,7,100,0
255473,,,,,,,,,,,,,,,,,,,,,,153413,,,,,,,
255974,,,,,,,,,,,,,,,,,,,,,,153714,,,,,,,
255987,49500,50300,49100,48300,49100,70000,1.2e+06,1.2e+06,1.2e+06,1.2e+06,1.596e+06,1.596e+06,,4926103.723,,,,,,,,,,1.9802,1.0101,1.9802,12.8713,100,0
256475,,,,,,,,,,,,,,,,,,,,,,154015,,,,,,,
256976,,,,,,,,,,,,,,,,,,,,,,154316,,,,,,,
256987,49700,50300,49300,48300,49100,70000,1.2e+06,1.2e+06,1.2e+06,1.2e+06,1.596e+06,1.596e+06,,4926110.800,,,,,,,,,,2,4,0,10.101,100,0
257477,,,,,,,,,,,,,,,,,,,,,,154617,,,,,,,
257978,,,,,,,,,,,,,,,,,,,,,,154918,,,,,,,
257987,49700,50100,49100,48500,48900,70000,1.2e+06,1.2e+06,1.2e+06,1.2e+06,1.596e+06,1.596e+06,,4926117.882,,,,,,,,,,7.92079,2.0202,6.93069,0,100,0
258479,,,,,,,,,,,,,,,,,,,,,,155219,,,,,,,
258980,,,,,,,,,,,,,,,,,,,,,,155520,,,,,,,
258987,49900,50300,49300,48500,49100,70000,1.2e+06,1.2e+06,1.2e+06,1.2e+06,1.596e+06,1.596e+06,,4926124.996,,,,,,,,,,5.05051,7.84314,3,0,100,0
259481,,,,,,,,,,,,,,,,,,,,,,155821,,,,,,,
259982,,,,,,,,,,,,,,,,,,,,,,156122,,,,,,,
259987,49500,50300,49300,48500,49100,70000,1.2e+06,1.2e+06,1.2e+06,1.2e+06,1.596e+06,1.596e+06,,4926132.021,,,,,,,,,,1,6.93069,6.93069,0,100,0
260483,,,,,,,,,,,,,,,,,,,,,,156423,,,,,,,
260984,,,,,,,,,,,,,,,,,,,,,,156724,,,,,,,
260987,49700,50500,49500,48300,49100,70000,1.2e+06,1.2e+06,1.2e+06,1.2e+06,1.596e+06,1.596e+06,,4926139.100,,,,,,,,,,2,0,7.92079,7,100,0
261483,,,,,,,,,,,,,,,,,,,,,,157024,,,,,,,
261984,,,,,,,,,,,,,,,,,,,,,,157325,,,,,,,
261987,49700,50500,49300,48300,49100,70000,1.2e+06,1.2e+06,1.2e+06,1.2e+06,1.596e+06,1.596e+06,24.836,4926146.151,,,,,,,,,,1.0101,0,7,6.93069,100,0
262485,,,,,,,,,,,,,,,,,,,,,,157626,,,,,,,
262986,,,,,,,,,,,,,,,,,,,,,,157927,,,,,,,
262987,49500,50500,49300,48100,49100,70000,1.2e+06,1.2e+06,1.2e+06,1.2e+06,1.596e+06,1.596e+06,,4926153.285,,,,,,,,,,1.9802,6,4.0404,6,100,0
263487,,,,,,,,,,,,,,,,,,,,,,158228,,,,,,,
263987,49900,50100,49300,48300,48900,70000,1.2e+06,1.2e+06,1.2e+06,1.2e+06,1.596e+06,1.596e+06,,4926160.398,,,,,,,,,,1,0,0,12.8713,100,0
263988,,,,,,,,,,,,,,,,,,,,,,158529,,,,,,,
264489,,,,,,,,,,,,,,,,,,,,,,158830,,,,,,,
264987,49500,50100,49300,48300,48700,70000,1.2e+06,1.2e+06,1.2e+06,1.2e+06,1.596e+06,1.596e+06,,4926167.417,,,,,,,,,,1.0101,1.9802,0.990099,12,100,0
264990,,,,,,,,,,,,,,,,,,,,,,159131,,,,,,,
265491,,,,,,,,,,,,,,,,,,,,,,159432,,,,,,,
265988,49500,50300,49500,48300,49100,70000,1.2e+06,1.2e+06,1.2e+06,1.2e+06,1.596e+06,1.596e+06,,4926174.438,,,,,,,,,,1,0,0,12,100,0.980392
265992,,,,,,,,,,,,,,,,,,,,,,159733,,,,,,,
266493,,,,,,,,,,,,,,,,,,,,,,160034,,,,,,,
266987,49900,50500,49500,48300,49100,70000,1.2e+06,1.2e+06,1.2e+06,1.2e+06,1.596e+06,1.596e+06,,4926181.556,,,,,,,,,,1.9802,0,1,13.8614,100,0
266994,,,,,,,,,,,,,,,,,,,,,,160335,,,,,,,
267495,,,,,,,,,,,,,,,,,,,,,,160636,,,,,,,
267987,49700,50300,49300,48100,48900,70000,1.2e+06,1.2e+06,1.2e+06,1.2e+06,1.596e+06,1.596e+06,,4926188.669,,,,,,,,,,3.0303,0.990099,0,11,100,0
267996,,,,,,,,,,,,,,,,,,,,,,160937,,,,,,,
268497,,,,,,,,,,,,,,,,,,,,,,161238,,,,,,,
268987,49900,50500,49700,48500,49300,70000,1.2e+06,1.2e+06,1.2e+06,1.2e+06,1.596e+06,1.596e+06,,4926195.777,,,,,,,,,,4.9505,0,0,11.1111,100,0
268998,,,,,,,,,,,,,,,,,,,,,,161539,,,,,,,
269498,,,,,,,,,,,,,,,,,,,,,,161839,,,,,,,
269987,49700,50500,49700,48700,49500,70000,1.2e+06,1.2e+06,1.2e+06,1.2e+06,1.596e+06,1.596e+06,,4926202.904,,,,,,,,,,0,0,1.0101,12.8713,100,0
269999,,,,,,,,,,,,,,,,,,,,,,162140,,,,,,,
270500,,,,,,,,,,,,,,,,,,,,,,162441,,,,,,,
270988,49900,50300,49300,48300,48900,70000,1.2e+06,1.2e+06,1.2e+06,1.2e+06,1.596e+06,1.596e+06,,4926209.928,,,,,,,,,,1,0,1,12.8713,100,0
271001,,,,,,,,,,,,,,,,,,,,,,162742,,,,,,,
271502,,,,,,,,,,,,,,,,,,,,,,163043,,,,,,,
271987,49500,50500,49500,48300,49100,70000,1.2e+06,1.2e+06,1.2e+06,1.2e+06,1.596e+06,1.596e+06,24.847,4926217.025,,,,,,,,,,1,0,1.9802,12,100,0
272003,,,,,,,,,,,,,,,,,,,,,,163344,,,,,,,
272504,,,,,,,,,,,,,,,,,,,,,,163645,,,,,,,
272988,49700,50300,49100,48300,49100,70000,1.2e+06,1.2e+06,1.2e+06,1.2e+06,1.596e+06,1.596e+06,,4926224.049,,,,,,,,,,6.06061,0,1,8,100,0
273005,,,,,,,,,,,,,,,,,,,,,,163946,,,,,,,
273506,,,,,,,,,,,,,,,,,,,,,,164247,,,,,,,
273988,49500,50500,49500,48300,49100,70000,1.2e+06,1.2e+06,1.2e+06,1.2e+06,1.596e+06,1.596e+06,,4926231.238,,,,,,,,,,1,0,2,11.2245,100,0
274007,,,,,,,,,,,,,,,,,,,,,,164548,,,,,,,
274508,,,,,,,,,,,,,,,,,,,,,,164849,,,,,,,
274988,49500,50500,49300,48300,49100,70000,1.2e+06,1.2e+06,1.2e+06,1.2e+06,1.596e+06,1.596e+06,,4926238.293,,,,,,,,,,2,0,0,14.8515,100,0
275009,,,,,,,,,,,,,,,,,,,,,,165150,,,,,,,
275510,,,,,,,,,,,,,,,,,,,,,,165451,,,,,,,
275987,49500,50300,49100,48100,49100,70000,1.2e+06,1.2e+06,1.2e+06,1.2e+06,1.596e+06,1.596e+06,,4926245.391,,,,,,,,,,2.9703,0,0,11.1111,100,0
276011,,,,,,,,,,,,,,,,,,,,,,165752,,,,,,,
276512,,,,,,,,,,,,,,,,,,,,,,166053,,,,,,,
276987,49500,50100,49100,48300,49100,70000,1.2e+06,1.2e+06,1.2e+06,1.2e+06,1.596e+06,1.596e+06,,4926252.511,,,,,,,,,,1,6.93069,1,9,100,0
277012,,,,,,,,,,,,,,,,,,,,,,166353,,,,,,,
277513,,,,,,,,,,,,,,,,,,,,,,166654,,,,,,,
277987,49900,50700,49300,48300,49100,70000,1.2e+06,1.2e+06,1.2e+06,1.2e+06,1.596e+06,1.596e+06,,4926259.664,,,,,,,,,,0,1,1,12.1212,100,0
278014,,,,,,,,,,,,,,,,,,,,,,166955,,,,,,,
278515,,,,,,,,,,,,,,,,,,,,,,167256,,,,,,,
278987,49700,50300,49300,48300,48900,70000,1.2e+06,1.2e+06,1.2e+06,1.2e+06,1.596e+06,1.596e+06,,4926266.743,,,,,,,,,,1,0,1,13.1313,100,0
279016,,,,,,,,,,,,,,,,,,,,,,167557,,,,,,,
279517,,,,,,,,,,,,,,,,,,,,,,167858,,,,,,,
279987,49700,50300,49300,48300,48900,70000,1.2e+06,1.2e+06,1.2e+06,1.2e+06,1.596e+06,1.596e+06,,4926273.862,,,,,,,,,,1.0101,0,1.0101,11.1111,100,0
280018,,,,,,,,,,,,,,,,,,,,,,168159,,,,,,,
280519,,,,,,,,,,,,,,,,,,,,,,168460,,,,,,,
280987,49500,50300,49100,48100,49100,70000,1.2e+06,1.2e+06,1.2e+06,1.2e+06,1.596e+06,1.596e+06,,4926280.938,,,,,,,,,,1.9802,0,6,9,100,0
281020,,,,,,,,,,,,,,,,,,,,,,168761,,,,,,,
281521,,,,,,,,,,,,,,,,,,,,,,169062,,,,,,,
281987,49700,50500,49500,48300,49300,70000,1.2e+06,1.2e+06,1.2e+06,1.2e+06,1.596e+06,1.596e+06,24.847,4926288.001,,,,,,,,,,1.9802,1.9802,9,6.93069,100,0
282022,,,,,,,,,,,,,,,,,,,,,,169363,,,,,,,
282523,,,,,,,,,,,,,,,,,,,,,,169664,,,,,,,
282987,49700,50500,49300,47900,48900,70000,1.2e+06,1.2e+06,1.2e+06,1.2e+06,1.596e+06,1.596e+06,,4926295.154,,,,,,,,,,0,1,6.06061,6,100,0
283024,,,,,,,,,,,,,,,,,,,,,,169965,,,,,,,
283525,,,,,,,,,,,,,,,,,,,,,,170266,,,,,,,
283987,49500,50500,49300,47900,48700,70000,1.2e+06,1.2e+06,1.2e+06,1.2e+06,1.596e+06,1.596e+06,,4926300.453,,,,,,,,,,1,1,12,0,100,0
284026,,,,,,,,,,,,,,,,,,,,,,170567,,,,,,,
284527,,,,,,,,,,,,,,,,,,,,,,170868,,,,,,,
284987,49700,50500,49500,48500,49100,70000,1.2e+06,1.2e+06,1.2e+06,1.2e+06,1.596e+06,1.596e+06,,4926307.636,,,,,,,,,,1.9802,1,12.8713,0,100,0
285028,,,,,,,,,,,,,,,,,,,,,,171169,,,,,,,
285529,,,,,,,,,,,,,,,,,,,,,,171470,,,,,,,
285987,49500,50500,49500,48300,49100,70000,1.2e+06,1.2e+06,1.2e+06,1.2e+06,1.596e+06,1.596e+06,,4926314.719,,,,,,,,,,0,1.0101,10.3093,2.9703,100,0
286030,,,,,,,,,,,,,,,,,,,,,,171771,,,,,,,
286531,,,,,,,,,,,,,,,,,,,,,,172072,,,,,,,
286987,49900,50500,49500,48100,48700,70000,1.2e+06,1.2e+06,1.2e+06,1.2e+06,1.596e+06,1.596e+06,,4926321.728,,,,,,,,,,1,1,8.91089,3.06122,100,0
287032,,,,,,,,,,,,,,,,,,,,,,172373,,,,,,,
287533,,,,,,,,,,,,,,,,,,,,,,172674,,,,,,,
287987,49500,50500,49500,48300,48900,70000,1.2e+06,1.2e+06,1.2e+06,1.2e+06,1.596e+06,1.596e+06,,4926328.853,,,,,,,,,,1,1,9.09091,5.94059,100,0
288034,,,,,,,,,,,,,,,,,,,,,,172975,,,,,,,
288535,,,,,,,,,,,,,,,,,,,,,,173276,,,,,,,
288987,49900,50300,49500,48300,49100,70000,1.2e+06,1.2e+06,1.2e+06,1.2e+06,1.596e+06,1.596e+06,,4926335.972,,,,,,,,,,2,0.990099,6.06061,6.06061,100,0
289036,,,,,,,,,,,,,,,,,,,,,,173577,,,,,,,
289537,,,,,,,,,,,,,,,,,,,,,,173878,,,,,,,
289987,49900,50500,49300,48300,49500,70000,1.2e+06,1.2e+06,1.2e+06,1.2e+06,1.596e+06,1.596e+06,,4926343.088,,,,,,,,,,1.9802,4.0404,6.93069,2.9703,100,0
290038,,,,,,,,,,,,,,,,,,,,,,174179,,,,,,,
290538,,,,,,,,,,,,,,,,,,,,,,174479,,,,,,,
290987,49700,50300,49500,48500,49100,70000,1.2e+06,1.2e+06,1.2e+06,1.2e+06,1.596e+06,1.596e+06,,4926350.137,,,,,,,,,,1,0,5.10204,7,100,0
291039,,,,,,,,,,,,,,,,,,,,,,174780,,,,,,,
291539,,,,,,,,,,,,,,,,,,,,,,175080,,,,,,,
291987,49900,50300,49300,48300,49100,70000,1.2e+06,1.2e+06,1.2e+06,1.2e+06,1.596e+06,1.596e+06,24.847,4926357.257,,,,,,,,,,1.0101,0,8.91089,5.05051,100,0
292040,,,,,,,,,,,,,,,,,,,,,,175381,,,,,,,
292541,,,,,,,,,,,,,,,,,,,,,,175682,,,,,,,
292987,49900,50300,49300,48300,49100,70000,1.2e+06,1.2e+06,1.2e+06,1.2e+06,1.596e+06,1.596e+06,,4926364.382,,,,,,,,,,1.9802,10,6,0,100,0
293042,,,,,,,,,,,,,,,,,,,,,,175983,,,,,,,
293542,,,,,,,,,,,,,,,,,,,,,,176283,,,,,,,
293987,49500,50100,49300,48500,49100,70000,1.2e+06,1.2e+06,1.2e+06,1.2e+06,1.596e+06,1.596e+06,,4926371.488,,,,,,,,,,0,1,1,13.7255,100,0
294043,,,,,,,,,,,,,,,,,,,,,,176584,,,,,,,
294544,,,,,,,,,,,,,,,,,,,,,,176885,,,,,,,
294987,49700,50300,49100,48100,49100,70000,1.2e+06,1.2e+06,1.2e+06,1.2e+06,1.596e+06,1.596e+06,,4926378.614,,,,,,,,,,1.9802,0,8.82353,5.10204,100,0
295045,,,,,,,,,,,,,,,,,,,,,,177186,,,,,,,
295545,,,,,,,,,,,,,,,,,,,,,,177486,,,,,,,
295987,49900,50500,49500,48300,49100,70000,1.2e+06,1.2e+06,1.2e+06,1.2e+06,1.596e+06,1.596e+06,,4926385.636,,,,,,,,,,1,6.93069,0,8.91089,100,0
296046,,,,,,,,,,,,,,,,,,,,,,177787,,,,,,,
296545,,,,,,,,,,,,,,,,,,,,,,178087,,,,,,,
296987,49700,50100,49100,48300,48700,70000,1.2e+06,1.2e+06,1.2e+06,1.2e+06,1.596e+06,1.596e+06,,4926392.768,,,,,,,,,,2,0,1,14.8515,100,0
297046,,,,,,,,,,,,,,,,,,,,,,178388,,,,,,,
297546,,,,,,,,,,,,,,,,,,,,,,178688,,,,,,,
297987,49700,50100,49100,47900,48700,70000,1.2e+06,1.2e+06,1.2e+06,1.2e+06,1.596e+06,1.596e+06,,4926399.923,,,,,,,,,,0,6.93069,1,8,100,0
298047,,,,,,,,,,,,,,,,,,,,,,178989,,,,,,,
298547,,,,,,,,,,,,,,,,,,,,,,179289,,,,,,,
298987,49500,50300,49300,48300,49100,70000,1.2e+06,1.2e+06,1.2e+06,1.2e+06,1.596e+06,1.596e+06,,4926406.962,,,,,,,,,,1,0,0,12,100,0
299048,,,,,,,,,,,,,,,,,,,,,,179590,,,,,,,
299549,,,,,,,,,,,,,,,,,,,,,,179891,,,,,,,
299987,49500,50300,49100,48100,48700,70000,1.2e+06,1.2e+06,1.2e+06,1.2e+06,1.596e+06,1.596e+06,,4926414.140,,,,,,,,,,1.0101,0,8.91089,6.06061,100,0
