# Started at: 2022-06-23 19:31:46 +0000, Version: v0.1-182-g8091d52, Generated by: thermobench --verbose --time=300 --wait=50 --wait-timeout=60 --sensors_file=/root/thermobench/src/sensors.tx2 --cpu-usage --column=CPU0_work_done --column=CPU1_work_done --column=CPU2_work_done --column=CPU3_work_done --column=CPU4_work_done --column=CPU5_work_done --output=/root/JSA/coefficients_experiment/measurements_repeated/tx2//membench-1M-RW-R_A57_all.json.yaml.csv -- demos-sched -p high -c /root/JSA/coefficients_experiment/demos_configurations/tx2//membench-1M-RW-R_A57_all.json.yaml
time/ms,Cortex_A57_temp/m°C,Denver2_temp/m°C,GPU_temp/m°C,PLL_temp/m°C,Tboard_temp/m°C,Tdiode_temp/m°C,Thfan_temp/m°C,GPU_load/‰,GPU_freq/Hz,Cortex_A57_0_freq/Hz,Denver2_0_freq/Hz,Denver2_1_freq/Hz,Cortex_A57_1_freq/Hz,Cortex_A57_2_freq/Hz,Cortex_A57_3_freq/Hz,GPU_voltage/µV,CPU_voltage/µV,EMC_freq/Hz,SYS_GPU_current/mA,SYS_GPU_voltage/mV,SYS_GPU_power/mW,SYS_SOC_current/mA,SYS_SOC_voltage/mV,SYS_SOC_power/mW,4V0_WIFI_current/mA,4V0_WIFI_voltage/mV,4V0_WIFI_power/mW,IN_current/mA,IN_voltage/mV,IN_power/mW,SYS_CPU_current/mA,SYS_CPU_voltage/mV,SYS_CPU_power/mW,SYS_DDR_current/mA,SYS_DDR_voltage/mV,SYS_DDR_power/mW,CUR_PWM/%,CPU0_work_done,CPU1_work_done,CPU2_work_done,CPU3_work_done,CPU4_work_done,CPU5_work_done,CPU0_load/%,CPU1_load/%,CPU2_load/%,CPU3_load/%,CPU4_load/%,CPU5_load/%
1.12202,50000,50000,48500,50000,47000,48250,49600,0,1.4025e+08,345000,345000,345000,345000,345000,345000,630078,649414,6.656e+08,8,19208,153,24,19200,460,12,4816,57,98,19216,1883,12,19216,230,44,4816,211,0,,,,,,,0,0,50,0,50,0
1001.11,50500,50500,49000,50500,47000,48500,49700,0,1.4025e+08,1.997e+06,2.035e+06,2.035e+06,1.997e+06,1.996e+06,1.996e+06,630078,898632,1.6e+09,8,19184,153,36,19176,690,12,4816,57,244,19192,4682,76,19184,1457,248,4816,1194,0,,,,,,,98.9899,1,0,98.9899,98.9899,99
2001.57,50500,50500,49000,50500,47000,48500,49900,0,1.4025e+08,2.034e+06,2.035e+06,2.034e+06,2.035e+06,2.036e+06,2.035e+06,630078,917968,1.6e+09,8,19176,153,40,19168,766,12,4816,57,260,19184,4987,80,19184,1534,268,4816,1290,0,,,,,,,100,1,1,100,100,100
3000.96,50500,50500,49000,50500,47000,48500,50200,0,1.4025e+08,1.996e+06,2.035e+06,2.033e+06,1.996e+06,1.996e+06,1.996e+06,630078,898632,1.6e+09,8,19176,153,40,19168,766,8,4816,38,260,19184,4987,80,19176,1534,272,4808,1309,0,,,,,,,100,1,0,100,100,100
4001.81,50500,50500,49000,50500,47000,48750,49900,0,1.4025e+08,1.996e+06,2.035e+06,2.034e+06,1.997e+06,1.996e+06,1.997e+06,630078,898632,1.6e+09,8,19176,153,40,19168,766,12,4816,57,260,19184,4987,80,19176,1534,272,4808,1307,0,,,,,,,100,0,0,100,100,100
4404.1,,,,,,,,,,,,,,,,,,,,,,,,,,,,,,,,,,,,,,,,,0,,,,,,,,
4438.27,,,,,,,,,,,,,,,,,,,,,,,,,,,,,,,,,,,,,,,,,,,0,,,,,,
4462.4,,,,,,,,,,,,,,,,,,,,,,,,,,,,,,,,,,,,,,,,,,0,,,,,,,
4502.82,,,,,,,,,,,,,,,,,,,,,,,,,,,,,,,,,,,,,,0,,,,,,,,,,,
5000.4,51000,51000,49000,51000,47000,48750,50200,0,1.4025e+08,2.035e+06,2.034e+06,2.034e+06,2.035e+06,2.034e+06,2.035e+06,630078,917968,1.6e+09,8,19176,153,40,19168,766,12,4816,57,262,19184,5026,84,19176,1610,272,4816,1309,0,,,,,,,100,2,1,100,100,100
6001.37,51000,51000,49000,51000,47000,48750,50200,0,1.4025e+08,1.996e+06,2.035e+06,2.035e+06,1.998e+06,1.996e+06,1.996e+06,630078,898632,1.6e+09,8,19176,153,40,19168,766,12,4816,57,262,19184,5026,80,19176,1534,272,4816,1309,0,,,,,,,100,1,0,100,100,100
7001.32,51000,51000,49000,51000,47000,48750,50200,0,1.4025e+08,1.997e+06,2.035e+06,2.035e+06,1.998e+06,1.996e+06,1.996e+06,630078,898632,1.6e+09,8,19176,153,40,19168,766,12,4816,57,260,19184,4987,80,19176,1534,272,4816,1309,0,,,,,,,100,1,0,100,100,100
8001.27,51000,51000,49000,51000,47000,48750,50200,0,1.4025e+08,1.998e+06,2.034e+06,2.035e+06,1.998e+06,1.996e+06,1.996e+06,630078,898632,1.6e+09,8,19176,153,40,19168,766,8,4816,38,262,19184,5026,84,19176,1610,272,4816,1309,0,,,,,,,100,1.02041,0,100,100,100
8741.88,,,,,,,,,,,,,,,,,,,,,,,,,,,,,,,,,,,,,,,,,1,,,,,,,,
8793.51,,,,,,,,,,,,,,,,,,,,,,,,,,,,,,,,,,,,,,,,,,,1,,,,,,
8856.76,,,,,,,,,,,,,,,,,,,,,,,,,,,,,,,,,,,,,,,,,,1,,,,,,,
8956.71,,,,,,,,,,,,,,,,,,,,,,,,,,,,,,,,,,,,,,1,,,,,,,,,,,
9000.87,51000,51000,49000,51000,47000,48750,50200,0,1.4025e+08,1.997e+06,2.034e+06,2.034e+06,1.996e+06,1.997e+06,1.996e+06,630078,898632,1.6e+09,8,19176,153,40,19168,766,12,4816,57,262,19184,5026,80,19176,1534,272,4808,1307,0,,,,,,,100,1.9802,0,100,100,100
10001.7,51000,51000,49000,51000,47000,48750,50200,0,1.4025e+08,1.996e+06,2.034e+06,2.033e+06,1.997e+06,1.996e+06,1.998e+06,630078,898632,1.6e+09,8,19176,153,40,19168,766,12,4816,57,260,19184,4987,80,19176,1534,272,4816,1309,0,,,,,,,100,0,0,100,100,100
11001.5,51000,51000,49000,51000,47000,48750,50200,0,1.4025e+08,1.996e+06,2.034e+06,2.034e+06,1.997e+06,1.996e+06,1.996e+06,630078,898632,1.6e+09,8,19176,153,40,19168,766,12,4816,57,262,19184,5026,84,19176,1610,272,4816,1309,0,,,,,,,100,2.0202,2,100,100,100
12001.4,51000,51000,49000,51000,47000,48750,50200,0,1.4025e+08,1.997e+06,2.035e+06,2.034e+06,1.996e+06,1.996e+06,1.996e+06,630078,898632,1.6e+09,8,19176,153,40,19168,766,8,4816,38,260,19184,4987,80,19176,1534,272,4816,1309,0,,,,,,,100,0.990099,0,100,100,100
13001.2,51000,51000,49000,51000,47000,48750,50200,0,1.4025e+08,1.997e+06,2.035e+06,2.034e+06,1.996e+06,1.998e+06,1.997e+06,630078,898632,1.6e+09,8,19176,153,40,19168,766,12,4816,57,262,19184,5026,80,19176,1534,272,4816,1309,0,,,,,,,100,1.0101,1,100,100,100
13079.2,,,,,,,,,,,,,,,,,,,,,,,,,,,,,,,,,,,,,,,,,2,,,,,,,,
13147.9,,,,,,,,,,,,,,,,,,,,,,,,,,,,,,,,,,,,,,,,,,,2,,,,,,
13246.9,,,,,,,,,,,,,,,,,,,,,,,,,,,,,,,,,,,,,,,,,,2,,,,,,,
13401.8,,,,,,,,,,,,,,,,,,,,,,,,,,,,,,,,,,,,,,2,,,,,,,,,,,
14000.5,51000,51000,49500,51000,47000,48750,50400,170,1.4025e+08,1.997e+06,2.034e+06,2.035e+06,1.997e+06,1.997e+06,1.998e+06,630078,898632,1.6e+09,8,19176,153,40,19168,766,12,4816,57,264,19184,5064,84,19176,1610,272,4808,1307,0,,,,,,,100,3.0303,1,100,100,100
15001.4,51000,51000,49000,51000,47000,48750,50400,0,1.4025e+08,2.036e+06,2.034e+06,2.034e+06,2.035e+06,2.035e+06,2.034e+06,630078,917968,1.6e+09,8,19176,153,40,19168,766,12,4816,57,262,19184,5026,80,19176,1610,272,4816,1309,0,,,,,,,100,1,0,100,100,100
16001.3,51000,51000,49000,51000,47000,48750,50200,0,1.4025e+08,2.036e+06,2.034e+06,2.035e+06,2.034e+06,2.035e+06,2.035e+06,630078,917968,1.6e+09,8,19176,153,40,19168,766,8,4816,38,262,19184,5026,80,19176,1534,272,4816,1309,0,,,,,,,100,0,0,100,100,100
17001.1,51000,51000,49000,51000,47000,48750,50200,0,1.4025e+08,2.035e+06,2.033e+06,2.035e+06,2.035e+06,2.035e+06,2.034e+06,630078,917968,1.6e+09,8,19176,153,40,19168,766,12,4816,57,264,19184,5064,84,19176,1610,272,4816,1309,0,,,,,,,100,2,1,100,100,100
17425.3,,,,,,,,,,,,,,,,,,,,,,,,,,,,,,,,,,,,,,,,,3,,,,,,,,
17510.3,,,,,,,,,,,,,,,,,,,,,,,,,,,,,,,,,,,,,,,,,,,3,,,,,,
17646.7,,,,,,,,,,,,,,,,,,,,,,,,,,,,,,,,,,,,,,,,,,3,,,,,,,
17860.4,,,,,,,,,,,,,,,,,,,,,,,,,,,,,,,,,,,,,,3,,,,,,,,,,,
18000.6,51000,51000,49000,51000,47000,48750,50200,0,1.4025e+08,2.036e+06,2.034e+06,2.035e+06,2.036e+06,2.035e+06,2.035e+06,630078,917968,1.6e+09,8,19176,153,40,19168,766,8,4816,38,260,19184,4987,80,19176,1534,272,4816,1309,0,,,,,,,100,1.0101,0,100,100,100
19001.4,51000,51000,49000,51000,47000,48750,50200,0,1.4025e+08,1.997e+06,2.034e+06,2.034e+06,1.997e+06,1.997e+06,1.996e+06,630078,898632,1.6e+09,8,19176,153,40,19168,766,12,4816,57,260,19184,4987,80,19176,1534,272,4816,1309,0,,,,,,,100,1,0,100,100,100
20001.3,51000,51000,49000,51000,47000,48750,50200,0,1.4025e+08,2.031e+06,2.035e+06,2.035e+06,2.033e+06,2.035e+06,2.036e+06,630078,909375,1.6e+09,8,19176,153,40,19168,766,12,4816,57,262,19184,5026,84,19176,1610,272,4816,1309,0,,,,,,,100,2.9703,2.0202,100,100,100
21001.2,51000,51000,49500,51000,47000,48750,50200,0,1.4025e+08,2.035e+06,2.035e+06,2.035e+06,2.034e+06,2.035e+06,2.036e+06,630078,898632,1.6e+09,8,19176,153,40,19168,766,8,4816,38,262,19184,5026,80,19176,1610,272,4816,1309,0,,,,,,,100,0,0,100,100,100
21763,,,,,,,,,,,,,,,,,,,,,,,,,,,,,,,,,,,,,,,,,4,,,,,,,,
21864.1,,,,,,,,,,,,,,,,,,,,,,,,,,,,,,,,,,,,,,,,,,,4,,,,,,
22000.3,51000,51000,49000,51000,47000,48750,50400,0,1.4025e+08,2.034e+06,2.034e+06,2.034e+06,2.034e+06,2.034e+06,2.035e+06,630078,917968,1.6e+09,8,19176,153,40,19168,766,8,4816,38,262,19184,5026,80,19176,1534,272,4816,1309,0,,,,,,,100,0,1,100,100,100
22035.9,,,,,,,,,,,,,,,,,,,,,,,,,,,,,,,,,,,,,,,,,,4,,,,,,,
22305.2,,,,,,,,,,,,,,,,,,,,,,,,,,,,,,,,,,,,,,4,,,,,,,,,,,
23001,51000,51000,49000,51000,47000,48750,50200,0,1.4025e+08,1.996e+06,2.034e+06,2.034e+06,1.996e+06,1.997e+06,1.996e+06,630078,898632,1.6e+09,8,19176,153,40,19168,766,12,4816,57,262,19184,5026,84,19176,1610,272,4816,1309,0,,,,,,,100,2,2,100,100,100
24001.9,51000,51000,49000,51000,47000,49000,50200,0,1.4025e+08,2.035e+06,2.036e+06,2.034e+06,2.035e+06,2.036e+06,2.035e+06,630078,917968,1.6e+09,8,19176,153,40,19168,766,8,4816,38,260,19184,4987,80,19176,1534,272,4816,1309,0,,,,,,,100,0,1,100,100,100
25001.8,51000,51000,49000,51000,47000,48750,50400,0,1.4025e+08,1.997e+06,2.035e+06,2.035e+06,1.996e+06,1.998e+06,1.996e+06,630078,898632,1.6e+09,8,19176,153,40,19168,766,8,4816,38,262,19184,5026,80,19176,1534,272,4816,1309,0,,,,,,,100,0,1,100,100,100
26001.7,51000,51000,49000,51000,47000,48750,50200,0,1.4025e+08,2.035e+06,2.034e+06,2.035e+06,2.034e+06,2.035e+06,2.035e+06,630078,909375,1.6e+09,8,19176,153,40,19168,766,12,4816,57,262,19184,5026,84,19176,1610,272,4816,1309,0,,,,,,,100,0,2.9703,100,100,100
26106.2,,,,,,,,,,,,,,,,,,,,,,,,,,,,,,,,,,,,,,,,,5,,,,,,,,
26223.4,,,,,,,,,,,,,,,,,,,,,,,,,,,,,,,,,,,,,,,,,,,5,,,,,,
26429.1,,,,,,,,,,,,,,,,,,,,,,,,,,,,,,,,,,,,,,,,,,5,,,,,,,
26765,,,,,,,,,,,,,,,,,,,,,,,,,,,,,,,,,,,,,,5,,,,,,,,,,,
27000.3,51000,51000,49000,51000,47000,48750,50400,0,1.4025e+08,1.996e+06,2.036e+06,2.036e+06,1.996e+06,1.996e+06,1.997e+06,630078,898632,1.6e+09,8,19176,153,40,19168,766,12,4816,57,262,19184,5026,84,19176,1610,272,4816,1309,0,,,,,,,100,0,0,100,100,100
28001.2,51000,51000,49000,51000,47000,48750,50400,0,1.4025e+08,2.034e+06,2.036e+06,2.036e+06,2.034e+06,2.034e+06,2.035e+06,630078,917968,1.6e+09,8,19176,153,40,19168,766,12,4816,57,262,19184,5026,80,19176,1610,272,4808,1307,0,,,,,,,100,0,0,100,100,100
29001.1,51000,51000,49000,51000,47000,48750,50200,0,1.4025e+08,1.996e+06,2.036e+06,2.036e+06,1.996e+06,1.998e+06,1.996e+06,630078,898632,1.6e+09,8,19176,153,40,19168,766,12,4816,57,262,19184,5026,84,19176,1610,272,4816,1309,0,,,,,,,100,0,1.0101,100,100,100
30001,51000,51000,49500,51000,47000,48750,50200,0,1.4025e+08,1.997e+06,2.036e+06,2.035e+06,1.995e+06,1.998e+06,1.996e+06,630078,898632,1.6e+09,8,19176,153,40,19168,766,8,4816,38,260,19184,4987,80,19176,1534,272,4816,1309,0,,,,,,,100,0,1,100,100,100
30443.3,,,,,,,,,,,,,,,,,,,,,,,,,,,,,,,,,,,,,,,,,6,,,,,,,,
30572.1,,,,,,,,,,,,,,,,,,,,,,,,,,,,,,,,,,,,,,,,,,,6,,,,,,
30817.8,,,,,,,,,,,,,,,,,,,,,,,,,,,,,,,,,,,,,,,,,,6,,,,,,,
31001,51000,51000,49500,51000,47000,48750,50200,0,1.4025e+08,1.998e+06,2.036e+06,2.035e+06,1.997e+06,1.998e+06,1.996e+06,630078,898632,1.6e+09,8,19176,153,40,19168,766,8,4816,38,262,19184,5026,80,19176,1534,272,4808,1309,0,,,,,,,100,1,1.0101,100,100,100
31213.8,,,,,,,,,,,,,,,,,,,,,,,,,,,,,,,,,,,,,,6,,,,,,,,,,,
32001.6,51000,51000,49500,51000,47000,48750,50200,0,1.4025e+08,2.034e+06,2.035e+06,2.036e+06,2.034e+06,2.036e+06,2.034e+06,630078,917968,1.6e+09,8,19176,153,40,19168,766,12,4816,57,262,19184,5026,84,19176,1610,272,4816,1307,0,,,,,,,100,0,1.0101,100,100,100
33001.5,51000,51000,49500,51000,47000,48750,50400,0,1.4025e+08,2.036e+06,2.036e+06,2.035e+06,2.035e+06,2.036e+06,2.035e+06,630078,898632,1.6e+09,8,19176,153,40,19168,766,12,4816,57,262,19184,5026,80,19176,1534,272,4816,1309,0,,,,,,,100,0,2,100,100,100
34001.5,51000,51000,49500,51000,47000,48750,50200,0,1.4025e+08,2.035e+06,2.034e+06,2.034e+06,2.035e+06,2.034e+06,2.035e+06,630078,917968,1.6e+09,8,19176,153,40,19168,766,12,4816,38,262,19184,5026,80,19176,1534,272,4816,1309,0,,,,,,,100,0,0,100,100,100
34784.4,,,,,,,,,,,,,,,,,,,,,,,,,,,,,,,,,,,,,,,,,7,,,,,,,,
34923.8,,,,,,,,,,,,,,,,,,,,,,,,,,,,,,,,,,,,,,,,,,,7,,,,,,
35000,51000,51000,49000,51000,47000,48750,50400,0,1.4025e+08,2.036e+06,2.036e+06,2.035e+06,2.036e+06,2.036e+06,2.035e+06,630078,917968,1.6e+09,8,19176,153,40,19168,766,8,4816,38,262,19184,5026,84,19176,1610,272,4816,1309,0,,,,,,,100,0,2.0202,100,100,100
35218.6,,,,,,,,,,,,,,,,,,,,,,,,,,,,,,,,,,,,,,,,,,7,,,,,,,
35665.4,,,,,,,,,,,,,,,,,,,,,,,,,,,,,,,,,,,,,,7,,,,,,,,,,,
36000.8,51000,51000,49000,51000,47000,49000,50200,0,1.4025e+08,1.997e+06,2.036e+06,2.034e+06,1.996e+06,1.996e+06,1.996e+06,630078,898632,1.6e+09,8,19176,153,40,19168,766,12,4816,57,260,19184,4987,80,19176,1534,272,4816,1309,0,,,,,,,100,0,0,100,100,100
37001.7,51500,51500,49500,51500,47000,49000,50400,0,1.4025e+08,2.035e+06,2.034e+06,2.036e+06,2.035e+06,2.034e+06,2.035e+06,630078,917968,1.6e+09,8,19176,153,40,19168,766,8,4816,38,262,19184,5026,80,19176,1534,272,4808,1307,0,,,,,,,100,0,2,100,100,100
38001.6,51000,51000,49500,51000,47000,48750,50400,0,1.4025e+08,2.036e+06,2.037e+06,2.035e+06,2.035e+06,2.035e+06,2.034e+06,630078,917968,1.6e+09,8,19176,153,40,19168,766,8,4816,38,262,19184,5026,84,19176,1610,272,4816,1309,0,,,,,,,100,1,2,100,100,100
39001.5,51000,51000,49500,51000,47000,48750,50400,0,1.4025e+08,2.035e+06,2.036e+06,2.035e+06,2.035e+06,2.034e+06,2.035e+06,630078,898632,1.6e+09,8,19176,153,40,19168,766,12,4816,57,262,19184,5026,80,19176,1534,272,4808,1307,0,,,,,,,100,0,1.0101,100,100,100
39125.5,,,,,,,,,,,,,,,,,,,,,,,,,,,,,,,,,,,,,,,,,8,,,,,,,,
39271.7,,,,,,,,,,,,,,,,,,,,,,,,,,,,,,,,,,,,,,,,,,,8,,,,,,
39606.2,,,,,,,,,,,,,,,,,,,,,,,,,,,,,,,,,,,,,,,,,,8,,,,,,,
40000.7,51000,51000,49000,51000,47000,48750,50400,0,1.4025e+08,2.034e+06,2.036e+06,2.034e+06,2.035e+06,2.034e+06,2.034e+06,630078,917968,1.6e+09,8,19176,153,40,19168,766,8,4816,38,262,19184,5026,80,19176,1534,272,4816,1309,0,,,,,,,100,0.990099,0,100,100,100
40110.6,,,,,,,,,,,,,,,,,,,,,,,,,,,,,,,,,,,,,,8,,,,,,,,,,,
41001.6,51000,51000,49000,51000,47000,49000,50400,0,1.4025e+08,1.996e+06,2.034e+06,2.035e+06,1.997e+06,1.997e+06,1.996e+06,630078,898632,1.6e+09,8,19176,153,40,19168,766,12,4816,57,262,19184,5026,84,19176,1610,272,4816,1309,0,,,,,,,100,0,2.9703,100,100,100
42001.6,51000,51000,49500,51000,47000,49000,50400,0,1.4025e+08,1.996e+06,2.035e+06,2.034e+06,1.997e+06,1.996e+06,1.996e+06,630078,909375,1.6e+09,8,19176,153,40,19168,766,8,4816,38,260,19184,4987,80,19176,1534,272,4816,1309,0,,,,,,,100,0.990099,0,100,100,100
43001.4,51000,51000,49000,51000,47000,49000,50400,0,1.4025e+08,1.997e+06,2.034e+06,2.034e+06,1.997e+06,1.998e+06,1.997e+06,630078,898632,1.6e+09,8,19176,153,40,19168,766,12,4816,57,262,19184,5026,80,19176,1534,272,4816,1307,0,,,,,,,100,0,1,100,100,100
43465.3,,,,,,,,,,,,,,,,,,,,,,,,,,,,,,,,,,,,,,,,,9,,,,,,,,
43633.8,,,,,,,,,,,,,,,,,,,,,,,,,,,,,,,,,,,,,,,,,,,9,,,,,,
44001.2,51000,51000,49000,51000,47000,49000,50400,0,1.4025e+08,2.036e+06,2.035e+06,2.035e+06,2.036e+06,2.034e+06,2.036e+06,630078,917968,1.6e+09,8,19176,153,40,19168,766,12,4816,57,262,19184,5026,84,19176,1610,272,4816,1309,0,,,,,,,100,2.94118,2.9703,100,100,100
44011.6,,,,,,,,,,,,,,,,,,,,,,,,,,,,,,,,,,,,,,,,,,9,,,,,,,
44563.7,,,,,,,,,,,,,,,,,,,,,,,,,,,,,,,,,,,,,,9,,,,,,,,,,,
45001.2,51000,51000,49500,51000,47000,49000,50500,0,1.4025e+08,1.996e+06,2.034e+06,2.034e+06,1.997e+06,1.996e+06,1.997e+06,630078,909375,1.6e+09,8,19176,153,40,19168,766,12,4816,57,262,19184,5026,84,19176,1610,272,4816,1309,0,,,,,,,100,0,0,100,100,100
46001.1,51000,51000,49500,51000,47000,48750,50400,0,1.4025e+08,2.035e+06,2.037e+06,2.035e+06,2.035e+06,2.035e+06,2.035e+06,630078,917968,1.6e+09,8,19176,153,40,19168,766,12,4816,57,262,19184,5026,80,19176,1534,272,4816,1309,0,,,,,,,100,0,1,100,100,100
47001,51000,51000,49500,51000,47000,48750,50200,73,1.4025e+08,2.036e+06,2.036e+06,2.034e+06,2.034e+06,2.034e+06,2.034e+06,630078,917968,1.6e+09,8,19176,153,40,19168,766,12,4816,57,264,19184,5064,84,19176,1610,272,4816,1309,0,,,,,,,100,1.0101,1.0101,100,100,100
47806.3,,,,,,,,,,,,,,,,,,,,,,,,,,,,,,,,,,,,,,,,,10,,,,,,,,
47982.2,,,,,,,,,,,,,,,,,,,,,,,,,,,,,,,,,,,,,,,,,,,10,,,,,,
48000.3,51000,51000,49000,51000,47000,49000,50200,0,1.4025e+08,1.997e+06,2.036e+06,2.036e+06,1.997e+06,1.996e+06,1.997e+06,630078,917968,1.6e+09,8,19176,153,40,19168,766,8,4816,38,262,19184,5026,80,19176,1534,272,4816,1309,0,,,,,,,100,0,1,100,100,100
48401.6,,,,,,,,,,,,,,,,,,,,,,,,,,,,,,,,,,,,,,,,,,10,,,,,,,
49001.3,51000,51000,49500,51000,47000,49000,50200,0,1.4025e+08,1.998e+06,2.035e+06,2.035e+06,1.998e+06,1.998e+06,1.996e+06,630078,898632,1.6e+09,8,19176,153,40,19168,766,8,4816,38,262,19184,5026,80,19176,1534,272,4816,1309,0,,,,,,,100,0.990099,1.0101,100,100,100
49009.2,,,,,,,,,,,,,,,,,,,,,,,,,,,,,,,,,,,,,,10,,,,,,,,,,,
50001.3,51000,51000,49000,51000,47000,49000,50400,0,1.4025e+08,1.999e+06,2.035e+06,2.035e+06,1.995e+06,1.996e+06,1.996e+06,630078,898632,1.6e+09,8,19176,153,40,19168,766,12,4816,57,262,19184,5026,84,19176,1610,272,4816,1309,0,,,,,,,100,1.0101,2,100,100,100
51001.2,51000,51000,49500,51000,47000,49000,50400,54,1.4025e+08,2.035e+06,2.035e+06,2.034e+06,2.034e+06,2.035e+06,2.034e+06,630078,917968,1.6e+09,8,19176,153,40,19168,766,12,4816,57,262,19184,5026,80,19176,1534,272,4816,1309,0,,,,,,,100,1,0.990099,100,100,100
52001.2,51000,51000,49000,51000,47000,48750,50400,0,1.4025e+08,2.034e+06,2.034e+06,2.034e+06,2.034e+06,2.034e+06,2.034e+06,630078,917968,1.6e+09,8,19176,153,40,19168,766,12,4816,57,262,19184,5026,80,19176,1534,272,4816,1309,0,,,,,,,100,0,1,100,100,100
52143.9,,,,,,,,,,,,,,,,,,,,,,,,,,,,,,,,,,,,,,,,,11,,,,,,,,
52336.3,,,,,,,,,,,,,,,,,,,,,,,,,,,,,,,,,,,,,,,,,,,11,,,,,,
52800,,,,,,,,,,,,,,,,,,,,,,,,,,,,,,,,,,,,,,,,,,11,,,,,,,
53000.3,51000,51000,49500,51000,47000,49000,50200,0,1.4025e+08,1.997e+06,2.035e+06,2.034e+06,1.995e+06,1.997e+06,1.998e+06,630078,898632,1.6e+09,8,19176,153,40,19168,766,12,4816,57,262,19184,5026,84,19176,1610,272,4808,1307,0,,,,,,,100,2,1.0101,100,100,100
53459.9,,,,,,,,,,,,,,,,,,,,,,,,,,,,,,,,,,,,,,11,,,,,,,,,,,
54000.5,51000,51000,49500,51000,47000,49000,50400,0,1.4025e+08,1.997e+06,2.035e+06,2.036e+06,1.997e+06,1.996e+06,1.998e+06,630078,898632,1.6e+09,8,19176,153,40,19168,766,12,4816,57,260,19184,5026,80,19176,1534,272,4816,1309,0,,,,,,,100,0,1,100,100,100
55001.4,51000,51000,49500,51000,47000,49000,50400,0,1.4025e+08,1.997e+06,2.035e+06,2.035e+06,1.997e+06,1.998e+06,1.996e+06,630078,898632,1.6e+09,8,19176,153,40,19168,766,12,4816,57,260,19184,5026,80,19176,1534,272,4816,1309,0,,,,,,,100,1.9802,0,100,100,100
56001.2,51000,51000,49500,51000,47000,49000,50400,0,1.4025e+08,2.036e+06,2.035e+06,2.035e+06,2.035e+06,2.035e+06,2.033e+06,630078,917968,1.6e+09,8,19176,153,40,19168,766,8,4816,38,262,19184,5026,84,19176,1610,272,4816,1309,0,,,,,,,100,3,1.0101,100,100,100
56483.3,,,,,,,,,,,,,,,,,,,,,,,,,,,,,,,,,,,,,,,,,12,,,,,,,,
56691.4,,,,,,,,,,,,,,,,,,,,,,,,,,,,,,,,,,,,,,,,,,,12,,,,,,
57000.7,51000,51000,49500,51000,47000,49000,50400,0,1.4025e+08,1.997e+06,2.035e+06,2.036e+06,1.998e+06,1.998e+06,1.998e+06,630078,898632,1.6e+09,8,19176,153,40,19168,766,12,4816,57,262,19184,5026,80,19176,1534,272,4816,1309,0,,,,,,,100,0,0.990099,100,100,100
57189.9,,,,,,,,,,,,,,,,,,,,,,,,,,,,,,,,,,,,,,,,,,12,,,,,,,
57904.3,,,,,,,,,,,,,,,,,,,,,,,,,,,,,,,,,,,,,,12,,,,,,,,,,,
58000.5,51500,51500,49000,51500,47000,49000,50400,0,1.4025e+08,2.035e+06,2.035e+06,2.034e+06,2.035e+06,2.034e+06,2.035e+06,630078,917968,1.6e+09,8,19176,153,40,19168,766,8,4816,38,262,19184,5026,80,19176,1610,272,4808,1307,0,,,,,,,100,1,0,100,100,100
59001.2,51000,51000,49500,51000,47000,49000,50400,0,1.4025e+08,1.998e+06,2.035e+06,2.035e+06,1.997e+06,1.995e+06,1.997e+06,630078,898632,1.6e+09,8,19176,153,40,19168,766,8,4816,38,262,19184,5026,84,19176,1610,272,4808,1307,0,,,,,,,100,2,2,100,100,100
60001.7,51000,51000,49500,51000,47000,48750,50400,0,1.4025e+08,1.998e+06,2.034e+06,2.035e+06,1.997e+06,1.996e+06,1.996e+06,630078,898632,1.6e+09,8,19176,153,40,19168,766,12,4816,57,260,19184,4987,80,19176,1534,272,4816,1309,0,,,,,,,100,0.990099,0.990099,99.0099,100,100
60824.1,,,,,,,,,,,,,,,,,,,,,,,,,,,,,,,,,,,,,,,,,13,,,,,,,,
61000.3,51500,51500,49500,51500,47000,49000,50400,0,1.4025e+08,1.996e+06,2.036e+06,2.035e+06,2.032e+06,2.036e+06,2.034e+06,630078,917968,1.6e+09,8,19176,153,40,19168,766,12,4816,57,262,19184,5026,80,19176,1534,272,4808,1307,0,,,,,,,100,1.0101,1,100,100,100
61045.9,,,,,,,,,,,,,,,,,,,,,,,,,,,,,,,,,,,,,,,,,,,13,,,,,,
61586.5,,,,,,,,,,,,,,,,,,,,,,,,,,,,,,,,,,,,,,,,,,13,,,,,,,
62001.1,51000,51000,49500,51000,47000,49000,50400,0,1.4025e+08,1.996e+06,2.034e+06,2.034e+06,1.997e+06,1.996e+06,1.997e+06,630078,898632,1.6e+09,8,19176,153,40,19168,766,12,4816,57,262,19184,5026,84,19176,1610,272,4816,1309,0,,,,,,,100,2,1.0101,100,100,100
62356.7,,,,,,,,,,,,,,,,,,,,,,,,,,,,,,,,,,,,,,13,,,,,,,,,,,
63001.4,51500,51500,49500,51500,47000,49000,50400,0,1.4025e+08,1.996e+06,2.034e+06,2.036e+06,1.997e+06,1.996e+06,1.995e+06,630078,898632,1.6e+09,8,19176,153,40,19168,766,12,4816,57,260,19184,4987,80,19176,1534,272,4816,1309,0,,,,,,,100,0,0,100,100,100
64001.3,51000,51000,49500,51000,47000,49000,50700,0,1.4025e+08,1.996e+06,2.034e+06,2.036e+06,1.997e+06,1.996e+06,1.996e+06,630078,898632,1.6e+09,8,19176,153,40,19168,766,12,4816,57,262,19184,5026,80,19176,1534,272,4816,1309,0,,,,,,,100,1,0,100,100,100
65001.2,51000,51000,49500,51000,47000,49000,50700,0,1.4025e+08,2.034e+06,2.036e+06,2.036e+06,2.035e+06,2.034e+06,2.035e+06,630078,917968,1.6e+09,8,19176,153,40,19168,766,12,4816,57,262,19184,5026,84,19176,1610,272,4816,1309,0,,,,,,,100,1.0101,1.9802,100,100,100
65168.1,,,,,,,,,,,,,,,,,,,,,,,,,,,,,,,,,,,,,,,,,14,,,,,,,,
65403.9,,,,,,,,,,,,,,,,,,,,,,,,,,,,,,,,,,,,,,,,,,,14,,,,,,
65975,,,,,,,,,,,,,,,,,,,,,,,,,,,,,,,,,,,,,,,,,,14,,,,,,,
66000.1,51000,51000,49500,51000,47000,49000,50400,0,1.4025e+08,2.035e+06,2.035e+06,2.034e+06,2.035e+06,2.035e+06,2.035e+06,630078,917968,1.6e+09,8,19176,153,40,19168,766,8,4816,38,262,19184,5026,80,19176,1534,272,4816,1307,0,,,,,,,100,1.9802,0,100,100,100
66801.8,,,,,,,,,,,,,,,,,,,,,,,,,,,,,,,,,,,,,,14,,,,,,,,,,,
67001,51000,51000,49500,51000,47000,49000,50200,0,1.4025e+08,2.034e+06,2.035e+06,2.034e+06,2.034e+06,2.035e+06,2.035e+06,630078,917968,1.6e+09,8,19176,153,40,19168,766,8,4816,38,262,19184,5026,80,19176,1534,272,4816,1309,0,,,,,,,100,0,0,100,100,100
68001.8,51500,51500,49500,51500,47000,49000,50700,0,1.4025e+08,1.996e+06,2.034e+06,2.034e+06,1.996e+06,1.996e+06,1.998e+06,630078,898632,1.6e+09,8,19176,153,40,19168,766,8,4816,38,262,19184,5026,84,19176,1610,272,4816,1309,0,,,,,,,100,1,1.9802,100,100,100
69001.8,51000,51000,49500,51000,47000,49000,50700,0,1.4025e+08,1.997e+06,2.035e+06,2.035e+06,1.997e+06,1.998e+06,1.996e+06,630078,898632,1.6e+09,8,19176,153,40,19168,766,8,4816,38,262,19184,5026,80,19176,1534,272,4816,1309,0,,,,,,,100,0,0,100,100,100
69505.4,,,,,,,,,,,,,,,,,,,,,,,,,,,,,,,,,,,,,,,,,15,,,,,,,,
69761,,,,,,,,,,,,,,,,,,,,,,,,,,,,,,,,,,,,,,,,,,,15,,,,,,
70000.3,51000,51000,49500,51000,47000,49000,50700,0,1.4025e+08,1.996e+06,2.035e+06,2.037e+06,1.996e+06,1.996e+06,1.996e+06,630078,898632,1.6e+09,8,19176,153,40,19168,766,12,4816,57,262,19184,5026,80,19176,1534,272,4808,1307,0,,,,,,,100,1,1,100,100,100
70366.3,,,,,,,,,,,,,,,,,,,,,,,,,,,,,,,,,,,,,,,,,,15,,,,,,,
71001,51000,51000,49500,51000,47000,49000,50400,0,1.4025e+08,2.034e+06,2.034e+06,2.035e+06,2.036e+06,2.035e+06,2.035e+06,630078,917968,1.6e+09,8,19176,153,40,19168,766,12,4816,57,262,19184,5026,84,19176,1610,272,4808,1307,0,,,,,,,100,2,1.0101,100,100,100
71252.2,,,,,,,,,,,,,,,,,,,,,,,,,,,,,,,,,,,,,,15,,,,,,,,,,,
72001.1,51500,51500,49500,51500,47000,49000,50700,0,1.4025e+08,2.033e+06,2.034e+06,2.035e+06,2.035e+06,2.035e+06,2.035e+06,630078,917968,1.6e+09,8,19176,153,40,19168,766,8,4816,38,260,19184,4987,80,19176,1534,272,4816,1309,0,,,,,,,100,0,0,100,100,100
73001,51000,51000,49500,51000,47000,49000,50400,0,1.4025e+08,1.997e+06,2.035e+06,2.035e+06,1.997e+06,1.996e+06,1.997e+06,630078,898632,1.6e+09,8,19176,153,40,19168,766,12,4816,57,262,19184,5026,80,19176,1534,272,4808,1309,0,,,,,,,100,0,1,100,100,100
73845.4,,,,,,,,,,,,,,,,,,,,,,,,,,,,,,,,,,,,,,,,,16,,,,,,,,
74000.6,51500,51500,49500,51500,47000,49000,50400,169,1.4025e+08,2.035e+06,2.036e+06,2.034e+06,2.035e+06,2.035e+06,2.033e+06,630078,909375,1.6e+09,8,19176,153,40,19168,766,12,4816,57,266,19184,5102,84,19176,1610,276,4816,1329,0,,,,,,,100,2.0202,3,100,100,100
74119.9,,,,,,,,,,,,,,,,,,,,,,,,,,,,,,,,,,,,,,,,,,,16,,,,,,
74759.7,,,,,,,,,,,,,,,,,,,,,,,,,,,,,,,,,,,,,,,,,,16,,,,,,,
75001,51000,51000,49500,51000,47000,49000,50400,0,1.4025e+08,2.036e+06,2.035e+06,2.034e+06,2.035e+06,2.034e+06,2.034e+06,630078,917968,1.6e+09,8,19176,153,40,19168,766,12,4816,57,262,19184,5026,80,19176,1534,272,4816,1309,0,,,,,,,100,0,0,100,100,100
75697.6,,,,,,,,,,,,,,,,,,,,,,,,,,,,,,,,,,,,,,16,,,,,,,,,,,
76001,51000,51000,49500,51000,47000,49000,50400,0,1.4025e+08,1.997e+06,2.034e+06,2.035e+06,1.996e+06,1.995e+06,1.998e+06,630078,898632,1.6e+09,8,19176,153,40,19168,766,12,4816,57,262,19184,5026,80,19176,1534,272,4816,1309,0,,,,,,,100,0,1.0101,100,100,100
77001.9,51000,51000,49500,51000,47000,49000,50700,0,1.4025e+08,2.033e+06,2.035e+06,2.034e+06,2.036e+06,2.035e+06,2.035e+06,630078,909375,1.6e+09,8,19176,153,40,19168,766,12,4816,57,262,19184,5026,84,19176,1610,272,4816,1309,0,,,,,,,100,1,1.9802,100,100,100
78001.8,51500,51500,49500,51500,47000,49000,50400,0,1.4025e+08,2.035e+06,2.034e+06,2.035e+06,2.034e+06,2.034e+06,2.035e+06,630078,917968,1.6e+09,8,19176,153,40,19168,766,8,4816,38,262,19184,5026,80,19176,1534,272,4816,1309,0,,,,,,,100,0,1.0101,100,100,100
78190.2,,,,,,,,,,,,,,,,,,,,,,,,,,,,,,,,,,,,,,,,,17,,,,,,,,
78474.3,,,,,,,,,,,,,,,,,,,,,,,,,,,,,,,,,,,,,,,,,,,17,,,,,,
79000.9,51000,51000,49500,51000,47000,49000,50400,0,1.4025e+08,2.034e+06,2.034e+06,2.035e+06,2.034e+06,2.033e+06,2.034e+06,630078,917968,1.6e+09,8,19176,153,40,19168,766,12,4816,57,262,19184,5026,80,19176,1534,272,4816,1309,0,,,,,,,100,0,1.9802,100,100,100
79154.7,,,,,,,,,,,,,,,,,,,,,,,,,,,,,,,,,,,,,,,,,,17,,,,,,,
80001.6,51000,51000,49500,51000,47000,49000,50400,0,1.4025e+08,1.997e+06,2.036e+06,2.036e+06,1.996e+06,1.996e+06,1.997e+06,630078,917968,1.6e+09,8,19176,153,40,19168,766,12,4816,57,262,19184,5026,84,19176,1610,272,4816,1309,0,,,,,,,100,2,3,100,100,100
80156.9,,,,,,,,,,,,,,,,,,,,,,,,,,,,,,,,,,,,,,17,,,,,,,,,,,
81000.8,51000,51000,49500,51000,47000,49000,50400,0,1.4025e+08,2.034e+06,2.035e+06,2.034e+06,2.034e+06,2.034e+06,2.036e+06,630078,917968,1.6e+09,8,19176,153,40,19168,766,12,4816,57,262,19184,5026,80,19176,1534,272,4816,1309,0,,,,,,,100,0,0,100,100,100
82001.3,51500,51500,49500,51500,47000,49000,50700,0,1.4025e+08,2.035e+06,2.035e+06,2.035e+06,2.034e+06,2.035e+06,2.035e+06,630078,917968,1.6e+09,8,19176,153,40,19168,766,12,4816,57,262,19184,5026,80,19176,1534,272,4816,1309,0,,,,,,,100,1,1,100,100,100
82529.8,,,,,,,,,,,,,,,,,,,,,,,,,,,,,,,,,,,,,,,,,18,,,,,,,,
82830.7,,,,,,,,,,,,,,,,,,,,,,,,,,,,,,,,,,,,,,,,,,,18,,,,,,
83001,51000,51000,49500,51000,47000,49000,50700,0,1.4025e+08,2.036e+06,2.035e+06,2.036e+06,2.035e+06,2.035e+06,2.034e+06,630078,917968,1.6e+09,8,19176,153,40,19168,766,12,4816,57,262,19184,5026,84,19176,1610,272,4816,1309,0,,,,,,,100,0,2,100,100,100
83547.1,,,,,,,,,,,,,,,,,,,,,,,,,,,,,,,,,,,,,,,,,,18,,,,,,,
84000.6,51500,51500,49500,51500,47000,49000,50400,0,1.4025e+08,2.036e+06,2.034e+06,2.036e+06,2.034e+06,2.035e+06,2.034e+06,630078,917968,1.6e+09,8,19176,153,40,19168,766,12,4816,57,262,19184,5026,80,19176,1534,272,4816,1309,0,,,,,,,100,0,1.0101,100,100,100
84595.7,,,,,,,,,,,,,,,,,,,,,,,,,,,,,,,,,,,,,,18,,,,,,,,,,,
85001.2,51000,51000,49500,51000,47000,49000,50700,0,1.4025e+08,1.997e+06,2.035e+06,2.035e+06,1.996e+06,1.996e+06,1.996e+06,630078,898632,1.6e+09,8,19176,153,40,19168,766,12,4816,57,262,19184,5026,80,19176,1534,272,4816,1309,0,,,,,,,100,0,1,100,100,100
86001.9,51500,51500,49500,51500,47000,49000,50700,0,1.4025e+08,2.034e+06,2.034e+06,2.035e+06,2.035e+06,2.035e+06,2.033e+06,630078,917968,1.6e+09,8,19176,153,40,19168,766,12,4816,57,262,19184,5026,84,19176,1610,272,4816,1309,0,,,,,,,100,1,1.02041,100,100,100
86865.8,,,,,,,,,,,,,,,,,,,,,,,,,,,,,,,,,,,,,,,,,19,,,,,,,,
87000,51000,51000,49500,51000,47000,49250,50400,0,1.4025e+08,1.996e+06,2.035e+06,2.035e+06,1.996e+06,1.996e+06,1.997e+06,630078,898632,1.6e+09,8,19176,153,40,19168,766,12,4816,57,260,19184,4987,80,19176,1534,272,4808,1307,0,,,,,,,100,0.990099,1,100,100,100
87179.8,,,,,,,,,,,,,,,,,,,,,,,,,,,,,,,,,,,,,,,,,,,19,,,,,,
87942.5,,,,,,,,,,,,,,,,,,,,,,,,,,,,,,,,,,,,,,,,,,19,,,,,,,
88000.6,51000,51000,49500,51000,47000,49250,50700,0,1.4025e+08,1.998e+06,2.036e+06,2.034e+06,1.996e+06,1.996e+06,1.998e+06,630078,898632,1.6e+09,8,19176,153,40,19168,766,12,4816,57,262,19184,5026,80,19176,1610,272,4816,1309,0,,,,,,,100,0,1,100,100,100
89001,51000,51000,49500,51000,47000,49000,50700,0,1.4025e+08,1.997e+06,2.035e+06,2.035e+06,1.997e+06,1.997e+06,1.996e+06,630078,898632,1.6e+09,8,19176,153,40,19168,766,12,4816,57,262,19184,5026,84,19176,1610,272,4808,1307,0,,,,,,,100,1.0101,2.9703,100,100,100
89053.4,,,,,,,,,,,,,,,,,,,,,,,,,,,,,,,,,,,,,,19,,,,,,,,,,,
90001.4,51500,51500,49500,51500,47000,49000,50400,0,1.4025e+08,1.997e+06,2.034e+06,2.036e+06,1.997e+06,1.996e+06,1.998e+06,630078,898632,1.6e+09,8,19176,153,40,19168,766,12,4816,57,262,19184,5026,80,19176,1534,272,4816,1309,0,,,,,,,100,0,1,100,100,100
91000.9,51500,51500,49500,51500,47000,49000,50400,0,1.4025e+08,2.035e+06,2.036e+06,2.035e+06,2.036e+06,2.035e+06,2.035e+06,630078,917968,1.6e+09,8,19176,153,40,19168,766,12,4816,57,262,19184,5026,80,19176,1534,272,4808,1309,0,,,,,,,100,0,2,100,100,100
91202.5,,,,,,,,,,,,,,,,,,,,,,,,,,,,,,,,,,,,,,,,,20,,,,,,,,
91531.9,,,,,,,,,,,,,,,,,,,,,,,,,,,,,,,,,,,,,,,,,,,20,,,,,,
92000.5,51000,51000,49500,51000,47000,49250,50700,0,1.4025e+08,2.035e+06,2.034e+06,2.035e+06,2.035e+06,2.034e+06,2.034e+06,630078,917968,1.6e+09,8,19176,153,40,19168,766,12,4816,57,262,19184,5026,84,19176,1610,272,4808,1307,0,,,,,,,100,1.0101,2,100,100,100
92339.2,,,,,,,,,,,,,,,,,,,,,,,,,,,,,,,,,,,,,,,,,,20,,,,,,,
93000.9,51500,51500,49500,51500,47000,49000,50700,0,1.4025e+08,2.034e+06,2.035e+06,2.035e+06,2.035e+06,2.035e+06,2.035e+06,630078,917968,1.6e+09,8,19176,153,40,19168,766,12,4816,57,262,19184,5026,80,19176,1534,272,4816,1309,0,,,,,,,100,0.990099,1,100,100,100
93496.2,,,,,,,,,,,,,,,,,,,,,,,,,,,,,,,,,,,,,,20,,,,,,,,,,,
94000.8,51500,51500,49500,51500,47000,49000,50700,0,1.4025e+08,1.996e+06,2.034e+06,2.034e+06,1.997e+06,1.996e+06,1.996e+06,630078,898632,1.6e+09,8,19176,153,40,19168,766,12,4816,57,262,19184,5026,80,19176,1534,272,4816,1309,0,,,,,,,100,0,1.0101,100,100,100
95001.3,51500,51500,49500,51500,47000,49000,50400,0,1.4025e+08,1.998e+06,2.035e+06,2.035e+06,1.997e+06,1.995e+06,1.996e+06,630078,898632,1.6e+09,8,19176,153,40,19168,766,8,4816,38,262,19184,5026,84,19176,1610,272,4816,1309,0,,,,,,,100,1,1.0101,100,100,100
95547.6,,,,,,,,,,,,,,,,,,,,,,,,,,,,,,,,,,,,,,,,,21,,,,,,,,
95882.5,,,,,,,,,,,,,,,,,,,,,,,,,,,,,,,,,,,,,,,,,,,21,,,,,,
96000.6,51500,51500,49500,51500,47000,49250,50400,0,1.4025e+08,1.997e+06,2.036e+06,2.034e+06,1.997e+06,1.997e+06,1.996e+06,630078,898632,1.6e+09,8,19176,153,40,19168,766,12,4816,57,260,19184,4987,80,19176,1534,272,4816,1309,0,,,,,,,100,0,1,100,100,100
96729.7,,,,,,,,,,,,,,,,,,,,,,,,,,,,,,,,,,,,,,,,,,21,,,,,,,
97001,51500,51500,49500,51500,47000,49250,50700,0,1.4025e+08,2.035e+06,2.036e+06,2.035e+06,2.034e+06,2.035e+06,2.036e+06,630078,917968,1.6e+09,8,19176,153,40,19168,766,8,4816,38,262,19184,5026,80,19176,1534,272,4816,1309,0,,,,,,,100,0,0,100,100,100
97949.1,,,,,,,,,,,,,,,,,,,,,,,,,,,,,,,,,,,,,,21,,,,,,,,,,,
98000.2,51500,51500,49500,51500,47000,49250,50700,0,1.4025e+08,2.034e+06,2.035e+06,2.035e+06,2.034e+06,2.035e+06,2.034e+06,630078,917968,1.6e+09,8,19176,153,40,19168,766,8,4816,38,264,19184,5064,84,19176,1610,272,4816,1309,0,,,,,,,100,2,2.9703,100,100,100
99001.7,51500,51500,49500,51500,47000,49250,50700,0,1.4025e+08,1.997e+06,2.036e+06,2.034e+06,1.997e+06,1.997e+06,1.995e+06,630078,898632,1.6e+09,8,19176,153,40,19168,766,8,4816,38,262,19184,5026,80,19176,1534,272,4816,1309,0,,,,,,,100,0,1.9802,100,100,100
99888.1,,,,,,,,,,,,,,,,,,,,,,,,,,,,,,,,,,,,,,,,,22,,,,,,,,
100000,51500,51500,49500,51500,47000,49250,50400,0,1.4025e+08,1.997e+06,2.034e+06,2.034e+06,1.997e+06,1.997e+06,1.996e+06,630078,898632,1.6e+09,8,19176,153,40,19168,766,12,4816,57,262,19184,5026,80,19176,1534,272,4808,1307,0,,,,,,,100,0,0,100,100,100
100232,,,,,,,,,,,,,,,,,,,,,,,,,,,,,,,,,,,,,,,,,,,22,,,,,,
101001,51500,51500,49500,51500,47000,49000,50700,0,1.4025e+08,1.996e+06,2.034e+06,2.036e+06,1.998e+06,1.997e+06,1.997e+06,630078,898632,1.6e+09,8,19176,153,40,19168,766,12,4816,57,262,19184,5026,80,19176,1534,272,4816,1309,0,,,,,,,100,1,1,100,100,100
101131,,,,,,,,,,,,,,,,,,,,,,,,,,,,,,,,,,,,,,,,,,22,,,,,,,
102001,51500,51500,49500,51500,47000,49000,50700,0,1.4025e+08,1.997e+06,2.035e+06,2.034e+06,1.996e+06,1.996e+06,1.997e+06,630078,898632,1.6e+09,8,19176,153,40,19168,766,8,4816,38,262,19184,5026,80,19176,1534,272,4816,1309,0,,,,,,,100,0,2,100,100,100
102389,,,,,,,,,,,,,,,,,,,,,,,,,,,,,,,,,,,,,,22,,,,,,,,,,,
103001,51500,51500,49500,51500,47000,49250,50700,0,1.4025e+08,2.035e+06,2.035e+06,2.035e+06,2.035e+06,2.036e+06,2.036e+06,630078,917968,1.6e+09,8,19176,153,40,19168,766,8,4816,38,262,19184,5026,80,19176,1534,272,4816,1309,0,,,,,,,100,0.990099,1,100,100,100
104001,51500,51500,49500,51500,47000,49250,50700,0,1.4025e+08,1.997e+06,2.035e+06,2.036e+06,1.995e+06,1.996e+06,1.996e+06,630078,898632,1.6e+09,8,19176,153,40,19168,766,12,4816,57,264,19184,5064,84,19176,1610,272,4816,1309,0,,,,,,,100,0,1.02041,100,100,100
104233,,,,,,,,,,,,,,,,,,,,,,,,,,,,,,,,,,,,,,,,,23,,,,,,,,
104584,,,,,,,,,,,,,,,,,,,,,,,,,,,,,,,,,,,,,,,,,,,23,,,,,,
105000,51500,51500,49500,51500,47000,49000,50700,0,1.4025e+08,2.035e+06,2.035e+06,2.035e+06,2.035e+06,2.035e+06,2.035e+06,630078,917968,1.6e+09,8,19176,153,40,19168,766,12,4816,57,262,19184,5026,80,19176,1534,272,4816,1309,0,,,,,,,100,0,1,100,100,100
105521,,,,,,,,,,,,,,,,,,,,,,,,,,,,,,,,,,,,,,,,,,23,,,,,,,
106001,51500,51500,49500,51500,47000,49000,50700,0,1.4025e+08,1.996e+06,2.035e+06,2.036e+06,1.997e+06,1.996e+06,1.996e+06,630078,898632,1.6e+09,8,19176,153,40,19168,766,8,4816,38,262,19184,5026,80,19176,1534,272,4808,1307,0,,,,,,,100,1,0,100,100,100
106844,,,,,,,,,,,,,,,,,,,,,,,,,,,,,,,,,,,,,,23,,,,,,,,,,,
107000,51500,51500,49500,51500,47000,49000,50700,0,1.4025e+08,2.029e+06,2.035e+06,2.035e+06,2.029e+06,2.032e+06,2.035e+06,630078,909375,1.6e+09,8,19176,153,40,19168,766,12,4816,57,262,19184,5026,80,19176,1610,272,4808,1307,0,,,,,,,100,1.0101,1.0101,100,100,100
108001,51500,51500,49500,51500,47000,49000,50700,0,1.4025e+08,1.997e+06,2.035e+06,2.034e+06,1.997e+06,1.996e+06,1.998e+06,630078,898632,1.6e+09,8,19176,153,40,19168,766,8,4816,38,262,19184,5026,80,19176,1534,272,4816,1309,0,,,,,,,100,1,0,100,100,100
108568,,,,,,,,,,,,,,,,,,,,,,,,,,,,,,,,,,,,,,,,,24,,,,,,,,
108935,,,,,,,,,,,,,,,,,,,,,,,,,,,,,,,,,,,,,,,,,,,24,,,,,,
109000,51500,51500,49500,51500,47000,49000,50700,0,1.4025e+08,2.035e+06,2.035e+06,2.035e+06,2.034e+06,2.035e+06,2.034e+06,630078,917968,1.6e+09,8,19176,153,40,19168,766,12,4816,57,262,19184,5026,80,19176,1534,272,4816,1309,0,,,,,,,100,1.9802,0,100,100,100
109915,,,,,,,,,,,,,,,,,,,,,,,,,,,,,,,,,,,,,,,,,,24,,,,,,,
110000,51500,51500,49500,51500,47000,49000,50700,0,1.4025e+08,1.997e+06,2.035e+06,2.035e+06,1.996e+06,1.997e+06,1.996e+06,630078,898632,1.6e+09,8,19176,153,40,19168,766,12,4816,57,262,19184,5026,84,19176,1610,272,4816,1309,0,,,,,,,100,1.0101,1,100,100,100
111001,51500,51500,49500,51500,47000,49000,50700,0,1.4025e+08,1.996e+06,2.034e+06,2.034e+06,1.997e+06,1.995e+06,1.997e+06,630078,898632,1.6e+09,8,19176,153,40,19168,766,12,4816,57,262,19184,5026,80,19176,1534,272,4816,1309,0,,,,,,,100,1,0,100,100,100
111283,,,,,,,,,,,,,,,,,,,,,,,,,,,,,,,,,,,,,,24,,,,,,,,,,,
112001,51500,51500,49500,51500,47000,49250,50700,0,1.4025e+08,2.036e+06,2.034e+06,2.035e+06,2.035e+06,2.034e+06,2.036e+06,630078,909375,1.6e+09,8,19176,153,40,19168,766,12,4816,57,262,19184,5026,80,19176,1534,272,4816,1309,0,,,,,,,100,2,0,100,100,100
112909,,,,,,,,,,,,,,,,,,,,,,,,,,,,,,,,,,,,,,,,,25,,,,,,,,
113000,51500,51500,49500,51500,47000,49250,50700,0,1.4025e+08,2.035e+06,2.037e+06,2.034e+06,2.035e+06,2.035e+06,2.035e+06,630078,917968,1.6e+09,8,19176,153,40,19168,766,12,4816,57,262,19184,5026,84,19176,1610,272,4816,1309,0,,,,,,,100,1.0101,1.0101,100,100,100
113286,,,,,,,,,,,,,,,,,,,,,,,,,,,,,,,,,,,,,,,,,,,25,,,,,,
114001,51500,51500,49500,51500,47000,49000,50700,0,1.4025e+08,2.032e+06,2.036e+06,2.035e+06,2.034e+06,2.035e+06,2.035e+06,630078,909375,1.6e+09,8,19176,153,40,19168,766,8,4816,38,262,19184,5026,80,19176,1534,272,4816,1309,0,,,,,,,100,1,0,100,100,100
114311,,,,,,,,,,,,,,,,,,,,,,,,,,,,,,,,,,,,,,,,,,25,,,,,,,
115001,51500,51500,49500,51500,47000,49250,50700,0,1.4025e+08,1.997e+06,2.035e+06,2.034e+06,1.998e+06,1.996e+06,1.998e+06,630078,898632,1.6e+09,8,19176,153,40,19168,766,8,4816,38,262,19184,5026,80,19176,1534,272,4816,1309,0,,,,,,,100,1.0101,0,100,100,100
115735,,,,,,,,,,,,,,,,,,,,,,,,,,,,,,,,,,,,,,25,,,,,,,,,,,
116000,51500,51500,49500,51500,47000,49250,50700,0,1.4025e+08,1.996e+06,2.034e+06,2.035e+06,1.997e+06,1.996e+06,1.996e+06,630078,898632,1.6e+09,8,19176,153,40,19168,766,12,4816,57,262,19184,5026,84,19176,1610,272,4816,1307,0,,,,,,,100,2,0,100,100,100
117002,51500,51500,49500,51500,47000,49000,50700,0,1.4025e+08,1.996e+06,2.035e+06,2.034e+06,1.997e+06,1.996e+06,1.997e+06,630078,898632,1.6e+09,8,19176,153,40,19168,766,12,4816,57,262,19184,5026,80,19176,1534,272,4816,1309,0,,,,,,,100,0,0,100,100,100
117245,,,,,,,,,,,,,,,,,,,,,,,,,,,,,,,,,,,,,,,,,26,,,,,,,,
117635,,,,,,,,,,,,,,,,,,,,,,,,,,,,,,,,,,,,,,,,,,,26,,,,,,
118001,51500,51500,49500,51500,47000,49000,50700,0,1.4025e+08,2.034e+06,2.035e+06,2.034e+06,2.035e+06,2.035e+06,2.035e+06,630078,909375,1.6e+09,8,19176,153,40,19168,766,12,4816,57,262,19184,5026,80,19176,1534,272,4808,1307,0,,,,,,,100,1.9802,0,100,100,100
118714,,,,,,,,,,,,,,,,,,,,,,,,,,,,,,,,,,,,,,,,,,26,,,,,,,
119000,51500,51500,49500,51500,47000,49250,50700,0,1.4025e+08,1.998e+06,2.034e+06,2.034e+06,1.997e+06,1.996e+06,1.996e+06,630078,898632,1.6e+09,8,19176,153,40,19168,766,12,4816,57,262,19184,5026,84,19176,1610,272,4816,1307,0,,,,,,,100,0,2.9703,100,100,100
120001,51500,51500,49500,51500,47000,49250,50700,0,1.4025e+08,1.996e+06,2.036e+06,2.035e+06,1.996e+06,1.997e+06,1.997e+06,630078,898632,1.6e+09,8,19176,153,40,19168,766,8,4816,38,260,19184,4987,80,19176,1534,272,4808,1307,0,,,,,,,100,1.0101,0,100,100,100
120175,,,,,,,,,,,,,,,,,,,,,,,,,,,,,,,,,,,,,,26,,,,,,,,,,,
121001,51500,51500,49500,51500,47000,49250,50700,0,1.4025e+08,1.996e+06,2.035e+06,2.036e+06,1.995e+06,1.997e+06,1.996e+06,630078,898632,1.6e+09,8,19176,153,40,19168,766,8,4816,38,262,19184,5026,80,19176,1534,272,4808,1307,0,,,,,,,100,1,0,100,100,100
121586,,,,,,,,,,,,,,,,,,,,,,,,,,,,,,,,,,,,,,,,,27,,,,,,,,
121989,,,,,,,,,,,,,,,,,,,,,,,,,,,,,,,,,,,,,,,,,,,27,,,,,,
122000,51500,51500,49500,51500,47000,49250,50700,0,1.4025e+08,2.034e+06,2.035e+06,2.034e+06,2.035e+06,2.034e+06,2.036e+06,630078,917968,1.6e+09,8,19176,153,40,19168,766,12,4816,57,264,19184,5064,84,19176,1610,272,4816,1309,0,,,,,,,100,2.0202,1.0101,100,100,100
123002,51500,51500,49500,51500,47000,49250,50700,0,1.4025e+08,2.035e+06,2.036e+06,2.034e+06,2.035e+06,2.035e+06,2.035e+06,630078,917968,1.6e+09,8,19176,153,40,19168,766,12,4816,57,262,19184,5026,80,19176,1534,272,4816,1309,0,,,,,,,100,0.990099,0,100,100,100
123108,,,,,,,,,,,,,,,,,,,,,,,,,,,,,,,,,,,,,,,,,,27,,,,,,,
124002,51500,51500,49500,51500,47000,49000,50700,0,1.4025e+08,1.996e+06,2.035e+06,2.035e+06,1.997e+06,1.996e+06,1.996e+06,630078,898632,1.6e+09,8,19176,153,40,19168,766,12,4816,57,262,19184,5026,80,19176,1534,272,4816,1309,0,,,,,,,100,1.0101,0,100,100,100
124635,,,,,,,,,,,,,,,,,,,,,,,,,,,,,,,,,,,,,,27,,,,,,,,,,,
125001,51500,51500,49500,51500,47000,49250,50700,0,1.4025e+08,1.996e+06,2.035e+06,2.035e+06,1.996e+06,1.996e+06,1.997e+06,630078,898632,1.6e+09,8,19176,153,40,19168,766,12,4816,57,262,19184,5026,84,19176,1610,272,4808,1307,0,,,,,,,100,2,2,100,100,100
125924,,,,,,,,,,,,,,,,,,,,,,,,,,,,,,,,,,,,,,,,,28,,,,,,,,
126001,51500,51500,49500,51500,47000,49250,50700,0,1.4025e+08,1.997e+06,2.034e+06,2.035e+06,1.997e+06,1.997e+06,1.997e+06,630078,898632,1.6e+09,8,19176,153,40,19168,766,12,4816,57,262,19184,5026,80,19176,1534,272,4816,1309,0,,,,,,,100,1.0101,0,100,100,100
126341,,,,,,,,,,,,,,,,,,,,,,,,,,,,,,,,,,,,,,,,,,,28,,,,,,
127001,51500,51500,49500,51500,47000,49250,50700,0,1.4025e+08,1.996e+06,2.035e+06,2.035e+06,1.997e+06,1.998e+06,1.997e+06,630078,898632,1.6e+09,8,19176,153,40,19168,766,8,4816,38,262,19184,5026,80,19176,1534,272,4816,1309,0,,,,,,,100,1.9802,0,100,100,100
127494,,,,,,,,,,,,,,,,,,,,,,,,,,,,,,,,,,,,,,,,,,28,,,,,,,
128001,51500,51500,49500,51500,47000,49250,50700,0,1.4025e+08,1.996e+06,2.034e+06,2.034e+06,1.997e+06,1.997e+06,1.996e+06,630078,917968,1.6e+09,8,19176,153,40,19168,766,12,4816,57,262,19184,5026,84,19176,1610,272,4816,1309,0,,,,,,,100,2.0202,1.0101,100,100,100
129001,51500,51500,49500,51500,47000,49250,50700,0,1.4025e+08,1.996e+06,2.036e+06,2.034e+06,1.997e+06,1.997e+06,1.997e+06,630078,898632,1.6e+09,8,19176,153,40,19168,766,12,4816,57,262,19184,5026,80,19176,1534,272,4808,1307,0,,,,,,,100,0,0,100,100,100
129077,,,,,,,,,,,,,,,,,,,,,,,,,,,,,,,,,,,,,,28,,,,,,,,,,,
130001,51500,51500,49500,51500,47000,49000,50700,0,1.4025e+08,2.036e+06,2.035e+06,2.035e+06,2.035e+06,2.035e+06,2.036e+06,630078,917968,1.6e+09,8,19176,153,40,19168,766,12,4816,57,262,19184,5026,80,19176,1534,272,4816,1309,0,,,,,,,100,2,0,100,100,100
130267,,,,,,,,,,,,,,,,,,,,,,,,,,,,,,,,,,,,,,,,,29,,,,,,,,
130705,,,,,,,,,,,,,,,,,,,,,,,,,,,,,,,,,,,,,,,,,,,29,,,,,,
131001,51500,51500,49500,51500,47000,49250,50700,0,1.4025e+08,2.035e+06,2.035e+06,2.036e+06,2.035e+06,2.035e+06,2.036e+06,630078,917968,1.6e+09,8,19176,153,40,19168,766,12,4816,57,262,19184,5064,84,19176,1610,272,4816,1309,0,,,,,,,100,2,1,100,100,100
131883,,,,,,,,,,,,,,,,,,,,,,,,,,,,,,,,,,,,,,,,,,29,,,,,,,
132000,51500,51500,49500,51500,47000,49250,50700,0,1.4025e+08,1.996e+06,2.035e+06,2.033e+06,1.997e+06,1.996e+06,1.996e+06,630078,898632,1.6e+09,8,19176,153,40,19168,766,12,4816,57,262,19184,5026,80,19176,1534,272,4816,1309,0,,,,,,,100,1,0,100,100,100
133002,51500,51500,50000,51500,47000,49250,50700,0,1.4025e+08,2.036e+06,2.034e+06,2.035e+06,2.035e+06,2.035e+06,2.036e+06,630078,917968,1.6e+09,8,19176,153,40,19168,766,12,4816,57,262,19184,5026,80,19176,1534,272,4808,1309,0,,,,,,,100,2,1,100,100,100
133512,,,,,,,,,,,,,,,,,,,,,,,,,,,,,,,,,,,,,,29,,,,,,,,,,,
134001,51500,51500,49500,51500,47000,49250,50700,357,1.4025e+08,1.998e+06,2.036e+06,2.034e+06,1.997e+06,1.996e+06,1.996e+06,630078,898632,1.6e+09,8,19176,153,40,19168,766,12,4816,57,266,19184,5102,84,19176,1610,272,4816,1309,0,,,,,,,100,3,3,100,100,100
134605,,,,,,,,,,,,,,,,,,,,,,,,,,,,,,,,,,,,,,,,,30,,,,,,,,
135001,51500,51500,49500,51500,47000,49250,50700,0,1.4025e+08,2.035e+06,2.036e+06,2.036e+06,2.035e+06,2.036e+06,2.034e+06,630078,917968,1.6e+09,8,19176,153,40,19168,766,8,4816,38,262,19184,5026,84,19176,1610,272,4816,1309,0,,,,,,,100,0,0,100,100,100
135054,,,,,,,,,,,,,,,,,,,,,,,,,,,,,,,,,,,,,,,,,,,30,,,,,,
136001,51500,51500,49500,51500,47000,49250,50700,0,1.4025e+08,2.034e+06,2.034e+06,2.034e+06,2.034e+06,2.035e+06,2.035e+06,630078,917968,1.6e+09,8,19176,153,40,19168,766,12,4816,38,262,19184,5026,80,19176,1534,272,4816,1309,0,,,,,,,100,0,1.9802,100,100,100
136268,,,,,,,,,,,,,,,,,,,,,,,,,,,,,,,,,,,,,,,,,,30,,,,,,,
137001,51500,51500,49500,51500,47000,49250,50700,0,1.4025e+08,2.032e+06,2.035e+06,2.036e+06,2.034e+06,2.035e+06,2.032e+06,630078,909375,1.6e+09,8,19176,153,40,19168,766,12,4816,57,262,19184,5026,84,19176,1610,272,4816,1309,0,,,,,,,100,1.9802,1.0101,100,100,100
137969,,,,,,,,,,,,,,,,,,,,,,,,,,,,,,,,,,,,,,30,,,,,,,,,,,
138001,51500,51500,49500,51500,47000,49250,50900,0,1.4025e+08,1.996e+06,2.035e+06,2.035e+06,1.997e+06,1.996e+06,1.995e+06,630078,898632,1.6e+09,8,19176,153,40,19168,766,12,4816,57,262,19184,5026,80,19176,1534,272,4808,1307,0,,,,,,,100,0,1.0101,100,100,100
138941,,,,,,,,,,,,,,,,,,,,,,,,,,,,,,,,,,,,,,,,,31,,,,,,,,
139001,51500,51500,49500,51500,47000,49250,50700,0,1.4025e+08,2.033e+06,2.034e+06,2.035e+06,2.034e+06,2.031e+06,2.032e+06,630078,909375,1.6e+09,8,19176,153,40,19168,766,12,4816,57,262,19184,5026,80,19176,1534,272,4816,1309,0,,,,,,,100,0.990099,1.9802,100,100,100
139405,,,,,,,,,,,,,,,,,,,,,,,,,,,,,,,,,,,,,,,,,,,31,,,,,,
140001,51500,51500,49500,51500,47000,49250,50700,0,1.4025e+08,1.997e+06,2.035e+06,2.035e+06,1.997e+06,1.998e+06,1.996e+06,630078,898632,1.6e+09,8,19176,153,40,19168,766,12,4816,57,264,19184,5064,84,19176,1610,272,4816,1309,0,,,,,,,100,0,1.0101,100,100,100
140662,,,,,,,,,,,,,,,,,,,,,,,,,,,,,,,,,,,,,,,,,,31,,,,,,,
141001,51500,51500,49500,51500,47000,49250,50700,0,1.4025e+08,2.034e+06,2.035e+06,2.035e+06,2.035e+06,2.034e+06,2.035e+06,630078,898632,1.6e+09,8,19176,153,40,19168,766,12,4816,57,262,19184,5026,80,19176,1534,272,4816,1309,0,,,,,,,100,0,1.9802,100,100,100
142001,51500,51500,49500,51500,47000,49250,50700,0,1.4025e+08,2.035e+06,2.035e+06,2.034e+06,2.036e+06,2.035e+06,2.035e+06,630078,917968,1.6e+09,8,19176,153,40,19168,766,12,4816,57,262,19184,5026,80,19176,1534,272,4816,1307,0,,,,,,,100,0.990099,0,100,100,100
142407,,,,,,,,,,,,,,,,,,,,,,,,,,,,,,,,,,,,,,31,,,,,,,,,,,
143001,52000,52000,49500,52000,47000,49250,50700,0,1.4025e+08,1.996e+06,2.035e+06,2.035e+06,1.997e+06,1.996e+06,1.998e+06,630078,917968,1.6e+09,8,19176,153,40,19168,766,12,4816,57,262,19184,5026,84,19176,1610,272,4816,1309,0,,,,,,,100,2,1.9802,100,100,100
143283,,,,,,,,,,,,,,,,,,,,,,,,,,,,,,,,,,,,,,,,,32,,,,,,,,
143755,,,,,,,,,,,,,,,,,,,,,,,,,,,,,,,,,,,,,,,,,,,32,,,,,,
144001,51500,51500,49500,51500,47000,49250,50700,0,1.4025e+08,2.032e+06,2.035e+06,2.035e+06,2.034e+06,2.035e+06,2.035e+06,630078,909375,1.6e+09,8,19176,153,40,19168,766,8,4816,38,262,19184,5026,80,19176,1534,272,4816,1309,0,,,,,,,100,1,1,100,100,100
145002,51500,51500,49500,51500,47000,49250,50700,0,1.4025e+08,2.035e+06,2.037e+06,2.034e+06,2.035e+06,2.035e+06,2.035e+06,630078,917968,1.6e+09,8,19176,153,40,19168,766,8,4816,38,262,19184,5026,80,19176,1534,272,4816,1309,0,,,,,,,100,0,0,100,100,100
145047,,,,,,,,,,,,,,,,,,,,,,,,,,,,,,,,,,,,,,,,,,32,,,,,,,
146002,51500,51500,50000,51500,47000,49250,50700,0,1.4025e+08,1.997e+06,2.035e+06,2.035e+06,1.997e+06,1.998e+06,1.998e+06,630078,917968,1.6e+09,8,19176,153,40,19168,766,12,4816,57,264,19184,5064,84,19176,1610,272,4816,1309,0,,,,,,,100,1.0101,2.9703,100,100,100
146854,,,,,,,,,,,,,,,,,,,,,,,,,,,,,,,,,,,,,,32,,,,,,,,,,,
147000,51500,51500,49500,51500,47000,49250,50700,0,1.4025e+08,2.035e+06,2.036e+06,2.034e+06,2.035e+06,2.033e+06,2.035e+06,630078,909375,1.6e+09,8,19176,153,40,19168,766,12,4816,57,262,19184,5026,80,19176,1534,272,4816,1309,0,,,,,,,100,0,0,100,100,100
147621,,,,,,,,,,,,,,,,,,,,,,,,,,,,,,,,,,,,,,,,,33,,,,,,,,
148001,51500,51500,49500,51500,47000,49250,50700,0,1.4025e+08,2.031e+06,2.035e+06,2.035e+06,2.034e+06,2.034e+06,2.035e+06,630078,909375,1.6e+09,8,19176,153,40,19168,766,8,4816,38,262,19184,5026,80,19176,1534,272,4816,1309,0,,,,,,,100,0,1,100,100,100
148105,,,,,,,,,,,,,,,,,,,,,,,,,,,,,,,,,,,,,,,,,,,33,,,,,,
149001,51500,51500,49500,51500,47000,49250,50700,0,1.4025e+08,2.036e+06,2.034e+06,2.033e+06,2.035e+06,2.035e+06,2.034e+06,630078,917968,1.6e+09,8,19176,153,40,19168,766,12,4816,57,262,19184,5026,84,19176,1610,272,4816,1309,0,,,,,,,100,2,1.0101,100,100,100
149437,,,,,,,,,,,,,,,,,,,,,,,,,,,,,,,,,,,,,,,,,,33,,,,,,,
150001,51500,51500,49500,51500,47000,49250,50700,0,1.4025e+08,1.996e+06,2.035e+06,2.035e+06,1.997e+06,1.996e+06,1.996e+06,630078,898632,1.6e+09,8,19176,153,40,19168,766,8,4816,38,262,19184,5026,80,19176,1534,272,4816,1309,0,,,,,,,100,0,0,100,100,100
151002,51500,51500,50000,51500,47000,49250,50700,0,1.4025e+08,1.998e+06,2.035e+06,2.035e+06,1.996e+06,1.996e+06,1.996e+06,630078,898632,1.6e+09,8,19176,153,40,19168,766,12,4816,57,262,19184,5026,80,19176,1534,272,4816,1309,0,,,,,,,100,1.9802,2,100,100,100
151294,,,,,,,,,,,,,,,,,,,,,,,,,,,,,,,,,,,,,,33,,,,,,,,,,,
151959,,,,,,,,,,,,,,,,,,,,,,,,,,,,,,,,,,,,,,,,,34,,,,,,,,
152000,51500,51500,50000,51500,47000,49250,50700,187,1.4025e+08,2.035e+06,2.035e+06,2.035e+06,2.035e+06,2.034e+06,2.035e+06,630078,917968,1.6e+09,8,19176,153,40,19168,766,12,4816,57,264,19184,5064,84,19176,1610,272,4816,1307,0,,,,,,,100,2,1.0101,100,100,100
152461,,,,,,,,,,,,,,,,,,,,,,,,,,,,,,,,,,,,,,,,,,,34,,,,,,
153001,51500,51500,49500,51500,47000,49250,50700,0,1.4025e+08,2.036e+06,2.035e+06,2.034e+06,2.035e+06,2.035e+06,2.033e+06,630078,917968,1.6e+09,8,19176,153,40,19168,766,12,4816,57,262,19184,5026,80,19176,1534,272,4816,1309,0,,,,,,,100,0,0,100,100,100
153821,,,,,,,,,,,,,,,,,,,,,,,,,,,,,,,,,,,,,,,,,,34,,,,,,,
154001,51500,51500,49500,51500,47000,49250,50900,124,1.4025e+08,1.996e+06,2.034e+06,2.034e+06,1.997e+06,1.996e+06,1.996e+06,630078,898632,1.6e+09,8,19176,153,40,19168,766,12,4816,57,262,19184,5026,84,19176,1610,272,4808,1307,0,,,,,,,100,0,1,100,100,100
155001,51500,51500,49500,51500,47000,49500,50900,0,1.4025e+08,1.997e+06,2.034e+06,2.036e+06,1.997e+06,1.998e+06,1.995e+06,630078,898632,1.6e+09,8,19176,153,40,19168,766,12,4816,57,262,19184,5026,84,19176,1610,272,4816,1309,0,,,,,,,100,1.0101,2,100,100,100
155748,,,,,,,,,,,,,,,,,,,,,,,,,,,,,,,,,,,,,,34,,,,,,,,,,,
156001,51500,51500,49500,51500,47000,49250,50700,0,1.4025e+08,2.036e+06,2.034e+06,2.035e+06,2.034e+06,2.035e+06,2.035e+06,630078,917968,1.6e+09,8,19176,153,40,19168,766,12,4816,57,262,19184,5026,80,19176,1534,272,4816,1309,0,,,,,,,100,0.990099,1,100,100,100
156296,,,,,,,,,,,,,,,,,,,,,,,,,,,,,,,,,,,,,,,,,35,,,,,,,,
156815,,,,,,,,,,,,,,,,,,,,,,,,,,,,,,,,,,,,,,,,,,,35,,,,,,
157000,51500,51500,49500,51500,47000,49250,50700,0,1.4025e+08,2.035e+06,2.034e+06,2.035e+06,2.035e+06,2.035e+06,2.036e+06,630078,917968,1.6e+09,8,19176,153,40,19168,766,12,4816,57,262,19184,5026,84,19176,1610,272,4816,1309,0,,,,,,,100,1,1,100,100,100
158001,51500,51500,49500,51500,47000,49250,50900,52,1.4025e+08,1.996e+06,2.033e+06,2.034e+06,1.997e+06,1.996e+06,1.996e+06,630078,898632,1.6e+09,8,19176,153,40,19168,766,8,4816,38,264,19184,5064,84,19176,1610,272,4816,1309,0,,,,,,,100,0,1.0101,100,100,100
158213,,,,,,,,,,,,,,,,,,,,,,,,,,,,,,,,,,,,,,,,,,35,,,,,,,
159001,51500,51500,49500,51500,47000,49250,50700,0,1.4025e+08,1.997e+06,2.034e+06,2.034e+06,1.997e+06,1.997e+06,1.997e+06,630078,898632,1.6e+09,8,19176,153,40,19168,766,12,4816,57,262,19184,5026,80,19176,1534,272,4816,1309,0,,,,,,,100,0,0.990099,100,100,100
160002,51500,51500,49500,51500,47000,49250,50900,13,1.4025e+08,2.035e+06,2.035e+06,2.035e+06,2.036e+06,2.036e+06,2.034e+06,630078,909375,1.6e+09,8,19176,153,40,19168,766,12,4816,57,262,19184,5026,80,19176,1534,272,4816,1309,0,,,,,,,100,1.9802,1,100,100,100
160187,,,,,,,,,,,,,,,,,,,,,,,,,,,,,,,,,,,,,,35,,,,,,,,,,,
160637,,,,,,,,,,,,,,,,,,,,,,,,,,,,,,,,,,,,,,,,,36,,,,,,,,
161001,51500,51500,49500,51500,47000,49250,50900,0,1.4025e+08,2.034e+06,2.034e+06,2.034e+06,2.035e+06,2.036e+06,2.034e+06,630078,917968,1.6e+09,8,19176,153,40,19168,766,12,4816,57,262,19184,5026,84,19176,1610,272,4816,1309,0,,,,,,,100,2,1.0101,100,100,100
161177,,,,,,,,,,,,,,,,,,,,,,,,,,,,,,,,,,,,,,,,,,,36,,,,,,
162001,51500,51500,50000,51500,47000,49250,50700,0,1.4025e+08,1.998e+06,2.034e+06,2.035e+06,1.996e+06,1.997e+06,1.997e+06,630078,898632,1.6e+09,8,19176,153,40,19168,766,12,4816,57,262,19184,5026,80,19176,1534,272,4816,1309,0,,,,,,,100,0,1,100,100,100
162602,,,,,,,,,,,,,,,,,,,,,,,,,,,,,,,,,,,,,,,,,,36,,,,,,,
163001,51500,51500,49500,51500,47000,49250,50700,0,1.4025e+08,1.997e+06,2.034e+06,2.035e+06,1.998e+06,1.997e+06,1.997e+06,630078,917968,1.6e+09,8,19176,153,40,19168,766,8,4816,38,262,19184,5026,80,19176,1610,272,4816,1309,0,,,,,,,100,0,1.0101,100,100,100
164001,51500,51500,49500,51500,47000,49250,50700,0,1.4025e+08,1.997e+06,2.034e+06,2.034e+06,1.998e+06,1.997e+06,1.997e+06,630078,898632,1.6e+09,8,19176,153,40,19168,766,12,4816,57,264,19184,5064,84,19176,1610,272,4808,1307,0,,,,,,,100,0,2,100,100,100
164635,,,,,,,,,,,,,,,,,,,,,,,,,,,,,,,,,,,,,,36,,,,,,,,,,,
164978,,,,,,,,,,,,,,,,,,,,,,,,,,,,,,,,,,,,,,,,,37,,,,,,,,
165001,51500,51500,49500,51500,47000,49500,50700,0,1.4025e+08,1.996e+06,2.035e+06,2.035e+06,1.996e+06,1.997e+06,1.996e+06,630078,898632,1.6e+09,8,19176,153,40,19168,766,12,4816,57,262,19184,5026,80,19176,1534,272,4816,1309,0,,,,,,,100,0,1,100,100,100
165531,,,,,,,,,,,,,,,,,,,,,,,,,,,,,,,,,,,,,,,,,,,37,,,,,,
166001,51500,51500,50000,51500,47000,49250,50700,0,1.4025e+08,2e+06,2.036e+06,2.034e+06,1.998e+06,1.998e+06,1.997e+06,630078,898632,1.6e+09,8,19176,153,40,19168,766,12,4816,57,262,19184,5026,84,19176,1610,272,4808,1307,0,,,,,,,100,0,0,100,100,100
166997,,,,,,,,,,,,,,,,,,,,,,,,,,,,,,,,,,,,,,,,,,37,,,,,,,
167000,51500,51500,50000,51500,47000,49250,50700,0,1.4025e+08,1.997e+06,2.036e+06,2.036e+06,1.997e+06,1.998e+06,1.996e+06,630078,898632,1.6e+09,8,19176,153,40,19168,766,12,4816,57,262,19184,5026,84,19176,1610,272,4816,1309,0,,,,,,,100,2,1,100,100,100
168001,51500,51500,49500,51500,47000,49500,50700,0,1.4025e+08,2.034e+06,2.036e+06,2.036e+06,2.035e+06,2.035e+06,2.036e+06,630078,917968,1.6e+09,8,19176,153,40,19168,766,12,4816,57,262,19184,5026,80,19176,1534,272,4808,1307,0,,,,,,,100,0.990099,0,100,100,100
169002,51500,51500,49500,51500,47000,49250,50900,0,1.4025e+08,1.997e+06,2.034e+06,2.035e+06,1.995e+06,1.996e+06,1.996e+06,630078,898632,1.6e+09,8,19176,153,40,19168,766,8,4816,38,262,19184,5026,84,19176,1610,272,4816,1309,0,,,,,,,100,1.0101,1,100,100,100
169075,,,,,,,,,,,,,,,,,,,,,,,,,,,,,,,,,,,,,,37,,,,,,,,,,,
169312,,,,,,,,,,,,,,,,,,,,,,,,,,,,,,,,,,,,,,,,,38,,,,,,,,
169885,,,,,,,,,,,,,,,,,,,,,,,,,,,,,,,,,,,,,,,,,,,38,,,,,,
170000,51500,51500,50000,51500,47000,49250,50700,0,1.4025e+08,2.036e+06,2.035e+06,2.035e+06,2.034e+06,2.035e+06,2.033e+06,630078,909375,1.6e+09,8,19176,153,40,19168,766,12,4816,57,262,19184,5026,84,19176,1610,272,4808,1307,0,,,,,,,100,1.9802,2,100,100,100
171002,51500,51500,49500,51500,47000,49500,50900,0,1.4025e+08,2.035e+06,2.034e+06,2.034e+06,2.035e+06,2.034e+06,2.034e+06,630078,917968,1.6e+09,8,19176,153,40,19168,766,12,4816,57,262,19184,5026,80,19176,1534,272,4816,1309,0,,,,,,,100,1.9802,0,100,100,100
171382,,,,,,,,,,,,,,,,,,,,,,,,,,,,,,,,,,,,,,,,,,38,,,,,,,
172001,51500,51500,50000,51500,47000,49250,50900,0,1.4025e+08,2.035e+06,2.034e+06,2.035e+06,2.034e+06,2.035e+06,2.035e+06,630078,917968,1.6e+09,8,19176,153,40,19168,766,12,4816,57,262,19184,5026,80,19176,1534,272,4816,1309,0,,,,,,,100,0,0,100,100,100
173001,51500,51500,49500,51500,47000,49250,50900,0,1.4025e+08,2.035e+06,2.034e+06,2.035e+06,2.034e+06,2.035e+06,2.035e+06,630078,917968,1.6e+09,8,19176,153,40,19168,766,12,4816,57,262,19184,5026,84,19176,1610,272,4808,1309,0,,,,,,,100,2,1,100,100,100
173525,,,,,,,,,,,,,,,,,,,,,,,,,,,,,,,,,,,,,,38,,,,,,,,,,,
173649,,,,,,,,,,,,,,,,,,,,,,,,,,,,,,,,,,,,,,,,,39,,,,,,,,
174001,51500,51500,49500,51500,47000,49250,50900,0,1.4025e+08,2.036e+06,2.035e+06,2.035e+06,2.035e+06,2.035e+06,2.035e+06,630078,917968,1.6e+09,8,19176,153,40,19168,766,12,4816,57,262,19184,5026,80,19176,1534,272,4816,1309,0,,,,,,,100,1.0101,0,100,100,100
174230,,,,,,,,,,,,,,,,,,,,,,,,,,,,,,,,,,,,,,,,,,,39,,,,,,
175001,51500,51500,49500,51500,47000,49500,50700,0,1.4025e+08,2.035e+06,2.034e+06,2.034e+06,2.034e+06,2.035e+06,2.035e+06,630078,917968,1.6e+09,8,19176,153,40,19168,766,8,4816,38,262,19184,5026,84,19176,1610,272,4816,1309,0,,,,,,,100,1,0,100,100,100
175770,,,,,,,,,,,,,,,,,,,,,,,,,,,,,,,,,,,,,,,,,,39,,,,,,,
176000,51500,51500,50000,51500,47000,49250,50700,0,1.4025e+08,1.997e+06,2.034e+06,2.035e+06,1.996e+06,1.996e+06,1.997e+06,630078,898632,1.6e+09,8,19176,153,40,19168,766,12,4816,57,262,19184,5026,84,19176,1610,272,4816,1309,0,,,,,,,100,0,1,100,100,100
177001,51500,51500,49500,51500,47000,49500,50900,0,1.4025e+08,2.035e+06,2.035e+06,2.035e+06,2.035e+06,2.034e+06,2.035e+06,630078,917968,1.6e+09,8,19176,153,40,19168,766,12,4816,57,262,19184,5026,80,19176,1534,272,4816,1309,0,,,,,,,100,1,1,100,100,100
177961,,,,,,,,,,,,,,,,,,,,,,,,,,,,,,,,,,,,,,39,,,,,,,,,,,
177987,,,,,,,,,,,,,,,,,,,,,,,,,,,,,,,,,,,,,,,,,40,,,,,,,,
178000,51500,51500,49500,51500,47000,49250,50700,0,1.4025e+08,2.035e+06,2.035e+06,2.036e+06,2.035e+06,2.035e+06,2.035e+06,630078,917968,1.6e+09,8,19176,153,40,19168,766,12,4816,57,260,19184,4987,80,19176,1534,272,4808,1307,0,,,,,,,100,0,0,100,100,100
178580,,,,,,,,,,,,,,,,,,,,,,,,,,,,,,,,,,,,,,,,,,,40,,,,,,
179001,51500,51500,49500,51500,47000,49500,50900,0,1.4025e+08,2.031e+06,2.035e+06,2.035e+06,2.034e+06,2.037e+06,2.035e+06,630078,909375,1.6e+09,8,19176,153,40,19168,766,12,4816,57,262,19184,5026,84,19176,1610,272,4816,1309,0,,,,,,,100,1.0101,2,100,100,100
180001,51500,51500,50000,51500,47000,49250,50700,0,1.4025e+08,2.035e+06,2.035e+06,2.036e+06,2.036e+06,2.034e+06,2.035e+06,630078,917968,1.6e+09,8,19176,153,40,19168,766,12,4816,57,262,19184,5026,80,19176,1534,272,4808,1307,0,,,,,,,100,1,1,100,100,100
180152,,,,,,,,,,,,,,,,,,,,,,,,,,,,,,,,,,,,,,,,,,40,,,,,,,
181001,51500,51500,50000,51500,47000,49500,50700,0,1.4025e+08,1.996e+06,2.034e+06,2.035e+06,1.998e+06,1.996e+06,1.996e+06,630078,898632,1.6e+09,8,19176,153,40,19168,766,12,4816,57,262,19184,5026,80,19176,1534,272,4816,1309,0,,,,,,,100,1,1,100,100,100
182001,51500,51500,49500,51500,47000,49500,50700,0,1.4025e+08,1.997e+06,2.035e+06,2.035e+06,1.997e+06,1.997e+06,1.997e+06,630078,898632,1.6e+09,8,19176,153,40,19168,766,8,4816,38,262,19184,5026,84,19176,1610,272,4816,1309,0,,,,,,,100,2.0202,1.0101,100,100,100
182326,,,,,,,,,,,,,,,,,,,,,,,,,,,,,,,,,,,,,,,,,41,,,,,,,,
182410,,,,,,,,,,,,,,,,,,,,,,,,,,,,,,,,,,,,,,40,,,,,,,,,,,
182926,,,,,,,,,,,,,,,,,,,,,,,,,,,,,,,,,,,,,,,,,,,41,,,,,,
183001,51500,51500,49500,51500,47000,49500,50700,0,1.4025e+08,2.036e+06,2.036e+06,2.036e+06,2.035e+06,2.034e+06,2.035e+06,630078,917968,1.6e+09,8,19176,153,40,19168,766,12,4816,57,262,19184,5026,80,19176,1534,272,4808,1307,0,,,,,,,100,0.990099,0,100,100,100
184001,51500,51500,49500,51500,47000,49500,50700,0,1.4025e+08,1.998e+06,2.034e+06,2.034e+06,1.997e+06,1.996e+06,1.996e+06,630078,898632,1.6e+09,8,19176,153,40,19168,766,8,4816,38,262,19184,5026,80,19176,1534,272,4816,1309,0,,,,,,,100,0,0,100,100,100
184539,,,,,,,,,,,,,,,,,,,,,,,,,,,,,,,,,,,,,,,,,,41,,,,,,,
185001,51500,51500,49500,51500,47000,49500,50700,0,1.4025e+08,1.997e+06,2.035e+06,2.035e+06,1.996e+06,1.997e+06,1.996e+06,630078,898632,1.6e+09,8,19176,153,40,19168,766,12,4816,57,262,19184,5026,84,19176,1610,272,4808,1307,0,,,,,,,100,1.02041,2,100,100,100
186002,51500,51500,49500,51500,47000,49500,50700,0,1.4025e+08,1.997e+06,2.035e+06,2.035e+06,1.996e+06,1.996e+06,1.996e+06,630078,898632,1.6e+09,8,19176,153,40,19168,766,12,4816,57,262,19184,5026,84,19176,1610,272,4816,1309,0,,,,,,,100,0.990099,0,100,100,100
186660,,,,,,,,,,,,,,,,,,,,,,,,,,,,,,,,,,,,,,,,,42,,,,,,,,
186848,,,,,,,,,,,,,,,,,,,,,,,,,,,,,,,,,,,,,,41,,,,,,,,,,,
187001,51500,51500,50000,51500,47000,49500,50700,0,1.4025e+08,1.996e+06,2.034e+06,2.035e+06,1.997e+06,1.997e+06,1.998e+06,630078,898632,1.6e+09,8,19176,153,40,19168,766,12,4816,57,262,19184,5026,84,19176,1610,272,4816,1309,0,,,,,,,100,1.0101,1.96078,100,100,100
187273,,,,,,,,,,,,,,,,,,,,,,,,,,,,,,,,,,,,,,,,,,,42,,,,,,
188001,51500,51500,50000,51500,47000,49500,50700,0,1.4025e+08,2.036e+06,2.035e+06,2.034e+06,2.034e+06,2.035e+06,2.034e+06,630078,909375,1.6e+09,8,19176,153,40,19168,766,12,4816,57,262,19184,5026,84,19176,1610,272,4808,1307,0,,,,,,,100,1.0101,1.0101,100,100,100
188928,,,,,,,,,,,,,,,,,,,,,,,,,,,,,,,,,,,,,,,,,,42,,,,,,,
189000,51500,51500,49500,51500,47000,49500,50700,0,1.4025e+08,2.035e+06,2.035e+06,2.036e+06,2.035e+06,2.034e+06,2.035e+06,630078,917968,1.6e+09,8,19176,153,40,19168,766,12,4816,57,262,19184,5026,80,19176,1534,272,4816,1309,0,,,,,,,100,0.990099,0,100,100,100
190002,51500,51500,50000,51500,47000,49500,50900,0,1.4025e+08,1.999e+06,2.035e+06,2.036e+06,1.997e+06,1.996e+06,1.998e+06,630078,898632,1.6e+09,8,19176,153,40,19168,766,12,4816,57,262,19184,5026,80,19176,1534,272,4816,1309,0,,,,,,,100,0,1,100,100,100
190996,,,,,,,,,,,,,,,,,,,,,,,,,,,,,,,,,,,,,,,,,43,,,,,,,,
191001,51500,51500,49500,51500,47000,49500,50700,0,1.4025e+08,2.034e+06,2.035e+06,2.035e+06,2.036e+06,2.034e+06,2.034e+06,630078,917968,1.6e+09,8,19176,153,40,19168,766,12,4816,57,262,19184,5026,84,19176,1610,272,4808,1307,0,,,,,,,100,3,1,100,100,100
191296,,,,,,,,,,,,,,,,,,,,,,,,,,,,,,,,,,,,,,42,,,,,,,,,,,
191624,,,,,,,,,,,,,,,,,,,,,,,,,,,,,,,,,,,,,,,,,,,43,,,,,,
192001,51500,51500,49500,51500,47000,49500,50700,0,1.4025e+08,1.997e+06,2.035e+06,2.035e+06,1.995e+06,1.997e+06,1.996e+06,630078,898632,1.6e+09,8,19176,153,40,19168,766,12,4816,57,262,19184,5026,80,19176,1534,272,4816,1309,0,,,,,,,100,1,0,100,100,100
193001,51500,51500,50000,51500,47000,49500,50700,0,1.4025e+08,1.997e+06,2.034e+06,2.035e+06,1.995e+06,1.996e+06,1.996e+06,630078,898632,1.6e+09,8,19176,153,40,19168,766,12,4816,57,262,19184,5026,80,19176,1534,272,4808,1307,0,,,,,,,100,0,0.990099,100,100,100
193317,,,,,,,,,,,,,,,,,,,,,,,,,,,,,,,,,,,,,,,,,,43,,,,,,,
194001,51500,51500,50000,51500,48000,49500,50700,218,1.4025e+08,2.034e+06,2.036e+06,2.036e+06,2.035e+06,2.035e+06,2.034e+06,630078,909375,1.6e+09,8,19176,153,40,19168,766,12,4816,57,266,19184,5102,84,19176,1610,276,4808,1327,0,,,,,,,100,3,2.0202,100,100,100
195002,51500,51500,50000,51500,47000,49250,50700,0,1.4025e+08,2.035e+06,2.036e+06,2.036e+06,2.035e+06,2.034e+06,2.035e+06,630078,917968,1.6e+09,8,19176,153,40,19168,766,12,4816,57,262,19184,5026,80,19176,1534,272,4816,1309,0,,,,,,,100,0,1,100,100,100
195333,,,,,,,,,,,,,,,,,,,,,,,,,,,,,,,,,,,,,,,,,44,,,,,,,,
195744,,,,,,,,,,,,,,,,,,,,,,,,,,,,,,,,,,,,,,43,,,,,,,,,,,
195973,,,,,,,,,,,,,,,,,,,,,,,,,,,,,,,,,,,,,,,,,,,44,,,,,,
196001,51500,51500,50000,51500,47000,49500,50900,0,1.4025e+08,1.996e+06,2.034e+06,2.036e+06,1.997e+06,1.996e+06,1.996e+06,630078,898632,1.6e+09,8,19176,153,40,19168,766,8,4816,38,262,19184,5026,80,19176,1534,272,4808,1307,0,,,,,,,100,0,1.0101,100,100,100
197001,51500,51500,49500,51500,48000,49500,50700,0,1.4025e+08,1.997e+06,2.034e+06,2.035e+06,1.997e+06,1.998e+06,1.996e+06,630078,898632,1.6e+09,8,19176,153,40,19168,766,12,4816,38,262,19184,5026,84,19176,1610,272,4816,1309,0,,,,,,,100,1,2.9703,100,100,100
197703,,,,,,,,,,,,,,,,,,,,,,,,,,,,,,,,,,,,,,,,,,44,,,,,,,
198001,51500,51500,50000,51500,47000,49500,50700,0,1.4025e+08,2.035e+06,2.035e+06,2.036e+06,2.035e+06,2.035e+06,2.035e+06,630078,917968,1.6e+09,8,19176,153,40,19168,766,12,4816,57,262,19184,5026,80,19176,1534,272,4808,1307,0,,,,,,,100,0,1,100,100,100
199002,51500,51500,50000,51500,47000,49500,50900,0,1.4025e+08,2.035e+06,2.034e+06,2.035e+06,2.036e+06,2.035e+06,2.035e+06,630078,909375,1.6e+09,8,19176,153,40,19168,766,12,4816,57,262,19184,5026,84,19176,1610,272,4808,1307,0,,,,,,,100,0,1.0101,100,100,100
199673,,,,,,,,,,,,,,,,,,,,,,,,,,,,,,,,,,,,,,,,,45,,,,,,,,
200001,51500,51500,49500,51500,48000,49500,50900,0,1.4025e+08,1.997e+06,2.034e+06,2.034e+06,1.997e+06,1.996e+06,1.998e+06,630078,898632,1.6e+09,8,19176,153,40,19168,766,12,4816,57,262,19184,5026,84,19176,1610,272,4808,1307,0,,,,,,,100,0,1.0101,100,100,100
200194,,,,,,,,,,,,,,,,,,,,,,,,,,,,,,,,,,,,,,44,,,,,,,,,,,
200326,,,,,,,,,,,,,,,,,,,,,,,,,,,,,,,,,,,,,,,,,,,45,,,,,,
201001,51500,51500,50000,51500,48000,49500,50900,0,1.4025e+08,2.035e+06,2.035e+06,2.036e+06,2.034e+06,2.036e+06,2.035e+06,630078,917968,1.6e+09,8,19176,153,40,19168,766,8,4816,38,262,19184,5026,84,19176,1610,272,4816,1309,0,,,,,,,100,0,1.9802,100,100,100
202001,51500,51500,50000,51500,48000,49500,50900,0,1.4025e+08,1.997e+06,2.034e+06,2.034e+06,1.998e+06,1.996e+06,1.996e+06,630078,898632,1.6e+09,8,19176,153,40,19168,766,12,4816,57,262,19184,5026,80,19176,1534,272,4816,1309,0,,,,,,,100,1,0,100,100,100
202088,,,,,,,,,,,,,,,,,,,,,,,,,,,,,,,,,,,,,,,,,,45,,,,,,,
203001,51500,51500,50000,51500,48000,49500,50900,0,1.4025e+08,2.034e+06,2.035e+06,2.036e+06,2.034e+06,2.035e+06,2.034e+06,630078,917968,1.6e+09,8,19176,153,40,19168,766,12,4816,57,262,19184,5026,84,19176,1610,272,4816,1309,0,,,,,,,100,1.9802,2,100,100,100
204001,51500,51500,50000,51500,48000,49500,50900,0,1.4025e+08,2.036e+06,2.035e+06,2.036e+06,2.035e+06,2.035e+06,2.036e+06,630078,917968,1.6e+09,8,19176,153,40,19168,766,8,4816,38,262,19184,5026,80,19176,1534,272,4808,1307,0,,,,,,,100,0,2,100,100,100
204009,,,,,,,,,,,,,,,,,,,,,,,,,,,,,,,,,,,,,,,,,46,,,,,,,,
204632,,,,,,,,,,,,,,,,,,,,,,,,,,,,,,,,,,,,,,45,,,,,,,,,,,
204678,,,,,,,,,,,,,,,,,,,,,,,,,,,,,,,,,,,,,,,,,,,46,,,,,,
205000,51500,51500,50000,51500,48000,49500,50900,0,1.4025e+08,2.035e+06,2.036e+06,2.035e+06,2.036e+06,2.035e+06,2.034e+06,630078,917968,1.6e+09,8,19176,153,40,19168,766,12,4816,38,262,19184,5026,80,19176,1534,272,4816,1309,0,,,,,,,100,0,1,100,100,100
206001,51500,51500,50000,51500,48000,49500,50900,0,1.4025e+08,2.034e+06,2.034e+06,2.035e+06,2.034e+06,2.035e+06,2.035e+06,630078,917968,1.6e+09,8,19176,153,40,19168,766,12,4816,57,264,19184,5064,84,19176,1610,272,4816,1309,0,,,,,,,100,1.0101,1.0101,100,100,100
206475,,,,,,,,,,,,,,,,,,,,,,,,,,,,,,,,,,,,,,,,,,46,,,,,,,
207001,51500,51500,50000,51500,48000,49500,50900,0,1.4025e+08,1.998e+06,2.036e+06,2.035e+06,1.997e+06,1.996e+06,1.996e+06,630078,898632,1.6e+09,8,19176,153,40,19168,766,12,4816,57,262,19184,5026,80,19176,1534,272,4816,1309,0,,,,,,,100,0.990099,1.9802,100,100,100
208001,51500,51500,50000,51500,48000,49500,50900,0,1.4025e+08,1.996e+06,2.035e+06,2.035e+06,1.997e+06,1.996e+06,1.996e+06,630078,898632,1.6e+09,8,19176,153,40,19168,766,12,4816,57,262,19184,5026,80,19176,1534,272,4816,1309,0,,,,,,,100,0,0,100,100,100
208343,,,,,,,,,,,,,,,,,,,,,,,,,,,,,,,,,,,,,,,,,47,,,,,,,,
209001,51500,51500,50000,51500,48000,49500,50700,0,1.4025e+08,1.998e+06,2.035e+06,2.034e+06,1.996e+06,1.998e+06,1.996e+06,630078,898632,1.6e+09,8,19176,153,40,19168,766,12,4816,57,262,19184,5026,84,19176,1610,272,4808,1307,0,,,,,,,100,1,2.9703,100,100,100
209028,,,,,,,,,,,,,,,,,,,,,,,,,,,,,,,,,,,,,,,,,,,47,,,,,,
209079,,,,,,,,,,,,,,,,,,,,,,,,,,,,,,,,,,,,,,46,,,,,,,,,,,
210001,51500,51500,50000,51500,48000,49500,51200,0,1.4025e+08,2.035e+06,2.037e+06,2.035e+06,2.035e+06,2.034e+06,2.035e+06,630078,909375,1.6e+09,8,19176,153,40,19168,766,12,4816,57,262,19184,5026,80,19176,1534,272,4816,1309,0,,,,,,,100,0,0,100,100,100
210861,,,,,,,,,,,,,,,,,,,,,,,,,,,,,,,,,,,,,,,,,,47,,,,,,,
211001,51500,51500,50000,51500,48000,49500,50900,0,1.4025e+08,1.997e+06,2.036e+06,2.034e+06,1.997e+06,1.996e+06,1.997e+06,630078,898632,1.6e+09,8,19176,153,40,19168,766,8,4816,38,262,19184,5026,84,19176,1610,272,4808,1307,0,,,,,,,100,0,1,100,100,100
212001,51500,51500,50000,51500,48000,49500,50900,0,1.4025e+08,1.997e+06,2.035e+06,2.036e+06,1.997e+06,1.997e+06,1.997e+06,630078,898632,1.6e+09,8,19176,153,40,19168,766,12,4816,57,262,19184,5026,84,19176,1610,272,4816,1309,0,,,,,,,100,1.9802,1.0101,100,100,100
212682,,,,,,,,,,,,,,,,,,,,,,,,,,,,,,,,,,,,,,,,,48,,,,,,,,
213000,51500,51500,50000,51500,48000,49500,50900,0,1.4025e+08,1.996e+06,2.035e+06,2.036e+06,1.996e+06,1.996e+06,1.995e+06,630078,898632,1.6e+09,8,19176,153,40,19168,766,12,4816,57,262,19184,5026,80,19176,1534,272,4808,1307,0,,,,,,,100,0,1,100,100,100
213379,,,,,,,,,,,,,,,,,,,,,,,,,,,,,,,,,,,,,,,,,,,48,,,,,,
213520,,,,,,,,,,,,,,,,,,,,,,,,,,,,,,,,,,,,,,47,,,,,,,,,,,
214000,51500,51500,50000,51500,48000,49500,50900,0,1.4025e+08,1.996e+06,2.035e+06,2.035e+06,1.997e+06,1.996e+06,1.997e+06,630078,898632,1.6e+09,8,19176,153,40,19168,766,12,4816,57,262,19184,5026,80,19176,1534,272,4816,1309,0,,,,,,,100,0,1,100,100,100
215001,51500,51500,50000,51500,48000,49500,50900,0,1.4025e+08,1.999e+06,2.034e+06,2.035e+06,1.997e+06,1.996e+06,1.996e+06,630078,898632,1.6e+09,8,19176,153,40,19168,766,12,4816,57,262,19184,5026,84,19176,1610,272,4816,1309,0,,,,,,,100,2.9703,1.0101,100,100,100
215248,,,,,,,,,,,,,,,,,,,,,,,,,,,,,,,,,,,,,,,,,,48,,,,,,,
216002,51500,51500,49500,51500,48000,49500,51200,0,1.4025e+08,1.996e+06,2.034e+06,2.034e+06,1.997e+06,1.997e+06,1.998e+06,630078,898632,1.6e+09,8,19176,153,40,19168,766,12,4816,57,262,19184,5026,80,19176,1534,272,4816,1309,0,,,,,,,100,0,0.990099,100,100,100
217001,51500,51500,50000,51500,48000,49500,50700,0,1.4025e+08,1.997e+06,2.035e+06,2.037e+06,1.996e+06,1.996e+06,1.998e+06,630078,898632,1.6e+09,8,19176,153,40,19168,766,8,4816,38,262,19184,5026,80,19176,1534,272,4808,1307,0,,,,,,,100,0,1.0101,100,100,100
217020,,,,,,,,,,,,,,,,,,,,,,,,,,,,,,,,,,,,,,,,,49,,,,,,,,
217732,,,,,,,,,,,,,,,,,,,,,,,,,,,,,,,,,,,,,,,,,,,49,,,,,,
217968,,,,,,,,,,,,,,,,,,,,,,,,,,,,,,,,,,,,,,48,,,,,,,,,,,
218001,51500,51500,50000,51500,48000,49500,51200,0,1.4025e+08,1.998e+06,2.035e+06,2.035e+06,1.997e+06,1.997e+06,1.996e+06,630078,898632,1.6e+09,8,19176,153,40,19168,766,12,4816,57,262,19184,5026,84,19176,1610,272,4816,1309,0,,,,,,,100,1,2,100,100,100
219001,51500,51500,49500,51500,48000,49500,51200,0,1.4025e+08,1.998e+06,2.035e+06,2.035e+06,1.998e+06,1.997e+06,1.998e+06,630078,898632,1.6e+09,8,19176,153,40,19168,766,12,4816,57,262,19184,5026,80,19176,1534,272,4808,1307,0,,,,,,,100,0,2,100,100,100
219638,,,,,,,,,,,,,,,,,,,,,,,,,,,,,,,,,,,,,,,,,,49,,,,,,,
220000,51500,51500,50000,51500,48000,49500,50900,0,1.4025e+08,2.035e+06,2.035e+06,2.034e+06,2.036e+06,2.036e+06,2.035e+06,630078,898632,1.6e+09,8,19176,153,40,19168,766,8,4816,38,262,19184,5026,80,19176,1534,272,4816,1309,0,,,,,,,100,0,0,100,100,100
221001,52000,52000,50000,52000,48000,49500,50900,0,1.4025e+08,2.035e+06,2.036e+06,2.035e+06,2.035e+06,2.034e+06,2.034e+06,630078,898632,1.6e+09,8,19176,153,40,19168,766,12,4816,57,262,19184,5026,84,19176,1610,272,4816,1309,0,,,,,,,100,0,2,100,100,100
221367,,,,,,,,,,,,,,,,,,,,,,,,,,,,,,,,,,,,,,,,,50,,,,,,,,
222001,51500,51500,50000,51500,48000,49500,50900,0,1.4025e+08,2.034e+06,2.035e+06,2.036e+06,2.035e+06,2.034e+06,2.034e+06,630078,917968,1.6e+09,8,19176,153,40,19168,766,12,4816,57,262,19184,5026,80,19176,1534,272,4816,1309,0,,,,,,,100,0,1.9802,100,100,100
222082,,,,,,,,,,,,,,,,,,,,,,,,,,,,,,,,,,,,,,,,,,,50,,,,,,
222411,,,,,,,,,,,,,,,,,,,,,,,,,,,,,,,,,,,,,,49,,,,,,,,,,,
223001,51500,51500,50000,51500,48000,49500,50900,0,1.4025e+08,2.035e+06,2.035e+06,2.036e+06,2.034e+06,2.034e+06,2.034e+06,630078,917968,1.6e+09,8,19176,153,40,19168,766,8,4816,38,262,19184,5026,80,19176,1534,272,4816,1309,0,,,,,,,100,0,0,100,100,100
224002,52000,52000,50000,52000,48000,49500,50700,0,1.4025e+08,2.036e+06,2.035e+06,2.035e+06,2.036e+06,2.035e+06,2.034e+06,630078,898632,1.6e+09,8,19176,153,40,19168,766,12,4816,57,262,19184,5026,84,19176,1610,272,4816,1309,0,,,,,,,100,1,2.9703,100,100,100
224038,,,,,,,,,,,,,,,,,,,,,,,,,,,,,,,,,,,,,,,,,,50,,,,,,,
225002,51500,51500,50000,51500,48000,49500,50700,0,1.4025e+08,1.997e+06,2.035e+06,2.035e+06,1.996e+06,1.998e+06,1.998e+06,630078,898632,1.6e+09,8,19176,153,40,19168,766,12,4816,57,262,19184,5026,80,19176,1534,272,4808,1307,0,,,,,,,100,0,1,100,100,100
225716,,,,,,,,,,,,,,,,,,,,,,,,,,,,,,,,,,,,,,,,,51,,,,,,,,
226000,51500,51500,50000,51500,48000,49500,50900,0,1.4025e+08,1.997e+06,2.035e+06,2.032e+06,1.997e+06,1.995e+06,1.996e+06,630078,898632,1.6e+09,8,19176,153,40,19168,766,12,4816,57,262,19184,5026,80,19176,1534,272,4816,1307,0,,,,,,,100,0,1,100,100,100
226437,,,,,,,,,,,,,,,,,,,,,,,,,,,,,,,,,,,,,,,,,,,51,,,,,,
226861,,,,,,,,,,,,,,,,,,,,,,,,,,,,,,,,,,,,,,50,,,,,,,,,,,
227001,51500,51500,50000,51500,48000,49500,50900,0,1.4025e+08,2.036e+06,2.035e+06,2.035e+06,2.035e+06,2.034e+06,2.034e+06,630078,909375,1.6e+09,8,19176,153,40,19168,766,8,4816,38,264,19184,5064,84,19176,1610,272,4816,1309,0,,,,,,,100,1.0101,2,100,100,100
228001,51500,51500,50000,51500,48000,49500,50900,0,1.4025e+08,2.035e+06,2.035e+06,2.035e+06,2.035e+06,2.035e+06,2.035e+06,630078,917968,1.6e+09,8,19176,153,40,19168,766,12,4816,57,262,19184,5026,80,19176,1534,272,4816,1309,0,,,,,,,100,1,1.9802,100,100,100
228425,,,,,,,,,,,,,,,,,,,,,,,,,,,,,,,,,,,,,,,,,,51,,,,,,,
229001,51500,51500,50000,51500,48000,49750,50900,0,1.4025e+08,2.035e+06,2.036e+06,2.036e+06,2.035e+06,2.034e+06,2.035e+06,630078,917968,1.6e+09,8,19176,153,40,19168,766,12,4816,57,262,19184,5026,80,19176,1534,272,4808,1307,0,,,,,,,100,1,0,100,100,100
230001,51500,51500,50000,51500,48000,49500,50900,0,1.4025e+08,1.996e+06,2.036e+06,2.034e+06,1.998e+06,2.029e+06,2.037e+06,630078,917968,1.6e+09,8,19176,153,40,19168,766,12,4816,57,262,19184,5026,84,19176,1610,272,4816,1309,0,,,,,,,100,1.0101,1.9802,100,100,100
230054,,,,,,,,,,,,,,,,,,,,,,,,,,,,,,,,,,,,,,,,,52,,,,,,,,
230797,,,,,,,,,,,,,,,,,,,,,,,,,,,,,,,,,,,,,,,,,,,52,,,,,,
231000,51500,51500,50000,51500,48000,49500,50900,0,1.4025e+08,2.035e+06,2.034e+06,2.035e+06,2.034e+06,2.034e+06,2.035e+06,630078,917968,1.6e+09,8,19176,153,40,19168,766,8,4816,57,262,19184,5026,84,19176,1610,272,4808,1307,0,,,,,,,100,0,0,100,100,100
231306,,,,,,,,,,,,,,,,,,,,,,,,,,,,,,,,,,,,,,51,,,,,,,,,,,
232001,51500,51500,50000,51500,48000,49500,50900,0,1.4025e+08,1.998e+06,2.035e+06,2.035e+06,1.997e+06,1.997e+06,1.996e+06,630078,898632,1.6e+09,8,19176,153,40,19168,766,12,4816,57,262,19184,5026,80,19176,1534,272,4816,1309,0,,,,,,,100,0.990099,0.990099,100,100,100
232816,,,,,,,,,,,,,,,,,,,,,,,,,,,,,,,,,,,,,,,,,,52,,,,,,,
233001,51500,51500,50000,51500,48000,49500,50900,0,1.4025e+08,1.998e+06,2.035e+06,2.035e+06,1.996e+06,1.996e+06,1.996e+06,630078,898632,1.6e+09,8,19176,153,40,19168,766,12,4816,57,262,19184,5026,84,19176,1610,272,4816,1309,0,,,,,,,100,1.0101,1.0101,100,100,100
234002,51500,51500,50000,51500,48000,49500,50700,0,1.4025e+08,1.997e+06,2.034e+06,2.035e+06,1.998e+06,1.998e+06,1.996e+06,630078,898632,1.6e+09,8,19176,153,40,19168,766,12,4816,57,262,19184,5026,80,19176,1534,272,4808,1307,0,,,,,,,100,0,1.0101,100,100,100
234396,,,,,,,,,,,,,,,,,,,,,,,,,,,,,,,,,,,,,,,,,53,,,,,,,,
235001,51500,51500,50000,51500,48000,49500,50900,0,1.4025e+08,1.997e+06,2.036e+06,2.035e+06,2.027e+06,2.034e+06,2.06e+06,630078,917968,1.6e+09,8,19176,153,40,19168,766,12,4816,57,262,19184,5026,84,19176,1610,272,4816,1309,0,,,,,,,100,0,1.9802,100,100,100
235147,,,,,,,,,,,,,,,,,,,,,,,,,,,,,,,,,,,,,,,,,,,53,,,,,,
235765,,,,,,,,,,,,,,,,,,,,,,,,,,,,,,,,,,,,,,52,,,,,,,,,,,
236000,51500,51500,50000,51500,48000,49500,50900,0,1.4025e+08,2.035e+06,2.035e+06,2.035e+06,2.035e+06,2.036e+06,2.036e+06,630078,917968,1.6e+09,8,19176,153,40,19168,766,12,4816,57,262,19184,5026,84,19176,1610,272,4816,1309,0,,,,,,,100,1.0101,1.0101,100,100,100
237001,51500,51500,50000,51500,48000,49500,50900,0,1.4025e+08,2.035e+06,2.035e+06,2.034e+06,2.035e+06,2.035e+06,2.034e+06,630078,917968,1.6e+09,8,19176,153,40,19168,766,12,4816,57,262,19184,5026,84,19176,1610,272,4808,1307,0,,,,,,,100,0,1,100,100,100
237202,,,,,,,,,,,,,,,,,,,,,,,,,,,,,,,,,,,,,,,,,,53,,,,,,,
238001,51500,51500,50000,51500,48000,49500,50900,0,1.4025e+08,1.997e+06,2.035e+06,2.035e+06,1.998e+06,1.997e+06,1.996e+06,630078,898632,1.6e+09,8,19176,153,40,19168,766,8,4816,38,262,19184,5026,80,19176,1534,272,4816,1309,0,,,,,,,100,0,1,100,100,100
238735,,,,,,,,,,,,,,,,,,,,,,,,,,,,,,,,,,,,,,,,,54,,,,,,,,
239001,51500,51500,50000,51500,48000,49750,50900,0,1.4025e+08,2.034e+06,2.035e+06,2.036e+06,2.035e+06,2.035e+06,2.035e+06,630078,917968,1.6e+09,8,19176,153,40,19168,766,12,4816,57,264,19184,5064,84,19176,1610,272,4816,1309,0,,,,,,,100,2,1.02041,100,100,100
239503,,,,,,,,,,,,,,,,,,,,,,,,,,,,,,,,,,,,,,,,,,,54,,,,,,
240001,51500,51500,50000,51500,48000,49750,50900,0,1.4025e+08,1.996e+06,2.035e+06,2.036e+06,1.997e+06,1.996e+06,1.996e+06,630078,898632,1.6e+09,8,19176,153,40,19168,766,12,4816,57,262,19184,5026,80,19176,1534,272,4816,1309,0,,,,,,,100,0.990099,0.990099,100,100,100
240206,,,,,,,,,,,,,,,,,,,,,,,,,,,,,,,,,,,,,,53,,,,,,,,,,,
241001,51500,51500,50000,51500,48000,49500,50900,0,1.4025e+08,2.035e+06,2.035e+06,2.036e+06,2.036e+06,2.034e+06,2.035e+06,630078,909375,1.6e+09,8,19176,153,40,19168,766,12,4816,57,262,19184,5026,80,19176,1534,272,4816,1309,0,,,,,,,100,0,1,100,100,100
241594,,,,,,,,,,,,,,,,,,,,,,,,,,,,,,,,,,,,,,,,,,54,,,,,,,
242000,51500,51500,50000,51500,48000,49500,50900,0,1.4025e+08,1.997e+06,2.034e+06,2.034e+06,1.997e+06,1.996e+06,1.997e+06,630078,898632,1.6e+09,8,19176,153,40,19168,766,12,4816,57,264,19184,5064,84,19176,1610,272,4816,1309,0,,,,,,,100,1.0101,0,100,100,100
243001,51500,51500,50000,51500,48000,49500,50900,0,1.4025e+08,1.997e+06,2.035e+06,2.033e+06,1.995e+06,1.997e+06,1.997e+06,630078,898632,1.6e+09,8,19176,153,40,19168,766,12,4816,57,262,19184,5026,80,19176,1534,272,4816,1309,0,,,,,,,100,0.990099,1,100,100,100
243068,,,,,,,,,,,,,,,,,,,,,,,,,,,,,,,,,,,,,,,,,55,,,,,,,,
243850,,,,,,,,,,,,,,,,,,,,,,,,,,,,,,,,,,,,,,,,,,,55,,,,,,
244000,51500,51500,50000,51500,48000,49500,50900,0,1.4025e+08,1.997e+06,2.034e+06,2.036e+06,1.997e+06,1.996e+06,1.996e+06,630078,898632,1.6e+09,8,19176,153,40,19168,766,12,4816,57,262,19184,5026,80,19176,1534,272,4808,1307,0,,,,,,,100,2,0,100,100,100
244656,,,,,,,,,,,,,,,,,,,,,,,,,,,,,,,,,,,,,,54,,,,,,,,,,,
245000,51500,51500,50000,51500,48000,49500,50900,0,1.4025e+08,1.996e+06,2.036e+06,2.035e+06,1.997e+06,1.996e+06,1.996e+06,630078,898632,1.6e+09,8,19176,153,40,19168,766,12,4816,57,262,19184,5026,84,19176,1610,272,4816,1309,0,,,,,,,100,2,2,100,100,100
245981,,,,,,,,,,,,,,,,,,,,,,,,,,,,,,,,,,,,,,,,,,55,,,,,,,
246001,51500,51500,50000,51500,48000,49500,50900,0,1.4025e+08,2.032e+06,2.035e+06,2.035e+06,2.034e+06,2.035e+06,2.035e+06,630078,909375,1.6e+09,8,19176,153,40,19168,766,8,4816,38,262,19184,5026,80,19176,1534,272,4816,1309,0,,,,,,,100,1.9802,0,100,100,100
247002,51500,51500,49500,51500,48000,49750,50900,0,1.4025e+08,1.998e+06,2.035e+06,2.036e+06,1.998e+06,1.995e+06,1.997e+06,630078,898632,1.6e+09,8,19176,153,40,19168,766,12,4816,57,262,19184,5026,84,19176,1610,272,4816,1309,0,,,,,,,100,1,0,100,100,100
247408,,,,,,,,,,,,,,,,,,,,,,,,,,,,,,,,,,,,,,,,,56,,,,,,,,
248001,51500,51500,50000,51500,48000,49500,51200,0,1.4025e+08,1.998e+06,2.035e+06,2.034e+06,1.998e+06,1.996e+06,1.996e+06,630078,898632,1.6e+09,8,19176,153,40,19168,766,8,4816,38,262,19184,5026,84,19176,1610,272,4816,1309,0,,,,,,,100,0,1.9802,100,100,100
248200,,,,,,,,,,,,,,,,,,,,,,,,,,,,,,,,,,,,,,,,,,,56,,,,,,
249002,51500,51500,50000,51500,48000,49500,50900,0,1.4025e+08,1.997e+06,2.035e+06,2.035e+06,1.995e+06,1.996e+06,1.998e+06,630078,898632,1.6e+09,8,19176,153,40,19168,766,12,4816,57,262,19184,5026,80,19176,1534,272,4808,1309,0,,,,,,,100,1.0101,0,100,99.0099,100
249096,,,,,,,,,,,,,,,,,,,,,,,,,,,,,,,,,,,,,,55,,,,,,,,,,,
250001,51500,51500,49500,51500,48000,49500,50700,0,1.4025e+08,1.998e+06,2.035e+06,2.034e+06,1.997e+06,1.996e+06,1.997e+06,630078,917968,1.6e+09,8,19176,153,40,19168,766,8,4816,38,262,19184,5026,80,19176,1534,272,4816,1309,0,,,,,,,100,0.990099,0,100,100,100
250374,,,,,,,,,,,,,,,,,,,,,,,,,,,,,,,,,,,,,,,,,,56,,,,,,,
251001,51500,51500,50000,51500,48000,49500,50700,0,1.4025e+08,1.996e+06,2.034e+06,2.035e+06,1.997e+06,1.996e+06,1.996e+06,630078,898632,1.6e+09,8,19176,153,40,19168,766,12,4816,57,264,19184,5064,84,19176,1610,272,4816,1309,0,,,,,,,100,1.03093,1,100,100,100
251751,,,,,,,,,,,,,,,,,,,,,,,,,,,,,,,,,,,,,,,,,57,,,,,,,,
252001,52000,52000,50000,52000,48000,49500,50900,0,1.4025e+08,1.996e+06,2.035e+06,2.034e+06,1.996e+06,1.996e+06,1.996e+06,630078,898632,1.6e+09,8,19176,153,40,19168,766,12,4816,57,262,19184,5026,80,19176,1534,272,4816,1309,0,,,,,,,100,1.9802,0,100,100,100
252549,,,,,,,,,,,,,,,,,,,,,,,,,,,,,,,,,,,,,,,,,,,57,,,,,,
253001,52000,52000,50000,52000,48000,49500,51200,134,1.4025e+08,2.035e+06,2.034e+06,2.035e+06,2.035e+06,2.035e+06,2.035e+06,630078,917968,1.6e+09,8,19176,153,40,19168,766,8,4816,38,262,19184,5026,84,19176,1610,272,4816,1309,0,,,,,,,100,1.9802,0,100,100,100
253545,,,,,,,,,,,,,,,,,,,,,,,,,,,,,,,,,,,,,,56,,,,,,,,,,,
254001,52000,52000,50000,52000,48000,49500,50900,349,1.4025e+08,2.033e+06,2.034e+06,2.036e+06,2.034e+06,2.035e+06,2.034e+06,630078,917968,1.6e+09,8,19176,153,40,19168,766,12,4816,57,266,19184,5102,84,19176,1610,276,4816,1329,0,,,,,,,100,1.0101,3,100,100,100
254766,,,,,,,,,,,,,,,,,,,,,,,,,,,,,,,,,,,,,,,,,,57,,,,,,,
255000,52000,52000,50000,52000,48000,49500,51200,37,1.4025e+08,2.036e+06,2.035e+06,2.035e+06,2.034e+06,2.035e+06,2.035e+06,630078,917968,1.6e+09,8,19176,153,40,19168,766,12,4816,57,262,19184,5026,84,19176,1610,272,4816,1309,0,,,,,,,100,0,0,100,100,100
256001,51500,51500,50000,51500,48000,49500,51200,0,1.4025e+08,1.997e+06,2.035e+06,2.034e+06,1.997e+06,1.997e+06,1.997e+06,630078,898632,1.6e+09,8,19176,153,40,19168,766,12,4816,57,262,19184,5026,80,19176,1534,272,4816,1309,0,,,,,,,100,0,1,100,100,100
256091,,,,,,,,,,,,,,,,,,,,,,,,,,,,,,,,,,,,,,,,,58,,,,,,,,
256907,,,,,,,,,,,,,,,,,,,,,,,,,,,,,,,,,,,,,,,,,,,58,,,,,,
257001,51500,51500,50000,51500,48000,49500,50900,0,1.4025e+08,2.034e+06,2.034e+06,2.035e+06,2.036e+06,2.035e+06,2.036e+06,630078,917968,1.6e+09,8,19176,153,40,19168,766,12,4816,57,264,19184,5064,84,19176,1610,272,4808,1307,0,,,,,,,100,2.9703,2,100,100,100
257988,,,,,,,,,,,,,,,,,,,,,,,,,,,,,,,,,,,,,,57,,,,,,,,,,,
258000,51500,51500,50000,51500,48000,49750,51200,0,1.4025e+08,1.998e+06,2.036e+06,2.034e+06,1.997e+06,1.996e+06,1.997e+06,630078,898632,1.6e+09,8,19176,153,40,19168,766,12,4816,57,262,19184,5026,80,19176,1610,272,4816,1309,0,,,,,,,100,0,0,100,100,100
259001,52000,52000,49500,52000,48000,49750,50900,0,1.4025e+08,1.997e+06,2.035e+06,2.034e+06,1.997e+06,1.996e+06,1.997e+06,630078,898632,1.6e+09,8,19176,153,40,19168,766,12,4816,57,262,19184,5026,84,19176,1610,272,4816,1309,0,,,,,,,100,0,1.9802,100,100,100
259158,,,,,,,,,,,,,,,,,,,,,,,,,,,,,,,,,,,,,,,,,,58,,,,,,,
260001,51500,51500,49500,51500,48000,49500,50900,0,1.4025e+08,1.997e+06,2.034e+06,2.035e+06,1.997e+06,1.996e+06,1.996e+06,630078,898632,1.6e+09,8,19176,153,40,19168,766,12,4816,57,264,19184,5064,84,19176,1610,272,4816,1309,0,,,,,,,100,1.9802,0,100,100,100
260426,,,,,,,,,,,,,,,,,,,,,,,,,,,,,,,,,,,,,,,,,59,,,,,,,,
261001,51500,51500,50000,51500,48000,49500,50900,0,1.4025e+08,1.997e+06,2.035e+06,2.035e+06,1.997e+06,1.996e+06,1.996e+06,630078,898632,1.6e+09,8,19176,153,40,19168,766,8,4816,38,262,19184,5026,80,19176,1534,272,4816,1309,0,,,,,,,100,0,1.9802,100,100,100
261255,,,,,,,,,,,,,,,,,,,,,,,,,,,,,,,,,,,,,,,,,,,59,,,,,,
262001,52000,52000,50000,52000,48000,49500,50900,0,1.4025e+08,1.998e+06,2.034e+06,2.036e+06,1.997e+06,1.996e+06,1.996e+06,630078,898632,1.6e+09,8,19176,153,40,19168,766,12,4816,57,262,19184,5026,80,19176,1534,272,4816,1309,0,,,,,,,100,1,1,100,100,100
262428,,,,,,,,,,,,,,,,,,,,,,,,,,,,,,,,,,,,,,58,,,,,,,,,,,
263001,51500,51500,50000,51500,48000,49750,51200,0,1.4025e+08,2.019e+06,2.036e+06,2.033e+06,1.996e+06,1.996e+06,1.996e+06,630078,898632,1.6e+09,8,19176,153,40,19168,766,12,4816,57,262,19184,5026,84,19176,1610,272,4816,1309,0,,,,,,,100,0,2.0202,100,100,100
263547,,,,,,,,,,,,,,,,,,,,,,,,,,,,,,,,,,,,,,,,,,59,,,,,,,
264001,51500,51500,50000,51500,48000,49500,50900,0,1.4025e+08,1.997e+06,2.036e+06,2.034e+06,1.997e+06,1.995e+06,1.996e+06,630078,898632,1.6e+09,8,19176,153,40,19168,766,12,4816,57,262,19184,5026,80,19176,1534,272,4816,1309,0,,,,,,,100,0,1.9802,100,100,100
264762,,,,,,,,,,,,,,,,,,,,,,,,,,,,,,,,,,,,,,,,,60,,,,,,,,
265001,52000,52000,50000,52000,48000,49750,50900,0,1.4025e+08,1.998e+06,2.035e+06,2.034e+06,1.997e+06,1.997e+06,2.001e+06,630078,898632,1.6e+09,8,19176,153,40,19168,766,12,4816,57,262,19184,5026,84,19176,1610,272,4816,1309,0,,,,,,,100,1,1,100,100,100
265610,,,,,,,,,,,,,,,,,,,,,,,,,,,,,,,,,,,,,,,,,,,60,,,,,,
266001,51500,51500,50000,51500,48000,49500,50900,0,1.4025e+08,2.034e+06,2.034e+06,2.034e+06,2.035e+06,2.035e+06,2.035e+06,630078,917968,1.6e+09,8,19176,153,40,19168,766,12,4816,57,264,19184,5064,84,19176,1610,272,4816,1309,0,,,,,,,100,1.02041,1,100,100,100
266882,,,,,,,,,,,,,,,,,,,,,,,,,,,,,,,,,,,,,,59,,,,,,,,,,,
267001,52000,52000,50000,52000,48000,49500,50900,0,1.4025e+08,1.998e+06,2.034e+06,2.034e+06,1.996e+06,1.998e+06,1.997e+06,630078,917968,1.6e+09,8,19176,153,40,19168,766,12,4816,57,262,19184,5026,80,19176,1534,272,4816,1309,0,,,,,,,100,0.990099,0,100,100,100
267936,,,,,,,,,,,,,,,,,,,,,,,,,,,,,,,,,,,,,,,,,,60,,,,,,,
268000,51500,51500,50000,51500,48000,49500,50900,0,1.4025e+08,1.997e+06,2.035e+06,2.035e+06,1.998e+06,1.996e+06,1.996e+06,630078,898632,1.6e+09,8,19176,153,40,19168,766,12,4816,57,262,19184,5026,80,19176,1534,272,4816,1309,0,,,,,,,100,1.0101,0,100,100,100
269002,51500,51500,49500,51500,48000,49750,50900,0,1.4025e+08,2.035e+06,2.034e+06,2.035e+06,2.035e+06,2.035e+06,2.034e+06,630078,917968,1.6e+09,8,19176,153,40,19168,766,12,4816,57,262,19184,5026,84,19176,1610,272,4808,1307,0,,,,,,,100,2,1,100,100,100
269100,,,,,,,,,,,,,,,,,,,,,,,,,,,,,,,,,,,,,,,,,61,,,,,,,,
269959,,,,,,,,,,,,,,,,,,,,,,,,,,,,,,,,,,,,,,,,,,,61,,,,,,
270000,52000,52000,50000,52000,48000,49750,50900,0,1.4025e+08,2.036e+06,2.035e+06,2.034e+06,2.035e+06,2.034e+06,2.034e+06,630078,917968,1.6e+09,8,19176,153,40,19168,766,8,4816,38,262,19184,5026,84,19176,1610,272,4808,1307,0,,,,,,,100,1,1,100,100,100
271001,51500,51500,50000,51500,48000,49500,50900,0,1.4025e+08,1.997e+06,2.035e+06,2.036e+06,1.997e+06,1.996e+06,1.998e+06,630078,898632,1.6e+09,8,19176,153,40,19168,766,12,4816,57,262,19184,5026,80,19176,1534,272,4816,1309,0,,,,,,,100,0,0,100,100,100
271320,,,,,,,,,,,,,,,,,,,,,,,,,,,,,,,,,,,,,,60,,,,,,,,,,,
272001,51500,51500,50000,51500,48000,49750,50900,0,1.4025e+08,2.035e+06,2.035e+06,2.034e+06,2.034e+06,2.035e+06,2.034e+06,630078,917968,1.6e+09,8,19176,153,40,19168,766,12,4816,57,264,19184,5064,84,19176,1610,272,4816,1309,0,,,,,,,100,1.0101,1.9802,100,100,100
272321,,,,,,,,,,,,,,,,,,,,,,,,,,,,,,,,,,,,,,,,,,61,,,,,,,
273001,52000,52000,50000,52000,48000,49750,50900,0,1.4025e+08,2.034e+06,2.035e+06,2.035e+06,2.035e+06,2.035e+06,2.034e+06,630078,898632,1.6e+09,8,19176,153,40,19168,766,12,4816,57,262,19184,5026,80,19176,1534,272,4816,1309,0,,,,,,,100,0,1,100,100,100
273437,,,,,,,,,,,,,,,,,,,,,,,,,,,,,,,,,,,,,,,,,62,,,,,,,,
274001,52000,52000,50000,52000,48000,49750,50900,0,1.4025e+08,2.035e+06,2.034e+06,2.035e+06,2.035e+06,2.035e+06,2.035e+06,630078,917968,1.6e+09,8,19176,153,40,19168,766,12,4816,57,262,19184,5026,80,19176,1534,272,4816,1309,0,,,,,,,100,1,0,100,100,100
274312,,,,,,,,,,,,,,,,,,,,,,,,,,,,,,,,,,,,,,,,,,,62,,,,,,
275001,52000,52000,50000,52000,48000,49750,51200,0,1.4025e+08,2.035e+06,2.034e+06,2.035e+06,2.034e+06,2.035e+06,2.036e+06,630078,909375,1.6e+09,8,19176,153,40,19168,766,12,4816,57,262,19184,5026,84,19176,1610,272,4816,1309,0,,,,,,,100,2.9703,1.9802,100,100,100
275778,,,,,,,,,,,,,,,,,,,,,,,,,,,,,,,,,,,,,,61,,,,,,,,,,,
276001,52000,52000,50000,52000,48000,49750,51200,0,1.4025e+08,1.996e+06,2.034e+06,2.034e+06,1.997e+06,1.998e+06,1.996e+06,630078,898632,1.6e+09,8,19176,153,40,19168,766,12,4816,57,262,19184,5026,84,19176,1610,272,4816,1309,0,,,,,,,100,0,1,100,100,100
276708,,,,,,,,,,,,,,,,,,,,,,,,,,,,,,,,,,,,,,,,,,62,,,,,,,
277001,52000,52000,50000,52000,48000,49500,51200,0,1.4025e+08,1.997e+06,2.036e+06,2.035e+06,1.998e+06,1.996e+06,1.997e+06,630078,898632,1.6e+09,8,19176,153,40,19168,766,12,4816,57,262,19184,5026,80,19176,1534,272,4816,1309,0,,,,,,,100,1,1,100,100,100
277780,,,,,,,,,,,,,,,,,,,,,,,,,,,,,,,,,,,,,,,,,63,,,,,,,,
278001,52000,52000,50000,52000,48000,49750,51200,0,1.4025e+08,1.996e+06,2.035e+06,2.035e+06,1.997e+06,1.996e+06,1.996e+06,630078,898632,1.6e+09,8,19176,153,40,19168,766,8,4816,38,262,19184,5026,84,19176,1610,272,4816,1309,0,,,,,,,100,1.0101,2,100,100,100
278662,,,,,,,,,,,,,,,,,,,,,,,,,,,,,,,,,,,,,,,,,,,63,,,,,,
279001,52000,52000,50000,52000,48000,49750,51200,0,1.4025e+08,2.035e+06,2.034e+06,2.036e+06,2.035e+06,2.034e+06,2.035e+06,630078,917968,1.6e+09,8,19176,153,40,19168,766,8,4816,38,262,19184,5026,80,19176,1534,272,4816,1307,0,,,,,,,100,1,0,100,100,100
280001,51500,51500,50000,51500,48000,49500,51200,0,1.4025e+08,2.034e+06,2.034e+06,2.035e+06,2.035e+06,2.035e+06,2.034e+06,630078,917968,1.6e+09,8,19176,153,40,19168,766,12,4816,57,262,19184,5026,80,19176,1534,272,4816,1309,0,,,,,,,100,1,0,100,100,100
280218,,,,,,,,,,,,,,,,,,,,,,,,,,,,,,,,,,,,,,62,,,,,,,,,,,
281002,52000,52000,50000,52000,48000,49500,51200,0,1.4025e+08,2.035e+06,2.035e+06,2.035e+06,2.034e+06,2.035e+06,2.035e+06,630078,898632,1.6e+09,8,19176,153,40,19168,766,12,4816,57,264,19184,5064,84,19176,1610,272,4816,1309,0,,,,,,,100,1.0101,0,100,100,100
281094,,,,,,,,,,,,,,,,,,,,,,,,,,,,,,,,,,,,,,,,,,63,,,,,,,
282002,52000,52000,50000,52000,48000,49750,51200,0,1.4025e+08,2.035e+06,2.035e+06,2.036e+06,2.034e+06,2.035e+06,2.034e+06,630078,917968,1.6e+09,8,19176,153,40,19168,766,8,4816,38,262,19184,5026,84,19176,1610,272,4816,1309,0,,,,,,,100,1,0,100,100,100
282119,,,,,,,,,,,,,,,,,,,,,,,,,,,,,,,,,,,,,,,,,64,,,,,,,,
283001,51500,51500,50000,51500,48000,49500,51200,0,1.4025e+08,1.997e+06,2.034e+06,2.034e+06,1.997e+06,1.997e+06,1.997e+06,630078,898632,1.6e+09,8,19176,153,40,19168,766,12,4816,57,262,19184,5026,80,19176,1534,272,4816,1309,0,,,,,,,100,0,0,100,100,100
283017,,,,,,,,,,,,,,,,,,,,,,,,,,,,,,,,,,,,,,,,,,,64,,,,,,
284002,52000,52000,50000,52000,48000,49750,51200,0,1.4025e+08,2.035e+06,2.035e+06,2.035e+06,2.034e+06,2.035e+06,2.035e+06,630078,917968,1.6e+09,8,19176,153,40,19168,766,12,4816,57,262,19184,5026,84,19176,1610,272,4816,1309,0,,,,,,,100,3,1,100,100,100
284668,,,,,,,,,,,,,,,,,,,,,,,,,,,,,,,,,,,,,,63,,,,,,,,,,,
285001,52000,52000,50000,52000,48000,49750,51200,0,1.4025e+08,2.035e+06,2.034e+06,2.035e+06,2.035e+06,2.034e+06,2.035e+06,630078,909375,1.6e+09,8,19176,153,40,19168,766,12,4816,57,262,19184,5026,80,19176,1534,272,4816,1309,0,,,,,,,100,0,0,100,100,100
285484,,,,,,,,,,,,,,,,,,,,,,,,,,,,,,,,,,,,,,,,,,64,,,,,,,
286001,52000,52000,50000,52000,48000,49750,51200,0,1.4025e+08,2.035e+06,2.035e+06,2.034e+06,2.036e+06,2.036e+06,2.035e+06,630078,917968,1.6e+09,8,19176,153,40,19168,766,8,4816,38,262,19184,5026,80,19176,1534,272,4816,1309,0,,,,,,,100,1.0101,0.990099,100,100,100
286456,,,,,,,,,,,,,,,,,,,,,,,,,,,,,,,,,,,,,,,,,65,,,,,,,,
287001,52000,52000,50000,52000,48000,49750,50900,0,1.4025e+08,2.035e+06,2.036e+06,2.034e+06,2.036e+06,2.036e+06,2.035e+06,630078,909375,1.6e+09,8,19176,153,40,19168,766,12,4816,57,264,19184,5064,84,19176,1610,272,4816,1309,0,,,,,,,100,2,2,100,100,100
287366,,,,,,,,,,,,,,,,,,,,,,,,,,,,,,,,,,,,,,,,,,,65,,,,,,
288002,52000,52000,49500,52000,48000,49500,51200,0,1.4025e+08,2.035e+06,2.035e+06,2.036e+06,2.034e+06,2.036e+06,2.034e+06,630078,917968,1.6e+09,8,19176,153,40,19168,766,12,4816,57,262,19184,5026,80,19176,1534,272,4816,1309,0,,,,,,,100,1,0,100,100,100
289001,52000,52000,50000,52000,48000,49500,51200,0,1.4025e+08,2.034e+06,2.036e+06,2.035e+06,2.034e+06,2.036e+06,2.035e+06,630078,909375,1.6e+09,8,19176,153,40,19168,766,8,4816,38,262,19184,5026,80,19176,1610,272,4816,1309,0,,,,,,,100,1,0,100,100,100
289106,,,,,,,,,,,,,,,,,,,,,,,,,,,,,,,,,,,,,,64,,,,,,,,,,,
289879,,,,,,,,,,,,,,,,,,,,,,,,,,,,,,,,,,,,,,,,,,65,,,,,,,
290001,52000,52000,50000,52000,48000,49750,51200,0,1.4025e+08,2.035e+06,2.035e+06,2.035e+06,2.034e+06,2.034e+06,2.035e+06,630078,917968,1.6e+09,8,19176,153,40,19168,766,12,4816,57,264,19184,5064,84,19176,1610,272,4816,1309,0,,,,,,,100,1.0101,0,100,100,100
290793,,,,,,,,,,,,,,,,,,,,,,,,,,,,,,,,,,,,,,,,,66,,,,,,,,
291000,52000,52000,50000,52000,48000,49500,51200,0,1.4025e+08,2.034e+06,2.035e+06,2.035e+06,2.035e+06,2.034e+06,2.034e+06,630078,917968,1.6e+09,8,19176,153,40,19168,766,12,4816,57,262,19184,5026,80,19176,1534,272,4816,1309,0,,,,,,,100,0,1,100,100,100
291713,,,,,,,,,,,,,,,,,,,,,,,,,,,,,,,,,,,,,,,,,,,66,,,,,,
292000,51500,51500,50000,51500,48000,49500,51200,0,1.4025e+08,1.996e+06,2.035e+06,2.034e+06,2.036e+06,2.036e+06,2.048e+06,630078,917968,1.6e+09,8,19176,153,40,19168,766,12,4816,57,262,19184,5026,80,19176,1534,272,4816,1309,0,,,,,,,100,0.990099,1.0101,100,100,100
293001,52000,52000,50000,52000,48000,49500,51200,0,1.4025e+08,1.998e+06,2.035e+06,2.034e+06,1.998e+06,1.997e+06,1.996e+06,630078,898632,1.6e+09,8,19176,153,40,19168,766,12,4816,57,264,19184,5064,84,19176,1610,272,4816,1309,0,,,,,,,100,1.0101,2,100,100,100
293560,,,,,,,,,,,,,,,,,,,,,,,,,,,,,,,,,,,,,,65,,,,,,,,,,,
294000,52000,52000,50000,52000,48000,49750,51200,0,1.4025e+08,1.997e+06,2.034e+06,2.035e+06,1.997e+06,1.997e+06,1.997e+06,630078,898632,1.6e+09,8,19176,153,40,19168,766,12,4816,57,262,19184,5026,84,19176,1610,272,4816,1309,0,,,,,,,100,0,0.990099,100,100,100
294264,,,,,,,,,,,,,,,,,,,,,,,,,,,,,,,,,,,,,,,,,,66,,,,,,,
295001,52000,52000,50000,52000,48000,49750,51200,0,1.4025e+08,2.033e+06,2.034e+06,2.035e+06,2.035e+06,2.036e+06,2.032e+06,630078,909375,1.6e+09,8,19176,153,40,19168,766,8,4816,38,262,19184,5026,80,19176,1534,272,4816,1307,0,,,,,,,100,0.990099,0,100,100,100
295135,,,,,,,,,,,,,,,,,,,,,,,,,,,,,,,,,,,,,,,,,67,,,,,,,,
296001,52000,52000,50000,52000,48000,49750,51200,0,1.4025e+08,2.035e+06,2.035e+06,2.035e+06,2.035e+06,2.036e+06,2.034e+06,630078,898632,1.6e+09,8,19176,153,40,19168,766,8,4816,38,262,19184,5026,84,19176,1610,272,4816,1309,0,,,,,,,100,1.0101,2,100,100,100
296065,,,,,,,,,,,,,,,,,,,,,,,,,,,,,,,,,,,,,,,,,,,67,,,,,,
297001,52000,52000,50000,52000,48000,49500,51200,0,1.4025e+08,2.035e+06,2.035e+06,2.035e+06,2.035e+06,2.035e+06,2.034e+06,630078,917968,1.6e+09,8,19176,153,40,19168,766,12,4816,57,262,19184,5026,80,19176,1534,272,4808,1307,0,,,,,,,100,0,0,100,100,100
298001,51500,51500,50000,51500,48000,49750,51200,0,1.4025e+08,1.997e+06,2.033e+06,2.035e+06,1.998e+06,1.998e+06,1.998e+06,630078,898632,1.6e+09,8,19176,153,40,19168,766,12,4816,57,262,19184,5026,80,19176,1534,272,4816,1309,0,,,,,,,100,0,0,100,100,100
298009,,,,,,,,,,,,,,,,,,,,,,,,,,,,,,,,,,,,,,66,,,,,,,,,,,
298656,,,,,,,,,,,,,,,,,,,,,,,,,,,,,,,,,,,,,,,,,,67,,,,,,,
299001,52000,52000,50000,52000,48000,49750,51200,0,1.4025e+08,1.999e+06,2.034e+06,2.035e+06,1.996e+06,1.997e+06,1.996e+06,630078,898632,1.6e+09,8,19176,153,40,19168,766,12,4816,57,264,19184,5064,84,19176,1610,272,4816,1309,0,,,,,,,100,2.0202,2.0202,100,100,100
299476,,,,,,,,,,,,,,,,,,,,,,,,,,,,,,,,,,,,,,,,,68,,,,,,,,
300001,52000,52000,50000,52000,48000,49500,51200,0,1.4025e+08,1.997e+06,2.035e+06,2.035e+06,1.996e+06,1.996e+06,1.998e+06,630078,898632,1.6e+09,8,19176,153,40,19168,766,12,4816,57,262,19184,5026,84,19176,1610,272,4816,1309,0,,,,,,,100,0.990099,0,100,100,100
