# Started at: 2022-05-12 18:23:19 +0000, Version: v0.1-177-gf3f14d1, Generated by: thermobench --verbose --time=180 --wait=50 --wait-timeout=60 --sensors_file=/root/thermobench/src/sensors.imx8 --cpu-usage --column=CPU0_work_done --column=CPU1_work_done --column=CPU2_work_done --column=CPU3_work_done --column=CPU4_work_done --column=CPU5_work_done --output=/root/JSA/lr_experiment/measurements/imx8b//28_26_0_0_6_0.json.yaml.csv -- demos-sched -p high -c /root/JSA/lr_experiment/demos_configurations/imx8b//28_26_0_0_6_0.json.yaml
time/ms,CPU_0_temp/m°C,CPU_1_temp/m°C,GPU_0_temp/m°C,GPU_1_temp/m°C,DRC_temp/m°C,PMIC_temp/m°C,Cortex_A53_0_freq/Hz,Cortex_A53_1_freq/Hz,Cortex_A53_2_freq/Hz,Cortex_A53_3_freq/Hz,Cortex_A72_0_freq/Hz,Cortex_A72_1_freq/Hz,ambient,energy,cam_cpu,cam_mem,heat_sources,CPU0_work_done,CPU1_work_done,CPU2_work_done,CPU3_work_done,CPU4_work_done,CPU5_work_done,CPU0_load/%,CPU1_load/%,CPU2_load/%,CPU3_load/%,CPU4_load/%,CPU5_load/%
1.17823,49700,49300,49900,48500,49300,70000,600000,600000,600000,600000,600000,1.056e+06,,,,,,,,,,,,0,0,0,0,50,0
194.615,,,,,,,,,,,,,,,,,,,,,,0,,,,,,,
349.419,,,,,,,,,,,,,,,,,,0,,,,,,,,,,,
988.202,51100,51300,50700,49500,50300,70000,1.2e+06,1.2e+06,1.2e+06,1.2e+06,1.596e+06,1.596e+06,,,,,,,,,,,,82.8283,84.6939,8.16327,3.06122,84.6939,5
1987.88,51700,51700,51100,49900,50700,70000,1.2e+06,1.2e+06,1.2e+06,1.2e+06,1.596e+06,1.596e+06,27.56,1180136.929,,,,,,,,,,100,100,5.10204,9,100,0
2325.66,,,,,,,,,,,,,,,,,,,0,,,,,,,,,,
2987.91,51900,52500,51500,50300,51100,70000,1.2e+06,1.2e+06,1.2e+06,1.2e+06,1.596e+06,1.596e+06,,1180145.129,,,,,,,,,,100,100,6.18557,0,100,1.9802
3987.51,52300,52500,51900,50500,51100,70000,1.2e+06,1.2e+06,1.2e+06,1.2e+06,1.596e+06,1.596e+06,,1180153.184,,,,,,,,,,100,100,5.88235,10.7843,100,0.990099
4130.25,,,,,,,,,,,,,,,,,,1,,,,,,,,,,,
4479.8,,,,,,,,,,,,,,,,,,,1,,,,,,,,,,
4835.83,,,,,,,,,,,,,,,,,,,,,,1,,,,,,,
4988.1,52500,52600,52100,50700,51500,70000,1.2e+06,1.2e+06,1.2e+06,1.2e+06,1.596e+06,1.596e+06,,1180161.497,,,,,,,,,,100,100,6,7.07071,100,0
5987.8,52500,52600,52300,50700,51500,70000,1.2e+06,1.2e+06,1.2e+06,1.2e+06,1.596e+06,1.596e+06,,1180169.688,,,,,,,,,,100,100,7.14286,0,100,0
6626.06,,,,,,,,,,,,,,,,,,,2,,,,,,,,,,
6988.21,52800,53000,52600,51100,51900,70000,1.2e+06,1.2e+06,1.2e+06,1.2e+06,1.596e+06,1.596e+06,,1180177.902,,,,,,,,,,100,100,10,0.990099,100,2.0202
7910.21,,,,,,,,,,,,,,,,,,2,,,,,,,,,,,
7988.42,52600,53000,52300,51100,51900,70000,1.2e+06,1.2e+06,1.2e+06,1.2e+06,1.596e+06,1.596e+06,,1180186.110,,,,,,,,,,100,100,12.1212,0,100,0
8767.03,,,,,,,,,,,,,,,,,,,3,,,,,,,,,,
8987.69,53000,53200,52600,51300,52300,70000,1.2e+06,1.2e+06,1.2e+06,1.2e+06,1.596e+06,1.596e+06,,1180194.222,,,,,,,,,,100,100,0,8.91089,100,1
9465.18,,,,,,,,,,,,,,,,,,,,,,2,,,,,,,
9988.13,53400,53400,52800,51500,52300,70000,1.2e+06,1.2e+06,1.2e+06,1.2e+06,1.596e+06,1.596e+06,,1180202.420,,,,,,,,,,100,100,3.8835,11.2245,99.0099,0.990099
10911.7,,,,,,,,,,,,,,,,,,,4,,,,,,,,,,
10987.9,53600,53600,52800,51700,52300,70000,1.2e+06,1.2e+06,1.2e+06,1.2e+06,1.596e+06,1.596e+06,,1180210.557,,,,,,,,,,100,100,0,12,100,0
11670.9,,,,,,,,,,,,,,,,,,3,,,,,,,,,,,
11987.4,53600,53600,53000,51900,52300,70000,1.2e+06,1.2e+06,1.2e+06,1.2e+06,1.596e+06,1.596e+06,27.56,1180218.754,,,,,,,,,,100,100,9,1,100,0
12988,53400,54000,53000,51700,52500,70000,1.2e+06,1.2e+06,1.2e+06,1.2e+06,1.596e+06,1.596e+06,,1180226.962,,,,,,,,,,100,100,10,5.94059,100,0
13054,,,,,,,,,,,,,,,,,,,5,,,,,,,,,,
13987.5,53600,54000,53400,52500,52800,70000,1.2e+06,1.2e+06,1.2e+06,1.2e+06,1.596e+06,1.596e+06,,1180235.091,,,,,,,,,,100,100,2.04082,7.07071,100,1
14093.8,,,,,,,,,,,,,,,,,,,,,,3,,,,,,,
14988.2,53400,54000,53400,52100,52600,70000,1.2e+06,1.2e+06,1.2e+06,1.2e+06,1.596e+06,1.596e+06,,1180243.289,,,,,,,,,,100,100,9.80392,1,100,1.96078
15193,,,,,,,,,,,,,,,,,,,6,,,,,,,,,,
15430.7,,,,,,,,,,,,,,,,,,4,,,,,,,,,,,
15988.2,53800,53800,53400,52300,52600,70000,1.2e+06,1.2e+06,1.2e+06,1.2e+06,1.596e+06,1.596e+06,,1180251.505,,,,,,,,,,100,100,5.05051,4.9505,100,1.02041
16987.8,54000,54200,53400,52500,53000,70000,1.2e+06,1.2e+06,1.2e+06,1.2e+06,1.596e+06,1.596e+06,,1180259.677,,,,,,,,,,100,100,9,4.0404,100,0
17330.1,,,,,,,,,,,,,,,,,,,7,,,,,,,,,,
17988.2,54200,54200,53800,52600,53000,70000,1.2e+06,1.2e+06,1.2e+06,1.2e+06,1.596e+06,1.596e+06,,1180267.840,,,,,,,,,,100,100,1,7.14286,100,0
18716.1,,,,,,,,,,,,,,,,,,,,,,4,,,,,,,
18987.9,54200,54200,53800,52500,53000,70000,1.2e+06,1.2e+06,1.2e+06,1.2e+06,1.596e+06,1.596e+06,,1180276.003,,,,,,,,,,100,100,5.05051,6.93069,100,2
19189.2,,,,,,,,,,,,,,,,,,5,,,,,,,,,,,
19475.6,,,,,,,,,,,,,,,,,,,8,,,,,,,,,,
19987.8,54000,54200,53800,52800,53000,70000,1.2e+06,1.2e+06,1.2e+06,1.2e+06,1.596e+06,1.596e+06,,1180284.211,,,,,,,,,,100,100,9.80392,3.0303,100,0.990099
20988.1,54200,54400,53800,52800,53400,70000,1.2e+06,1.2e+06,1.2e+06,1.2e+06,1.596e+06,1.596e+06,,1180292.500,,,,,,,,,,100,100,0,10.7843,100,1
21616.7,,,,,,,,,,,,,,,,,,,9,,,,,,,,,,
21987.4,54600,54600,54200,52800,53400,70000,1.2e+06,1.2e+06,1.2e+06,1.2e+06,1.596e+06,1.596e+06,27.539,1180300.743,,,,,,,,,,100,100,1.9802,16.8317,100,0
22947.7,,,,,,,,,,,,,,,,,,6,,,,,,,,,,,
22987.8,54400,54600,53800,52800,53400,70000,1.2e+06,1.2e+06,1.2e+06,1.2e+06,1.596e+06,1.596e+06,,1180308.881,,,,,,,,,,100,100,0,7.14286,100,0
23339.7,,,,,,,,,,,,,,,,,,,,,,5,,,,,,,
23760.9,,,,,,,,,,,,,,,,,,,10,,,,,,,,,,
23988.1,54600,54800,54200,52800,53400,70000,1.2e+06,1.2e+06,1.2e+06,1.2e+06,1.596e+06,1.596e+06,,1180317.095,,,,,,,,,,100,100,12,1,100,0
24987.9,54600,54800,54200,52800,53600,70000,1.2e+06,1.2e+06,1.2e+06,1.2e+06,1.596e+06,1.596e+06,,1180325.242,,,,,,,,,,100,100,14.7059,1,100,0
25898.7,,,,,,,,,,,,,,,,,,,11,,,,,,,,,,
25988.2,54600,54800,54200,53000,53800,70000,1.2e+06,1.2e+06,1.2e+06,1.2e+06,1.596e+06,1.596e+06,,1180333.446,,,,,,,,,,100,100,1.0101,9.90099,100,0
26708.9,,,,,,,,,,,,,,,,,,7,,,,,,,,,,,
26987.9,54800,55200,54200,53200,53800,70000,1.2e+06,1.2e+06,1.2e+06,1.2e+06,1.596e+06,1.596e+06,,1180341.685,,,,,,,,,,100,100,6.06061,13.5922,100,0
27964.3,,,,,,,,,,,,,,,,,,,,,,6,,,,,,,
27987.5,54800,55200,54600,53200,53800,70000,1.2e+06,1.2e+06,1.2e+06,1.2e+06,1.596e+06,1.596e+06,,1180347.795,,,,,,,,,,100,100,0.990099,9.90099,100,0
28038.2,,,,,,,,,,,,,,,,,,,12,,,,,,,,,,
28988,55000,55200,54600,53200,53800,70000,1.2e+06,1.2e+06,1.2e+06,1.2e+06,1.596e+06,1.596e+06,,1180356.007,,,,,,,,,,100,100,6.25,5.10204,100,0
29987.5,55000,55000,54400,53400,53800,70000,1.2e+06,1.2e+06,1.2e+06,1.2e+06,1.596e+06,1.596e+06,,1180364.316,,,,,,,,,,100,100,8.91089,4,100,0
30180.4,,,,,,,,,,,,,,,,,,,13,,,,,,,,,,
30476.5,,,,,,,,,,,,,,,,,,8,,,,,,,,,,,
30987.7,55000,55200,54400,53200,54200,70000,1.2e+06,1.2e+06,1.2e+06,1.2e+06,1.596e+06,1.596e+06,,1180372.533,,,,,,,,,,100,100,1.0101,9.18367,100,0.990099
31987.7,54800,55200,54600,53400,53800,70000,1.2e+06,1.2e+06,1.2e+06,1.2e+06,1.596e+06,1.596e+06,27.539,1180380.770,,,,,,,,,,100,100,8.82353,8,100,0
32324.7,,,,,,,,,,,,,,,,,,,14,,,,,,,,,,
32594.1,,,,,,,,,,,,,,,,,,,,,,7,,,,,,,
32987.4,55000,55200,54600,53400,54200,70000,1.2e+06,1.2e+06,1.2e+06,1.2e+06,1.596e+06,1.596e+06,,1180388.933,,,,,,,,,,100,100,6.12245,2,100,0
33988.2,55400,55400,54600,53600,54000,70000,1.2e+06,1.2e+06,1.2e+06,1.2e+06,1.596e+06,1.596e+06,,1180397.155,,,,,,,,,,100,100,2,5.05051,100,3.9604
34237.1,,,,,,,,,,,,,,,,,,9,,,,,,,,,,,
34470.3,,,,,,,,,,,,,,,,,,,15,,,,,,,,,,
34988,55400,55600,55000,54000,54200,70000,1.2e+06,1.2e+06,1.2e+06,1.2e+06,1.596e+06,1.596e+06,,1180405.339,,,,,,,,,,100,100,1,13.8614,100,0
35988.2,55600,55800,55000,53600,54200,70000,1.2e+06,1.2e+06,1.2e+06,1.2e+06,1.596e+06,1.596e+06,,1180413.623,,,,,,,,,,100,100,0,8.08081,100,0
36610.5,,,,,,,,,,,,,,,,,,,16,,,,,,,,,,
36987.9,55400,55600,55000,54000,54400,70000,1.2e+06,1.2e+06,1.2e+06,1.2e+06,1.596e+06,1.596e+06,,1180421.772,,,,,,,,,,100,100,14.8515,2.0202,100,0
37227,,,,,,,,,,,,,,,,,,,,,,8,,,,,,,
37988.4,55400,55600,55000,54000,54600,70000,1.2e+06,1.2e+06,1.2e+06,1.2e+06,1.596e+06,1.596e+06,,1180430.003,,,,,,,,,,100,100,11,1,100,0
37999.1,,,,,,,,,,,,,,,,,,10,,,,,,,,,,,
38755.7,,,,,,,,,,,,,,,,,,,17,,,,,,,,,,
38987.4,55400,55600,55000,53800,54400,70000,1.2e+06,1.2e+06,1.2e+06,1.2e+06,1.596e+06,1.596e+06,,1180438.143,,,,,,,,,,100,100,5,9.09091,100,0
39987.9,55400,55600,55000,54000,54400,70000,1.2e+06,1.2e+06,1.2e+06,1.2e+06,1.596e+06,1.596e+06,,1180446.377,,,,,,,,,,100,100,5.94059,8.91089,100,0
40898.6,,,,,,,,,,,,,,,,,,,18,,,,,,,,,,
40987.9,55600,55600,55000,53600,54600,70000,1.2e+06,1.2e+06,1.2e+06,1.2e+06,1.596e+06,1.596e+06,,1180454.609,,,,,,,,,,100,100,8.08081,1.9802,100,0
41761.9,,,,,,,,,,,,,,,,,,11,,,,,,,,,,,
41854,,,,,,,,,,,,,,,,,,,,,,9,,,,,,,
41988.4,55400,55600,55200,54200,54200,70000,1.2e+06,1.2e+06,1.2e+06,1.2e+06,1.596e+06,1.596e+06,27.539,1180462.765,,,,,,,,,,100,99.0196,1.9802,9.09091,100,0
42987.6,55400,55800,55200,53800,54600,70000,1.2e+06,1.2e+06,1.2e+06,1.2e+06,1.596e+06,1.596e+06,,1180470.980,,,,,,,,,,100,100,9,8,100,0
43042.8,,,,,,,,,,,,,,,,,,,19,,,,,,,,,,
43988.1,55800,55600,55000,54000,54600,70000,1.2e+06,1.2e+06,1.2e+06,1.2e+06,1.596e+06,1.596e+06,,1180479.152,,,,,,,,,,100,100,7.14286,1.0101,100,0
44988.4,55800,56000,55400,54000,54600,70000,1.2e+06,1.2e+06,1.2e+06,1.2e+06,1.596e+06,1.596e+06,,1180487.348,,,,,,,,,,100,100,6.79612,7.21649,100,0
45192.3,,,,,,,,,,,,,,,,,,,20,,,,,,,,,,
45524,,,,,,,,,,,,,,,,,,12,,,,,,,,,,,
45987.5,55600,56000,55400,54000,54600,70000,1.2e+06,1.2e+06,1.2e+06,1.2e+06,1.596e+06,1.596e+06,,1180495.607,,,,,,,,,,100,100,5.05051,8.91089,100,0
46478.3,,,,,,,,,,,,,,,,,,,,,,10,,,,,,,
46988.3,55800,55800,55200,54200,54600,70000,1.2e+06,1.2e+06,1.2e+06,1.2e+06,1.596e+06,1.596e+06,,1180503.747,,,,,,,,,,100,100,10.7843,2,100,0
47336.1,,,,,,,,,,,,,,,,,,,21,,,,,,,,,,
47988,55800,56200,55200,54200,54600,70000,1.2e+06,1.2e+06,1.2e+06,1.2e+06,1.596e+06,1.596e+06,,1180511.975,,,,,,,,,,100,100,4.9505,9,100,0
48988.4,55800,56000,55600,54400,54800,70000,1.2e+06,1.2e+06,1.2e+06,1.2e+06,1.596e+06,1.596e+06,,1180520.146,,,,,,,,,,100,100,13.1313,1,100,1
49287.7,,,,,,,,,,,,,,,,,,13,,,,,,,,,,,
49474.7,,,,,,,,,,,,,,,,,,,22,,,,,,,,,,
49988.1,55800,56200,55400,54200,55000,70000,1.2e+06,1.2e+06,1.2e+06,1.2e+06,1.596e+06,1.596e+06,,1180528.291,,,,,,,,,,100,100,1.9802,9,100,0.990099
50988.2,55800,56200,55400,54400,54600,70000,1.2e+06,1.2e+06,1.2e+06,1.2e+06,1.596e+06,1.596e+06,,1180536.540,,,,,,,,,,100,100,8.08081,5,100,1
51104.3,,,,,,,,,,,,,,,,,,,,,,11,,,,,,,
51619.9,,,,,,,,,,,,,,,,,,,23,,,,,,,,,,
51987.5,55800,56000,55200,54400,55000,70000,1.2e+06,1.2e+06,1.2e+06,1.2e+06,1.596e+06,1.596e+06,27.528,1180544.759,,,,,,,,,,100,100,8.08081,3.0303,100,0
52987.9,55800,56000,55400,54400,55000,70000,1.2e+06,1.2e+06,1.2e+06,1.2e+06,1.596e+06,1.596e+06,,1180553.150,,,,,,,,,,100,100,1,9,100,0
53053.7,,,,,,,,,,,,,,,,,,14,,,,,,,,,,,
53765.8,,,,,,,,,,,,,,,,,,,24,,,,,,,,,,
53988.2,56000,56000,55400,54400,54600,70000,1.2e+06,1.2e+06,1.2e+06,1.2e+06,1.596e+06,1.596e+06,,1180561.400,,,,,,,,,,100,100,17.8218,2.94118,100,0
54987.8,56200,56200,55400,54400,55000,70000,1.2e+06,1.2e+06,1.2e+06,1.2e+06,1.596e+06,1.596e+06,,1180569.550,,,,,,,,,,100,100,1.9802,9,100,0
55731.2,,,,,,,,,,,,,,,,,,,,,,12,,,,,,,
55902.9,,,,,,,,,,,,,,,,,,,25,,,,,,,,,,
55987.8,55800,56200,55800,54400,55000,70000,1.2e+06,1.2e+06,1.2e+06,1.2e+06,1.596e+06,1.596e+06,,1180577.784,,,,,,,,,,100,100,8.08081,1.9802,100,0
56811.7,,,,,,,,,,,,,,,,,,15,,,,,,,,,,,
56988.1,55800,56200,55400,54400,54800,70000,1.2e+06,1.2e+06,1.2e+06,1.2e+06,1.596e+06,1.596e+06,,1180585.959,,,,,,,,,,100,100,1,10.8911,100,2
57987.9,56000,56000,55400,54200,55000,70000,1.2e+06,1.2e+06,1.2e+06,1.2e+06,1.596e+06,1.596e+06,,1180594.174,,,,,,,,,,100,100,12.1212,1.9802,100,0
58043.8,,,,,,,,,,,,,,,,,,,26,,,,,,,,,,
58988,56200,56200,55800,54400,55000,70000,1.2e+06,1.2e+06,1.2e+06,1.2e+06,1.596e+06,1.596e+06,,1180602.338,,,,,,,,,,100,100,7.21649,4.9505,100,0
59987.9,55800,56000,55400,54400,54600,70000,1.2e+06,1.2e+06,1.2e+06,1.2e+06,1.596e+06,1.596e+06,,1180610.598,,,,,,,,,,100,100,14,1,100,0
60185.2,,,,,,,,,,,,,,,,,,,27,,,,,,,,,,
60359.9,,,,,,,,,,,,,,,,,,,,,,13,,,,,,,
60581.8,,,,,,,,,,,,,,,,,,16,,,,,,,,,,,
60988.3,55800,56000,55400,54400,54800,70000,1.2e+06,1.2e+06,1.2e+06,1.2e+06,1.596e+06,1.596e+06,,1180618.750,,,,,,,,,,100,100,10,1,100,0
61988,55800,56200,55400,54400,54800,70000,1.2e+06,1.2e+06,1.2e+06,1.2e+06,1.596e+06,1.596e+06,27.517,1180624.960,,,,,,,,,,100,100,1,9,100,0
62331.9,,,,,,,,,,,,,,,,,,,28,,,,,,,,,,
62988,56200,56000,55600,54400,55000,70000,1.2e+06,1.2e+06,1.2e+06,1.2e+06,1.596e+06,1.596e+06,,1180633.113,,,,,,,,,,100,100,7.14286,8.91089,100,0
63987.5,56200,56400,55600,54600,55000,70000,1.2e+06,1.2e+06,1.2e+06,1.2e+06,1.596e+06,1.596e+06,,1180641.362,,,,,,,,,,100,100,10.7843,1.02041,100,0
64345.3,,,,,,,,,,,,,,,,,,17,,,,,,,,,,,
64479.3,,,,,,,,,,,,,,,,,,,29,,,,,,,,,,
64987.4,56200,56400,55600,54400,55000,70000,1.2e+06,1.2e+06,1.2e+06,1.2e+06,1.596e+06,1.596e+06,,1180649.519,,,,,,,,,,100,100,1.9802,9.90099,100,0
64989.4,,,,,,,,,,,,,,,,,,,,,,14,,,,,,,
65987.9,56200,56400,55800,54800,55000,70000,1.2e+06,1.2e+06,1.2e+06,1.2e+06,1.596e+06,1.596e+06,,1180657.770,,,,,,,,,,100,100,4.12371,11.1111,100,0.990099
66618.9,,,,,,,,,,,,,,,,,,,30,,,,,,,,,,
66988,56200,56600,55800,54600,55000,70000,1.2e+06,1.2e+06,1.2e+06,1.2e+06,1.596e+06,1.596e+06,,1180665.915,,,,,,,,,,100,100,1.9802,7.07071,100,0
67988.5,56200,56400,55800,54800,55000,70000,1.2e+06,1.2e+06,1.2e+06,1.2e+06,1.596e+06,1.596e+06,,1180674.163,,,,,,,,,,100,100,8.16327,1.0101,100,0
68106.7,,,,,,,,,,,,,,,,,,18,,,,,,,,,,,
68764.4,,,,,,,,,,,,,,,,,,,31,,,,,,,,,,
68988.4,56200,56400,55800,54600,55000,70000,1.2e+06,1.2e+06,1.2e+06,1.2e+06,1.596e+06,1.596e+06,,1180682.323,,,,,,,,,,100,100,7.07071,9,100,0
69615.8,,,,,,,,,,,,,,,,,,,,,,15,,,,,,,
69988.2,56200,56400,55800,54800,55400,70000,1.2e+06,1.2e+06,1.2e+06,1.2e+06,1.596e+06,1.596e+06,,1180690.559,,,,,,,,,,99,100,10.7843,1,100,0
70902.8,,,,,,,,,,,,,,,,,,,32,,,,,,,,,,
70988.1,56200,56400,55800,54800,55400,70000,1.2e+06,1.2e+06,1.2e+06,1.2e+06,1.596e+06,1.596e+06,,1180698.700,,,,,,,,,,100,100,4,7.21649,100,0
71870.9,,,,,,,,,,,,,,,,,,19,,,,,,,,,,,
71988.3,56200,56600,55800,54600,55200,70000,1.2e+06,1.2e+06,1.2e+06,1.2e+06,1.596e+06,1.596e+06,27.517,1180706.968,,,,,,,,,,100,100,13.1313,1,99.0099,0
72988.4,56200,56000,55600,54400,55000,70000,1.2e+06,1.2e+06,1.2e+06,1.2e+06,1.596e+06,1.596e+06,,1180715.177,,,,,,,,,,100,100,0,7.07071,100,0
73048.1,,,,,,,,,,,,,,,,,,,33,,,,,,,,,,
73988.2,56200,56400,56200,54800,55000,70000,1.2e+06,1.2e+06,1.2e+06,1.2e+06,1.596e+06,1.596e+06,,1180723.410,,,,,,,,,,100,100,10.8911,2,100,0
74247.5,,,,,,,,,,,,,,,,,,,,,,16,,,,,,,
74988,56200,56400,55800,54600,55000,70000,1.2e+06,1.2e+06,1.2e+06,1.2e+06,1.596e+06,1.596e+06,,1180731.572,,,,,,,,,,100,100,12,2.94118,100,1.0101
75191,,,,,,,,,,,,,,,,,,,34,,,,,,,,,,
75630.9,,,,,,,,,,,,,,,,,,20,,,,,,,,,,,
75988.1,56200,56400,56000,54600,55400,70000,1.2e+06,1.2e+06,1.2e+06,1.2e+06,1.596e+06,1.596e+06,,1180739.895,,,,,,,,,,100,100,10.8911,1.9802,100,0
76988.3,56200,56600,55800,54800,55400,70000,1.2e+06,1.2e+06,1.2e+06,1.2e+06,1.596e+06,1.596e+06,,1180748.046,,,,,,,,,,100,100,9.90099,1,100,1
77334.8,,,,,,,,,,,,,,,,,,,35,,,,,,,,,,
77987.9,56200,56400,55800,54800,55400,70000,1.2e+06,1.2e+06,1.2e+06,1.2e+06,1.596e+06,1.596e+06,,1180756.275,,,,,,,,,,100,100,12.1212,2.94118,100,0
78874.8,,,,,,,,,,,,,,,,,,,,,,17,,,,,,,
78988.1,56000,56400,55600,54400,55200,70000,1.2e+06,1.2e+06,1.2e+06,1.2e+06,1.596e+06,1.596e+06,,1180764.593,,,,,,,,,,100,100,13.8614,0,100,0
79391.5,,,,,,,,,,,,,,,,,,21,,,,,,,,,,,
79481.9,,,,,,,,,,,,,,,,,,,36,,,,,,,,,,
79987.4,56200,56000,55800,54400,55000,70000,1.2e+06,1.2e+06,1.2e+06,1.2e+06,1.596e+06,1.596e+06,,1180772.820,,,,,,,,,,100,100,9.90099,1,100,0
80987.5,56200,56400,55800,54600,55000,70000,1.2e+06,1.2e+06,1.2e+06,1.2e+06,1.596e+06,1.596e+06,,1180780.972,,,,,,,,,,100,100,10.4167,1.0101,100,0
81620.4,,,,,,,,,,,,,,,,,,,37,,,,,,,,,,
81987.8,56200,56400,55800,54600,55000,70000,1.2e+06,1.2e+06,1.2e+06,1.2e+06,1.596e+06,1.596e+06,27.528,1180789.224,,,,,,,,,,100,100,13,1,100,0
82987.8,56200,56400,55800,54600,55200,70000,1.2e+06,1.2e+06,1.2e+06,1.2e+06,1.596e+06,1.596e+06,,1180797.369,,,,,,,,,,100,100,8.08081,0,100,0
83156.6,,,,,,,,,,,,,,,,,,22,,,,,,,,,,,
83504.3,,,,,,,,,,,,,,,,,,,,,,18,,,,,,,
83762.9,,,,,,,,,,,,,,,,,,,38,,,,,,,,,,
83988.4,56200,56200,55800,54400,55000,70000,1.2e+06,1.2e+06,1.2e+06,1.2e+06,1.596e+06,1.596e+06,,1180805.599,,,,,,,,,,100,100,16.6667,1,100,1
84987.5,56200,56400,55800,54800,55200,70000,1.2e+06,1.2e+06,1.2e+06,1.2e+06,1.596e+06,1.596e+06,,1180813.846,,,,,,,,,,100,100,6.06061,0,100,1.0101
85905.7,,,,,,,,,,,,,,,,,,,39,,,,,,,,,,
85988,56200,56600,55600,54400,55000,70000,1.2e+06,1.2e+06,1.2e+06,1.2e+06,1.596e+06,1.596e+06,,1180821.998,,,,,,,,,,100,100,7.14286,0,100,0
86920.9,,,,,,,,,,,,,,,,,,23,,,,,,,,,,,
86988.1,56200,56200,55800,54600,55000,70000,1.2e+06,1.2e+06,1.2e+06,1.2e+06,1.596e+06,1.596e+06,,1180830.243,,,,,,,,,,100,100,5.10204,9.90099,100,0
87987.4,56200,56400,55800,55000,55200,70000,1.2e+06,1.2e+06,1.2e+06,1.2e+06,1.596e+06,1.596e+06,,1180838.489,,,,,,,,,,100,100,10.2041,2,100,0
88051.9,,,,,,,,,,,,,,,,,,,40,,,,,,,,,,
88127.5,,,,,,,,,,,,,,,,,,,,,,19,,,,,,,
88988.4,56000,56400,55400,54400,54800,70000,1.2e+06,1.2e+06,1.2e+06,1.2e+06,1.596e+06,1.596e+06,,1180846.641,,,,,,,,,,100,100,9.80392,0.990099,100,0
89988.1,56200,56400,55800,54800,55200,70000,1.2e+06,1.2e+06,1.2e+06,1.2e+06,1.596e+06,1.596e+06,,1180854.895,,,,,,,,,,100,100,4.0404,10,100,0
90202.2,,,,,,,,,,,,,,,,,,,41,,,,,,,,,,
90683.5,,,,,,,,,,,,,,,,,,24,,,,,,,,,,,
90987.4,56200,56600,55800,54800,55200,70000,1.2e+06,1.2e+06,1.2e+06,1.2e+06,1.596e+06,1.596e+06,,1180863.140,,,,,,,,,,100,100,7.84314,9.90099,100,0
91987.4,56200,56400,55800,54800,55200,70000,1.2e+06,1.2e+06,1.2e+06,1.2e+06,1.596e+06,1.596e+06,27.55,1180871.378,,,,,,,,,,100,100,7.07071,1,100,0
92351.2,,,,,,,,,,,,,,,,,,,42,,,,,,,,,,
92749.7,,,,,,,,,,,,,,,,,,,,,,20,,,,,,,
92988.4,56600,56800,55800,54800,55400,70000,1.2e+06,1.2e+06,1.2e+06,1.2e+06,1.596e+06,1.596e+06,,1180879.531,,,,,,,,,,100,100,9.09091,5.94059,100,0
93988.3,56600,56400,55800,54800,55400,70000,1.2e+06,1.2e+06,1.2e+06,1.2e+06,1.596e+06,1.596e+06,,1180887.723,,,,,,,,,,100,100,5.94059,6,100,1.0101
94445.8,,,,,,,,,,,,,,,,,,25,,,,,,,,,,,
94494.9,,,,,,,,,,,,,,,,,,,43,,,,,,,,,,
94988.3,56400,56600,55800,54600,55000,70000,1.2e+06,1.2e+06,1.2e+06,1.2e+06,1.596e+06,1.596e+06,,1180895.936,,,,,,,,,,100,100,1,8.08081,100,0
95988.2,56400,56400,55800,54800,55200,70000,1.2e+06,1.2e+06,1.2e+06,1.2e+06,1.596e+06,1.596e+06,,1180904.103,,,,,,,,,,100,100,8.08081,9.90099,100,0
96636.3,,,,,,,,,,,,,,,,,,,44,,,,,,,,,,
96987.6,56600,56600,56200,54800,55200,70000,1.2e+06,1.2e+06,1.2e+06,1.2e+06,1.596e+06,1.596e+06,,1180912.333,,,,,,,,,,100,100,7.14286,1.0101,100,0
97375.5,,,,,,,,,,,,,,,,,,,,,,21,,,,,,,
97987.8,56200,56400,55800,54800,55200,70000,1.2e+06,1.2e+06,1.2e+06,1.2e+06,1.596e+06,1.596e+06,,1180920.594,,,,,,,,,,100,100,5,10,100,0
98210.7,,,,,,,,,,,,,,,,,,26,,,,,,,,,,,
98779.4,,,,,,,,,,,,,,,,,,,45,,,,,,,,,,
98987.8,56400,56400,55800,54800,55200,70000,1.2e+06,1.2e+06,1.2e+06,1.2e+06,1.596e+06,1.596e+06,,1180926.794,,,,,,,,,,100,100,5.94059,8.91089,100,1
99987.9,56200,56400,56000,54800,55200,70000,1.2e+06,1.2e+06,1.2e+06,1.2e+06,1.596e+06,1.596e+06,,1180934.959,,,,,,,,,,100,100,5.20833,1,100,0.990099
100924,,,,,,,,,,,,,,,,,,,46,,,,,,,,,,
100988,56600,56600,56000,54800,55600,70000,1.2e+06,1.2e+06,1.2e+06,1.2e+06,1.596e+06,1.596e+06,,1180943.185,,,,,,,,,,100,100,15.534,1.9802,100,0
101975,,,,,,,,,,,,,,,,,,27,,,,,,,,,,,
101988,56600,56800,55800,55000,55400,70000,1.2e+06,1.2e+06,1.2e+06,1.2e+06,1.596e+06,1.596e+06,27.56,1180951.604,,,,,,,,,,100,100,10.3093,1,100,0
101999,,,,,,,,,,,,,,,,,,,,,,22,,,,,,,
102988,56200,56600,55800,54800,55400,70000,1.2e+06,1.2e+06,1.2e+06,1.2e+06,1.596e+06,1.596e+06,,1180959.775,,,,,,,,,,100,100,7.14286,1,100,0
103065,,,,,,,,,,,,,,,,,,,47,,,,,,,,,,
103988,56200,56400,55800,54800,55400,70000,1.2e+06,1.2e+06,1.2e+06,1.2e+06,1.596e+06,1.596e+06,,1180968.012,,,,,,,,,,100,100,1.9802,9,100,0.990099
104988,56600,56800,55800,54800,55400,70000,1.2e+06,1.2e+06,1.2e+06,1.2e+06,1.596e+06,1.596e+06,,1180976.161,,,,,,,,,,100,100,8.16327,1,100,0
105207,,,,,,,,,,,,,,,,,,,48,,,,,,,,,,
105727,,,,,,,,,,,,,,,,,,28,,,,,,,,,,,
105988,56400,56600,55800,54800,55600,70000,1.2e+06,1.2e+06,1.2e+06,1.2e+06,1.596e+06,1.596e+06,,1180984.382,,,,,,,,,,100,100,6.93069,8.08081,100,0
106620,,,,,,,,,,,,,,,,,,,,,,23,,,,,,,
106988,56600,56400,56200,54800,55400,70000,1.2e+06,1.2e+06,1.2e+06,1.2e+06,1.596e+06,1.596e+06,,1180992.641,,,,,,,,,,100,100,3,9,100,0
107350,,,,,,,,,,,,,,,,,,,49,,,,,,,,,,
107987,56600,56800,56200,54800,55400,70000,1.2e+06,1.2e+06,1.2e+06,1.2e+06,1.596e+06,1.596e+06,,1181000.820,,,,,,,,,,100,100,7.14286,1,100,0
108988,56400,56400,56000,54800,55400,70000,1.2e+06,1.2e+06,1.2e+06,1.2e+06,1.596e+06,1.596e+06,,1181009.109,,,,,,,,,,100,100,1,9.90099,100,0
109487,,,,,,,,,,,,,,,,,,29,,,,,,,,,,,
109495,,,,,,,,,,,,,,,,,,,50,,,,,,,,,,
109988,56600,56800,56000,54800,55400,70000,1.2e+06,1.2e+06,1.2e+06,1.2e+06,1.596e+06,1.596e+06,,1181017.267,,,,,,,,,,100,100,7.14286,1,100,0
110988,56400,56400,56200,55000,55400,70000,1.2e+06,1.2e+06,1.2e+06,1.2e+06,1.596e+06,1.596e+06,,1181025.502,,,,,,,,,,100,100,4.0404,1,100,1.0101
111243,,,,,,,,,,,,,,,,,,,,,,24,,,,,,,
111635,,,,,,,,,,,,,,,,,,,51,,,,,,,,,,
111988,56800,56800,56200,55200,55600,70000,1.2e+06,1.2e+06,1.2e+06,1.2e+06,1.596e+06,1.596e+06,27.592,1181033.781,,,,,,,,,,100,100,6.86275,8.16327,100,0
112988,56600,56800,56000,54800,55200,70000,1.2e+06,1.2e+06,1.2e+06,1.2e+06,1.596e+06,1.596e+06,,1181042.107,,,,,,,,,,100,100,5,7,100,0
113240,,,,,,,,,,,,,,,,,,30,,,,,,,,,,,
113775,,,,,,,,,,,,,,,,,,,52,,,,,,,,,,
113988,56600,56600,56200,55200,55400,70000,1.2e+06,1.2e+06,1.2e+06,1.2e+06,1.596e+06,1.596e+06,,1181050.389,,,,,,,,,,100,100,9.90099,3.9604,100,0
114988,56600,56800,56200,55200,55800,70000,1.2e+06,1.2e+06,1.2e+06,1.2e+06,1.596e+06,1.596e+06,,1181058.539,,,,,,,,,,100,99,4.0404,2.9703,100,2.9703
115870,,,,,,,,,,,,,,,,,,,,,,25,,,,,,,
115915,,,,,,,,,,,,,,,,,,,53,,,,,,,,,,
115988,56600,56800,56200,55200,55800,70000,1.2e+06,1.2e+06,1.2e+06,1.2e+06,1.596e+06,1.596e+06,,1181066.762,,,,,,,,,,100,100,8.08081,0,100,0
116988,56600,56600,56000,55000,55400,70000,1.2e+06,1.2e+06,1.2e+06,1.2e+06,1.596e+06,1.596e+06,,1181074.979,,,,,,,,,,100,100,2,7.07071,100,0
116992,,,,,,,,,,,,,,,,,,31,,,,,,,,,,,
117988,56600,56800,56200,54800,55400,70000,1.2e+06,1.2e+06,1.2e+06,1.2e+06,1.596e+06,1.596e+06,,1181083.221,,,,,,,,,,100,100,4,9.09091,100,0.990099
118056,,,,,,,,,,,,,,,,,,,54,,,,,,,,,,
118988,56600,56600,56200,54800,55600,70000,1.2e+06,1.2e+06,1.2e+06,1.2e+06,1.596e+06,1.596e+06,,1181091.384,,,,,,,,,,100,100,4.08163,9.80392,100,0
119988,56600,56800,56200,55000,55600,70000,1.2e+06,1.2e+06,1.2e+06,1.2e+06,1.596e+06,1.596e+06,,1181099.615,,,,,,,,,,100,100,11.5385,2,100,0
120193,,,,,,,,,,,,,,,,,,,55,,,,,,,,,,
120496,,,,,,,,,,,,,,,,,,,,,,26,,,,,,,
120753,,,,,,,,,,,,,,,,,,32,,,,,,,,,,,
120987,56600,56800,56200,55200,55600,70000,1.2e+06,1.2e+06,1.2e+06,1.2e+06,1.596e+06,1.596e+06,,1181107.776,,,,,,,,,,100,100,1,9,100,0
121987,56600,56600,56200,55000,55800,70000,1.2e+06,1.2e+06,1.2e+06,1.2e+06,1.596e+06,1.596e+06,27.603,1181116.001,,,,,,,,,,100,100,3,0,100,0
122332,,,,,,,,,,,,,,,,,,,56,,,,,,,,,,
122988,56600,57000,55800,55200,55800,70000,1.2e+06,1.2e+06,1.2e+06,1.2e+06,1.596e+06,1.596e+06,,1181124.159,,,,,,,,,,100,100,13,2.94118,100,0
123988,56600,56800,56200,55200,55400,70000,1.2e+06,1.2e+06,1.2e+06,1.2e+06,1.596e+06,1.596e+06,,1181132.407,,,,,,,,,,100,100,2.04082,8.08081,100,0
124475,,,,,,,,,,,,,,,,,,,57,,,,,,,,,,
124507,,,,,,,,,,,,,,,,,,33,,,,,,,,,,,
124988,56600,56800,56200,55200,55800,70000,1.2e+06,1.2e+06,1.2e+06,1.2e+06,1.596e+06,1.596e+06,,1181140.649,,,,,,,,,,100,100,8.91089,1,100,0
125123,,,,,,,,,,,,,,,,,,,,,,27,,,,,,,
125988,56600,57000,56200,55000,55800,70000,1.2e+06,1.2e+06,1.2e+06,1.2e+06,1.596e+06,1.596e+06,,1181148.832,,,,,,,,,,100,100,16.8317,1,100,0
126613,,,,,,,,,,,,,,,,,,,58,,,,,,,,,,
126988,56600,57000,56200,55000,55600,70000,1.2e+06,1.2e+06,1.2e+06,1.2e+06,1.596e+06,1.596e+06,,1181157.043,,,,,,,,,,100,100,7.92079,2.0202,100,1
127988,56800,57000,56600,55200,55800,70000,1.2e+06,1.2e+06,1.2e+06,1.2e+06,1.596e+06,1.596e+06,,1181165.197,,,,,,,,,,100,100,2,10.7843,100,0
128271,,,,,,,,,,,,,,,,,,34,,,,,,,,,,,
128760,,,,,,,,,,,,,,,,,,,59,,,,,,,,,,
128988,57000,57200,56200,55200,55800,70000,1.2e+06,1.2e+06,1.2e+06,1.2e+06,1.596e+06,1.596e+06,,1181173.441,,,,,,,,,,100,100,7.07071,7.14286,100,0
129747,,,,,,,,,,,,,,,,,,,,,,28,,,,,,,
129988,56600,57000,56200,55200,55800,70000,1.2e+06,1.2e+06,1.2e+06,1.2e+06,1.596e+06,1.596e+06,,1181181.614,,,,,,,,,,100,100,9,2,100,0
130900,,,,,,,,,,,,,,,,,,,60,,,,,,,,,,
130988,56600,57200,56200,55200,55800,70000,1.2e+06,1.2e+06,1.2e+06,1.2e+06,1.596e+06,1.596e+06,,1181187.818,,,,,,,,,,100,100,10.2041,1,100,1.9802
131988,56800,56800,56400,55200,55800,70000,1.2e+06,1.2e+06,1.2e+06,1.2e+06,1.596e+06,1.596e+06,27.614,1181196.062,,,,,,,,,,100,100,3,8.08081,100,1
132032,,,,,,,,,,,,,,,,,,35,,,,,,,,,,,
132988,57000,57000,56200,55200,55800,70000,1.2e+06,1.2e+06,1.2e+06,1.2e+06,1.596e+06,1.596e+06,,1181204.232,,,,,,,,,,100,100,7.14286,2.9703,100,0
133043,,,,,,,,,,,,,,,,,,,61,,,,,,,,,,
133988,56600,56800,56200,55200,55800,70000,1.2e+06,1.2e+06,1.2e+06,1.2e+06,1.596e+06,1.596e+06,,1181212.468,,,,,,,,,,100,100,9.09091,1,99,2.9703
134373,,,,,,,,,,,,,,,,,,,,,,29,,,,,,,
134988,57000,57000,56200,55000,55400,70000,1.2e+06,1.2e+06,1.2e+06,1.2e+06,1.596e+06,1.596e+06,,1181220.718,,,,,,,,,,100,100,5,9,100,0
135185,,,,,,,,,,,,,,,,,,,62,,,,,,,,,,
135793,,,,,,,,,,,,,,,,,,36,,,,,,,,,,,
135988,56800,56800,56200,55200,55600,70000,1.2e+06,1.2e+06,1.2e+06,1.2e+06,1.596e+06,1.596e+06,,1181228.967,,,,,,,,,,100,100,6.12245,1.0101,100,0
136988,57000,57200,56400,55200,55800,70000,1.2e+06,1.2e+06,1.2e+06,1.2e+06,1.596e+06,1.596e+06,,1181237.129,,,,,,,,,,100,100,2,9,100,0
137327,,,,,,,,,,,,,,,,,,,63,,,,,,,,,,
137988,57000,57200,56200,55400,55800,70000,1.2e+06,1.2e+06,1.2e+06,1.2e+06,1.596e+06,1.596e+06,,1181245.384,,,,,,,,,,100,100,1,14.2857,100,0
138988,56800,56800,56200,55000,55600,70000,1.2e+06,1.2e+06,1.2e+06,1.2e+06,1.596e+06,1.596e+06,,1181253.564,,,,,,,,,,100,100,7.14286,2,100,0
139000,,,,,,,,,,,,,,,,,,,,,,30,,,,,,,
139468,,,,,,,,,,,,,,,,,,,64,,,,,,,,,,
139556,,,,,,,,,,,,,,,,,,37,,,,,,,,,,,
139988,57200,57200,56600,55600,55800,70000,1.2e+06,1.2e+06,1.2e+06,1.2e+06,1.596e+06,1.596e+06,,1181261.799,,,,,,,,,,100,100,5,12.6214,100,0
140988,57000,57000,56400,55200,55600,70000,1.2e+06,1.2e+06,1.2e+06,1.2e+06,1.596e+06,1.596e+06,,1181269.967,,,,,,,,,,100,100,12.1212,0,100,0
141606,,,,,,,,,,,,,,,,,,,65,,,,,,,,,,
141988,57000,57200,56400,55200,55800,70000,1.2e+06,1.2e+06,1.2e+06,1.2e+06,1.596e+06,1.596e+06,27.625,1181278.226,,,,,,,,,,100,100,4,6.93069,100,0
142988,57000,57000,56200,55200,55800,70000,1.2e+06,1.2e+06,1.2e+06,1.2e+06,1.596e+06,1.596e+06,,1181286.456,,,,,,,,,,99.0196,100,1,14.8515,100,0
143319,,,,,,,,,,,,,,,,,,38,,,,,,,,,,,
143625,,,,,,,,,,,,,,,,,,,,,,31,,,,,,,
143749,,,,,,,,,,,,,,,,,,,66,,,,,,,,,,
143987,57000,57000,56400,55200,55800,70000,1.2e+06,1.2e+06,1.2e+06,1.2e+06,1.596e+06,1.596e+06,,1181294.713,,,,,,,,,,100,100,8,5,100,0
144988,56800,57200,56600,55200,56000,70000,1.2e+06,1.2e+06,1.2e+06,1.2e+06,1.596e+06,1.596e+06,,1181302.866,,,,,,,,,,100,100,5.05051,2,100,1.9802
145896,,,,,,,,,,,,,,,,,,,67,,,,,,,,,,
145988,57000,57200,56400,55200,55800,70000,1.2e+06,1.2e+06,1.2e+06,1.2e+06,1.596e+06,1.596e+06,,1181311.030,,,,,,,,,,100,100,9.09091,6.93069,100,0
146988,57000,57200,56600,55600,55800,70000,1.2e+06,1.2e+06,1.2e+06,1.2e+06,1.596e+06,1.596e+06,,1181319.283,,,,,,,,,,100,100,7.07071,4,100,0
147080,,,,,,,,,,,,,,,,,,39,,,,,,,,,,,
147987,57000,57200,56600,55600,56000,70000,1.2e+06,1.2e+06,1.2e+06,1.2e+06,1.596e+06,1.596e+06,,1181327.520,,,,,,,,,,100,100,6.18557,1,100,0
148039,,,,,,,,,,,,,,,,,,,68,,,,,,,,,,
148249,,,,,,,,,,,,,,,,,,,,,,32,,,,,,,
148988,57000,57000,56200,55600,56200,70000,1.2e+06,1.2e+06,1.2e+06,1.2e+06,1.596e+06,1.596e+06,,1181335.710,,,,,,,,,,100,100,15.8416,1.9802,100,0
149988,56800,57000,56200,55600,55800,70000,1.2e+06,1.2e+06,1.2e+06,1.2e+06,1.596e+06,1.596e+06,,1181343.948,,,,,,,,,,100,100,9.27835,1,100,0
150180,,,,,,,,,,,,,,,,,,,69,,,,,,,,,,
150840,,,,,,,,,,,,,,,,,,40,,,,,,,,,,,
150988,57000,57200,56600,55400,55800,70000,1.2e+06,1.2e+06,1.2e+06,1.2e+06,1.596e+06,1.596e+06,,1181352.194,,,,,,,,,,100,100,5.10204,2.94118,100,0.990099
151988,57000,57200,56600,55600,56000,70000,1.2e+06,1.2e+06,1.2e+06,1.2e+06,1.596e+06,1.596e+06,27.614,1181360.421,,,,,,,,,,100,100,7,4.9505,100,0
152317,,,,,,,,,,,,,,,,,,,70,,,,,,,,,,
152873,,,,,,,,,,,,,,,,,,,,,,33,,,,,,,
152988,57000,57200,56600,55400,55800,70000,1.2e+06,1.2e+06,1.2e+06,1.2e+06,1.596e+06,1.596e+06,,1181368.668,,,,,,,,,,100,100,2,8.16327,100,0
153988,57000,57200,56400,55400,55800,70000,1.2e+06,1.2e+06,1.2e+06,1.2e+06,1.596e+06,1.596e+06,,1181376.834,,,,,,,,,,100,100,13.2653,1,100,0
154462,,,,,,,,,,,,,,,,,,,71,,,,,,,,,,
154603,,,,,,,,,,,,,,,,,,41,,,,,,,,,,,
154988,57000,57200,56600,55400,55800,70000,1.2e+06,1.2e+06,1.2e+06,1.2e+06,1.596e+06,1.596e+06,,1181385.078,,,,,,,,,,100,100,1.02041,7.14286,100,0
155988,57000,56800,56200,55400,55800,70000,1.2e+06,1.2e+06,1.2e+06,1.2e+06,1.596e+06,1.596e+06,,1181393.251,,,,,,,,,,100,100,9,5,100,0
156601,,,,,,,,,,,,,,,,,,,72,,,,,,,,,,
156987,57000,57200,56600,55600,55800,70000,1.2e+06,1.2e+06,1.2e+06,1.2e+06,1.596e+06,1.596e+06,,1181401.510,,,,,,,,,,100,100,1,13,100,0
157497,,,,,,,,,,,,,,,,,,,,,,34,,,,,,,
157987,56800,57200,56400,55400,56000,70000,1.2e+06,1.2e+06,1.2e+06,1.2e+06,1.596e+06,1.596e+06,,1181409.662,,,,,,,,,,100,100,7.14286,1,100,0
158367,,,,,,,,,,,,,,,,,,42,,,,,,,,,,,
158740,,,,,,,,,,,,,,,,,,,73,,,,,,,,,,
158988,56600,57200,56400,55200,55800,70000,1.2e+06,1.2e+06,1.2e+06,1.2e+06,1.596e+06,1.596e+06,,1181417.919,,,,,,,,,,100,100,7.14286,7.92079,100,0
159987,56800,57000,56400,55400,56000,70000,1.2e+06,1.2e+06,1.2e+06,1.2e+06,1.596e+06,1.596e+06,,1181426.083,,,,,,,,,,100,100,1,9,100,2.9703
160883,,,,,,,,,,,,,,,,,,,74,,,,,,,,,,
160988,57000,57200,56600,55400,55800,70000,1.2e+06,1.2e+06,1.2e+06,1.2e+06,1.596e+06,1.596e+06,,1181434.321,,,,,,,,,,100,100,8.08081,2,100,0
161988,57000,57200,56600,55600,56000,70000,1.2e+06,1.2e+06,1.2e+06,1.2e+06,1.596e+06,1.596e+06,27.625,1181442.616,,,,,,,,,,100,100,7.92079,9.90099,100,0
162125,,,,,,,,,,,,,,,,,,,,,,35,,,,,,,
162128,,,,,,,,,,,,,,,,,,43,,,,,,,,,,,
162988,56800,57200,56600,55200,55600,70000,1.2e+06,1.2e+06,1.2e+06,1.2e+06,1.596e+06,1.596e+06,,1181450.743,,,,,,,,,,100,100,1.0101,7.14286,100,0
163019,,,,,,,,,,,,,,,,,,,75,,,,,,,,,,
163988,57000,57000,56200,55200,55800,70000,1.2e+06,1.2e+06,1.2e+06,1.2e+06,1.596e+06,1.596e+06,,1181458.988,,,,,,,,,,100,100,8.16327,4.0404,100,0
164988,57000,57200,56200,55200,55600,70000,1.2e+06,1.2e+06,1.2e+06,1.2e+06,1.596e+06,1.596e+06,,1181467.254,,,,,,,,,,100,100,8,5.94059,100,0
165160,,,,,,,,,,,,,,,,,,,76,,,,,,,,,,
165889,,,,,,,,,,,,,,,,,,44,,,,,,,,,,,
165988,56800,57200,56600,55200,55800,70000,1.2e+06,1.2e+06,1.2e+06,1.2e+06,1.596e+06,1.596e+06,,1181475.476,,,,,,,,,,100,100,0,8.08081,100,0
166752,,,,,,,,,,,,,,,,,,,,,,36,,,,,,,
166988,57000,57200,56200,55200,55800,70000,1.2e+06,1.2e+06,1.2e+06,1.2e+06,1.596e+06,1.596e+06,,1181483.647,,,,,,,,,,100,100,7,8,100,0
167306,,,,,,,,,,,,,,,,,,,77,,,,,,,,,,
167988,57000,57200,56600,55600,55800,70000,1.2e+06,1.2e+06,1.2e+06,1.2e+06,1.596e+06,1.596e+06,,1181491.904,,,,,,,,,,100,100,5,10.7843,100,1
168988,56800,57200,56400,55200,55800,70000,1.2e+06,1.2e+06,1.2e+06,1.2e+06,1.596e+06,1.596e+06,,1181500.067,,,,,,,,,,100,100,6.12245,1,100,0
169447,,,,,,,,,,,,,,,,,,,78,,,,,,,,,,
169651,,,,,,,,,,,,,,,,,,45,,,,,,,,,,,
169987,57000,57200,56600,55200,55800,70000,1.2e+06,1.2e+06,1.2e+06,1.2e+06,1.596e+06,1.596e+06,,1181506.269,,,,,,,,,,100,100,5.05051,8.16327,100,0
170987,56800,57200,56600,55200,55800,70000,1.2e+06,1.2e+06,1.2e+06,1.2e+06,1.596e+06,1.596e+06,,1181514.445,,,,,,,,,,100,100,12,1,100,0
171380,,,,,,,,,,,,,,,,,,,,,,37,,,,,,,
171594,,,,,,,,,,,,,,,,,,,79,,,,,,,,,,
171988,56800,57000,56600,55200,55800,70000,1.2e+06,1.2e+06,1.2e+06,1.2e+06,1.596e+06,1.596e+06,27.592,1181522.682,,,,,,,,,,100,100,6.18557,1.9802,100,0
172988,56600,57000,56200,55200,55800,70000,1.2e+06,1.2e+06,1.2e+06,1.2e+06,1.596e+06,1.596e+06,,1181530.916,,,,,,,,,,100,100,12.1212,0,100,0
173414,,,,,,,,,,,,,,,,,,46,,,,,,,,,,,
173736,,,,,,,,,,,,,,,,,,,80,,,,,,,,,,
173988,57000,57200,56600,55600,55600,70000,1.2e+06,1.2e+06,1.2e+06,1.2e+06,1.596e+06,1.596e+06,,1181539.103,,,,,,,,,,100,100,5.05051,7.14286,100,0
174988,56600,57000,56600,55200,55800,70000,1.2e+06,1.2e+06,1.2e+06,1.2e+06,1.596e+06,1.596e+06,,1181547.323,,,,,,,,,,100,100,8.91089,1.9802,100,0
175880,,,,,,,,,,,,,,,,,,,81,,,,,,,,,,
175988,57000,56800,56200,55200,55800,70000,1.2e+06,1.2e+06,1.2e+06,1.2e+06,1.596e+06,1.596e+06,,1181555.563,,,,,,,,,,100,100,9.09091,4.9505,100,0
176004,,,,,,,,,,,,,,,,,,,,,,38,,,,,,,
176988,57000,57200,56600,55600,55600,70000,1.2e+06,1.2e+06,1.2e+06,1.2e+06,1.596e+06,1.596e+06,,1181563.733,,,,,,,,,,100,100,6,7.07071,100,0
177178,,,,,,,,,,,,,,,,,,47,,,,,,,,,,,
177988,56600,56800,56400,55200,55800,70000,1.2e+06,1.2e+06,1.2e+06,1.2e+06,1.596e+06,1.596e+06,,1181571.989,,,,,,,,,,100,100,8,2,100,0
178023,,,,,,,,,,,,,,,,,,,82,,,,,,,,,,
178988,56600,57200,56200,55200,55600,70000,1.2e+06,1.2e+06,1.2e+06,1.2e+06,1.596e+06,1.596e+06,,1181580.136,,,,,,,,,,100,100,7.21649,6.93069,100,0
179988,56600,56800,56200,55200,55800,70000,1.2e+06,1.2e+06,1.2e+06,1.2e+06,1.596e+06,1.596e+06,,1181588.436,,,,,,,,,,100,100,8.91089,3.0303,100,0
