# Started at: 2022-04-27 18:42:56 +0000, Version: v0.1-161-g45b9662, Generated by: thermobench --verbose --time=300 --wait=50 --wait-timeout=60 --sensors_file=/root/thermobench/src/sensors.tx2 --cpu-usage --column=CPU0_work_done --column=CPU1_work_done --column=CPU2_work_done --column=CPU3_work_done --column=CPU4_work_done --column=CPU5_work_done --output=/root/JSA/coefficients_experiment/measurements/tx2//matrix-4M_A57_one.json.yaml.csv -- demos-sched -p high -c /root/JSA/coefficients_experiment/demos_configurations/tx2//matrix-4M_A57_one.json.yaml
time/ms,Cortex_A57_temp/m°C,Denver2_temp/m°C,GPU_temp/m°C,PLL_temp/m°C,Tboard_temp/m°C,Tdiode_temp/m°C,Thfan_temp/m°C,GPU_load/‰,GPU_freq/Hz,Cortex_A57_0_freq/Hz,Denver2_0_freq/Hz,Denver2_1_freq/Hz,Cortex_A57_1_freq/Hz,Cortex_A57_2_freq/Hz,Cortex_A57_3_freq/Hz,GPU_voltage/µV,CPU_voltage/µV,EMC_freq/Hz,SYS_GPU_current/mA,SYS_GPU_voltage/mV,SYS_GPU_power/mW,SYS_SOC_current/mA,SYS_SOC_voltage/mV,SYS_SOC_power/mW,4V0_WIFI_current/mA,4V0_WIFI_voltage/mV,4V0_WIFI_power/mW,IN_current/mA,IN_voltage/mV,IN_power/mW,SYS_CPU_current/mA,SYS_CPU_voltage/mV,SYS_CPU_power/mW,SYS_DDR_current/mA,SYS_DDR_voltage/mV,SYS_DDR_power/mW,CUR_PWM/%,CPU0_work_done,CPU1_work_done,CPU2_work_done,CPU3_work_done,CPU4_work_done,CPU5_work_done,CPU0_load/%,CPU1_load/%,CPU2_load/%,CPU3_load/%,CPU4_load/%,CPU5_load/%
1.07214,51500,51500,50500,51500,49000,50250,51100,0,1.122e+09,1.42e+06,1.42e+06,1.421e+06,1.421e+06,1.42e+06,1.42e+06,793359,728906,1.6e+09,8,19200,153,36,19192,690,12,4816,57,146,19208,2804,16,19208,307,152,4816,732,80,,,,,,,0,0,0,0,50,0
233.909,,,,,,,,,,,,,,,,,,,,,,,,,,,,,,,,,,,,,,0,,,,,,,,,,,
1001.73,52000,52000,50500,52000,49000,50250,51100,0,1.122e+09,1.996e+06,2.034e+06,2.035e+06,1.996e+06,1.996e+06,1.997e+06,793359,898632,1.6e+09,8,19192,153,36,19184,690,12,4816,57,202,19200,3878,64,19192,1228,160,4816,770,80,,,,,,,100,0,0,0,0,0.990099
2001.77,52000,52000,50500,52000,49000,50500,51400,0,1.122e+09,2.043e+06,2.035e+06,2.034e+06,2.047e+06,2.05e+06,2.044e+06,793359,909375,1.6e+09,12,19184,230,36,19184,690,12,4816,57,210,19200,4032,72,19192,1381,160,4816,770,80,,,,,,,100,0,0.990099,0,0,2
2528.2,,,,,,,,,,,,,,,,,,,,,,,,,,,,,,,,,,,,,,1,,,,,,,,,,,
3000.72,52000,52000,51000,52000,49000,50500,51600,0,1.122e+09,2.035e+06,2.035e+06,2.036e+06,2.035e+06,2.034e+06,2.034e+06,793359,917968,1.6e+09,8,19192,230,36,19184,690,12,4816,57,208,19200,3993,72,19192,1381,160,4816,770,80,,,,,,,100,0,0,0,0,0
4001.68,52000,52000,50500,52000,49000,50500,51600,0,1.122e+09,2.036e+06,2.035e+06,2.034e+06,2.035e+06,2.041e+06,2.045e+06,793359,909375,1.6e+09,12,19184,230,36,19184,690,12,4816,57,208,19200,3993,72,19192,1381,160,4816,770,80,,,,,,,100,0,0,0,0,2
4815.46,,,,,,,,,,,,,,,,,,,,,,,,,,,,,,,,,,,,,,2,,,,,,,,,,,
5000.69,52000,52000,51000,52000,48000,50500,51400,0,1.122e+09,2.034e+06,2.035e+06,2.035e+06,2.036e+06,2.035e+06,2.034e+06,793359,898632,1.6e+09,12,19192,230,36,19184,690,12,4816,57,208,19200,3993,72,19192,1381,160,4816,770,80,,,,,,,100,0,1,1.9802,1,0
6001.66,52000,52000,51000,52000,48000,50500,51600,0,1.122e+09,2.036e+06,2.035e+06,2.036e+06,2.034e+06,2.034e+06,2.036e+06,793359,917968,1.6e+09,8,19192,153,36,19184,690,12,4816,57,206,19200,3955,72,19192,1381,160,4816,770,80,,,,,,,100,0,0,0,1,1
7001.65,52000,52000,51000,52000,48000,50500,51400,0,1.122e+09,2.035e+06,2.035e+06,2.034e+06,2.034e+06,2.035e+06,2.036e+06,793359,917968,1.6e+09,12,19192,230,36,19184,690,12,4816,57,208,19200,3993,72,19192,1381,160,4816,770,80,,,,,,,100,0,0,0,0,1
7082.59,,,,,,,,,,,,,,,,,,,,,,,,,,,,,,,,,,,,,,3,,,,,,,,,,,
8001.57,52500,52500,51000,52500,48000,50500,51900,0,1.122e+09,1.995e+06,2.036e+06,2.034e+06,1.997e+06,1.998e+06,1.996e+06,793359,898632,1.6e+09,12,19192,230,36,19184,690,12,4816,57,208,19200,3993,72,19192,1381,160,4816,770,80,,,,,,,100,0,0,0,1.9802,1
9001.56,52000,52000,51000,52000,48000,50500,51900,0,1.122e+09,2.041e+06,2.035e+06,2.035e+06,2.044e+06,2.048e+06,2.045e+06,793359,898632,1.6e+09,8,19192,153,36,19184,690,12,4816,57,206,19200,3955,72,19192,1381,160,4816,770,80,,,,,,,100,0,0,0,0,0
9359.12,,,,,,,,,,,,,,,,,,,,,,,,,,,,,,,,,,,,,,4,,,,,,,,,,,
10000.8,52000,52000,51000,52000,48000,50500,51600,0,1.122e+09,1.997e+06,2.035e+06,2.035e+06,1.995e+06,1.997e+06,1.996e+06,793359,898632,1.6e+09,12,19192,230,36,19184,690,12,4816,57,208,19200,3993,72,19192,1381,160,4816,770,80,,,,,,,100,0,0,0,0,1
11001.8,52000,52000,50500,52000,48000,50500,51600,0,1.122e+09,2.04e+06,2.036e+06,2.035e+06,2.035e+06,2.046e+06,2.041e+06,793359,909375,1.6e+09,8,19192,230,36,19184,690,12,4816,57,208,19200,3993,72,19192,1381,160,4816,770,80,,,,,,,100,0,1.9802,0.990099,1,0
11633.5,,,,,,,,,,,,,,,,,,,,,,,,,,,,,,,,,,,,,,5,,,,,,,,,,,
12000.9,52000,52000,51000,52000,48000,50500,51400,0,1.122e+09,2.033e+06,2.035e+06,2.036e+06,2.035e+06,2.035e+06,2.035e+06,793359,917968,1.6e+09,12,19192,230,36,19184,690,12,4816,57,208,19200,3993,72,19192,1381,160,4816,770,80,,,,,,,100,0,0,0,0,1
13001.8,52000,52000,51000,52000,48000,50500,51400,0,1.122e+09,2.034e+06,2.034e+06,2.035e+06,2.034e+06,2.035e+06,2.035e+06,793359,917968,1.6e+09,12,19192,230,36,19184,690,12,4816,57,208,19200,3993,72,19192,1381,160,4816,770,80,,,,,,,100,0,0,0,0,0
13915.1,,,,,,,,,,,,,,,,,,,,,,,,,,,,,,,,,,,,,,6,,,,,,,,,,,
14000.2,52000,52000,51000,52000,48000,50500,51600,0,1.122e+09,2.036e+06,2.035e+06,2.036e+06,2.036e+06,2.042e+06,2.045e+06,793359,909375,1.6e+09,12,19184,230,36,19184,690,8,4816,57,208,19200,3993,72,19192,1381,160,4816,770,80,,,,,,,100,0,0,0.990099,0,1.0101
15001.3,52000,52000,51000,52000,48000,50500,51600,0,1.122e+09,1.986e+06,2.036e+06,2.036e+06,1.986e+06,1.991e+06,1.992e+06,793359,887890,1.6e+09,12,19192,230,36,19184,690,12,4816,57,208,19200,3993,72,19192,1381,160,4816,770,80,,,,,,,100,0,0,0.990099,0,0.990099
16001.2,52000,52000,51000,52000,48000,50500,51600,0,1.122e+09,1.996e+06,2.034e+06,2.035e+06,1.996e+06,1.997e+06,1.995e+06,793359,898632,1.6e+09,12,19192,230,36,19184,690,12,4816,57,208,19200,3993,72,19192,1381,160,4816,770,80,,,,,,,100,0,0,0,0.990099,0
16194.6,,,,,,,,,,,,,,,,,,,,,,,,,,,,,,,,,,,,,,7,,,,,,,,,,,
17001.5,52000,52000,51000,52000,48000,50500,51600,0,1.122e+09,2.038e+06,2.035e+06,2.035e+06,2.035e+06,2.038e+06,2.042e+06,793359,898632,1.6e+09,12,19184,230,36,19184,690,12,4816,57,208,19200,3993,72,19192,1381,160,4816,770,80,,,,,,,100,1.9802,0,1,1,0.990099
18001.5,52000,52000,50500,52000,48000,50250,51400,0,1.122e+09,2.039e+06,2.034e+06,2.035e+06,2.039e+06,2.05e+06,2.05e+06,793359,909375,1.6e+09,8,19184,153,36,19184,690,8,4816,38,208,19200,3993,72,19192,1381,160,4816,770,80,,,,,,,100,0,0,0,0,1
18489.2,,,,,,,,,,,,,,,,,,,,,,,,,,,,,,,,,,,,,,8,,,,,,,,,,,
19000.8,52000,52000,50500,52000,48000,50500,51400,0,1.122e+09,1.997e+06,2.035e+06,2.035e+06,1.996e+06,1.996e+06,1.996e+06,793359,898632,1.6e+09,12,19192,230,36,19184,690,12,4816,57,208,19200,3993,72,19192,1381,160,4816,770,80,,,,,,,100,0,0,0,0,0
20001.8,52000,52000,50500,52000,48000,50500,51400,0,1.122e+09,1.996e+06,2.036e+06,2.034e+06,1.996e+06,1.998e+06,1.998e+06,793359,898632,1.6e+09,12,19192,230,36,19184,690,12,4816,57,210,19200,4032,72,19192,1381,160,4816,770,80,,,,,,,100,0,0.990099,0,0,2
20784.5,,,,,,,,,,,,,,,,,,,,,,,,,,,,,,,,,,,,,,9,,,,,,,,,,,
21000.8,52000,52000,50500,52000,48000,50500,51400,0,1.122e+09,2.035e+06,2.035e+06,2.034e+06,2.034e+06,2.035e+06,2.035e+06,793359,917968,1.6e+09,12,19192,230,36,19184,690,8,4816,38,208,19200,3993,72,19192,1381,160,4816,770,80,,,,,,,100,0,0,0,0,0
22001.8,52000,52000,50500,52000,48000,50250,51400,0,1.122e+09,2.034e+06,2.034e+06,2.034e+06,2.036e+06,2.035e+06,2.036e+06,793359,917968,1.6e+09,12,19192,230,36,19184,690,8,4816,38,208,19200,3993,72,19192,1381,160,4816,770,80,,,,,,,100,0,0,0,0,1
23001.8,52000,52000,50500,52000,48000,50250,51400,0,1.122e+09,1.997e+06,2.035e+06,2.035e+06,1.997e+06,1.997e+06,1.998e+06,793359,898632,1.6e+09,8,19192,153,36,19184,690,12,4816,57,208,19200,3993,72,19192,1381,160,4816,770,80,,,,,,,100,0,1,1,1.0101,0
23072.7,,,,,,,,,,,,,,,,,,,,,,,,,,,,,,,,,,,,,,10,,,,,,,,,,,
24001.7,52000,52000,50500,52000,48000,50500,51400,0,1.122e+09,1.998e+06,2.036e+06,2.035e+06,1.997e+06,1.996e+06,1.998e+06,793359,898632,1.6e+09,8,19192,153,36,19184,690,12,4816,57,206,19200,3955,72,19192,1381,160,4816,770,80,,,,,,,100,0,0,0.990099,0,0
25001.7,52000,52000,50500,52000,48000,50250,51400,0,1.122e+09,2.041e+06,2.036e+06,2.034e+06,2.034e+06,2.041e+06,2.042e+06,793359,909375,1.6e+09,8,19192,153,36,19184,690,8,4816,38,208,19200,3993,72,19192,1381,160,4816,770,80,,,,,,,100,0,0,0,0,0
25355.5,,,,,,,,,,,,,,,,,,,,,,,,,,,,,,,,,,,,,,11,,,,,,,,,,,
26001.2,52000,52000,50500,52000,48000,50250,51400,0,1.122e+09,1.995e+06,2.035e+06,2.034e+06,1.997e+06,1.998e+06,1.998e+06,793359,898632,1.6e+09,12,19192,230,36,19184,690,12,4816,57,206,19200,3955,72,19192,1381,160,4816,770,80,,,,,,,100,0,0.990099,2,1.0101,0
27001.2,52000,52000,50500,52000,48000,50250,51400,0,1.122e+09,1.995e+06,2.035e+06,2.036e+06,1.995e+06,1.998e+06,1.998e+06,793359,898632,1.6e+09,12,19192,230,36,19184,690,8,4816,38,206,19200,3955,68,19192,1381,160,4816,770,80,,,,,,,100,0,0,0,0.990099,0
27632.1,,,,,,,,,,,,,,,,,,,,,,,,,,,,,,,,,,,,,,12,,,,,,,,,,,
28000.5,52000,52000,50500,52000,48000,50250,51400,0,1.122e+09,2.036e+06,2.035e+06,2.035e+06,2.044e+06,2.042e+06,2.051e+06,793359,909375,1.6e+09,12,19192,230,36,19184,690,12,4816,57,208,19200,3993,72,19192,1381,160,4816,770,80,,,,,,,100,0,0,0,0,0
29001.5,52000,52000,50500,52000,48000,50250,51400,0,1.122e+09,1.996e+06,2.034e+06,2.035e+06,1.995e+06,1.998e+06,1.999e+06,793359,898632,1.6e+09,12,19192,230,36,19184,690,12,4816,57,208,19200,3993,72,19192,1381,160,4816,770,80,,,,,,,100,0,0.990099,1,1,0
29929,,,,,,,,,,,,,,,,,,,,,,,,,,,,,,,,,,,,,,13,,,,,,,,,,,
30000.1,52000,52000,50500,52000,48000,50250,51400,0,1.122e+09,1.995e+06,2.035e+06,2.035e+06,1.997e+06,1.995e+06,1.997e+06,793359,898632,1.6e+09,8,19192,153,36,19184,690,12,4816,57,208,19200,3993,72,19192,1381,160,4816,770,80,,,,,,,100,0,0,0,0,0
31001.1,52000,52000,50500,52000,48000,50250,51400,0,1.122e+09,1.996e+06,2.034e+06,2.036e+06,1.995e+06,1.998e+06,1.997e+06,793359,909375,1.6e+09,12,19184,230,36,19184,690,12,4816,57,208,19200,3993,72,19192,1381,160,4816,770,80,,,,,,,100,0,0,1,0,0
32001.2,52000,52000,50500,52000,48000,50250,51400,0,1.122e+09,2.035e+06,2.035e+06,2.035e+06,2.035e+06,2.035e+06,2.035e+06,793359,917968,1.6e+09,12,19184,230,36,19184,690,12,4816,57,210,19200,4032,72,19192,1381,160,4816,770,80,,,,,,,100,0,0,1.9802,1,1.9802
32241.7,,,,,,,,,,,,,,,,,,,,,,,,,,,,,,,,,,,,,,14,,,,,,,,,,,
33001.5,52000,52000,50500,52000,48000,50250,51400,0,1.122e+09,2.035e+06,2.035e+06,2.034e+06,2.035e+06,2.035e+06,2.035e+06,793359,917968,1.6e+09,12,19184,230,36,19184,690,8,4816,38,208,19200,3993,72,19192,1381,160,4816,770,80,,,,,,,100,0,0,0,0,0
34001.5,52000,52000,50500,52000,48000,50250,51400,0,1.122e+09,1.996e+06,2.037e+06,2.036e+06,1.997e+06,1.996e+06,1.996e+06,793359,898632,1.6e+09,12,19184,230,36,19184,690,12,4816,57,210,19200,4032,72,19192,1381,160,4816,770,80,,,,,,,100,0,0,1,0,0
34558,,,,,,,,,,,,,,,,,,,,,,,,,,,,,,,,,,,,,,15,,,,,,,,,,,
35000.5,52000,52000,50500,52000,48000,50250,51400,0,1.122e+09,1.996e+06,2.035e+06,2.035e+06,1.998e+06,1.997e+06,1.997e+06,793359,898632,1.6e+09,12,19192,230,36,19184,690,12,4816,57,208,19200,3993,72,19192,1381,160,4816,770,80,,,,,,,100,0,0,1,0,0
36001.5,51500,51500,50500,51500,48000,50250,51400,0,1.122e+09,2.044e+06,2.036e+06,2.034e+06,2.035e+06,2.034e+06,2.035e+06,793359,917968,1.6e+09,8,19192,153,36,19184,690,12,4816,57,206,19200,3955,72,19192,1381,160,4816,770,80,,,,,,,100,0,0,1,0,0.990099
36832.7,,,,,,,,,,,,,,,,,,,,,,,,,,,,,,,,,,,,,,16,,,,,,,,,,,
37001,52000,52000,50500,52000,48000,50250,51400,0,1.122e+09,2.037e+06,2.035e+06,2.034e+06,2.034e+06,2.034e+06,2.035e+06,793359,917968,1.6e+09,8,19192,153,36,19184,690,12,4816,57,206,19200,3955,72,19192,1381,160,4816,770,80,,,,,,,100,0,0,1,0,0
38001.9,52000,52000,50500,52000,48000,50000,51400,0,1.122e+09,2.043e+06,2.036e+06,2.036e+06,2.034e+06,2.035e+06,2.035e+06,793359,917968,1.6e+09,12,19192,230,36,19184,690,8,4816,38,208,19200,3993,72,19192,1381,160,4816,770,80,,,,,,,100,0,1,1,1,0.990099
39001,52000,52000,50500,52000,48000,50250,51400,0,1.122e+09,1.996e+06,2.035e+06,2.034e+06,1.997e+06,1.999e+06,1.998e+06,793359,898632,1.6e+09,12,19192,230,36,19184,690,12,4816,57,206,19200,3955,72,19192,1381,160,4816,770,80,,,,,,,100,0,0,1,0,0
39119.8,,,,,,,,,,,,,,,,,,,,,,,,,,,,,,,,,,,,,,17,,,,,,,,,,,
40001.7,52000,52000,50500,52000,48000,50250,51400,0,1.122e+09,2.037e+06,2.035e+06,2.035e+06,2.041e+06,2.051e+06,2.056e+06,793359,909375,1.6e+09,12,19184,230,36,19184,690,12,4816,57,210,19200,4032,72,19192,1381,160,4816,770,80,,,,,,,100,0,0,0,0,0
41001.8,52000,52000,50500,52000,48000,50250,51400,0,1.122e+09,2.035e+06,2.034e+06,2.035e+06,2.035e+06,2.034e+06,2.036e+06,793359,909375,1.6e+09,12,19184,230,36,19184,690,12,4816,57,210,19200,4032,72,19192,1381,160,4816,770,80,,,,,,,100,0,0.990099,0,0,1
41440.8,,,,,,,,,,,,,,,,,,,,,,,,,,,,,,,,,,,,,,18,,,,,,,,,,,
42001.4,52000,52000,50500,52000,48000,50000,51400,0,1.122e+09,1.996e+06,2.033e+06,2.036e+06,1.996e+06,1.996e+06,1.997e+06,793359,898632,1.6e+09,8,19192,153,36,19184,690,8,4816,38,208,19200,3993,72,19192,1381,160,4816,770,80,,,,,,,100,0,0,1.9802,0,0
43001.5,52000,52000,50500,52000,48000,50250,51400,0,1.122e+09,2.035e+06,2.035e+06,2.036e+06,2.034e+06,2.035e+06,2.034e+06,793359,917968,1.6e+09,12,19192,230,36,19184,690,12,4816,57,208,19200,3993,72,19192,1381,160,4816,770,80,,,,,,,100,0,0,1,1,0
43727.4,,,,,,,,,,,,,,,,,,,,,,,,,,,,,,,,,,,,,,19,,,,,,,,,,,
44000.7,52000,52000,50500,52000,48000,50250,51400,22,1.122e+09,1.989e+06,2.035e+06,2.038e+06,1.985e+06,1.989e+06,1.99e+06,793359,887890,1.6e+09,12,19184,230,36,19184,690,12,4816,57,208,19200,3993,72,19192,1381,160,4816,770,80,,,,,,,100,0,0,2,0,0
45001.8,52000,52000,50500,52000,48000,50000,50900,0,1.122e+09,2.036e+06,2.036e+06,2.035e+06,2.034e+06,2.034e+06,2.035e+06,793359,917968,1.6e+09,12,19192,230,36,19184,690,8,4816,38,206,19200,3955,72,19192,1381,160,4816,770,80,,,,,,,100,0,0,0.990099,0,0
45996.9,,,,,,,,,,,,,,,,,,,,,,,,,,,,,,,,,,,,,,20,,,,,,,,,,,
46001,51500,51500,50500,51500,48000,50000,51400,22,1.122e+09,2.04e+06,2.035e+06,2.036e+06,2.041e+06,2.044e+06,2.052e+06,793359,909375,1.6e+09,12,19192,230,36,19184,690,12,4816,57,208,19200,3993,72,19192,1381,160,4816,770,80,,,,,,,100,0,0,0,0,0
47001,52000,52000,50500,52000,48000,50250,51100,0,1.122e+09,2.037e+06,2.035e+06,2.035e+06,2.036e+06,2.035e+06,2.034e+06,793359,917968,1.6e+09,8,19192,153,36,19184,690,12,4816,57,206,19200,3955,72,19192,1381,160,4816,770,80,,,,,,,100,0,0.990099,1.0101,1.9802,0.990099
48001,51500,51500,50500,51500,48000,50000,51100,0,1.122e+09,2.034e+06,2.034e+06,2.034e+06,2.035e+06,2.045e+06,2.042e+06,793359,909375,1.6e+09,12,19192,230,36,19184,690,12,4816,57,206,19200,3955,68,19192,1305,160,4816,770,80,,,,,,,100,0.990099,0,1,0,0
48269.5,,,,,,,,,,,,,,,,,,,,,,,,,,,,,,,,,,,,,,21,,,,,,,,,,,
49001.2,51500,51500,50500,51500,48000,50000,50900,0,1.122e+09,1.996e+06,2.035e+06,2.034e+06,1.997e+06,1.996e+06,1.996e+06,793359,898632,1.6e+09,12,19192,230,36,19184,690,12,4816,57,208,19200,3993,72,19192,1381,160,4816,770,80,,,,,,,100,0,0,1,1,0
50001.3,51500,51500,50000,51500,48000,50000,51400,43,1.122e+09,2.036e+06,2.035e+06,2.035e+06,2.034e+06,2.035e+06,2.035e+06,793359,917968,1.6e+09,12,19184,230,36,19184,690,12,4816,57,208,19200,3993,72,19192,1381,160,4816,770,80,,,,,,,100,0,1,2,0,0
50547,,,,,,,,,,,,,,,,,,,,,,,,,,,,,,,,,,,,,,22,,,,,,,,,,,
51000.5,51500,51500,50000,51500,48000,50250,51400,0,1.122e+09,1.997e+06,2.034e+06,2.036e+06,1.997e+06,1.999e+06,1.998e+06,793359,898632,1.6e+09,12,19192,230,36,19184,690,12,4816,57,208,19200,3993,72,19192,1381,160,4816,770,80,,,,,,,100,0,0,0,0,0
52001.6,51500,51500,50500,51500,48000,50000,50900,43,1.122e+09,2.043e+06,2.036e+06,2.034e+06,2.043e+06,2.054e+06,2.047e+06,793359,909375,1.6e+09,12,19192,230,36,19184,690,12,4816,57,208,19200,3993,72,19192,1381,160,4816,770,80,,,,,,,100,0,0,0,0,0
52827.4,,,,,,,,,,,,,,,,,,,,,,,,,,,,,,,,,,,,,,23,,,,,,,,,,,
53000.6,52000,52000,50500,52000,48000,50000,51400,0,1.122e+09,2.034e+06,2.036e+06,2.035e+06,2.035e+06,2.034e+06,2.034e+06,793359,917968,1.6e+09,12,19192,230,36,19184,690,12,4816,57,208,19200,3993,72,19192,1381,160,4816,770,80,,,,,,,100,0.990099,0,2,0.990099,0
54001.6,52000,52000,50500,52000,48000,50000,51400,0,1.122e+09,2.036e+06,2.036e+06,2.034e+06,2.034e+06,2.035e+06,2.034e+06,793359,917968,1.6e+09,8,19192,153,36,19184,690,8,4816,57,208,19200,3993,72,19192,1381,160,4816,770,80,,,,,,,100,0,0,0,0,0
55001.7,51500,51500,50000,51500,48000,50000,51100,0,1.122e+09,2.041e+06,2.035e+06,2.035e+06,2.044e+06,2.049e+06,2.046e+06,793359,909375,1.6e+09,12,19192,230,36,19184,690,12,4816,57,208,19200,3993,72,19192,1381,160,4816,770,80,,,,,,,100,0,0,0,0,0
55100.5,,,,,,,,,,,,,,,,,,,,,,,,,,,,,,,,,,,,,,24,,,,,,,,,,,
56001.4,52000,52000,50500,52000,48000,50000,51100,0,1.122e+09,2.047e+06,2.036e+06,2.035e+06,2.039e+06,2.052e+06,2.045e+06,793359,909375,1.6e+09,12,19184,230,36,19184,690,12,4816,57,210,19200,4032,72,19192,1381,160,4816,770,80,,,,,,,100,0,1,0,1.0101,1
57001.4,51500,51500,50000,51500,48000,50000,51100,0,1.122e+09,2.038e+06,2.035e+06,2.034e+06,2.038e+06,2.044e+06,2.044e+06,793359,909375,1.6e+09,12,19192,230,36,19184,690,12,4816,57,208,19200,3993,72,19192,1381,160,4816,770,80,,,,,,,100,0,0,0,0,0
57383.4,,,,,,,,,,,,,,,,,,,,,,,,,,,,,,,,,,,,,,25,,,,,,,,,,,
58001.1,51500,51500,50000,51500,48000,50250,51100,0,1.122e+09,2.043e+06,2.034e+06,2.034e+06,2.033e+06,2.047e+06,2.041e+06,793359,909375,1.6e+09,12,19184,230,36,19184,690,12,4816,57,208,19200,3993,72,19192,1381,160,4816,770,80,,,,,,,100,0,0,1,1,0
59001.1,51500,51500,50500,51500,48000,50000,50900,0,1.122e+09,2.038e+06,2.034e+06,2.034e+06,2.034e+06,2.042e+06,2.045e+06,793359,909375,1.6e+09,12,19184,230,36,19184,690,12,4816,57,208,19200,3993,72,19192,1381,160,4816,770,80,,,,,,,100,0,0.990099,0.990099,0,0
59662.2,,,,,,,,,,,,,,,,,,,,,,,,,,,,,,,,,,,,,,26,,,,,,,,,,,
60000.5,51500,51500,50500,51500,48000,50000,50900,0,1.122e+09,2.035e+06,2.035e+06,2.035e+06,2.035e+06,2.034e+06,2.034e+06,793359,909375,1.6e+09,12,19192,153,36,19184,690,12,4816,57,208,19200,3993,72,19192,1381,160,4816,770,80,,,,,,,100,0,0,0,0.990099,0
61001,51500,51500,50000,51500,48000,49750,50900,0,1.122e+09,2.034e+06,2.035e+06,2.035e+06,2.035e+06,2.034e+06,2.035e+06,793359,917968,1.6e+09,12,19192,230,36,19184,690,12,4816,57,208,19200,3993,72,19192,1381,160,4816,770,80,,,,,,,100,0,0,0,0,0
61942.5,,,,,,,,,,,,,,,,,,,,,,,,,,,,,,,,,,,,,,27,,,,,,,,,,,
62000.6,51500,51500,50000,51500,48000,49750,50900,0,1.122e+09,1.996e+06,2.036e+06,2.035e+06,1.996e+06,1.998e+06,1.996e+06,793359,898632,1.6e+09,8,19192,153,36,19184,690,8,4816,38,208,19200,3993,72,19192,1381,160,4816,770,80,,,,,,,100,0,0,0,1,0
63001,51500,51500,50000,51500,48000,49750,50900,0,1.122e+09,2.034e+06,2.035e+06,2.036e+06,2.036e+06,2.035e+06,2.034e+06,793359,909375,1.6e+09,12,19192,230,36,19184,690,12,4816,57,206,19200,3955,72,19192,1381,160,4816,770,80,,,,,,,100,0,0,0,0,0
64001,51500,51500,50000,51500,48000,50000,50900,0,1.122e+09,1.996e+06,2.034e+06,2.035e+06,1.997e+06,1.997e+06,1.996e+06,793359,898632,1.6e+09,12,19192,230,36,19184,690,12,4816,57,206,19200,3993,72,19192,1381,160,4816,770,80,,,,,,,100,0,0,0,1,1.0101
64219.9,,,,,,,,,,,,,,,,,,,,,,,,,,,,,,,,,,,,,,28,,,,,,,,,,,
65000.8,51500,51500,50000,51500,48000,50000,50900,0,1.122e+09,2.034e+06,2.035e+06,2.035e+06,2.035e+06,2.05e+06,2.042e+06,793359,909375,1.6e+09,12,19192,230,36,19184,690,12,4816,57,206,19200,3955,72,19192,1381,160,4816,770,80,,,,,,,100,1,0.990099,0.990099,0,1
66001.8,51500,51500,50000,51500,48000,50000,50700,0,1.122e+09,2.043e+06,2.035e+06,2.035e+06,2.038e+06,2.051e+06,2.044e+06,793359,909375,1.6e+09,12,19192,230,36,19184,690,12,4816,57,206,19200,3955,72,19192,1381,160,4816,770,80,,,,,,,100,0,0,0,0,0
66501.6,,,,,,,,,,,,,,,,,,,,,,,,,,,,,,,,,,,,,,29,,,,,,,,,,,
67001.2,51500,51500,50000,51500,48000,49750,50900,0,1.122e+09,2.037e+06,2.036e+06,2.035e+06,2.037e+06,2.048e+06,2.049e+06,793359,909375,1.6e+09,12,19184,230,36,19184,690,12,4816,57,208,19200,3993,72,19192,1381,160,4816,770,80,,,,,,,100,0,0,0,0,1
68001.2,51500,51500,50000,51500,48000,49750,50900,0,1.122e+09,2.038e+06,2.034e+06,2.035e+06,2.037e+06,2.047e+06,2.045e+06,793359,909375,1.6e+09,8,19184,153,36,19184,690,12,4816,57,208,19200,3993,72,19192,1381,160,4816,770,80,,,,,,,100,0,1.96078,0,1.9802,0.990099
68787.4,,,,,,,,,,,,,,,,,,,,,,,,,,,,,,,,,,,,,,30,,,,,,,,,,,
69000.7,51500,51500,50000,51500,48000,50000,50900,0,1.122e+09,2.035e+06,2.035e+06,2.034e+06,2.035e+06,2.035e+06,2.034e+06,793359,917968,1.6e+09,12,19184,230,36,19184,690,12,4816,57,208,19200,3993,72,19192,1381,160,4816,770,80,,,,,,,100,0,0,0,0,0
70001.8,51500,51500,50000,51500,48000,49750,50900,0,1.122e+09,2.035e+06,2.034e+06,2.034e+06,2.035e+06,2.035e+06,2.035e+06,793359,917968,1.6e+09,8,19184,153,36,19184,690,12,4816,57,208,19200,3993,72,19192,1381,160,4816,770,80,,,,,,,100,0,0,0,0,1
71001.8,51500,51500,50000,51500,48000,49750,50900,0,1.122e+09,2.036e+06,2.035e+06,2.035e+06,2.034e+06,2.035e+06,2.034e+06,793359,917968,1.6e+09,12,19184,230,36,19184,690,12,4816,57,210,19200,4032,72,19192,1381,160,4816,770,80,,,,,,,100,0.990099,0,0,0,0
71115.2,,,,,,,,,,,,,,,,,,,,,,,,,,,,,,,,,,,,,,31,,,,,,,,,,,
72001.1,51500,51500,50000,51500,48000,49750,50900,0,1.122e+09,2.034e+06,2.035e+06,2.035e+06,2.035e+06,2.035e+06,2.035e+06,793359,917968,1.6e+09,8,19192,153,36,19184,690,12,4816,57,208,19200,3993,72,19192,1381,160,4816,770,80,,,,,,,100,0,0,0,0,1
73001.2,51500,51500,50000,51500,48000,49750,50900,0,1.122e+09,1.995e+06,2.035e+06,2.036e+06,1.997e+06,1.997e+06,1.996e+06,793359,898632,1.6e+09,12,19184,230,36,19184,690,12,4816,57,208,19200,3993,72,19192,1381,160,4816,770,80,,,,,,,100,0,0,0.990099,0.990099,1
73432.5,,,,,,,,,,,,,,,,,,,,,,,,,,,,,,,,,,,,,,32,,,,,,,,,,,
74001.1,51500,51500,50000,51500,48000,49750,50900,0,1.122e+09,2.036e+06,2.034e+06,2.035e+06,2.035e+06,2.036e+06,2.035e+06,793359,917968,1.6e+09,8,19184,153,36,19184,690,12,4816,57,210,19200,4032,72,19192,1381,160,4816,770,80,,,,,,,100,0,1,0.990099,1,1
75001.2,51500,51500,50000,51500,48000,49750,50900,0,1.122e+09,1.995e+06,2.034e+06,2.036e+06,1.996e+06,1.997e+06,1.996e+06,793359,898632,1.6e+09,8,19184,153,36,19184,690,8,4816,57,208,19200,3993,72,19192,1381,160,4816,770,80,,,,,,,100,0,0,0,0,0.990099
75742.5,,,,,,,,,,,,,,,,,,,,,,,,,,,,,,,,,,,,,,33,,,,,,,,,,,
76000.9,51500,51500,50000,51500,48000,49750,50900,0,1.122e+09,2.041e+06,2.036e+06,2.035e+06,2.044e+06,2.043e+06,2.04e+06,793359,909375,1.6e+09,8,19192,153,36,19184,690,8,4816,38,208,19200,3993,72,19192,1381,160,4816,770,80,,,,,,,100,0,0,0,0,0
77002,51500,51500,50000,51500,48000,49750,50900,0,1.122e+09,1.983e+06,2.037e+06,2.037e+06,1.985e+06,1.99e+06,1.992e+06,793359,887890,1.6e+09,8,19192,153,36,19184,690,12,4816,57,208,19200,3993,72,19192,1381,160,4816,770,80,,,,,,,100,1,0,0,1,1.9802
78001.1,51500,51500,50000,51500,48000,49750,50900,0,1.122e+09,2.037e+06,2.035e+06,2.035e+06,2.035e+06,2.05e+06,2.043e+06,793359,909375,1.6e+09,12,19192,153,36,19184,690,12,4816,57,206,19200,3955,72,19192,1381,160,4816,770,80,,,,,,,100,0,0,0,0.990099,1
78018.6,,,,,,,,,,,,,,,,,,,,,,,,,,,,,,,,,,,,,,34,,,,,,,,,,,
79001.6,51500,51500,50000,51500,48000,49750,50900,0,1.122e+09,1.996e+06,2.035e+06,2.034e+06,1.997e+06,1.998e+06,1.998e+06,793359,898632,1.6e+09,12,19184,230,36,19184,690,8,4816,38,208,19200,3993,72,19192,1381,160,4816,770,80,,,,,,,100,0,0,0,0,0
80001.7,51500,51500,50000,51500,48000,49750,50900,0,1.122e+09,1.995e+06,2.035e+06,2.035e+06,1.996e+06,1.996e+06,1.996e+06,793359,898632,1.6e+09,8,19192,153,36,19184,690,12,4816,57,208,19200,3993,72,19192,1381,160,4816,770,80,,,,,,,100,0.990099,0.990099,0.990099,1,1
80303.8,,,,,,,,,,,,,,,,,,,,,,,,,,,,,,,,,,,,,,35,,,,,,,,,,,
81001.5,51500,51500,50000,51500,48000,49750,50900,0,1.122e+09,1.996e+06,2.035e+06,2.034e+06,1.997e+06,1.999e+06,1.996e+06,793359,898632,1.6e+09,12,19192,230,36,19184,690,12,4816,57,206,19200,3955,72,19192,1381,160,4816,770,80,,,,,,,100,0,0,0,0,0
82001.6,51500,51500,50000,51500,48000,49750,50700,0,1.122e+09,1.995e+06,2.036e+06,2.035e+06,1.995e+06,1.999e+06,1.998e+06,793359,898632,1.6e+09,12,19192,230,36,19184,690,12,4816,57,206,19200,3955,72,19192,1381,160,4816,770,80,,,,,,,100,0,0,0,0,0
82592.5,,,,,,,,,,,,,,,,,,,,,,,,,,,,,,,,,,,,,,36,,,,,,,,,,,
83001,51500,51500,50000,51500,48000,49750,50900,0,1.122e+09,2.033e+06,2.034e+06,2.036e+06,2.033e+06,2.044e+06,2.045e+06,793359,909375,1.6e+09,8,19192,153,36,19184,690,12,4816,57,208,19200,3993,72,19192,1381,160,4816,770,80,,,,,,,100,0,0,1,1,1.0101
84001,51500,51500,50000,51500,48000,49750,50900,0,1.122e+09,2.037e+06,2.036e+06,2.034e+06,2.037e+06,2.047e+06,2.045e+06,793359,909375,1.6e+09,8,19192,230,36,19184,690,12,4816,57,206,19200,3955,72,19192,1381,160,4816,770,80,,,,,,,100,0,0,0,0,0.990099
84862,,,,,,,,,,,,,,,,,,,,,,,,,,,,,,,,,,,,,,37,,,,,,,,,,,
85000.2,51500,51500,50000,51500,48000,49750,50900,0,1.122e+09,2.032e+06,2.035e+06,2.035e+06,2.037e+06,2.046e+06,2.042e+06,793359,909375,1.6e+09,12,19192,230,36,19184,690,12,4816,57,208,19200,3993,72,19192,1381,160,4816,770,80,,,,,,,100,0,0,0,0,1
86001.2,51500,51500,50000,51500,48000,49500,50900,0,1.122e+09,1.996e+06,2.035e+06,2.034e+06,1.996e+06,1.998e+06,1.997e+06,793359,898632,1.6e+09,12,19184,230,36,19184,690,12,4816,57,208,19200,3993,72,19192,1381,160,4816,770,80,,,,,,,100,0.990099,0.990099,0,0,0
87001.3,51500,51500,50000,51500,48000,49750,50900,0,1.122e+09,2.035e+06,2.035e+06,2.035e+06,2.034e+06,2.035e+06,2.035e+06,793359,917968,1.6e+09,12,19184,230,36,19184,690,12,4816,57,208,19200,3993,72,19192,1381,160,4816,770,80,,,,,,,100,0,0,0,0,0
87151.9,,,,,,,,,,,,,,,,,,,,,,,,,,,,,,,,,,,,,,38,,,,,,,,,,,
88000.8,51500,51500,50000,51500,48000,49750,50900,0,1.122e+09,2.041e+06,2.035e+06,2.034e+06,2.034e+06,2.043e+06,2.047e+06,793359,909375,1.6e+09,12,19192,230,36,19184,690,12,4816,57,206,19200,3955,72,19192,1381,160,4816,770,80,,,,,,,100,0,0,0,1,1
89002,51500,51500,50000,51500,48000,49500,50600,0,1.122e+09,1.995e+06,2.036e+06,2.034e+06,1.998e+06,1.997e+06,1.997e+06,793359,898632,1.6e+09,12,19192,230,36,19184,690,8,4816,38,206,19200,3955,68,19192,1305,160,4816,770,80,,,,,,,100,0,1,0,0,1
89432.8,,,,,,,,,,,,,,,,,,,,,,,,,,,,,,,,,,,,,,39,,,,,,,,,,,
90001.4,51500,51500,50000,51500,48000,49750,50700,0,1.122e+09,1.996e+06,2.035e+06,2.034e+06,1.996e+06,1.996e+06,1.997e+06,793359,898632,1.6e+09,8,19184,153,36,19184,690,12,4816,57,208,19200,3993,72,19192,1381,160,4816,770,80,,,,,,,100,0,0,0,1,1
91001.6,51000,51000,50000,51000,48000,49500,50400,0,1.122e+09,2.039e+06,2.037e+06,2.034e+06,2.039e+06,2.056e+06,2.044e+06,793359,909375,1.6e+09,12,19192,230,36,19184,690,12,4816,57,208,19200,3993,72,19192,1381,160,4816,770,80,,,,,,,100,0,0,0,0.990099,1
91731.6,,,,,,,,,,,,,,,,,,,,,,,,,,,,,,,,,,,,,,40,,,,,,,,,,,
92000.9,51500,51500,49500,51500,48000,49750,50400,0,1.122e+09,2.037e+06,2.034e+06,2.036e+06,2.034e+06,2.045e+06,2.037e+06,793359,909375,1.6e+09,8,19192,153,36,19184,690,12,4816,57,208,19200,3993,72,19192,1381,160,4816,770,80,,,,,,,100,0,0.990099,0,1,0
93002,51000,51000,50000,51000,48000,49750,50400,0,1.122e+09,2.035e+06,2.034e+06,2.036e+06,2.034e+06,2.036e+06,2.036e+06,793359,917968,1.6e+09,12,19192,230,36,19184,690,8,4816,38,206,19200,3955,72,19192,1381,160,4816,770,80,,,,,,,100,0,0,0,0,0.990099
94001.1,51000,51000,49500,51000,48000,49500,50600,0,1.122e+09,1.995e+06,2.034e+06,2.036e+06,1.996e+06,1.998e+06,1.998e+06,793359,898632,1.6e+09,12,19192,230,36,19184,690,12,4816,57,206,19200,3955,68,19192,1305,160,4816,770,80,,,,,,,100,0,0,0,1,0
94008.5,,,,,,,,,,,,,,,,,,,,,,,,,,,,,,,,,,,,,,41,,,,,,,,,,,
95001.6,51000,51000,50000,51000,48000,49750,50600,0,1.122e+09,2.035e+06,2.035e+06,2.035e+06,2.035e+06,2.034e+06,2.036e+06,793359,909375,1.6e+09,8,19192,153,36,19184,690,12,4816,57,208,19200,3993,72,19192,1381,160,4816,770,80,,,,,,,100,1,0.990099,1,0.990099,0
96001.7,51000,51000,50000,51000,48000,49500,50600,0,1.122e+09,2.04e+06,2.035e+06,2.035e+06,2.038e+06,2.054e+06,2.048e+06,793359,909375,1.6e+09,12,19192,230,36,19184,690,12,4816,57,206,19200,3955,72,19192,1381,160,4816,770,80,,,,,,,100,0,0,0,0,1
96289.5,,,,,,,,,,,,,,,,,,,,,,,,,,,,,,,,,,,,,,42,,,,,,,,,,,
97001.2,51000,51000,50000,51000,47000,49750,50900,0,1.122e+09,1.996e+06,2.034e+06,2.035e+06,1.995e+06,1.996e+06,1.997e+06,793359,898632,1.6e+09,12,19184,230,36,19184,690,12,4816,57,208,19200,3993,72,19192,1381,160,4816,770,80,,,,,,,100,0,0,0,0,1
98001.3,51500,51500,50000,51500,47000,49500,50600,0,1.122e+09,2.034e+06,2.035e+06,2.035e+06,2.035e+06,2.035e+06,2.035e+06,793359,917968,1.6e+09,8,19184,153,36,19184,690,12,4816,38,208,19200,3993,72,19192,1381,160,4816,770,80,,,,,,,100,0,1,0,0,1
98582.9,,,,,,,,,,,,,,,,,,,,,,,,,,,,,,,,,,,,,,43,,,,,,,,,,,
99001.3,51000,51000,49500,51000,47000,49500,50400,0,1.122e+09,1.996e+06,2.034e+06,2.035e+06,1.996e+06,1.999e+06,1.998e+06,793359,909375,1.6e+09,8,19192,153,36,19184,690,12,4816,57,208,19200,3993,72,19192,1381,160,4816,770,80,,,,,,,100,0,0,0,0,1
100001,51000,51000,50000,51000,47000,49500,50600,0,1.122e+09,1.996e+06,2.034e+06,2.037e+06,2.042e+06,2.05e+06,2.056e+06,793359,917968,1.6e+09,8,19192,153,36,19184,690,12,4816,57,208,19200,3993,72,19192,1381,160,4816,770,80,,,,,,,100,0,0,0,0,0
100876,,,,,,,,,,,,,,,,,,,,,,,,,,,,,,,,,,,,,,44,,,,,,,,,,,
101000,51000,51000,50000,51000,47000,49500,50600,0,1.122e+09,2.038e+06,2.035e+06,2.034e+06,2.04e+06,2.049e+06,2.042e+06,793359,909375,1.6e+09,8,19192,153,36,19184,690,12,4816,57,208,19200,3993,72,19192,1381,160,4816,770,80,,,,,,,100,0,0,0,0,2
102001,51000,51000,50000,51000,47000,49500,50900,0,1.122e+09,1.997e+06,2.035e+06,2.035e+06,1.996e+06,1.997e+06,1.997e+06,793359,898632,1.6e+09,8,19192,153,36,19184,690,12,4816,57,206,19200,3955,72,19192,1381,160,4816,770,80,,,,,,,100,0,0,0,0,0
103001,51000,51000,50000,51000,47000,49500,50600,0,1.122e+09,1.996e+06,2.034e+06,2.034e+06,1.997e+06,1.995e+06,1.995e+06,793359,898632,1.6e+09,12,19184,230,36,19184,690,12,4816,57,206,19200,3955,72,19192,1381,160,4816,770,80,,,,,,,100,0,0,0.990099,0,0
103154,,,,,,,,,,,,,,,,,,,,,,,,,,,,,,,,,,,,,,45,,,,,,,,,,,
104001,51000,51000,49500,51000,47000,49500,50400,0,1.122e+09,2.036e+06,2.036e+06,2.035e+06,2.034e+06,2.033e+06,2.034e+06,793359,917968,1.6e+09,8,19192,153,36,19184,690,12,4816,57,206,19200,3955,72,19192,1381,160,4816,770,80,,,,,,,100,1,1,2,0,0
105001,51000,51000,49500,51000,47000,49500,50400,0,1.122e+09,2.042e+06,2.035e+06,2.035e+06,2.04e+06,2.048e+06,2.043e+06,793359,909375,1.6e+09,12,19192,230,36,19184,690,12,4816,57,206,19200,3955,68,19192,1305,160,4816,770,80,,,,,,,100,0,0,0,0,0
105434,,,,,,,,,,,,,,,,,,,,,,,,,,,,,,,,,,,,,,46,,,,,,,,,,,
106001,51000,51000,49500,51000,47000,49500,50400,0,1.122e+09,2.04e+06,2.035e+06,2.035e+06,2.038e+06,2.041e+06,2.043e+06,793359,909375,1.6e+09,8,19192,153,36,19184,690,12,4816,57,206,19200,3955,68,19192,1305,160,4816,770,80,,,,,,,100,0,0,1,0,0
107002,51500,51500,49500,51500,47000,49500,50400,0,1.122e+09,1.996e+06,2.034e+06,2.034e+06,1.998e+06,1.998e+06,1.997e+06,793359,898632,1.6e+09,12,19192,230,36,19184,690,8,4816,38,206,19200,3955,72,19192,1381,160,4816,770,80,,,,,,,100,0.990099,0.990099,1,0.990099,0.990099
107716,,,,,,,,,,,,,,,,,,,,,,,,,,,,,,,,,,,,,,47,,,,,,,,,,,
108001,51000,51000,49500,51000,47000,49500,50400,0,1.122e+09,1.997e+06,2.034e+06,2.035e+06,1.996e+06,1.997e+06,1.996e+06,793359,898632,1.6e+09,12,19184,153,36,19184,690,8,4816,38,206,19200,3955,72,19192,1381,160,4816,770,80,,,,,,,100,0,0,1,1,0
109002,51000,51000,49500,51000,47000,49500,50700,0,1.122e+09,1.995e+06,2.035e+06,2.035e+06,1.996e+06,1.997e+06,1.996e+06,793359,917968,1.6e+09,12,19192,230,36,19184,690,12,4816,57,208,19200,3993,72,19192,1381,160,4816,770,80,,,,,,,100,0,0,0,0,0
110001,51000,51000,49500,51000,47000,49500,50400,0,1.122e+09,2.034e+06,2.035e+06,2.036e+06,2.035e+06,2.036e+06,2.033e+06,793359,917968,1.6e+09,8,19192,153,36,19184,690,12,4816,57,208,19200,3993,72,19192,1381,160,4816,770,80,,,,,,,100,0,0,1,1,0
110008,,,,,,,,,,,,,,,,,,,,,,,,,,,,,,,,,,,,,,48,,,,,,,,,,,
111001,51500,51500,49500,51500,47000,49500,50400,0,1.122e+09,2.039e+06,2.036e+06,2.035e+06,2.039e+06,2.053e+06,2.05e+06,793359,909375,1.6e+09,12,19184,230,36,19184,690,12,4816,57,208,19200,3993,72,19192,1381,160,4816,770,80,,,,,,,100,0,0,1,0,0
112001,51000,51000,49500,51000,47000,49500,50400,0,1.122e+09,2.044e+06,2.035e+06,2.034e+06,2.035e+06,2.045e+06,2.051e+06,793359,909375,1.6e+09,12,19184,230,36,19184,690,12,4816,57,208,19200,3993,72,19192,1381,160,4816,770,80,,,,,,,100,0,0,0.990099,1,0
112316,,,,,,,,,,,,,,,,,,,,,,,,,,,,,,,,,,,,,,49,,,,,,,,,,,
113001,51000,51000,49500,51000,47000,49250,50400,0,1.122e+09,1.995e+06,2.035e+06,2.035e+06,1.996e+06,1.997e+06,1.997e+06,793359,898632,1.6e+09,8,19184,153,36,19184,690,12,4816,57,208,19200,3993,72,19192,1381,160,4816,770,80,,,,,,,100,0,1.9802,0,1,0
114001,51000,51000,49500,51000,47000,49500,50600,0,1.122e+09,1.995e+06,2.036e+06,2.034e+06,1.997e+06,1.997e+06,1.998e+06,793359,898632,1.6e+09,12,19184,230,36,19184,690,8,4816,38,208,19200,3993,72,19192,1381,160,4816,770,80,,,,,,,100,0,0,0.990099,1.96078,0.990099
114641,,,,,,,,,,,,,,,,,,,,,,,,,,,,,,,,,,,,,,50,,,,,,,,,,,
115001,51000,51000,49500,51000,47000,49500,50400,0,1.122e+09,2.035e+06,2.035e+06,2.036e+06,2.033e+06,2.04e+06,2.037e+06,793359,909375,1.6e+09,12,19184,230,36,19184,690,12,4816,57,210,19200,4032,72,19192,1381,160,4816,770,80,,,,,,,100,0,0,1,0,0
116001,51000,51000,49500,51000,47000,49500,50600,0,1.122e+09,2.043e+06,2.035e+06,2.035e+06,2.037e+06,2.049e+06,2.049e+06,793359,909375,1.6e+09,8,19184,153,36,19184,690,8,4816,38,210,19200,4032,72,19192,1381,160,4816,770,80,,,,,,,100,0,0,0,1.9802,0
116959,,,,,,,,,,,,,,,,,,,,,,,,,,,,,,,,,,,,,,51,,,,,,,,,,,
117001,51000,51000,50000,51000,47000,49500,50600,0,1.122e+09,2.04e+06,2.035e+06,2.035e+06,2.049e+06,2.042e+06,2.045e+06,793359,909375,1.6e+09,8,19192,153,36,19184,690,12,4816,57,208,19200,3993,72,19192,1381,160,4816,770,80,,,,,,,100,0,0,1,0,0
118001,51000,51000,49500,51000,47000,49500,50600,0,1.122e+09,2.041e+06,2.036e+06,2.035e+06,2.041e+06,2.044e+06,2.046e+06,793359,909375,1.6e+09,8,19192,230,36,19184,690,12,4816,38,206,19200,3955,72,19192,1381,160,4816,770,80,,,,,,,100,0,0,0,0.990099,0
119001,51000,51000,49500,51000,47000,49250,50400,0,1.122e+09,2.036e+06,2.035e+06,2.035e+06,2.034e+06,2.035e+06,2.034e+06,793359,917968,1.6e+09,8,19184,153,36,19184,690,12,4816,57,206,19200,3955,72,19192,1381,160,4816,770,80,,,,,,,100,0,1,1,0,0
119242,,,,,,,,,,,,,,,,,,,,,,,,,,,,,,,,,,,,,,52,,,,,,,,,,,
120001,51500,51500,49500,51500,47000,49250,50600,0,1.122e+09,2.042e+06,2.035e+06,2.036e+06,2.04e+06,2.048e+06,2.042e+06,793359,909375,1.6e+09,12,19192,153,36,19184,690,8,4816,38,206,19200,3955,72,19192,1381,160,4816,770,80,,,,,,,100,0,0,0.990099,0,0
121001,51000,51000,50000,51000,47000,49250,50700,0,1.122e+09,2.042e+06,2.036e+06,2.035e+06,2.043e+06,2.051e+06,2.042e+06,793359,909375,1.6e+09,12,19184,230,36,19184,690,12,4816,57,208,19200,3993,72,19192,1381,160,4816,770,80,,,,,,,100,0,0,1,0.990099,0
121526,,,,,,,,,,,,,,,,,,,,,,,,,,,,,,,,,,,,,,53,,,,,,,,,,,
122001,51000,51000,49500,51000,47000,49500,50400,0,1.122e+09,2.042e+06,2.035e+06,2.035e+06,2.042e+06,2.051e+06,2.051e+06,793359,909375,1.6e+09,8,19192,153,36,19184,690,12,4816,57,208,19200,3993,72,19192,1381,160,4816,770,80,,,,,,,100,0,0,0,1,1
123001,51000,51000,49500,51000,47000,49500,50400,0,1.122e+09,2.041e+06,2.035e+06,2.034e+06,2.039e+06,2.038e+06,2.041e+06,793359,909375,1.6e+09,12,19192,230,36,19184,690,12,4816,57,208,19200,3993,72,19192,1381,160,4816,770,80,,,,,,,100,0,0,0,0,0
123803,,,,,,,,,,,,,,,,,,,,,,,,,,,,,,,,,,,,,,54,,,,,,,,,,,
124001,51000,51000,49500,51000,47000,49250,50400,0,1.122e+09,2.035e+06,2.036e+06,2.035e+06,2.034e+06,2.035e+06,2.035e+06,793359,917968,1.6e+09,12,19192,230,36,19184,690,8,4816,38,206,19200,3955,72,19192,1381,160,4816,770,80,,,,,,,100,0,0,0.990099,1.0101,0
125001,51000,51000,49500,51000,47000,49250,50400,0,1.122e+09,2.035e+06,2.035e+06,2.035e+06,2.034e+06,2.033e+06,2.034e+06,793359,917968,1.6e+09,8,19192,153,36,19184,690,12,4816,57,206,19200,3955,72,19192,1381,160,4816,770,80,,,,,,,100,0.990099,0.990099,2,0,0
126001,51000,51000,49500,51000,47000,49250,50400,0,1.122e+09,2.035e+06,2.034e+06,2.035e+06,2.035e+06,2.04e+06,2.043e+06,793359,909375,1.6e+09,8,19184,153,36,19184,690,12,4816,57,206,19200,3955,68,19192,1305,160,4816,770,80,,,,,,,100,0,0,0,2,0
126084,,,,,,,,,,,,,,,,,,,,,,,,,,,,,,,,,,,,,,55,,,,,,,,,,,
127002,51000,51000,49500,51000,47000,49250,50400,0,1.122e+09,1.995e+06,2.035e+06,2.035e+06,1.996e+06,1.997e+06,1.998e+06,793359,898632,1.6e+09,12,19184,230,36,19184,690,8,4816,38,210,19200,4032,72,19192,1381,160,4816,770,80,,,,,,,100,0,0,0,0,0
128002,51000,51000,49500,51000,47000,49250,50400,0,1.122e+09,2.035e+06,2.035e+06,2.035e+06,2.034e+06,2.035e+06,2.034e+06,793359,917968,1.6e+09,8,19184,153,36,19184,690,8,4816,38,210,19200,4032,72,19192,1381,160,4816,770,80,,,,,,,100,0,0,0,2,1
128425,,,,,,,,,,,,,,,,,,,,,,,,,,,,,,,,,,,,,,56,,,,,,,,,,,
129001,51000,51000,49500,51000,47000,49250,50400,0,1.122e+09,1.997e+06,2.035e+06,2.036e+06,1.995e+06,1.999e+06,1.998e+06,793359,898632,1.6e+09,12,19192,230,36,19184,690,8,4816,38,206,19200,3955,72,19192,1381,160,4816,770,80,,,,,,,100,0,0,0,1,0
130002,51000,51000,49500,51000,47000,49250,50400,0,1.122e+09,2.036e+06,2.034e+06,2.035e+06,2.035e+06,2.043e+06,2.045e+06,793359,909375,1.6e+09,8,19192,153,36,19184,690,12,4816,57,206,19200,3955,68,19192,1305,160,4816,770,80,,,,,,,100,0,0,0,0,0
130702,,,,,,,,,,,,,,,,,,,,,,,,,,,,,,,,,,,,,,57,,,,,,,,,,,
131001,51000,51000,49500,51000,47000,49250,50400,0,1.122e+09,2.034e+06,2.035e+06,2.035e+06,2.033e+06,2.039e+06,2.04e+06,793359,909375,1.6e+09,8,19192,153,36,19184,690,12,4816,57,206,19200,3955,72,19192,1381,160,4816,770,80,,,,,,,100,0,0,0,1,1
132002,51000,51000,49500,51000,47000,49250,50400,0,1.122e+09,2.041e+06,2.035e+06,2.035e+06,2.043e+06,2.05e+06,2.047e+06,793359,909375,1.6e+09,8,19192,153,36,19184,690,12,4816,57,206,19200,3955,72,19192,1381,160,4816,770,80,,,,,,,100,0,0,0,1.9802,0
132977,,,,,,,,,,,,,,,,,,,,,,,,,,,,,,,,,,,,,,58,,,,,,,,,,,
133001,51000,51000,50000,51000,47000,49250,50400,0,1.122e+09,2.035e+06,2.034e+06,2.035e+06,2.033e+06,2.035e+06,2.035e+06,793359,917968,1.6e+09,12,19192,230,36,19184,690,12,4816,57,208,19200,3993,72,19192,1381,160,4816,770,80,,,,,,,100,0,0,0,1,1
134002,51000,51000,49500,51000,47000,49250,50400,0,1.122e+09,1.997e+06,2.034e+06,2.036e+06,1.996e+06,1.998e+06,1.997e+06,793359,898632,1.6e+09,8,19184,153,36,19184,690,8,4816,38,208,19200,3993,72,19192,1381,160,4816,770,80,,,,,,,100,0,1,0,1,1
135002,51000,51000,49500,51000,47000,49250,50400,0,1.122e+09,1.997e+06,2.035e+06,2.035e+06,2.005e+06,2.045e+06,2.048e+06,793359,917968,1.6e+09,12,19192,230,36,19184,690,12,4816,57,208,19200,3993,72,19192,1381,160,4816,770,80,,,,,,,100,0,0,0,0,0
135259,,,,,,,,,,,,,,,,,,,,,,,,,,,,,,,,,,,,,,59,,,,,,,,,,,
136001,51000,51000,49500,51000,47000,49250,50400,0,1.122e+09,1.995e+06,2.034e+06,2.034e+06,1.997e+06,1.999e+06,1.997e+06,793359,898632,1.6e+09,12,19192,230,36,19184,690,12,4816,57,208,19200,3993,72,19192,1381,160,4816,770,80,,,,,,,100,0,0,0,0.990099,1
137001,51000,51000,49500,51000,47000,49250,50400,0,1.122e+09,2.033e+06,2.036e+06,2.035e+06,2.035e+06,2.035e+06,2.034e+06,793359,917968,1.6e+09,8,19192,153,36,19184,690,12,4816,57,208,19200,3993,72,19192,1381,160,4816,770,80,,,,,,,100,1,0,0,1,1
137555,,,,,,,,,,,,,,,,,,,,,,,,,,,,,,,,,,,,,,60,,,,,,,,,,,
138001,51000,51000,49500,51000,47000,49250,50400,0,1.122e+09,2.035e+06,2.035e+06,2.035e+06,2.034e+06,2.034e+06,2.035e+06,793359,917968,1.6e+09,8,19184,153,36,19184,690,12,4816,57,206,19200,3955,72,19192,1381,160,4816,770,80,,,,,,,100,0,0,0,0,0
139001,51000,51000,49500,51000,47000,49250,50400,0,1.122e+09,2.035e+06,2.034e+06,2.034e+06,2.035e+06,2.035e+06,2.035e+06,793359,917968,1.6e+09,8,19192,153,36,19184,690,12,4816,57,206,19200,3955,72,19192,1381,160,4816,770,80,,,,,,,100,0,0,1,1,0
139843,,,,,,,,,,,,,,,,,,,,,,,,,,,,,,,,,,,,,,61,,,,,,,,,,,
140000,51000,51000,49500,51000,47000,49250,50400,0,1.122e+09,2.04e+06,2.034e+06,2.035e+06,2.037e+06,2.041e+06,2.041e+06,793359,909375,1.6e+09,12,19184,230,36,19184,690,8,4816,38,208,19200,3993,72,19192,1381,160,4816,770,80,,,,,,,100,0,0.990099,0,1,0
141001,51000,51000,49500,51000,47000,49000,50400,0,1.122e+09,2.034e+06,2.036e+06,2.035e+06,2.035e+06,2.036e+06,2.035e+06,793359,917968,1.6e+09,12,19184,230,36,19184,690,12,4816,57,208,19200,3993,72,19192,1381,160,4816,770,80,,,,,,,100,0,0,0.990099,0,0
142002,51000,51000,49500,51000,47000,49250,50400,0,1.122e+09,2.039e+06,2.035e+06,2.034e+06,2.039e+06,2.043e+06,2.045e+06,793359,909375,1.6e+09,8,19184,153,36,19184,690,12,4816,57,208,19200,3993,72,19192,1381,160,4816,770,80,,,,,,,100,0,0,0,1,0
142127,,,,,,,,,,,,,,,,,,,,,,,,,,,,,,,,,,,,,,62,,,,,,,,,,,
143002,51000,51000,49500,51000,47000,49250,50400,0,1.122e+09,1.996e+06,2.035e+06,2.035e+06,1.995e+06,1.997e+06,1.995e+06,793359,898632,1.6e+09,8,19184,153,36,19184,690,12,4816,57,208,19200,3993,72,19192,1381,160,4816,770,80,,,,,,,100,1,0,0.990099,0,1
144002,51000,51000,49500,51000,47000,49250,50400,0,1.122e+09,1.996e+06,2.035e+06,2.036e+06,1.997e+06,1.998e+06,1.999e+06,793359,898632,1.6e+09,12,19192,230,36,19184,690,12,4816,57,208,19200,3993,72,19192,1381,160,4816,770,80,,,,,,,100,0,0,0,1,0
144426,,,,,,,,,,,,,,,,,,,,,,,,,,,,,,,,,,,,,,63,,,,,,,,,,,
145001,51000,51000,49500,51000,47000,49250,50400,0,1.122e+09,2.035e+06,2.035e+06,2.036e+06,2.034e+06,2.036e+06,2.035e+06,793359,917968,1.6e+09,12,19192,230,36,19184,690,12,4816,57,206,19200,3955,72,19192,1381,160,4816,770,80,,,,,,,100,0,0,0.990099,1,0
146001,51000,51000,49500,51000,47000,49250,50400,0,1.122e+09,2.034e+06,2.035e+06,2.034e+06,2.035e+06,2.036e+06,2.034e+06,793359,917968,1.6e+09,8,19192,153,36,19184,690,12,4816,38,206,19200,3955,72,19192,1381,160,4816,770,80,,,,,,,100,0,0,1,0,1.9802
146706,,,,,,,,,,,,,,,,,,,,,,,,,,,,,,,,,,,,,,64,,,,,,,,,,,
147001,51000,51000,49500,51000,47000,49000,50400,0,1.122e+09,2.043e+06,2.035e+06,2.035e+06,2.035e+06,2.05e+06,2.041e+06,793359,909375,1.6e+09,12,19192,230,36,19184,690,12,4816,57,206,19200,3955,68,19192,1305,160,4816,770,80,,,,,,,100,0,0,0,0,1
148001,51000,51000,49500,51000,47000,49000,50400,0,1.122e+09,2.035e+06,2.034e+06,2.035e+06,2.035e+06,2.034e+06,2.035e+06,793359,909375,1.6e+09,8,19192,153,36,19184,690,12,4816,57,206,19200,3955,68,19192,1305,160,4816,770,80,,,,,,,100,0,0,0.990099,0,0
148982,,,,,,,,,,,,,,,,,,,,,,,,,,,,,,,,,,,,,,65,,,,,,,,,,,
149001,51000,51000,49500,51000,47000,49000,50400,0,1.122e+09,2.043e+06,2.037e+06,2.035e+06,2.041e+06,2.052e+06,2.047e+06,793359,909375,1.6e+09,8,19184,153,36,19184,690,12,4816,57,206,19200,3955,72,19192,1381,160,4816,770,80,,,,,,,100,0,0.990099,0,0,1
150001,51000,51000,49500,51000,47000,49000,50400,0,1.122e+09,2.038e+06,2.036e+06,2.035e+06,2.039e+06,2.042e+06,2.04e+06,793359,909375,1.6e+09,8,19192,153,36,19184,690,12,4816,57,208,19200,3993,72,19192,1381,160,4816,770,80,,,,,,,100,0,0,0,0,1
151001,51000,51000,49500,51000,47000,49250,50400,0,1.122e+09,2.04e+06,2.035e+06,2.036e+06,2.044e+06,2.042e+06,2.053e+06,793359,909375,1.6e+09,12,19192,230,36,19184,690,12,4816,57,208,19200,3993,72,19192,1381,160,4816,770,80,,,,,,,100,0,0,0.990099,0,0
151259,,,,,,,,,,,,,,,,,,,,,,,,,,,,,,,,,,,,,,66,,,,,,,,,,,
152001,51000,51000,49500,51000,47000,49000,50400,0,1.122e+09,2.035e+06,2.034e+06,2.034e+06,2.035e+06,2.035e+06,2.034e+06,793359,917968,1.6e+09,8,19192,153,36,19184,690,12,4816,57,208,19200,3993,72,19192,1381,160,4816,770,80,,,,,,,100,0,0,0,1,0
153002,51000,51000,49500,51000,47000,49250,50400,0,1.122e+09,2.036e+06,2.034e+06,2.035e+06,2.034e+06,2.034e+06,2.035e+06,793359,917968,1.6e+09,12,19184,230,36,19184,690,8,4816,38,208,19200,3993,72,19192,1381,160,4816,770,80,,,,,,,100,0,0,0,0,1
153565,,,,,,,,,,,,,,,,,,,,,,,,,,,,,,,,,,,,,,67,,,,,,,,,,,
154001,50500,50500,49500,50500,47000,49250,50400,0,1.122e+09,2.036e+06,2.034e+06,2.034e+06,2.038e+06,2.045e+06,2.041e+06,793359,909375,1.6e+09,8,19192,153,36,19184,690,12,4816,57,208,19200,3993,72,19192,1381,160,4816,770,80,,,,,,,100,0,0,0,0,0
155001,51000,51000,49000,51000,47000,49000,50400,0,1.122e+09,1.995e+06,2.035e+06,2.034e+06,1.997e+06,1.998e+06,1.998e+06,793359,898632,1.6e+09,12,19192,153,36,19184,690,12,4816,57,208,19200,3993,72,19192,1381,160,4816,770,80,,,,,,,100,0,1,1,1,1
155857,,,,,,,,,,,,,,,,,,,,,,,,,,,,,,,,,,,,,,68,,,,,,,,,,,
156000,51000,51000,49000,51000,47000,49250,50400,0,1.122e+09,2.039e+06,2.035e+06,2.035e+06,2.041e+06,2.048e+06,2.048e+06,793359,909375,1.6e+09,12,19192,153,36,19184,690,12,4816,57,208,19200,3993,72,19192,1381,160,4816,770,80,,,,,,,100,0,0,0,0,0
157001,50500,50500,49500,50500,47000,49000,50400,0,1.122e+09,2.039e+06,2.035e+06,2.034e+06,2.038e+06,2.04e+06,2.042e+06,793359,909375,1.6e+09,12,19184,230,36,19184,690,12,4816,57,208,19200,3993,72,19192,1381,160,4816,770,80,,,,,,,100,0,0,1,0,1
158002,51000,51000,49500,51000,47000,49000,50400,0,1.122e+09,1.996e+06,2.035e+06,2.034e+06,1.996e+06,1.998e+06,1.997e+06,793359,898632,1.6e+09,12,19192,230,36,19184,690,12,4816,57,208,19200,3993,72,19192,1381,160,4816,770,80,,,,,,,100,0,0,0,0,1
158144,,,,,,,,,,,,,,,,,,,,,,,,,,,,,,,,,,,,,,69,,,,,,,,,,,
159001,51000,51000,49500,51000,47000,49000,50400,0,1.122e+09,2.035e+06,2.035e+06,2.035e+06,2.035e+06,2.034e+06,2.035e+06,793359,917968,1.6e+09,12,19184,230,36,19184,690,12,4816,57,208,19200,3993,72,19192,1381,160,4816,770,80,,,,,,,100,0,0,0,0,0.990099
160001,51000,51000,49000,51000,47000,49000,50400,0,1.122e+09,2.034e+06,2.034e+06,2.035e+06,2.034e+06,2.034e+06,2.035e+06,793359,917968,1.6e+09,8,19192,153,36,19184,690,12,4816,57,208,19200,3993,72,19192,1381,160,4816,770,80,,,,,,,100,0,0,0,0,0
160458,,,,,,,,,,,,,,,,,,,,,,,,,,,,,,,,,,,,,,70,,,,,,,,,,,
161001,51000,51000,49500,51000,47000,49000,50400,0,1.122e+09,2.034e+06,2.035e+06,2.034e+06,2.035e+06,2.033e+06,2.035e+06,793359,917968,1.6e+09,8,19192,153,36,19184,690,12,4816,57,208,19200,3993,72,19192,1381,160,4816,770,80,,,,,,,100,1,0,1,1,1
162002,51000,51000,49000,51000,47000,49000,50400,0,1.122e+09,1.996e+06,2.034e+06,2.034e+06,1.995e+06,1.998e+06,1.998e+06,793359,898632,1.6e+09,8,19192,153,36,19184,690,12,4816,57,208,19200,3993,72,19192,1381,160,4816,770,80,,,,,,,100,0,0,0.990099,0,1
162747,,,,,,,,,,,,,,,,,,,,,,,,,,,,,,,,,,,,,,71,,,,,,,,,,,
163001,51000,51000,49500,51000,47000,49000,50400,0,1.122e+09,2.034e+06,2.035e+06,2.036e+06,2.034e+06,2.035e+06,2.034e+06,793359,917968,1.6e+09,12,19184,230,36,19184,690,8,4816,38,208,19200,3993,72,19192,1381,160,4816,770,80,,,,,,,100,0,0,1.9802,0.990099,1
164002,51000,51000,49500,51000,47000,49000,50200,0,1.122e+09,1.996e+06,2.035e+06,2.035e+06,1.997e+06,1.997e+06,1.997e+06,793359,898632,1.6e+09,8,19184,153,36,19184,690,12,4816,57,208,19200,3993,72,19192,1381,160,4816,770,80,,,,,,,100,0,1.96078,1,0,1
165001,51000,51000,49000,51000,47000,49000,50200,0,1.122e+09,2.035e+06,2.035e+06,2.036e+06,2.036e+06,2.034e+06,2.035e+06,793359,917968,1.6e+09,12,19184,230,36,19184,690,12,4816,57,208,19200,3993,72,19192,1381,160,4816,770,80,,,,,,,100,0,0,0,0,1
165072,,,,,,,,,,,,,,,,,,,,,,,,,,,,,,,,,,,,,,72,,,,,,,,,,,
166001,50500,50500,49500,50500,47000,49000,50100,0,1.122e+09,2.034e+06,2.035e+06,2.036e+06,2.035e+06,2.035e+06,2.035e+06,793359,917968,1.6e+09,8,19192,153,36,19184,690,12,4816,57,206,19200,3955,72,19192,1381,160,4816,770,80,,,,,,,100,0,0,0,0,0
167001,50500,50500,49500,50500,47000,48750,50100,0,1.122e+09,1.995e+06,2.035e+06,2.034e+06,1.995e+06,1.997e+06,1.998e+06,793359,898632,1.6e+09,8,19192,153,36,19184,690,12,4816,57,206,19200,3955,72,19192,1381,160,4816,770,80,,,,,,,100,0,0,1,0,1.0101
167354,,,,,,,,,,,,,,,,,,,,,,,,,,,,,,,,,,,,,,73,,,,,,,,,,,
168001,50500,50500,49500,50500,47000,49000,50100,0,1.122e+09,2.038e+06,2.034e+06,2.035e+06,2.034e+06,2.046e+06,2.042e+06,793359,909375,1.6e+09,12,19184,230,36,19184,690,12,4816,57,206,19200,3955,72,19192,1381,160,4816,770,80,,,,,,,100,0,0,0,0,0
169001,50500,50500,49000,50500,47000,49000,49900,0,1.122e+09,2.035e+06,2.034e+06,2.035e+06,2.035e+06,2.035e+06,2.034e+06,793359,917968,1.6e+09,12,19192,230,36,19184,690,12,4816,57,208,19200,3993,72,19192,1381,160,4816,770,80,,,,,,,100,0,0,0,0,1
169640,,,,,,,,,,,,,,,,,,,,,,,,,,,,,,,,,,,,,,74,,,,,,,,,,,
170001,51000,51000,49000,51000,47000,48750,49900,0,1.122e+09,1.996e+06,2.035e+06,2.036e+06,1.996e+06,1.998e+06,1.997e+06,793359,898632,1.6e+09,12,19192,230,36,19184,690,8,4816,57,208,19200,3993,72,19192,1381,160,4816,770,80,,,,,,,100,0.990099,0.990099,1,0,0
171001,51000,51000,49500,51000,47000,49000,49900,0,1.122e+09,2.034e+06,2.034e+06,2.035e+06,2.035e+06,2.034e+06,2.035e+06,793359,917968,1.6e+09,12,19184,230,36,19184,690,8,4816,38,208,19200,3993,72,19192,1381,160,4816,770,80,,,,,,,100,0,0,1,0,0.990099
171935,,,,,,,,,,,,,,,,,,,,,,,,,,,,,,,,,,,,,,75,,,,,,,,,,,
172000,50500,50500,49500,50500,47000,48750,50200,0,1.122e+09,1.996e+06,2.034e+06,2.034e+06,1.996e+06,1.997e+06,1.998e+06,793359,898632,1.6e+09,8,19192,153,36,19184,690,12,4816,57,206,19200,3955,72,19192,1381,160,4816,770,80,,,,,,,100,0,0,0,0,0
173002,50500,50500,49500,50500,47000,49000,50100,0,1.122e+09,1.996e+06,2.036e+06,2.035e+06,1.995e+06,1.997e+06,1.998e+06,793359,898632,1.6e+09,8,19192,153,36,19184,690,12,4816,57,206,19200,3955,72,19192,1381,160,4816,770,80,,,,,,,100,0,0,1,0,1
174002,50500,50500,49500,50500,47000,49000,50100,0,1.122e+09,1.996e+06,2.036e+06,2.035e+06,1.997e+06,1.998e+06,1.998e+06,793359,898632,1.6e+09,8,19192,153,36,19184,690,12,4816,57,206,19200,3955,72,19192,1381,160,4816,770,80,,,,,,,100,0,0,1,0,1
174221,,,,,,,,,,,,,,,,,,,,,,,,,,,,,,,,,,,,,,76,,,,,,,,,,,
175001,50500,50500,49500,50500,47000,49000,50100,5,1.122e+09,2.035e+06,2.034e+06,2.035e+06,2.035e+06,2.035e+06,2.036e+06,793359,917968,1.6e+09,12,19192,230,36,19184,690,12,4816,57,206,19200,3955,68,19192,1305,160,4816,770,80,,,,,,,100,0,0,0,0,1
176001,50500,50500,49500,50500,47000,49000,49900,0,1.122e+09,2.04e+06,2.034e+06,2.034e+06,2.042e+06,2.054e+06,2.044e+06,793359,909375,1.6e+09,8,19192,153,36,19184,690,12,4816,57,206,19200,3955,72,19192,1381,160,4816,770,80,,,,,,,100,0,0.990099,0,0.990099,0
176496,,,,,,,,,,,,,,,,,,,,,,,,,,,,,,,,,,,,,,77,,,,,,,,,,,
177001,50500,50500,49500,50500,47000,48750,49900,22,1.122e+09,2.037e+06,2.036e+06,2.034e+06,2.038e+06,2.05e+06,2.045e+06,793359,909375,1.6e+09,12,19192,230,36,19184,690,12,4816,57,206,19200,3955,68,19192,1305,160,4816,770,80,,,,,,,100,0,0,0,0,1
178002,50500,50500,49000,50500,47000,48750,49900,0,1.122e+09,1.996e+06,2.035e+06,2.034e+06,1.997e+06,1.998e+06,1.996e+06,793359,898632,1.6e+09,8,19192,153,36,19184,690,12,4816,57,206,19200,3955,68,19192,1305,160,4816,770,80,,,,,,,100,0,0,0.990099,0,0
178773,,,,,,,,,,,,,,,,,,,,,,,,,,,,,,,,,,,,,,78,,,,,,,,,,,
179001,50500,50500,49000,50500,47000,49000,50100,0,1.122e+09,2.038e+06,2.035e+06,2.035e+06,2.034e+06,2.043e+06,2.044e+06,793359,909375,1.6e+09,8,19192,153,36,19184,690,12,4816,57,206,19200,3955,72,19192,1381,160,4816,770,80,,,,,,,100,0,1.96078,1,1,0
180001,50500,50500,49000,50500,47000,48750,49900,0,1.122e+09,1.996e+06,2.033e+06,2.035e+06,1.996e+06,1.997e+06,1.999e+06,793359,898632,1.6e+09,12,19192,230,36,19184,690,12,4816,57,206,19200,3955,72,19192,1381,160,4816,770,80,,,,,,,100,0,0,0,0,0.990099
181002,50500,50500,49000,50500,47000,48750,49900,0,1.122e+09,1.996e+06,2.035e+06,2.035e+06,1.996e+06,1.997e+06,1.997e+06,793359,898632,1.6e+09,12,19184,230,36,19184,690,8,4816,38,206,19200,3955,68,19192,1305,160,4816,770,80,,,,,,,100,0,0,1,0,1
181052,,,,,,,,,,,,,,,,,,,,,,,,,,,,,,,,,,,,,,79,,,,,,,,,,,
182002,50500,50500,49000,50500,47000,48750,49900,0,1.122e+09,2.035e+06,2.034e+06,2.034e+06,2.035e+06,2.035e+06,2.035e+06,793359,917968,1.6e+09,8,19192,153,36,19184,690,12,4816,57,206,19200,3955,72,19192,1381,160,4816,770,80,,,,,,,100,0,1,0,0,1
183002,50500,50500,49000,50500,47000,49000,49900,0,1.122e+09,2.035e+06,2.034e+06,2.036e+06,2.034e+06,2.036e+06,2.035e+06,793359,917968,1.6e+09,12,19184,230,36,19184,690,12,4816,57,208,19200,3993,72,19192,1381,160,4816,770,80,,,,,,,100,0,0,0,0,1
183337,,,,,,,,,,,,,,,,,,,,,,,,,,,,,,,,,,,,,,80,,,,,,,,,,,
184001,50500,50500,49000,50500,47000,49000,49900,0,1.122e+09,2.037e+06,2.035e+06,2.036e+06,2.035e+06,2.046e+06,2.046e+06,793359,909375,1.6e+09,12,19192,230,36,19184,690,12,4816,57,208,19200,3993,72,19192,1381,160,4816,770,80,,,,,,,100,0,0,1,1.9802,0
185001,50500,50500,49000,50500,47000,48750,49900,0,1.122e+09,1.996e+06,2.035e+06,2.036e+06,1.996e+06,1.996e+06,1.997e+06,793359,898632,1.6e+09,12,19184,153,36,19184,690,12,4816,57,208,19200,3993,72,19192,1381,160,4816,770,80,,,,,,,100,0,0,0,0,0
185628,,,,,,,,,,,,,,,,,,,,,,,,,,,,,,,,,,,,,,81,,,,,,,,,,,
186000,50500,50500,49000,50500,47000,48750,49900,0,1.122e+09,2.037e+06,2.035e+06,2.035e+06,2.035e+06,2.049e+06,2.044e+06,793359,909375,1.6e+09,12,19184,230,36,19184,690,12,4816,57,208,19200,3993,72,19192,1381,160,4816,770,80,,,,,,,100,0,0,0,1,0
187002,50500,50500,49000,50500,47000,48750,49900,0,1.122e+09,2.041e+06,2.034e+06,2.035e+06,2.041e+06,2.043e+06,2.04e+06,793359,909375,1.6e+09,12,19184,230,36,19184,690,12,4816,57,208,19200,3993,72,19192,1381,160,4816,770,80,,,,,,,100,0,0,0,0,0
187943,,,,,,,,,,,,,,,,,,,,,,,,,,,,,,,,,,,,,,82,,,,,,,,,,,
188001,50500,50500,49000,50500,47000,48750,49900,0,1.122e+09,2.038e+06,2.034e+06,2.035e+06,1.996e+06,1.998e+06,1.997e+06,793359,898632,1.6e+09,8,19184,153,36,19184,690,12,4816,57,208,19200,3993,72,19192,1381,160,4816,770,80,,,,,,,100,0,1.96078,1,1,0
189001,50500,50500,49000,50500,47000,48750,49900,0,1.122e+09,2.034e+06,2.034e+06,2.036e+06,2.035e+06,2.037e+06,2.035e+06,793359,909375,1.6e+09,12,19184,230,36,19184,690,12,4816,57,208,19200,3993,72,19192,1381,160,4816,770,80,,,,,,,100,0,0,0.990099,0,0
190002,50500,50500,49000,50500,47000,48750,49900,0,1.122e+09,2.046e+06,2.035e+06,2.035e+06,2.036e+06,2.041e+06,2.051e+06,793359,909375,1.6e+09,8,19184,153,36,19184,690,12,4816,57,208,19200,3993,72,19192,1381,160,4816,770,80,,,,,,,100,0,0,0,0,0
190256,,,,,,,,,,,,,,,,,,,,,,,,,,,,,,,,,,,,,,83,,,,,,,,,,,
191001,50500,50500,49000,50500,47000,48750,49900,0,1.122e+09,1.995e+06,2.035e+06,2.035e+06,1.995e+06,1.997e+06,1.997e+06,793359,898632,1.6e+09,8,19192,153,36,19184,690,8,4816,38,208,19200,3993,72,19192,1381,160,4816,770,80,,,,,,,100,0.990099,1,1,1,1.9802
192002,50500,50500,49000,50500,47000,49000,49900,0,1.122e+09,2.035e+06,2.035e+06,2.035e+06,2.034e+06,2.035e+06,2.036e+06,793359,917968,1.6e+09,12,19184,230,36,19184,690,12,4816,57,208,19200,3993,72,19192,1381,160,4816,770,80,,,,,,,100,0,0,0,1,0
192555,,,,,,,,,,,,,,,,,,,,,,,,,,,,,,,,,,,,,,84,,,,,,,,,,,
193001,50500,50500,49000,50500,47000,48750,49900,0,1.122e+09,2.035e+06,2.035e+06,2.035e+06,2.035e+06,2.036e+06,2.035e+06,793359,917968,1.6e+09,8,19184,153,36,19184,690,12,4816,57,206,19200,3955,72,19192,1381,160,4816,770,80,,,,,,,100,0,0,0.990099,0.990099,0
194001,50500,50500,49000,50500,47000,48750,49900,0,1.122e+09,2.035e+06,2.034e+06,2.034e+06,2.035e+06,2.034e+06,2.034e+06,793359,917968,1.6e+09,8,19192,153,36,19184,690,12,4816,57,206,19200,3955,72,19192,1381,160,4816,770,80,,,,,,,100,0,0,1.0101,0,0
194840,,,,,,,,,,,,,,,,,,,,,,,,,,,,,,,,,,,,,,85,,,,,,,,,,,
195001,50500,50500,49000,50500,47000,48750,49900,0,1.122e+09,1.996e+06,2.036e+06,2.034e+06,1.996e+06,1.996e+06,1.996e+06,793359,898632,1.6e+09,8,19192,153,36,19184,690,12,4816,57,206,19200,3955,68,19192,1305,160,4816,770,80,,,,,,,100,0,0,0,0,0
196001,50500,50500,49000,50500,47000,48750,49900,0,1.122e+09,1.996e+06,2.035e+06,2.035e+06,1.995e+06,1.997e+06,1.996e+06,793359,898632,1.6e+09,12,19192,153,36,19184,690,12,4816,57,206,19200,3955,68,19192,1305,160,4816,770,80,,,,,,,100,0,0,0,0,1
197001,50500,50500,49000,50500,47000,48750,49900,0,1.122e+09,1.995e+06,2.034e+06,2.035e+06,1.997e+06,1.997e+06,1.998e+06,793359,898632,1.6e+09,8,19192,153,36,19184,690,12,4816,57,206,19200,3955,72,19192,1381,160,4816,770,80,,,,,,,100,0.990099,0.990099,1,0,0
197122,,,,,,,,,,,,,,,,,,,,,,,,,,,,,,,,,,,,,,86,,,,,,,,,,,
198002,50500,50500,49000,50500,47000,48750,49900,0,1.122e+09,2.034e+06,2.034e+06,2.036e+06,2.034e+06,2.036e+06,2.034e+06,793359,917968,1.6e+09,8,19192,153,36,19184,690,12,4816,57,206,19200,3955,68,19192,1305,160,4816,770,80,,,,,,,100,0,0,0,0,1.9802
199002,50500,50500,49000,50500,47000,48750,49900,0,1.122e+09,2.034e+06,2.036e+06,2.035e+06,2.034e+06,2.037e+06,2.041e+06,793359,909375,1.6e+09,8,19192,153,36,19184,690,12,4816,57,206,19200,3955,68,19192,1305,160,4816,770,80,,,,,,,100,0,0,0,0,0
199406,,,,,,,,,,,,,,,,,,,,,,,,,,,,,,,,,,,,,,87,,,,,,,,,,,
200001,50500,50500,49000,50500,47000,48750,49900,0,1.122e+09,1.996e+06,2.035e+06,2.034e+06,1.995e+06,1.998e+06,1.996e+06,793359,898632,1.6e+09,8,19192,153,36,19184,690,8,4816,38,208,19200,3993,72,19192,1381,160,4816,770,80,,,,,,,100,0,0,1.0101,0,1
201002,50500,50500,49000,50500,47000,48500,49900,0,1.122e+09,1.996e+06,2.034e+06,2.035e+06,2.031e+06,2.05e+06,2.05e+06,793359,917968,1.6e+09,8,19184,153,36,19184,690,8,4816,57,206,19200,3955,72,19192,1381,160,4816,770,80,,,,,,,100,0,0,0.990099,0,1
201695,,,,,,,,,,,,,,,,,,,,,,,,,,,,,,,,,,,,,,88,,,,,,,,,,,
202001,50500,50500,49000,50500,47000,48750,49900,0,1.122e+09,2.035e+06,2.034e+06,2.035e+06,2.034e+06,2.035e+06,2.034e+06,793359,917968,1.6e+09,8,19184,153,36,19184,690,8,4816,38,208,19200,3993,72,19192,1381,160,4816,770,80,,,,,,,100,0,0,0,0,1
203001,50500,50500,49500,50500,47000,48750,49900,0,1.122e+09,1.997e+06,2.035e+06,2.035e+06,1.998e+06,1.996e+06,1.998e+06,793359,898632,1.6e+09,8,19184,153,36,19184,690,8,4816,38,208,19200,3993,72,19192,1381,160,4816,770,80,,,,,,,100,0,0,0,1,0
204001,50500,50500,49000,50500,47000,48500,49900,0,1.122e+09,1.996e+06,2.035e+06,2.035e+06,2.037e+06,2.054e+06,2.047e+06,793359,917968,1.6e+09,12,19192,153,36,19184,690,12,4816,57,208,19200,3993,72,19192,1381,160,4816,770,80,,,,,,,100,0,0,1,0,1
204009,,,,,,,,,,,,,,,,,,,,,,,,,,,,,,,,,,,,,,89,,,,,,,,,,,
205002,50500,50500,49000,50500,47000,48750,49900,0,1.122e+09,2.039e+06,2.035e+06,2.035e+06,2.035e+06,2.043e+06,2.042e+06,793359,909375,1.6e+09,8,19184,153,36,19184,690,8,4816,38,206,19200,3955,72,19192,1381,160,4816,770,80,,,,,,,100,0,0,0,0,0
206002,50500,50500,49000,50500,47000,48500,49900,0,1.122e+09,2.037e+06,2.036e+06,2.035e+06,2.035e+06,2.044e+06,2.042e+06,793359,909375,1.6e+09,12,19184,230,36,19184,690,12,4816,57,208,19200,3993,72,19192,1381,160,4816,770,80,,,,,,,100,0,0,1,1,1.0101
206297,,,,,,,,,,,,,,,,,,,,,,,,,,,,,,,,,,,,,,90,,,,,,,,,,,
207001,50500,50500,49000,50500,47000,48750,49900,0,1.122e+09,2.035e+06,2.034e+06,2.035e+06,2.037e+06,2.044e+06,2.049e+06,793359,909375,1.6e+09,8,19192,153,36,19184,690,12,4816,57,206,19200,3955,72,19192,1381,160,4816,770,80,,,,,,,100,0,0,0,0,0.990099
208002,50500,50500,49000,50500,47000,48750,49900,0,1.122e+09,2.035e+06,2.035e+06,2.035e+06,2.035e+06,2.035e+06,2.035e+06,793359,917968,1.6e+09,12,19192,230,36,19184,690,8,4816,38,208,19200,3993,72,19192,1381,160,4816,770,80,,,,,,,100,0,0,0,0,0
208620,,,,,,,,,,,,,,,,,,,,,,,,,,,,,,,,,,,,,,91,,,,,,,,,,,
209001,50500,50500,49000,50500,47000,48500,49900,0,1.122e+09,1.996e+06,2.035e+06,2.034e+06,1.997e+06,1.997e+06,1.998e+06,793359,898632,1.6e+09,8,19184,153,36,19184,690,12,4816,57,208,19200,3993,72,19192,1381,160,4816,770,80,,,,,,,100,1,1,0,0,0
210002,50500,50500,49000,50500,47000,48500,49900,0,1.122e+09,2.034e+06,2.034e+06,2.034e+06,2.035e+06,2.036e+06,2.035e+06,793359,917968,1.6e+09,12,19184,230,36,19184,690,8,4816,38,208,19200,3993,72,19192,1381,160,4816,770,80,,,,,,,100,0,0,0,0,1
210945,,,,,,,,,,,,,,,,,,,,,,,,,,,,,,,,,,,,,,92,,,,,,,,,,,
211001,50500,50500,49000,50500,47000,48500,49900,0,1.122e+09,1.996e+06,2.035e+06,2.035e+06,1.996e+06,1.997e+06,1.997e+06,793359,898632,1.6e+09,8,19184,153,36,19184,690,12,4816,57,208,19200,3993,72,19192,1381,160,4816,770,80,,,,,,,100,0,0,0,0,0
212002,50500,50500,49000,50500,47000,48500,49900,0,1.122e+09,1.995e+06,2.036e+06,2.036e+06,1.997e+06,1.995e+06,1.996e+06,793359,898632,1.6e+09,12,19192,230,36,19184,690,8,4816,38,206,19200,3955,72,19192,1381,160,4816,770,80,,,,,,,100,0.990099,0,1,0,1
213001,50000,50000,49000,50000,47000,48500,49900,0,1.122e+09,1.997e+06,2.035e+06,2.036e+06,1.996e+06,1.998e+06,1.998e+06,793359,898632,1.6e+09,8,19192,153,36,19184,690,12,4816,57,206,19200,3955,68,19192,1305,160,4816,770,80,,,,,,,100,0,0,0.990099,0,0
213225,,,,,,,,,,,,,,,,,,,,,,,,,,,,,,,,,,,,,,93,,,,,,,,,,,
214002,50500,50500,49000,50500,47000,48500,49900,0,1.122e+09,1.995e+06,2.035e+06,2.034e+06,1.995e+06,1.997e+06,1.998e+06,793359,898632,1.6e+09,8,19184,153,36,19184,690,8,4816,38,206,19200,3955,68,19192,1305,160,4816,770,80,,,,,,,100,0,0,0,0,1
215002,50500,50500,49000,50500,47000,48500,49900,0,1.122e+09,2.035e+06,2.036e+06,2.035e+06,2.035e+06,2.036e+06,2.034e+06,793359,917968,1.6e+09,12,19192,153,36,19184,690,12,4816,57,206,19200,3955,68,19192,1305,160,4816,770,80,,,,,,,100,0,0.990099,0,0,1
215510,,,,,,,,,,,,,,,,,,,,,,,,,,,,,,,,,,,,,,94,,,,,,,,,,,
216001,50500,50500,49000,50500,47000,48500,49900,0,1.122e+09,1.996e+06,2.033e+06,2.036e+06,1.997e+06,1.996e+06,1.996e+06,793359,898632,1.6e+09,12,19184,230,36,19184,690,12,4816,57,206,19200,3955,72,19192,1381,160,4816,770,80,,,,,,,100,0,0,0.990099,0,0
217002,50500,50500,49000,50500,47000,48500,49900,0,1.122e+09,2.035e+06,2.035e+06,2.035e+06,2.035e+06,2.035e+06,2.035e+06,793359,917968,1.6e+09,8,19192,153,36,19184,690,12,4816,57,206,19200,3955,72,19192,1381,160,4816,770,80,,,,,,,100,0,0,0,0,0
217790,,,,,,,,,,,,,,,,,,,,,,,,,,,,,,,,,,,,,,95,,,,,,,,,,,
218001,50000,50000,49000,50000,47000,48500,49900,0,1.122e+09,2.035e+06,2.036e+06,2.035e+06,2.034e+06,2.036e+06,2.039e+06,793359,909375,1.6e+09,12,19192,230,36,19184,690,8,4816,38,206,19200,3955,72,19192,1381,160,4816,770,80,,,,,,,100,0,0,0,0.990099,1.0101
219001,50500,50500,49000,50500,47000,48500,49900,0,1.122e+09,2.041e+06,2.034e+06,2.036e+06,2.038e+06,2.041e+06,2.042e+06,793359,909375,1.6e+09,8,19192,153,36,19184,690,12,4816,57,206,19200,3955,68,19192,1305,160,4816,770,80,,,,,,,100,0,0,0.990099,0,0.990099
220001,50500,50500,49000,50500,47000,48500,49900,0,1.122e+09,2.036e+06,2.036e+06,2.035e+06,2.034e+06,2.035e+06,2.034e+06,793359,909375,1.6e+09,8,19192,153,36,19184,690,8,4816,38,206,19200,3955,68,19192,1305,160,4816,770,80,,,,,,,100,0,0,0,0,0
220063,,,,,,,,,,,,,,,,,,,,,,,,,,,,,,,,,,,,,,96,,,,,,,,,,,
221001,50500,50500,49000,50500,47000,48500,49900,0,1.122e+09,2.035e+06,2.035e+06,2.034e+06,2.035e+06,2.034e+06,2.034e+06,793359,917968,1.6e+09,12,19192,230,36,19184,690,12,4816,57,206,19200,3955,68,19192,1305,160,4816,770,80,,,,,,,100,1,0.990099,0,0,1
222001,50500,50500,49000,50500,47000,48500,49900,0,1.122e+09,2.035e+06,2.035e+06,2.035e+06,2.036e+06,2.035e+06,2.034e+06,793359,917968,1.6e+09,8,19192,153,36,19184,690,12,4816,57,206,19200,3955,68,19192,1305,160,4816,770,80,,,,,,,100,0,0,0,0,1
222341,,,,,,,,,,,,,,,,,,,,,,,,,,,,,,,,,,,,,,97,,,,,,,,,,,
223001,50500,50500,48500,50500,47000,48500,49900,0,1.122e+09,2.035e+06,2.035e+06,2.035e+06,2.034e+06,2.035e+06,2.036e+06,793359,917968,1.6e+09,12,19192,230,36,19184,690,12,4816,57,206,19200,3955,68,19192,1305,160,4816,770,80,,,,,,,100,0,0,0,0,0
224002,50500,50500,49000,50500,46000,48500,49900,0,1.122e+09,2.035e+06,2.035e+06,2.036e+06,2.035e+06,2.034e+06,2.035e+06,793359,917968,1.6e+09,8,19192,153,36,19184,690,12,4816,57,206,19200,3955,72,19192,1381,160,4816,770,80,,,,,,,100,0,0,0,1,0
224623,,,,,,,,,,,,,,,,,,,,,,,,,,,,,,,,,,,,,,98,,,,,,,,,,,
225001,50500,50500,48500,50500,46000,48500,49900,0,1.122e+09,2.034e+06,2.034e+06,2.035e+06,2.035e+06,2.034e+06,2.035e+06,793359,917968,1.6e+09,8,19192,153,36,19184,690,8,4816,38,206,19200,3955,72,19192,1381,160,4816,770,80,,,,,,,100,0,0,1,0,1
226002,50500,50500,48500,50500,46000,48500,49900,0,1.122e+09,1.996e+06,2.035e+06,2.036e+06,1.996e+06,1.996e+06,1.997e+06,793359,898632,1.6e+09,8,19192,153,36,19184,690,8,4816,57,208,19200,3993,72,19192,1381,160,4816,770,80,,,,,,,100,0,0,0,0,0
226926,,,,,,,,,,,,,,,,,,,,,,,,,,,,,,,,,,,,,,99,,,,,,,,,,,
227001,50000,50000,48500,50000,46000,48250,49400,0,1.122e+09,1.996e+06,2.035e+06,2.034e+06,1.996e+06,1.998e+06,1.997e+06,793359,898632,1.6e+09,8,19184,153,36,19184,690,12,4816,57,208,19200,3993,72,19192,1381,160,4816,770,80,,,,,,,100,0,0.990099,0,0,1
228002,50500,50500,49000,50500,46000,48500,49900,0,1.122e+09,2.041e+06,2.035e+06,2.036e+06,2.037e+06,2.045e+06,2.054e+06,793359,909375,1.6e+09,8,19192,153,36,19184,690,12,4816,57,206,19200,3955,72,19192,1381,160,4816,770,80,,,,,,,100,0,0,0,0,1
229002,50500,50500,48500,50500,46000,48500,49900,0,1.122e+09,1.997e+06,2.035e+06,2.035e+06,1.995e+06,1.996e+06,1.996e+06,793359,898632,1.6e+09,12,19192,230,36,19184,690,8,4816,38,206,19200,3955,72,19192,1381,160,4816,770,80,,,,,,,100,0,0,0,0,0
229205,,,,,,,,,,,,,,,,,,,,,,,,,,,,,,,,,,,,,,100,,,,,,,,,,,
230002,50500,50500,48500,50500,46000,48500,49700,0,1.122e+09,2.046e+06,2.035e+06,2.036e+06,2.034e+06,2.043e+06,2.042e+06,793359,909375,1.6e+09,8,19184,153,36,19184,690,8,4816,57,208,19200,3993,72,19192,1381,160,4816,770,80,,,,,,,100,1,0.990099,0,1,1.0101
231002,50500,50500,49000,50500,46000,48500,49600,0,1.122e+09,1.996e+06,2.034e+06,2.034e+06,1.997e+06,1.997e+06,1.997e+06,793359,898632,1.6e+09,8,19192,153,36,19184,690,12,4816,57,206,19200,3955,72,19192,1381,160,4816,770,80,,,,,,,100,0,0,0,0,0
231493,,,,,,,,,,,,,,,,,,,,,,,,,,,,,,,,,,,,,,101,,,,,,,,,,,
232001,50000,50000,48500,50000,46000,48500,49700,0,1.122e+09,1.996e+06,2.035e+06,2.035e+06,1.997e+06,1.998e+06,1.996e+06,793359,898632,1.6e+09,8,19192,153,36,19184,690,12,4816,57,206,19200,3955,72,19192,1381,160,4816,770,80,,,,,,,100,0,0,0,0,1
233001,50500,50500,49000,50500,46000,48250,49700,0,1.122e+09,2.034e+06,2.035e+06,2.036e+06,2.034e+06,2.035e+06,2.035e+06,793359,917968,1.6e+09,8,19192,153,36,19184,690,12,4816,57,206,19200,3955,72,19192,1381,160,4816,770,80,,,,,,,100,1,0,1.9802,0,1
233776,,,,,,,,,,,,,,,,,,,,,,,,,,,,,,,,,,,,,,102,,,,,,,,,,,
234000,50500,50500,49000,50500,46000,48500,49700,0,1.122e+09,1.996e+06,2.035e+06,2.036e+06,1.995e+06,1.996e+06,1.998e+06,793359,909375,1.6e+09,8,19184,153,36,19184,690,8,4816,38,206,19200,3993,72,19192,1381,160,4816,770,80,,,,,,,100,0,0,0,0,1
235001,50500,50500,49000,50500,46000,48250,49900,0,1.122e+09,2.04e+06,2.036e+06,2.035e+06,2.034e+06,2.038e+06,2.041e+06,793359,909375,1.6e+09,12,19184,230,36,19184,690,12,4816,57,208,19200,3993,72,19192,1381,160,4816,770,80,,,,,,,100,0,0,0,0,0.990099
236002,50000,50000,48500,50000,46000,48500,49900,0,1.122e+09,1.995e+06,2.036e+06,2.035e+06,1.996e+06,1.997e+06,1.996e+06,793359,898632,1.6e+09,8,19184,153,36,19184,690,12,4816,57,208,19200,3993,72,19192,1381,160,4816,770,80,,,,,,,100,0,0,1,1,1.9802
236095,,,,,,,,,,,,,,,,,,,,,,,,,,,,,,,,,,,,,,103,,,,,,,,,,,
237001,50000,50000,48500,50000,46000,48250,49700,0,1.122e+09,2.045e+06,2.036e+06,2.034e+06,2.038e+06,2.042e+06,2.045e+06,793359,909375,1.6e+09,8,19184,153,36,19184,690,12,4816,57,206,19200,3955,68,19192,1305,160,4816,770,80,,,,,,,100,0,0,0,0,1
238002,50000,50000,48500,50000,46000,48500,49900,0,1.122e+09,1.996e+06,2.036e+06,2.034e+06,1.998e+06,1.997e+06,1.996e+06,793359,898632,1.6e+09,8,19192,153,36,19184,690,8,4816,38,206,19200,3955,68,19192,1305,160,4816,770,80,,,,,,,100,0,0,0,0,1
238374,,,,,,,,,,,,,,,,,,,,,,,,,,,,,,,,,,,,,,104,,,,,,,,,,,
239001,50000,50000,49000,50000,46000,48250,49600,0,1.122e+09,2.042e+06,2.034e+06,2.035e+06,2.041e+06,2.04e+06,2.036e+06,793359,909375,1.6e+09,12,19184,230,36,19184,690,12,4816,57,208,19200,3993,72,19192,1381,160,4816,770,80,,,,,,,100,0,1,0,0,0
240001,50000,50000,49000,50000,46000,48500,49400,0,1.122e+09,2.034e+06,2.035e+06,2.034e+06,2.036e+06,2.035e+06,2.035e+06,793359,917968,1.6e+09,8,19184,153,36,19184,690,12,4816,57,208,19200,3993,72,19192,1381,160,4816,770,80,,,,,,,100,0.990099,0,0.990099,0,1
240705,,,,,,,,,,,,,,,,,,,,,,,,,,,,,,,,,,,,,,105,,,,,,,,,,,
241000,50000,50000,49000,50000,46000,48250,49700,0,1.122e+09,1.995e+06,2.036e+06,2.035e+06,1.996e+06,1.998e+06,1.998e+06,793359,898632,1.6e+09,8,19192,153,36,19184,690,12,4816,57,206,19200,3955,72,19192,1381,160,4816,770,80,,,,,,,100,0,0,0,0,0
242001,50000,50000,49000,50000,46000,48250,49400,0,1.122e+09,1.996e+06,2.035e+06,2.034e+06,1.995e+06,1.997e+06,1.998e+06,793359,898632,1.6e+09,8,19192,153,36,19184,690,8,4816,38,206,19200,3955,68,19192,1305,160,4816,770,80,,,,,,,100,0,1.96078,0,0,1.9802
242989,,,,,,,,,,,,,,,,,,,,,,,,,,,,,,,,,,,,,,106,,,,,,,,,,,
243001,50000,50000,48500,50000,46000,48500,49400,0,1.122e+09,2.034e+06,2.035e+06,2.035e+06,2.035e+06,2.034e+06,2.034e+06,793359,917968,1.6e+09,8,19192,153,36,19184,690,12,4816,57,206,19200,3955,68,19192,1305,160,4816,770,80,,,,,,,100,0,0,0,0,0
244002,50000,50000,48500,50000,46000,48500,49400,0,1.122e+09,2.034e+06,2.036e+06,2.034e+06,2.035e+06,2.035e+06,2.035e+06,793359,917968,1.6e+09,8,19184,153,36,19184,690,12,4816,57,206,19200,3955,72,19192,1381,160,4816,770,80,,,,,,,100,0,0,0.990099,0.990099,2
245001,50000,50000,48500,50000,46000,48250,49400,0,1.122e+09,2.034e+06,2.036e+06,2.035e+06,2.035e+06,2.038e+06,2.045e+06,793359,909375,1.6e+09,8,19184,153,36,19184,690,8,4816,38,208,19200,3993,72,19192,1381,160,4816,770,80,,,,,,,100,0.990099,0,1,1,1.0101
245284,,,,,,,,,,,,,,,,,,,,,,,,,,,,,,,,,,,,,,107,,,,,,,,,,,
246001,50000,50000,48500,50000,46000,48500,49700,0,1.122e+09,2.033e+06,2.035e+06,2.034e+06,2.034e+06,2.04e+06,2.04e+06,793359,909375,1.6e+09,8,19184,153,36,19184,690,12,4816,57,208,19200,3993,72,19192,1381,160,4816,770,80,,,,,,,100,0,0,0,0,0
247002,50000,50000,48500,50000,46000,48250,49600,0,1.122e+09,2.04e+06,2.035e+06,2.034e+06,2.037e+06,2.047e+06,2.043e+06,793359,909375,1.6e+09,12,19184,230,36,19184,690,12,4816,57,208,19200,3993,72,19192,1381,160,4816,770,80,,,,,,,100,0,0,0,0,0
247595,,,,,,,,,,,,,,,,,,,,,,,,,,,,,,,,,,,,,,108,,,,,,,,,,,
248001,50000,50000,48500,50000,46000,48500,49700,0,1.122e+09,2.034e+06,2.035e+06,2.035e+06,2.035e+06,2.034e+06,2.034e+06,793359,917968,1.6e+09,8,19184,153,36,19184,690,8,4816,38,208,19200,3993,72,19192,1381,160,4816,770,80,,,,,,,100,0.990099,1.96078,0,0.990099,1.0101
249002,50000,50000,48500,50000,46000,48250,49400,0,1.122e+09,1.995e+06,2.035e+06,2.035e+06,1.996e+06,1.998e+06,2.038e+06,793359,917968,1.6e+09,8,19184,153,36,19184,690,12,4816,57,208,19200,3993,72,19192,1381,160,4816,770,80,,,,,,,100,0,0,0,0,1.96078
249917,,,,,,,,,,,,,,,,,,,,,,,,,,,,,,,,,,,,,,109,,,,,,,,,,,
250000,50000,50000,49000,50000,46000,48250,49700,0,1.122e+09,2.033e+06,2.034e+06,2.035e+06,2.035e+06,2.034e+06,2.036e+06,793359,909375,1.6e+09,8,19192,153,36,19184,690,12,4816,57,206,19200,3955,72,19192,1381,160,4816,770,80,,,,,,,100,0,0,0,0,1
251001,50000,50000,48500,50000,46000,48250,49400,0,1.122e+09,2.035e+06,2.035e+06,2.035e+06,2.034e+06,2.035e+06,2.035e+06,793359,917968,1.6e+09,8,19184,153,36,19184,690,12,4816,57,206,19200,3955,72,19192,1381,160,4816,770,80,,,,,,,100,0.990099,0,1.9802,1,1.0101
252002,50000,50000,48500,50000,46000,48250,49400,0,1.122e+09,2.04e+06,2.034e+06,2.035e+06,2.04e+06,2.052e+06,2.044e+06,793359,909375,1.6e+09,12,19192,230,36,19184,690,12,4816,57,206,19200,3955,68,19192,1305,160,4816,770,80,,,,,,,100,0,0,0,0,1
252199,,,,,,,,,,,,,,,,,,,,,,,,,,,,,,,,,,,,,,110,,,,,,,,,,,
253001,50000,50000,48500,50000,46000,48250,49400,0,1.122e+09,2.034e+06,2.036e+06,2.035e+06,2.034e+06,2.035e+06,2.034e+06,793359,917968,1.6e+09,8,19192,153,36,19184,690,12,4816,57,206,19200,3955,68,19192,1305,160,4816,770,80,,,,,,,100,0,0,0,0,0
254002,50500,50500,48500,50500,46000,48250,49400,0,1.122e+09,1.995e+06,2.035e+06,2.035e+06,1.996e+06,1.996e+06,1.998e+06,793359,898632,1.6e+09,8,19192,153,36,19184,690,12,4816,57,206,19200,3955,72,19192,1381,160,4816,770,80,,,,,,,100,1,0,0,1,1
254483,,,,,,,,,,,,,,,,,,,,,,,,,,,,,,,,,,,,,,111,,,,,,,,,,,
255001,50000,50000,48500,50000,46000,48250,49400,0,1.122e+09,1.996e+06,2.034e+06,2.036e+06,1.995e+06,1.998e+06,1.998e+06,793359,898632,1.6e+09,8,19184,153,36,19184,690,8,4816,38,206,19200,3955,72,19192,1381,160,4816,770,80,,,,,,,100,0,0,0,0,1
256002,50000,50000,48500,50000,46000,48250,49400,0,1.122e+09,2.035e+06,2.034e+06,2.035e+06,2.035e+06,2.034e+06,2.035e+06,793359,917968,1.6e+09,8,19184,153,36,19184,690,8,4816,38,206,19200,3955,72,19192,1381,160,4816,770,80,,,,,,,100,0,0,0,0,0
256789,,,,,,,,,,,,,,,,,,,,,,,,,,,,,,,,,,,,,,112,,,,,,,,,,,
257001,50000,50000,48500,50000,46000,48250,49400,0,1.122e+09,2.035e+06,2.034e+06,2.034e+06,2.035e+06,2.035e+06,2.035e+06,793359,917968,1.6e+09,8,19184,153,36,19184,690,8,4816,38,208,19200,3993,72,19192,1381,160,4816,770,80,,,,,,,100,0,1,1,0,2
258001,50000,50000,48500,50000,46000,48250,49400,0,1.122e+09,1.997e+06,2.035e+06,2.035e+06,1.996e+06,1.996e+06,1.996e+06,793359,898632,1.6e+09,12,19184,230,36,19184,690,12,4816,57,206,19200,3955,72,19192,1381,160,4816,770,80,,,,,,,100,0,0,0,0,0
259001,50000,50000,48500,50000,46000,48250,49400,0,1.122e+09,2.035e+06,2.035e+06,2.036e+06,2.036e+06,2.034e+06,2.034e+06,793359,917968,1.6e+09,8,19192,153,36,19184,690,12,4816,57,206,19200,3955,68,19192,1305,160,4816,770,80,,,,,,,100,0,0,0.990099,0,1
259065,,,,,,,,,,,,,,,,,,,,,,,,,,,,,,,,,,,,,,113,,,,,,,,,,,
260001,50000,50000,48500,50000,46000,48250,49400,0,1.122e+09,2.034e+06,2.035e+06,2.036e+06,2.035e+06,2.035e+06,2.034e+06,793359,909375,1.6e+09,12,19192,230,36,19184,690,8,4816,38,206,19200,3955,68,19192,1305,160,4816,770,80,,,,,,,100,1,1.96078,0,0,1
261002,50000,50000,48500,50000,46000,48250,49400,0,1.122e+09,2.036e+06,2.035e+06,2.035e+06,2.035e+06,2.036e+06,2.035e+06,793359,917968,1.6e+09,8,19192,153,36,19184,690,8,4816,38,204,19200,3916,68,19192,1305,160,4816,770,80,,,,,,,100,0,0,0.990099,0,0
261344,,,,,,,,,,,,,,,,,,,,,,,,,,,,,,,,,,,,,,114,,,,,,,,,,,
262001,50000,50000,48500,50000,46000,48250,49400,0,1.122e+09,1.995e+06,2.035e+06,2.036e+06,1.996e+06,1.997e+06,1.997e+06,793359,898632,1.6e+09,8,19192,153,36,19184,690,12,4816,57,204,19200,3916,68,19192,1305,160,4816,770,80,,,,,,,100,0,0,0,0,1.9802
263002,50000,50000,48500,50000,46000,48250,49400,0,1.122e+09,1.996e+06,2.035e+06,2.036e+06,1.996e+06,1.997e+06,1.998e+06,793359,898632,1.6e+09,8,19192,230,36,19184,690,12,4816,57,206,19200,3955,68,19192,1305,160,4816,770,80,,,,,,,100,0,0,1,1.9802,1
263626,,,,,,,,,,,,,,,,,,,,,,,,,,,,,,,,,,,,,,115,,,,,,,,,,,
264001,50000,50000,48500,50000,46000,48250,49400,0,1.122e+09,2.035e+06,2.036e+06,2.035e+06,2.035e+06,2.036e+06,2.034e+06,793359,917968,1.6e+09,12,19184,230,36,19184,690,12,4816,57,206,19200,3955,68,19192,1305,160,4816,770,80,,,,,,,100,0,0,0,0,0
265001,50000,50000,48500,50000,46000,48250,49400,0,1.122e+09,2.035e+06,2.035e+06,2.035e+06,2.036e+06,2.034e+06,2.035e+06,793359,917968,1.6e+09,8,19192,153,36,19184,690,12,4816,57,206,19200,3955,68,19192,1305,160,4816,770,80,,,,,,,100,0,0,1.96078,0,0.990099
265911,,,,,,,,,,,,,,,,,,,,,,,,,,,,,,,,,,,,,,116,,,,,,,,,,,
266001,50000,50000,48500,50000,46000,48250,49400,0,1.122e+09,2.037e+06,2.035e+06,2.035e+06,2.035e+06,2.035e+06,2.035e+06,793359,909375,1.6e+09,8,19184,153,36,19184,690,8,4816,38,206,19200,3955,72,19192,1381,160,4816,770,80,,,,,,,100,0,0.990099,0,0,0
267002,50000,50000,48500,50000,46000,48000,49400,0,1.122e+09,1.997e+06,2.035e+06,2.035e+06,1.996e+06,1.998e+06,1.997e+06,793359,898632,1.6e+09,8,19192,153,36,19184,690,12,4816,57,206,19200,3955,68,19192,1305,160,4816,770,80,,,,,,,100,0,0,0,0,0
268002,50000,50000,48500,50000,46000,48250,49400,0,1.122e+09,2.037e+06,2.035e+06,2.034e+06,2.041e+06,2.042e+06,2.046e+06,793359,909375,1.6e+09,8,19184,153,36,19184,690,12,4816,57,206,19200,3955,72,19192,1381,160,4816,770,80,,,,,,,100,0,0,0,0,1
268190,,,,,,,,,,,,,,,,,,,,,,,,,,,,,,,,,,,,,,117,,,,,,,,,,,
269001,50000,50000,48500,50000,46000,48250,49400,0,1.122e+09,2.035e+06,2.034e+06,2.034e+06,2.035e+06,2.035e+06,2.036e+06,793359,917968,1.6e+09,12,19184,230,36,19184,690,12,4816,57,208,19200,3993,72,19192,1381,160,4816,770,80,,,,,,,100,0,0,1,0,1.0101
270001,50000,50000,48500,50000,46000,48250,49400,0,1.122e+09,1.995e+06,2.034e+06,2.034e+06,1.996e+06,1.996e+06,1.997e+06,793359,898632,1.6e+09,8,19192,153,36,19184,690,12,4816,57,208,19200,3993,72,19192,1381,160,4816,770,80,,,,,,,100,0,0,0,0,0.990099
270484,,,,,,,,,,,,,,,,,,,,,,,,,,,,,,,,,,,,,,118,,,,,,,,,,,
271001,50000,50000,48500,50000,46000,48000,49400,0,1.122e+09,1.996e+06,2.036e+06,2.035e+06,1.996e+06,1.996e+06,1.996e+06,793359,898632,1.6e+09,8,19184,153,36,19184,690,8,4816,38,206,19200,3955,72,19192,1381,160,4816,770,80,,,,,,,100,0,0,0,0,1
272001,50000,50000,48500,50000,46000,48250,49700,0,1.122e+09,2.035e+06,2.035e+06,2.036e+06,2.035e+06,2.035e+06,2.035e+06,793359,917968,1.6e+09,12,19184,230,36,19184,690,12,4816,57,208,19200,3993,72,19192,1381,160,4816,770,80,,,,,,,100,0,1,1.96078,0,0
272775,,,,,,,,,,,,,,,,,,,,,,,,,,,,,,,,,,,,,,119,,,,,,,,,,,
273001,50000,50000,48500,50000,46000,48250,49400,0,1.122e+09,1.996e+06,2.035e+06,2.034e+06,1.997e+06,1.996e+06,1.998e+06,793359,898632,1.6e+09,8,19192,153,36,19184,690,12,4816,57,206,19200,3955,72,19192,1381,160,4816,770,80,,,,,,,100,0,0,0,0,0
274001,50000,50000,48500,50000,46000,48000,49400,0,1.122e+09,1.996e+06,2.035e+06,2.034e+06,1.997e+06,1.996e+06,1.996e+06,793359,898632,1.6e+09,8,19192,153,36,19184,690,12,4816,57,206,19200,3955,68,19192,1305,160,4816,770,80,,,,,,,100,0,0,0.990099,0,1
275001,50000,50000,48500,50000,46000,48250,49400,0,1.122e+09,2.035e+06,2.037e+06,2.034e+06,2.035e+06,2.034e+06,2.034e+06,793359,917968,1.6e+09,8,19184,153,36,19184,690,12,4816,57,206,19200,3955,72,19192,1381,160,4816,770,80,,,,,,,100,1,1,1.9802,0,0
275066,,,,,,,,,,,,,,,,,,,,,,,,,,,,,,,,,,,,,,120,,,,,,,,,,,
276001,50000,50000,48500,50000,46000,48000,49400,0,1.122e+09,2.034e+06,2.035e+06,2.035e+06,2.035e+06,2.035e+06,2.034e+06,793359,917968,1.6e+09,8,19184,153,36,19184,690,8,4816,38,208,19200,3993,72,19192,1381,160,4816,770,80,,,,,,,100,0,0,0,0,0
277002,50000,50000,48500,50000,46000,48250,49400,0,1.122e+09,2.034e+06,2.035e+06,2.035e+06,2.034e+06,2.034e+06,2.035e+06,793359,917968,1.6e+09,8,19184,153,36,19184,690,8,4816,38,208,19200,3993,72,19192,1381,160,4816,770,80,,,,,,,100,0,0,0.990099,0,0
277369,,,,,,,,,,,,,,,,,,,,,,,,,,,,,,,,,,,,,,121,,,,,,,,,,,
278001,50000,50000,48500,50000,46000,48250,49400,0,1.122e+09,2.043e+06,2.034e+06,2.035e+06,2.04e+06,2.048e+06,2.046e+06,793359,909375,1.6e+09,8,19184,153,36,19184,690,12,4816,57,206,19200,3955,72,19192,1381,160,4816,770,80,,,,,,,100,0,0,0,0,0
279001,50000,50000,48500,50000,46000,48000,49400,0,1.122e+09,2.034e+06,2.036e+06,2.035e+06,2.034e+06,2.033e+06,2.035e+06,793359,917968,1.6e+09,8,19184,153,36,19184,690,12,4816,57,206,19200,3955,68,19192,1305,160,4816,770,80,,,,,,,100,0,0,0,0,0
279642,,,,,,,,,,,,,,,,,,,,,,,,,,,,,,,,,,,,,,122,,,,,,,,,,,
280001,50000,50000,48500,50000,46000,48000,49400,0,1.122e+09,2.034e+06,2.035e+06,2.036e+06,2.034e+06,2.035e+06,2.034e+06,793359,917968,1.6e+09,8,19192,153,36,19184,690,12,4816,57,206,19200,3955,68,19192,1305,160,4816,770,80,,,,,,,100,0,0,1.9802,0,0
281002,50000,50000,48500,50000,46000,48250,49700,0,1.122e+09,1.995e+06,2.035e+06,2.035e+06,1.996e+06,1.998e+06,1.998e+06,793359,898632,1.6e+09,8,19184,153,36,19184,690,12,4816,57,206,19200,3955,72,19192,1381,160,4816,770,80,,,,,,,100,0.990099,0.990099,0,1,0
281926,,,,,,,,,,,,,,,,,,,,,,,,,,,,,,,,,,,,,,123,,,,,,,,,,,
282001,50000,50000,48500,50000,46000,48250,49400,0,1.122e+09,2.042e+06,2.036e+06,2.035e+06,2.034e+06,2.044e+06,2.042e+06,793359,909375,1.6e+09,12,19184,230,36,19184,690,12,4816,57,206,19200,3955,68,19192,1305,160,4816,770,80,,,,,,,100,0,0,0,1,0
283002,50000,50000,48500,50000,46000,48000,49400,0,1.122e+09,2.035e+06,2.034e+06,2.036e+06,2.036e+06,2.035e+06,2.034e+06,793359,917968,1.6e+09,8,19184,153,36,19184,690,12,4816,57,206,19200,3955,72,19192,1381,160,4816,770,80,,,,,,,100,0,0,1,0,0
284002,50000,50000,48500,50000,46000,48000,49400,0,1.122e+09,2.043e+06,2.036e+06,2.035e+06,2.038e+06,2.047e+06,2.048e+06,793359,909375,1.6e+09,12,19184,230,36,19184,690,12,4816,57,208,19200,3993,72,19192,1381,160,4816,770,80,,,,,,,100,0,0,0.990099,2,1.9802
284215,,,,,,,,,,,,,,,,,,,,,,,,,,,,,,,,,,,,,,124,,,,,,,,,,,
285001,50000,50000,48500,50000,46000,48250,49400,0,1.122e+09,2.035e+06,2.034e+06,2.035e+06,2.034e+06,2.034e+06,2.035e+06,793359,917968,1.6e+09,8,19184,153,36,19184,690,12,4816,57,208,19200,3993,72,19192,1381,160,4816,770,80,,,,,,,100,0,0,0,0,0
286002,50000,50000,48500,50000,46000,48250,49400,0,1.122e+09,2.04e+06,2.034e+06,2.035e+06,2.036e+06,2.04e+06,2.045e+06,793359,909375,1.6e+09,8,19184,153,36,19184,690,8,4816,38,208,19200,3993,72,19192,1381,160,4816,770,80,,,,,,,100,0,0,0.990099,1,0
286529,,,,,,,,,,,,,,,,,,,,,,,,,,,,,,,,,,,,,,125,,,,,,,,,,,
287000,50000,50000,48500,50000,46000,48250,49400,0,1.122e+09,1.988e+06,2.037e+06,2.037e+06,1.989e+06,1.992e+06,1.993e+06,793359,887890,1.6e+09,8,19184,153,36,19184,690,12,4816,57,208,19200,3993,72,19192,1381,160,4816,770,80,,,,,,,100,0,1,0,1,1
288001,50000,50000,48500,50000,46000,48250,49400,0,1.122e+09,1.996e+06,2.035e+06,2.035e+06,1.997e+06,1.998e+06,1.998e+06,793359,898632,1.6e+09,8,19184,153,36,19184,690,12,4816,57,208,19200,3993,72,19192,1381,160,4816,770,80,,,,,,,100,0,0,0.990099,0.990099,0
288846,,,,,,,,,,,,,,,,,,,,,,,,,,,,,,,,,,,,,,126,,,,,,,,,,,
289001,50000,50000,48500,50000,46000,48250,49400,0,1.122e+09,1.995e+06,2.034e+06,2.035e+06,1.997e+06,1.997e+06,1.998e+06,793359,898632,1.6e+09,8,19192,153,36,19184,690,12,4816,57,206,19200,3955,72,19192,1381,160,4816,770,80,,,,,,,100,0,0,0,0,0
290002,50000,50000,48500,50000,46000,48000,49400,0,1.122e+09,1.996e+06,2.035e+06,2.033e+06,1.997e+06,2e+06,1.996e+06,793359,898632,1.6e+09,12,19184,230,36,19184,690,12,4816,57,206,19200,3955,72,19192,1381,160,4816,770,80,,,,,,,100,0,0,0,1,1
291001,50000,50000,48500,50000,46000,48250,49400,0,1.122e+09,2.035e+06,2.035e+06,2.034e+06,2.035e+06,2.034e+06,2.034e+06,793359,917968,1.6e+09,8,19192,153,36,19184,690,12,4816,57,206,19200,3955,68,19192,1305,160,4816,770,80,,,,,,,100,0,0,0,1,0
291130,,,,,,,,,,,,,,,,,,,,,,,,,,,,,,,,,,,,,,127,,,,,,,,,,,
292001,50000,50000,48500,50000,46000,48000,49200,0,1.122e+09,2.034e+06,2.036e+06,2.035e+06,2.034e+06,2.043e+06,2.038e+06,793359,909375,1.6e+09,8,19192,153,36,19184,690,12,4816,57,206,19200,3955,72,19192,1381,160,4816,770,80,,,,,,,100,0,0,0.990099,0,0
293002,50000,50000,48500,50000,46000,48000,49400,0,1.122e+09,1.996e+06,2.036e+06,2.034e+06,1.996e+06,1.998e+06,1.996e+06,793359,898632,1.6e+09,12,19184,230,36,19184,690,12,4816,57,208,19200,3993,72,19192,1381,160,4816,770,80,,,,,,,100,0,1,0,1.0101,1.9802
293423,,,,,,,,,,,,,,,,,,,,,,,,,,,,,,,,,,,,,,128,,,,,,,,,,,
294001,50000,50000,48500,50000,46000,48000,49400,0,1.122e+09,2.035e+06,2.035e+06,2.035e+06,2.035e+06,2.033e+06,2.035e+06,793359,917968,1.6e+09,12,19192,230,36,19184,690,12,4816,57,206,19200,3955,72,19192,1381,160,4816,770,80,,,,,,,100,0,0,0,0,0.990099
295001,50000,50000,48500,50000,46000,48000,49400,0,1.122e+09,2.035e+06,2.035e+06,2.035e+06,2.034e+06,2.034e+06,2.035e+06,793359,917968,1.6e+09,8,19192,153,36,19184,690,12,4816,57,206,19200,3955,68,19192,1305,160,4816,770,80,,,,,,,100,0,0,0,0.990099,0
295709,,,,,,,,,,,,,,,,,,,,,,,,,,,,,,,,,,,,,,129,,,,,,,,,,,
296001,50000,50000,48000,50000,46000,48250,49400,0,1.122e+09,2.034e+06,2.036e+06,2.035e+06,2.034e+06,2.035e+06,2.035e+06,793359,917968,1.6e+09,12,19184,230,36,19184,690,12,4816,57,208,19200,3993,72,19192,1381,160,4816,770,80,,,,,,,100,0,1.96078,1,2,0
297001,50000,50000,48500,50000,46000,48000,49400,0,1.122e+09,1.996e+06,2.035e+06,2.035e+06,1.997e+06,1.997e+06,1.996e+06,793359,898632,1.6e+09,8,19184,153,36,19184,690,12,4816,57,206,19200,3955,72,19192,1381,160,4816,770,80,,,,,,,100,0,0,0,0,0
297998,,,,,,,,,,,,,,,,,,,,,,,,,,,,,,,,,,,,,,130,,,,,,,,,,,
298001,50000,50000,48500,50000,46000,48000,49400,0,1.122e+09,1.997e+06,2.036e+06,2.034e+06,1.996e+06,1.998e+06,1.998e+06,793359,898632,1.6e+09,8,19192,153,36,19184,690,12,4816,57,206,19200,3955,72,19192,1381,160,4816,770,80,,,,,,,100,0,0,0,0,0
299002,50000,50000,48500,50000,46000,48000,49100,0,1.122e+09,1.996e+06,2.034e+06,2.034e+06,1.996e+06,1.999e+06,1.996e+06,793359,898632,1.6e+09,8,19184,153,36,19184,690,12,4816,57,206,19200,3955,72,19192,1381,160,4816,770,80,,,,,,,100,0,0,1,2,0
300002,50000,50000,48500,50000,46000,48000,49200,0,1.122e+09,1.997e+06,2.035e+06,2.035e+06,2.003e+06,1.998e+06,1.996e+06,793359,898632,1.6e+09,8,19184,153,36,19184,690,8,4816,38,206,19200,3955,72,19192,1381,160,4816,770,80,,,,,,,100,0,0,0,1,0
