# Started at: 2022-04-27 21:56:09 +0000, Version: v0.1-161-g45b9662, Generated by: thermobench --verbose --time=300 --wait=50 --wait-timeout=60 --sensors_file=/root/thermobench/src/sensors.tx2 --cpu-usage --column=CPU0_work_done --column=CPU1_work_done --column=CPU2_work_done --column=CPU3_work_done --column=CPU4_work_done --column=CPU5_work_done --output=/root/JSA/coefficients_experiment/measurements/tx2//membench-4M-RO-R_Denver_one.json.yaml.csv -- demos-sched -p high -c /root/JSA/coefficients_experiment/demos_configurations/tx2//membench-4M-RO-R_Denver_one.json.yaml
time/ms,Cortex_A57_temp/m°C,Denver2_temp/m°C,GPU_temp/m°C,PLL_temp/m°C,Tboard_temp/m°C,Tdiode_temp/m°C,Thfan_temp/m°C,GPU_load/‰,GPU_freq/Hz,Cortex_A57_0_freq/Hz,Denver2_0_freq/Hz,Denver2_1_freq/Hz,Cortex_A57_1_freq/Hz,Cortex_A57_2_freq/Hz,Cortex_A57_3_freq/Hz,GPU_voltage/µV,CPU_voltage/µV,EMC_freq/Hz,SYS_GPU_current/mA,SYS_GPU_voltage/mV,SYS_GPU_power/mW,SYS_SOC_current/mA,SYS_SOC_voltage/mV,SYS_SOC_power/mW,4V0_WIFI_current/mA,4V0_WIFI_voltage/mV,4V0_WIFI_power/mW,IN_current/mA,IN_voltage/mV,IN_power/mW,SYS_CPU_current/mA,SYS_CPU_voltage/mV,SYS_CPU_power/mW,SYS_DDR_current/mA,SYS_DDR_voltage/mV,SYS_DDR_power/mW,CUR_PWM/%,CPU0_work_done,CPU1_work_done,CPU2_work_done,CPU3_work_done,CPU4_work_done,CPU5_work_done,CPU0_load/%,CPU1_load/%,CPU2_load/%,CPU3_load/%,CPU4_load/%,CPU5_load/%
1.077,48000,48000,46000,48000,44000,45750,46900,0,1.122e+09,1.385e+06,1.421e+06,1.42e+06,1.398e+06,1.392e+06,1.388e+06,793359,718164,1.6e+09,8,19184,153,36,19176,690,8,4816,38,218,19192,4183,72,19192,1381,188,4816,905,80,,,,,,,0,0,0,0,0,0
1001.69,47500,47500,46000,47500,44000,45500,46900,0,1.122e+09,2.035e+06,2.035e+06,2.035e+06,2.036e+06,2.035e+06,2.035e+06,793359,917968,1.6e+09,8,19192,153,36,19184,690,12,4816,57,198,19200,3801,56,19192,1074,176,4816,847,80,,,,,,,1.96078,100,1,1,1,0.990099
2001.61,47500,47500,46000,47500,44000,45750,46900,0,1.122e+09,1.997e+06,2.035e+06,2.036e+06,1.996e+06,1.996e+06,1.996e+06,793359,898632,1.6e+09,8,19192,153,36,19184,690,12,4816,38,194,19200,3724,52,19192,997,176,4816,847,80,,,,,,,0,100,0,0.990099,0,0
3001.54,47500,47500,46000,47500,44000,45500,46700,0,1.122e+09,2.034e+06,2.034e+06,2.035e+06,2.036e+06,2.036e+06,2.036e+06,793359,917968,1.6e+09,8,19192,153,36,19184,690,12,4816,57,192,19200,3686,52,19192,997,176,4816,847,80,,,,,,,0,100,0,0,0,0
4001.43,47500,47500,46000,47500,44000,45500,46700,0,1.122e+09,1.996e+06,2.036e+06,2.035e+06,1.996e+06,1.996e+06,1.996e+06,793359,898632,1.6e+09,8,19192,153,36,19184,690,12,4816,57,194,19200,3724,52,19192,997,176,4816,847,80,,,,,,,0,100,0,1.9802,0,0
5001.36,47500,47500,46000,47500,44000,45500,46900,0,1.122e+09,1.995e+06,2.034e+06,2.033e+06,1.998e+06,1.996e+06,1.996e+06,793359,898632,1.6e+09,8,19192,153,36,19184,690,8,4816,38,192,19200,3686,52,19192,997,176,4816,847,80,,,,,,,0,100,0,1,0,0.990099
5593.15,,,,,,,,,,,,,,,,,,,,,,,,,,,,,,,,,,,,,,,0,,,,,,,,,,
6000.61,47500,47500,46000,47500,44000,45500,46700,0,1.122e+09,2.025e+06,2.036e+06,2.035e+06,2.03e+06,2.032e+06,2.031e+06,793359,909375,1.6e+09,8,19192,153,36,19184,690,12,4816,57,194,19200,3724,52,19192,997,176,4816,847,80,,,,,,,0,100,0,0,0,0
7001.51,47500,47500,46000,47500,44000,45500,46900,0,1.122e+09,1.997e+06,2.034e+06,2.035e+06,1.997e+06,1.996e+06,1.996e+06,793359,898632,1.6e+09,8,19192,153,36,19184,690,12,4816,57,192,19200,3686,52,19192,997,176,4816,847,80,,,,,,,0,100,1,0.990099,0.990099,1
8001.42,47500,47500,45500,47500,44000,45500,46700,0,1.122e+09,1.998e+06,2.034e+06,2.033e+06,1.997e+06,1.997e+06,1.997e+06,793359,917968,1.6e+09,8,19192,153,36,19184,690,8,4816,38,192,19200,3686,52,19192,997,176,4816,847,80,,,,,,,0,100,0,1,0,0
9001.34,47500,47500,46000,47500,44000,45500,46700,0,1.122e+09,2.035e+06,2.037e+06,2.035e+06,2.035e+06,2.035e+06,2.035e+06,793359,917968,1.6e+09,8,19192,153,36,19184,690,8,4816,38,192,19200,3686,52,19192,997,176,4816,847,80,,,,,,,0,100,0,0,0,0
10001.2,47500,47500,46000,47500,44000,45500,46900,0,1.122e+09,2.036e+06,2.035e+06,2.035e+06,2.036e+06,2.035e+06,2.035e+06,793359,917968,1.6e+09,8,19192,153,36,19184,690,8,4816,38,194,19200,3724,52,19192,997,176,4816,847,80,,,,,,,1,100,0,0,1,0
11001.2,47500,47500,46000,47500,44000,45500,46700,0,1.122e+09,1.996e+06,2.034e+06,2.035e+06,1.996e+06,1.997e+06,1.996e+06,793359,898632,1.6e+09,8,19192,153,36,19184,690,12,4816,57,192,19200,3686,52,19192,997,176,4816,847,80,,,,,,,0,100,0,0.990099,0,0
11100.8,,,,,,,,,,,,,,,,,,,,,,,,,,,,,,,,,,,,,,,1,,,,,,,,,,
12001.8,47500,47500,45500,47500,44000,45500,46700,0,1.122e+09,1.998e+06,2.035e+06,2.035e+06,1.996e+06,1.997e+06,1.996e+06,793359,898632,1.6e+09,8,19192,153,36,19184,690,8,4816,38,194,19200,3724,52,19192,997,176,4816,847,80,,,,,,,0,100,0,1,0,0
13001.7,47500,47500,45500,47500,44000,45500,46700,0,1.122e+09,1.997e+06,2.035e+06,2.035e+06,1.996e+06,1.997e+06,1.996e+06,793359,898632,1.6e+09,8,19192,153,36,19184,690,12,4816,57,194,19200,3724,52,19192,997,176,4816,847,80,,,,,,,1,100,0,1.9802,0.990099,0
14001.6,47500,47500,46000,47500,44000,45500,46700,0,1.122e+09,2.035e+06,2.036e+06,2.034e+06,2.035e+06,2.034e+06,2.034e+06,793359,917968,1.6e+09,8,19192,153,36,19184,690,12,4816,57,192,19200,3686,52,19192,997,176,4816,847,80,,,,,,,0,100,0,0,0,1
15001.5,47500,47500,45500,47500,44000,45500,46700,0,1.122e+09,1.996e+06,2.034e+06,2.035e+06,1.997e+06,1.996e+06,1.997e+06,793359,898632,1.6e+09,8,19192,153,36,19184,690,8,4816,38,192,19200,3686,52,19192,997,176,4816,847,80,,,,,,,0,100,0,0.990099,0,0
16001.4,47500,47500,45500,47500,44000,45500,46900,0,1.122e+09,2.035e+06,2.035e+06,2.036e+06,2.035e+06,2.035e+06,2.036e+06,793359,917968,1.6e+09,8,19192,153,36,19184,690,12,4816,57,194,19200,3724,52,19192,997,176,4816,847,80,,,,,,,0,100,0,1.9802,1,1
16604.9,,,,,,,,,,,,,,,,,,,,,,,,,,,,,,,,,,,,,,,2,,,,,,,,,,
17001.3,47500,47500,46000,47500,44000,45500,46700,0,1.122e+09,2.035e+06,2.034e+06,2.034e+06,2.034e+06,2.034e+06,2.035e+06,793359,917968,1.6e+09,8,19192,153,36,19184,690,8,4816,38,194,19200,3724,52,19192,997,176,4816,847,80,,,,,,,1,100,0,1,0,0
18001.3,47500,47500,45500,47500,44000,45500,46900,0,1.122e+09,2.035e+06,2.034e+06,2.036e+06,2.035e+06,2.034e+06,2.034e+06,793359,917968,1.6e+09,8,19192,153,36,19184,690,12,4816,57,192,19200,3686,52,19192,997,176,4816,847,80,,,,,,,0,100,0,0,0,0
19001.3,47500,47500,45500,47500,44000,45250,46700,0,1.122e+09,2.037e+06,2.035e+06,2.034e+06,2.039e+06,2.039e+06,2.044e+06,793359,909375,1.6e+09,8,19192,153,36,19184,690,12,4816,57,194,19200,3724,52,19192,997,176,4816,847,80,,,,,,,0,100,0,1,0,0
20001.2,47500,47500,46000,47500,44000,45500,46900,0,1.122e+09,1.997e+06,2.034e+06,2.034e+06,1.996e+06,1.996e+06,1.996e+06,793359,898632,1.6e+09,8,19192,153,36,19184,690,8,4816,38,194,19200,3724,52,19192,997,176,4816,847,80,,,,,,,0,100,0,1,0,0
21001.2,47500,47500,45500,47500,44000,45250,46700,0,1.122e+09,2.036e+06,2.035e+06,2.034e+06,2.035e+06,2.034e+06,2.034e+06,793359,917968,1.6e+09,8,19192,153,36,19184,690,8,4816,38,192,19200,3686,52,19192,997,176,4816,847,80,,,,,,,0,100,0,0,0,0
22001.1,47500,47500,45500,47500,44000,45250,46700,0,1.122e+09,2.033e+06,2.035e+06,2.035e+06,2.037e+06,2.041e+06,2.043e+06,793359,909375,1.6e+09,8,19192,153,36,19184,690,12,4816,57,192,19200,3686,52,19192,997,176,4816,847,80,,,,,,,1,100,0.990099,2,1.96078,1
22113,,,,,,,,,,,,,,,,,,,,,,,,,,,,,,,,,,,,,,,3,,,,,,,,,,
23000.9,47500,47500,45500,47500,44000,45500,46700,0,1.122e+09,1.996e+06,2.035e+06,2.035e+06,1.996e+06,1.998e+06,1.996e+06,793359,898632,1.6e+09,8,19192,153,36,19184,690,12,4816,38,194,19200,3724,52,19192,997,176,4816,847,80,,,,,,,0,100,0,0,0,0
24001.8,47500,47500,45500,47500,44000,45500,46700,0,1.122e+09,2.03e+06,2.036e+06,2.036e+06,2.036e+06,2.041e+06,2.042e+06,793359,909375,1.6e+09,8,19192,153,36,19184,690,8,4816,38,194,19200,3724,52,19192,997,176,4816,847,80,,,,,,,0,100,0,1,0,0
25001.8,47500,47500,45500,47500,44000,45250,46700,0,1.122e+09,2.035e+06,2.035e+06,2.034e+06,2.035e+06,2.036e+06,2.034e+06,793359,917968,1.6e+09,8,19192,153,36,19184,690,8,4816,38,192,19200,3686,52,19192,997,176,4816,847,80,,,,,,,1.9802,100,0,0,0,0
26001.7,47500,47500,46000,47500,44000,45500,46700,0,1.122e+09,2.035e+06,2.035e+06,2.034e+06,2.034e+06,2.035e+06,2.035e+06,793359,917968,1.6e+09,8,19192,153,36,19184,690,8,4816,38,194,19200,3724,52,19192,997,176,4816,847,80,,,,,,,1,100,0,0.990099,0,0
27001.7,47500,47500,45500,47500,44000,45500,46700,0,1.122e+09,2.035e+06,2.035e+06,2.035e+06,2.034e+06,2.035e+06,2.035e+06,793359,917968,1.6e+09,8,19192,153,36,19184,690,12,4816,57,192,19200,3686,52,19192,997,176,4816,847,80,,,,,,,0,100,0,0,0,0
27621.4,,,,,,,,,,,,,,,,,,,,,,,,,,,,,,,,,,,,,,,4,,,,,,,,,,
28000.8,47500,47500,45500,47500,44000,45500,46700,0,1.122e+09,2.035e+06,2.034e+06,2.035e+06,2.035e+06,2.034e+06,2.036e+06,793359,917968,1.6e+09,8,19192,153,36,19184,690,12,4816,57,194,19200,3724,52,19192,997,176,4816,847,80,,,,,,,0,100,0,2.94118,0,0
29001.4,47500,47500,45500,47500,44000,45250,46700,0,1.122e+09,2.035e+06,2.035e+06,2.034e+06,2.035e+06,2.035e+06,2.035e+06,793359,917968,1.6e+09,8,19192,153,36,19184,690,12,4816,57,192,19200,3686,52,19192,997,176,4816,847,80,,,,,,,0,100,0,1,0,0
30001,47500,47500,46000,47500,44000,45500,46700,0,1.122e+09,2.034e+06,2.035e+06,2.035e+06,2.034e+06,2.035e+06,2.035e+06,793359,917968,1.6e+09,8,19192,153,36,19184,690,12,4816,57,194,19200,3724,52,19192,997,176,4816,847,80,,,,,,,0,100,0,0,0,0
31001.7,47500,47500,45500,47500,44000,45250,46700,0,1.122e+09,1.997e+06,2.035e+06,2.033e+06,1.996e+06,1.997e+06,1.996e+06,793359,898632,1.6e+09,8,19192,153,36,19184,690,8,4816,38,192,19200,3686,52,19192,997,176,4816,847,80,,,,,,,2.91262,100,0,1,0,0
32001.3,47500,47500,45500,47500,44000,45250,46700,0,1.122e+09,2.035e+06,2.035e+06,2.035e+06,2.035e+06,2.034e+06,2.034e+06,793359,917968,1.6e+09,8,19192,153,36,19184,690,8,4816,38,194,19200,3724,52,19192,997,176,4816,847,80,,,,,,,0,100,0,0,0,0
33001.9,47500,47500,45500,47500,44000,45250,46700,0,1.122e+09,1.995e+06,2.034e+06,2.034e+06,1.996e+06,1.998e+06,1.996e+06,793359,898632,1.6e+09,8,19192,153,36,19184,690,12,4816,57,192,19200,3686,52,19192,997,176,4816,847,80,,,,,,,0,100,0,1,0,0
33129.2,,,,,,,,,,,,,,,,,,,,,,,,,,,,,,,,,,,,,,,5,,,,,,,,,,
34001.1,47500,47500,45500,47500,44000,45250,46700,0,1.122e+09,1.997e+06,2.034e+06,2.033e+06,1.998e+06,1.996e+06,1.997e+06,793359,898632,1.6e+09,8,19192,153,36,19184,690,8,4816,38,192,19200,3686,52,19192,997,176,4816,847,80,,,,,,,0,100,0,0.990099,1,0
35001.8,47500,47500,45500,47500,44000,45250,46700,0,1.122e+09,2.035e+06,2.034e+06,2.035e+06,2.035e+06,2.035e+06,2.034e+06,793359,917968,1.6e+09,8,19192,153,36,19184,690,12,4816,57,192,19200,3686,52,19192,997,176,4816,847,80,,,,,,,0,100,0,1,0,0
36001.4,47500,47500,45500,47500,44000,45500,46700,0,1.122e+09,2.035e+06,2.035e+06,2.034e+06,2.034e+06,2.035e+06,2.034e+06,793359,917968,1.6e+09,8,19192,153,36,19184,690,8,4816,38,194,19200,3724,52,19192,997,176,4816,847,80,,,,,,,0,100,0,1,0,0
37001,47500,47500,45500,47500,44000,45250,46700,0,1.122e+09,1.996e+06,2.034e+06,2.035e+06,1.996e+06,1.997e+06,1.996e+06,793359,898632,1.6e+09,8,19192,153,36,19184,690,12,4816,57,194,19200,3724,52,19192,997,176,4816,847,80,,,,,,,1,100,0,1,0,0
38001.6,47500,47500,45500,47500,44000,45250,46700,0,1.122e+09,1.996e+06,2.036e+06,2.034e+06,1.997e+06,1.996e+06,1.996e+06,793359,898632,1.6e+09,8,19192,153,36,19184,690,8,4816,38,194,19200,3724,52,19192,997,176,4816,847,80,,,,,,,1,100,0,0.990099,0,0
38633.3,,,,,,,,,,,,,,,,,,,,,,,,,,,,,,,,,,,,,,,6,,,,,,,,,,
39000.7,47500,47500,45500,47500,44000,45500,46700,0,1.122e+09,1.997e+06,2.035e+06,2.035e+06,1.996e+06,1.996e+06,1.996e+06,793359,898632,1.6e+09,8,19192,153,36,19184,690,12,4816,57,192,19200,3686,52,19192,997,176,4816,847,80,,,,,,,0,100,0,0,0,0
40001.3,47500,47500,45500,47500,44000,45250,46700,0,1.122e+09,1.996e+06,2.035e+06,2.034e+06,1.997e+06,1.995e+06,1.996e+06,793359,898632,1.6e+09,8,19192,153,36,19184,690,12,4816,57,194,19200,3724,52,19192,997,176,4816,847,80,,,,,,,0,100,0.990099,1,0,1
41001.9,47500,47500,45500,47500,44000,45250,46700,0,1.122e+09,2.035e+06,2.034e+06,2.034e+06,2.035e+06,2.034e+06,2.033e+06,793359,917968,1.6e+09,8,19192,153,36,19184,690,8,4816,38,194,19200,3724,52,19192,997,176,4816,847,80,,,,,,,1,100,0,1,0,0
42001.5,47500,47500,45500,47500,44000,45500,46700,0,1.122e+09,2.035e+06,2.034e+06,2.034e+06,2.035e+06,2.035e+06,2.034e+06,793359,917968,1.6e+09,8,19192,153,36,19184,690,8,4816,38,194,19200,3724,52,19192,997,176,4816,847,80,,,,,,,0,100,0,0.990099,0,0
43001.2,47500,47500,46000,47500,44000,45500,46700,0,1.122e+09,2.034e+06,2.035e+06,2.034e+06,2.035e+06,2.034e+06,2.035e+06,793359,917968,1.6e+09,8,19192,153,36,19184,690,8,4816,57,194,19200,3724,52,19192,997,176,4816,847,80,,,,,,,1,100,0,1,0.990099,0
44001.8,47500,47500,45500,47500,44000,45250,46700,0,1.122e+09,1.996e+06,2.035e+06,2.035e+06,1.996e+06,1.995e+06,1.996e+06,793359,898632,1.6e+09,8,19192,153,36,19184,690,8,4816,38,194,19200,3724,52,19192,997,176,4816,847,80,,,,,,,0,100,0,1,0,0
44140.2,,,,,,,,,,,,,,,,,,,,,,,,,,,,,,,,,,,,,,,7,,,,,,,,,,
45000.6,47500,47500,45500,47500,44000,45250,46700,0,1.122e+09,1.997e+06,2.034e+06,2.034e+06,1.996e+06,1.995e+06,1.996e+06,793359,898632,1.6e+09,8,19192,153,36,19184,690,8,4816,38,192,19200,3686,52,19192,997,176,4816,847,80,,,,,,,0,100,0,0.990099,0,0
46001.2,47500,47500,45500,47500,44000,45250,46700,0,1.122e+09,1.996e+06,2.034e+06,2.035e+06,1.996e+06,1.996e+06,1.996e+06,793359,898632,1.6e+09,8,19192,153,36,19184,690,8,4816,38,194,19200,3724,52,19192,997,176,4816,847,80,,,,,,,0,100,0,1.0101,0.990099,1.9802
47001.8,47500,47500,45500,47500,44000,45250,46700,0,1.122e+09,2.035e+06,2.035e+06,2.034e+06,2.034e+06,2.033e+06,2.035e+06,793359,917968,1.6e+09,8,19192,153,36,19184,690,12,4816,57,192,19200,3686,52,19192,997,176,4816,847,80,,,,,,,0,100,0,0,0,0
48001.4,47500,47500,45500,47500,44000,45250,46700,0,1.122e+09,2.035e+06,2.035e+06,2.036e+06,2.035e+06,2.035e+06,2.035e+06,793359,917968,1.6e+09,8,19192,153,36,19184,690,12,4816,57,194,19200,3724,52,19192,997,176,4816,847,80,,,,,,,0,100,0,1,0,0
49001.4,47500,47500,45500,47500,44000,45250,46900,0,1.122e+09,1.997e+06,2.035e+06,2.034e+06,1.996e+06,1.997e+06,1.996e+06,793359,898632,1.6e+09,8,19192,153,36,19184,690,8,4816,38,194,19200,3724,52,19192,997,176,4816,847,80,,,,,,,1,100,0,1.9802,0,0.990099
49645.8,,,,,,,,,,,,,,,,,,,,,,,,,,,,,,,,,,,,,,,8,,,,,,,,,,
50001.2,47500,47500,45500,47500,44000,45250,46900,0,1.122e+09,2.034e+06,2.035e+06,2.034e+06,2.035e+06,2.035e+06,2.035e+06,793359,917968,1.6e+09,8,19192,153,36,19184,690,12,4816,57,192,19200,3686,52,19192,997,176,4816,847,80,,,,,,,0,100,0,1,0,0
51001.8,47500,47500,46000,47500,44000,45250,46900,0,1.122e+09,1.997e+06,2.035e+06,2.035e+06,1.997e+06,1.997e+06,1.997e+06,793359,898632,1.6e+09,8,19192,153,36,19184,690,8,4816,38,192,19200,3686,52,19192,997,176,4816,847,80,,,,,,,0.990099,100,0,1,0,0
52001.4,47500,47500,46000,47500,44000,45250,46900,0,1.122e+09,2.034e+06,2.034e+06,2.036e+06,2.035e+06,2.035e+06,2.035e+06,793359,917968,1.6e+09,8,19192,153,36,19184,690,8,4816,38,192,19200,3686,52,19192,997,176,4816,847,80,,,,,,,0,100,1,2.94118,1.9802,0
53001,47500,47500,45500,47500,44000,45500,46900,0,1.122e+09,2.036e+06,2.034e+06,2.036e+06,2.034e+06,2.034e+06,2.035e+06,793359,917968,1.6e+09,8,19192,153,36,19184,690,8,4816,38,192,19200,3686,52,19192,997,176,4816,847,80,,,,,,,0.990099,100,0,0,0,0
54001.5,47500,47500,45500,47500,44000,45250,46900,0,1.122e+09,2.028e+06,2.035e+06,2.035e+06,2.03e+06,2.035e+06,2.033e+06,793359,909375,1.6e+09,8,19192,153,36,19184,690,8,4816,38,194,19200,3724,52,19192,997,176,4816,847,80,,,,,,,0,100,0,0,0,0.990099
55001.1,47500,47500,45500,47500,44000,45250,46700,0,1.122e+09,1.997e+06,2.034e+06,2.035e+06,1.997e+06,1.996e+06,1.996e+06,793359,898632,1.6e+09,8,19192,153,36,19184,690,12,4816,57,194,19200,3724,52,19192,997,176,4816,847,80,,,,,,,0,100,0,1,0,0
55153.3,,,,,,,,,,,,,,,,,,,,,,,,,,,,,,,,,,,,,,,9,,,,,,,,,,
56001.2,47500,47500,45500,47500,44000,45250,46700,0,1.122e+09,1.996e+06,2.035e+06,2.034e+06,1.997e+06,1.997e+06,1.997e+06,793359,898632,1.6e+09,8,19192,153,36,19184,690,8,4816,38,194,19200,3724,52,19192,997,176,4816,847,80,,,,,,,0,100,0,0,0,0
57001.8,47500,47500,45500,47500,44000,45250,46700,0,1.122e+09,1.998e+06,2.035e+06,2.035e+06,1.996e+06,1.997e+06,1.996e+06,793359,898632,1.6e+09,8,19192,153,36,19184,690,8,4816,38,192,19200,3686,52,19192,997,176,4816,847,80,,,,,,,0,100,0,1,0,0
58001.4,47500,47500,45500,47500,44000,45250,46700,0,1.122e+09,2.027e+06,2.035e+06,2.035e+06,2.033e+06,2.03e+06,2.029e+06,793359,909375,1.6e+09,8,19192,153,36,19184,690,8,4816,38,194,19200,3724,52,19192,997,176,4816,847,80,,,,,,,1,100,0,1,0.990099,0
59001,47500,47500,46000,47500,44000,45000,46700,0,1.122e+09,2.036e+06,2.035e+06,2.035e+06,2.034e+06,2.035e+06,2.035e+06,793359,917968,1.6e+09,8,19192,153,36,19184,690,12,4816,57,192,19200,3686,52,19192,997,176,4816,847,80,,,,,,,0,100,0,1,0,0
60001.6,47500,47500,46000,47500,44000,45250,46700,0,1.122e+09,2.029e+06,2.035e+06,2.036e+06,2.033e+06,2.035e+06,2.033e+06,793359,909375,1.6e+09,8,19192,153,36,19184,690,12,4816,57,192,19200,3686,52,19192,997,176,4816,847,80,,,,,,,0,100,0,0,0,0
60660.2,,,,,,,,,,,,,,,,,,,,,,,,,,,,,,,,,,,,,,,10,,,,,,,,,,
61000.6,47500,47500,46000,47500,44000,45250,46400,0,1.122e+09,2.035e+06,2.035e+06,2.035e+06,2.034e+06,2.035e+06,2.034e+06,793359,917968,1.6e+09,8,19192,153,36,19184,690,8,4816,38,194,19200,3724,52,19192,997,176,4816,847,80,,,,,,,1.9802,100,0,1.9802,1,0.990099
62001.1,47500,47500,46000,47500,44000,45250,46700,0,1.122e+09,1.997e+06,2.035e+06,2.035e+06,1.997e+06,1.996e+06,1.996e+06,793359,898632,1.6e+09,8,19192,153,36,19184,690,12,4816,57,194,19200,3724,52,19192,997,176,4816,847,80,,,,,,,0,100,0,0,0,0
63001.8,47500,47500,45500,47500,44000,45250,46700,0,1.122e+09,2.027e+06,2.035e+06,2.035e+06,2.029e+06,2.032e+06,2.03e+06,793359,909375,1.6e+09,8,19192,153,36,19184,690,12,4816,57,192,19200,3686,52,19192,997,176,4816,847,80,,,,,,,0,100,0,1,0,0
64001.4,47500,47500,46000,47500,44000,45250,46700,0,1.122e+09,1.997e+06,2.035e+06,2.034e+06,1.996e+06,1.997e+06,1.996e+06,793359,898632,1.6e+09,8,19192,153,36,19184,690,8,4816,38,192,19200,3724,52,19192,997,176,4816,847,80,,,,,,,0,100,0,1,1,1
65001.9,47500,47500,45500,47500,44000,45250,46700,0,1.122e+09,2.035e+06,2.035e+06,2.035e+06,2.035e+06,2.034e+06,2.034e+06,793359,917968,1.6e+09,8,19192,153,36,19184,690,12,4816,57,192,19200,3686,52,19192,997,176,4816,847,80,,,,,,,0,100,0,0,0,0
66001.5,47000,47000,45500,47000,44000,45250,46700,0,1.122e+09,1.997e+06,2.033e+06,2.035e+06,1.997e+06,1.996e+06,1.994e+06,793359,898632,1.6e+09,8,19192,153,36,19184,690,12,4816,57,194,19200,3724,52,19192,997,176,4816,847,80,,,,,,,0,100,0,1.9802,0.990099,0
66165.8,,,,,,,,,,,,,,,,,,,,,,,,,,,,,,,,,,,,,,,11,,,,,,,,,,
67001.7,47500,47500,45500,47500,44000,45250,46700,0,1.122e+09,1.997e+06,2.034e+06,2.035e+06,1.996e+06,1.996e+06,1.997e+06,793359,898632,1.6e+09,8,19192,153,36,19184,690,12,4816,57,194,19200,3724,52,19192,997,176,4808,846,80,,,,,,,0,100,0.990099,0,0,0.990099
68001.3,47500,47500,45500,47500,44000,45250,46700,0,1.122e+09,2.035e+06,2.035e+06,2.035e+06,2.035e+06,2.034e+06,2.036e+06,793359,917968,1.6e+09,8,19192,153,36,19184,690,12,4816,57,194,19200,3724,52,19192,997,176,4816,847,80,,,,,,,0,100,0,0,0.990099,0
69002,47500,47500,45500,47500,44000,45250,46700,0,1.122e+09,2.022e+06,2.035e+06,2.036e+06,2.029e+06,2.027e+06,2.028e+06,793359,909375,1.6e+09,8,19192,153,36,19184,690,8,4816,38,192,19200,3686,52,19192,997,176,4816,847,80,,,,,,,0,100,0,0,0,0
70001.5,47500,47500,45500,47500,44000,45250,46700,0,1.122e+09,1.997e+06,2.035e+06,2.035e+06,1.996e+06,1.996e+06,1.996e+06,793359,898632,1.6e+09,8,19192,153,36,19184,690,12,4816,57,194,19200,3724,52,19192,997,176,4816,847,80,,,,,,,0,100,0,1.9802,1,0
71001.2,47500,47500,45500,47500,44000,45250,46700,0,1.122e+09,2.035e+06,2.035e+06,2.036e+06,2.034e+06,2.035e+06,2.035e+06,793359,917968,1.6e+09,8,19192,153,36,19184,690,8,4816,38,192,19200,3686,52,19192,997,176,4816,847,80,,,,,,,0,100,0,1.9802,0,0
71670.5,,,,,,,,,,,,,,,,,,,,,,,,,,,,,,,,,,,,,,,12,,,,,,,,,,
72000.9,47000,47000,45500,47000,44000,45250,46700,0,1.122e+09,1.997e+06,2.035e+06,2.035e+06,1.996e+06,1.996e+06,1.997e+06,793359,917968,1.6e+09,8,19192,153,36,19184,690,8,4816,38,194,19200,3724,52,19192,997,176,4816,847,80,,,,,,,0,100,0,0,0,0
73001.5,47500,47500,45500,47500,44000,45250,46700,0,1.122e+09,2.035e+06,2.035e+06,2.034e+06,2.036e+06,2.035e+06,2.034e+06,793359,917968,1.6e+09,8,19192,153,36,19184,690,12,4816,57,194,19200,3724,52,19192,997,176,4816,847,80,,,,,,,0,100,0,1,0,1.96078
74001.1,47000,47000,45500,47000,44000,45250,46700,0,1.122e+09,2.034e+06,2.036e+06,2.035e+06,2.035e+06,2.035e+06,2.035e+06,793359,917968,1.6e+09,8,19192,153,36,19184,690,8,4816,38,192,19200,3686,52,19192,997,176,4816,847,80,,,,,,,0,100,0,1,0,0
75001.7,47500,47500,45500,47500,44000,45250,46700,0,1.122e+09,2.024e+06,2.035e+06,2.036e+06,2.027e+06,2.03e+06,2.029e+06,793359,909375,1.6e+09,8,19192,153,36,19184,690,12,4816,57,192,19200,3686,52,19192,997,176,4816,847,80,,,,,,,0,100,0,0,0,0
76001.3,47500,47500,45500,47500,44000,45250,46700,0,1.122e+09,2.035e+06,2.035e+06,2.035e+06,2.036e+06,2.036e+06,2.035e+06,793359,917968,1.6e+09,8,19192,153,36,19184,690,8,4816,38,194,19200,3724,52,19192,997,176,4816,847,80,,,,,,,1,100,0,1,0,0
77001.9,47500,47500,45500,47500,44000,45250,46700,0,1.122e+09,2.024e+06,2.034e+06,2.035e+06,2.03e+06,2.027e+06,2.029e+06,793359,909375,1.6e+09,8,19192,153,36,19184,690,12,4816,57,192,19200,3686,52,19192,997,176,4808,846,80,,,,,,,0,100,0,1,0,0
77177.2,,,,,,,,,,,,,,,,,,,,,,,,,,,,,,,,,,,,,,,13,,,,,,,,,,
78001,47500,47500,45500,47500,44000,45250,46700,22,1.122e+09,2.035e+06,2.035e+06,2.035e+06,2.034e+06,2.034e+06,2.034e+06,793359,917968,1.6e+09,8,19192,153,36,19184,690,8,4816,38,194,19200,3724,52,19192,997,176,4816,847,80,,,,,,,0,100,0,0,0,0
79001.6,47500,47500,45500,47500,44000,45250,46700,0,1.122e+09,1.996e+06,2.035e+06,2.035e+06,1.997e+06,1.997e+06,1.996e+06,793359,898632,1.6e+09,8,19192,153,36,19184,690,12,4816,57,194,19200,3724,52,19192,997,176,4816,847,80,,,,,,,0,100,0,1,0,0
80001.2,47500,47500,45500,47500,44000,45250,46400,44,1.122e+09,2.035e+06,2.036e+06,2.034e+06,2.034e+06,2.035e+06,2.035e+06,793359,917968,1.6e+09,8,19192,153,36,19184,690,8,4816,38,194,19200,3724,52,19192,997,176,4816,847,80,,,,,,,0,100,0,1,0.990099,0
81001.8,47000,47000,45500,47000,44000,45000,46700,0,1.122e+09,2.036e+06,2.034e+06,2.035e+06,2.035e+06,2.035e+06,2.034e+06,793359,917968,1.6e+09,8,19192,153,36,19184,690,8,4816,38,192,19200,3686,52,19192,997,176,4816,847,80,,,,,,,0,100,0,0,0,0
82001.4,47000,47000,45500,47000,44000,45250,46400,0,1.122e+09,2.035e+06,2.036e+06,2.034e+06,2.035e+06,2.036e+06,2.035e+06,793359,917968,1.6e+09,8,19192,153,36,19184,690,12,4816,57,194,19200,3724,52,19192,997,176,4816,847,80,,,,,,,1,100,0,1.9802,1,0.990099
82682.2,,,,,,,,,,,,,,,,,,,,,,,,,,,,,,,,,,,,,,,14,,,,,,,,,,
83000.6,47500,47500,45500,47500,44000,45250,46700,0,1.122e+09,1.996e+06,2.034e+06,2.035e+06,1.996e+06,1.995e+06,1.996e+06,793359,898632,1.6e+09,8,19192,153,36,19184,690,8,4816,38,192,19200,3686,52,19192,997,176,4816,847,80,,,,,,,0,100,0,0,0,0
84001.2,47500,47500,45500,47500,44000,45250,46400,44,1.122e+09,1.998e+06,2.036e+06,2.034e+06,1.996e+06,1.996e+06,1.996e+06,793359,898632,1.6e+09,8,19192,153,36,19184,690,12,4816,57,194,19200,3724,52,19192,997,176,4816,847,80,,,,,,,0,100,0,1,0,0
85001.9,47500,47500,45500,47500,44000,45250,46700,0,1.122e+09,1.997e+06,2.035e+06,2.035e+06,1.997e+06,1.997e+06,1.997e+06,793359,898632,1.6e+09,8,19192,153,36,19184,690,12,4816,57,192,19200,3686,52,19192,997,176,4816,847,80,,,,,,,0,100,0,1.9802,1,0
86001.5,47000,47000,45500,47000,44000,45000,46400,44,1.122e+09,2.027e+06,2.035e+06,2.035e+06,2.029e+06,2.03e+06,2.033e+06,793359,909375,1.6e+09,8,19192,153,36,19184,690,12,4816,57,194,19200,3724,52,19192,997,176,4816,847,80,,,,,,,0,100,0,0,0,0
87001.1,47500,47500,45500,47500,43000,45250,46700,0,1.122e+09,2.03e+06,2.034e+06,2.034e+06,2.029e+06,2.033e+06,2.027e+06,793359,898632,1.6e+09,8,19192,153,36,19184,690,8,4816,38,192,19200,3686,52,19192,997,176,4816,847,80,,,,,,,0,100,0,0,0,0
88001.7,47000,47000,45500,47000,44000,45250,46400,0,1.122e+09,2.028e+06,2.036e+06,2.036e+06,2.03e+06,2.032e+06,2.028e+06,793359,909375,1.6e+09,8,19192,153,36,19184,690,12,4816,57,192,19200,3686,52,19192,997,176,4816,847,80,,,,,,,1,100,0,1,0,0
88188.8,,,,,,,,,,,,,,,,,,,,,,,,,,,,,,,,,,,,,,,15,,,,,,,,,,
89001.7,47500,47500,45500,47500,43000,45250,46400,0,1.122e+09,2.035e+06,2.035e+06,2.035e+06,2.035e+06,2.034e+06,2.035e+06,793359,917968,1.6e+09,8,19192,153,36,19184,690,12,4816,38,194,19200,3724,52,19192,997,176,4816,847,80,,,,,,,0,100,0,1,0.990099,0
90000.6,47500,47500,45500,47500,43000,45000,46700,0,1.122e+09,2.035e+06,2.035e+06,2.035e+06,2.036e+06,2.034e+06,2.034e+06,793359,917968,1.6e+09,8,19192,153,36,19184,690,12,4816,57,194,19200,3724,52,19192,997,176,4816,847,80,,,,,,,0,100,0,1,1,0
91001.4,47000,47000,45500,47000,43000,45250,46700,0,1.122e+09,1.997e+06,2.035e+06,2.034e+06,1.996e+06,1.997e+06,1.996e+06,793359,898632,1.6e+09,8,19192,153,36,19184,690,8,4816,38,192,19200,3686,52,19192,997,176,4816,847,80,,,,,,,1,100,0.990099,1,0,0
92001,47500,47500,45500,47500,43000,45250,46700,0,1.122e+09,2.034e+06,2.034e+06,2.036e+06,2.035e+06,2.035e+06,2.035e+06,793359,917968,1.6e+09,8,19192,153,36,19184,690,8,4816,38,192,19200,3686,52,19192,997,176,4816,847,80,,,,,,,0,100,0,1,0,0
93001.9,47000,47000,45500,47000,43000,45000,46700,0,1.122e+09,2.036e+06,2.035e+06,2.035e+06,2.035e+06,2.035e+06,2.035e+06,793359,917968,1.6e+09,8,19192,153,36,19184,690,12,4816,57,192,19200,3686,52,19192,997,176,4816,847,80,,,,,,,0,100,0,0,0.990099,0
93696.9,,,,,,,,,,,,,,,,,,,,,,,,,,,,,,,,,,,,,,,16,,,,,,,,,,
94000.3,47500,47500,45500,47500,43000,45250,46400,0,1.122e+09,1.995e+06,2.035e+06,2.036e+06,1.996e+06,1.996e+06,1.996e+06,793359,898632,1.6e+09,8,19192,153,36,19184,690,8,4816,38,192,19200,3686,52,19192,997,176,4816,847,80,,,,,,,0,100,0,1.9802,0,1
95001.9,47000,47000,45500,47000,43000,45000,46700,0,1.122e+09,2.034e+06,2.035e+06,2.035e+06,2.035e+06,2.035e+06,2.035e+06,793359,917968,1.6e+09,8,19192,153,36,19184,690,8,4816,38,192,19200,3686,52,19192,997,176,4816,847,80,,,,,,,0,100,0,0,0,0
96001.5,47500,47500,45500,47500,43000,45250,46400,0,1.122e+09,2.035e+06,2.034e+06,2.035e+06,2.035e+06,2.036e+06,2.034e+06,793359,917968,1.6e+09,8,19192,153,36,19184,690,12,4816,57,192,19200,3686,52,19192,997,176,4808,846,80,,,,,,,0,100,0,0.990099,0,0
97001.2,47500,47500,45500,47500,43000,45000,46400,0,1.122e+09,1.998e+06,2.035e+06,2.034e+06,1.996e+06,1.995e+06,1.996e+06,793359,898632,1.6e+09,8,19192,153,36,19184,690,12,4816,57,194,19200,3724,52,19192,997,176,4816,847,80,,,,,,,0,100,0,1,1,1
98001.8,47000,47000,45500,47000,43000,45000,46700,0,1.122e+09,1.996e+06,2.035e+06,2.035e+06,1.997e+06,1.995e+06,1.996e+06,793359,898632,1.6e+09,8,19192,153,36,19184,690,12,4816,57,192,19200,3686,52,19192,997,176,4808,846,80,,,,,,,0,100,0,0,0,0
99001.4,47000,47000,45500,47000,43000,45250,46400,0,1.122e+09,2.035e+06,2.035e+06,2.037e+06,2.035e+06,2.036e+06,2.035e+06,793359,917968,1.6e+09,8,19192,153,36,19184,690,12,4816,57,192,19200,3686,52,19192,997,176,4816,847,80,,,,,,,0,100,0,1,0,0
99203.6,,,,,,,,,,,,,,,,,,,,,,,,,,,,,,,,,,,,,,,17,,,,,,,,,,
100001,47000,47000,45500,47000,43000,45000,46400,0,1.122e+09,1.997e+06,2.034e+06,2.035e+06,1.996e+06,1.996e+06,1.996e+06,793359,898632,1.6e+09,8,19192,153,36,19184,690,8,4816,38,192,19200,3686,52,19192,997,176,4816,847,80,,,,,,,1,100,0,0.990099,1,0
101001,47000,47000,45500,47000,43000,45000,46400,0,1.122e+09,1.996e+06,2.035e+06,2.035e+06,1.996e+06,1.996e+06,1.997e+06,793359,898632,1.6e+09,8,19192,153,36,19184,690,12,4816,57,192,19200,3686,52,19192,997,176,4816,847,80,,,,,,,1,100,0,1,0,0
102002,47000,47000,45500,47000,43000,45000,46400,0,1.122e+09,1.996e+06,2.035e+06,2.035e+06,1.996e+06,1.996e+06,1.996e+06,793359,898632,1.6e+09,8,19192,153,36,19184,690,12,4816,57,194,19200,3724,52,19192,997,176,4816,847,80,,,,,,,0,100,0,0,0,0
103001,47000,47000,45500,47000,43000,45000,46400,0,1.122e+09,1.998e+06,2.034e+06,2.035e+06,1.996e+06,1.996e+06,1.995e+06,793359,898632,1.6e+09,8,19192,153,36,19184,690,12,4816,38,194,19200,3724,52,19192,997,176,4816,847,80,,,,,,,1.0101,100,0,1.9802,0,0
104002,47000,47000,45500,47000,43000,45000,46400,0,1.122e+09,1.997e+06,2.034e+06,2.035e+06,1.996e+06,1.996e+06,1.996e+06,793359,898632,1.6e+09,8,19192,153,36,19184,690,8,4816,38,192,19200,3686,52,19192,997,176,4816,847,80,,,,,,,0,100,0,0.990099,0,0
104710,,,,,,,,,,,,,,,,,,,,,,,,,,,,,,,,,,,,,,,18,,,,,,,,,,
105000,47000,47000,45500,47000,43000,45000,46400,0,1.122e+09,2.035e+06,2.035e+06,2.035e+06,2.034e+06,2.035e+06,2.035e+06,793359,917968,1.6e+09,8,19192,153,36,19184,690,12,4816,57,192,19200,3686,52,19192,997,176,4816,847,80,,,,,,,0,100,0,1,0,0
106001,47000,47000,45500,47000,43000,45000,46400,0,1.122e+09,2.033e+06,2.036e+06,2.035e+06,2.039e+06,2.039e+06,2.038e+06,793359,909375,1.6e+09,8,19192,153,36,19184,690,8,4816,38,192,19200,3686,52,19192,997,176,4816,847,80,,,,,,,0,100,0,0,0,0.990099
107002,47000,47000,45500,47000,43000,45000,46400,0,1.122e+09,2.034e+06,2.036e+06,2.034e+06,2.035e+06,2.035e+06,2.035e+06,793359,917968,1.6e+09,8,19192,153,36,19184,690,8,4816,38,194,19200,3724,52,19192,997,176,4816,847,80,,,,,,,0.990099,100,0,0.990099,0,0
108001,47000,47000,45500,47000,43000,45000,46400,0,1.122e+09,2.035e+06,2.035e+06,2.035e+06,2.035e+06,2.034e+06,2.035e+06,793359,917968,1.6e+09,8,19192,153,36,19184,690,8,4816,38,192,19200,3686,52,19192,997,176,4816,847,80,,,,,,,0,100,0,1.9802,0,0
109001,47000,47000,45500,47000,43000,45000,46400,0,1.122e+09,2.034e+06,2.033e+06,2.035e+06,2.035e+06,2.036e+06,2.035e+06,793359,917968,1.6e+09,8,19192,153,36,19184,690,8,4816,38,192,19200,3686,52,19192,997,176,4816,847,80,,,,,,,0.990099,100,0,1,1,0
110001,47000,47000,45500,47000,43000,45000,46400,0,1.122e+09,2.03e+06,2.036e+06,2.035e+06,2.031e+06,2.03e+06,2.03e+06,793359,909375,1.6e+09,8,19192,153,36,19184,690,8,4816,38,192,19200,3686,52,19192,997,176,4816,847,80,,,,,,,0,100,0,0,0,0
110217,,,,,,,,,,,,,,,,,,,,,,,,,,,,,,,,,,,,,,,19,,,,,,,,,,
111002,47000,47000,45500,47000,43000,45000,46400,0,1.122e+09,2.027e+06,2.035e+06,2.036e+06,2.032e+06,2.033e+06,2.036e+06,793359,909375,1.6e+09,8,19192,153,36,19184,690,8,4816,38,194,19200,3724,52,19192,997,176,4816,847,80,,,,,,,0,100,0,1.0101,0,0
112001,47000,47000,45500,47000,43000,45000,46400,0,1.122e+09,1.997e+06,2.035e+06,2.036e+06,1.997e+06,1.996e+06,1.996e+06,793359,898632,1.6e+09,8,19192,153,36,19184,690,8,4816,57,192,19200,3686,52,19192,997,176,4816,847,80,,,,,,,0,100,0,1.9802,0,0
113001,47000,47000,45500,47000,43000,45000,46400,0,1.122e+09,1.995e+06,2.035e+06,2.034e+06,1.997e+06,1.997e+06,1.997e+06,793359,898632,1.6e+09,8,19192,153,36,19184,690,12,4816,57,192,19200,3686,52,19192,997,176,4816,847,80,,,,,,,0,100,0,1,0.990099,0
114002,47000,47000,45500,47000,43000,45000,46400,0,1.122e+09,2.035e+06,2.034e+06,2.035e+06,2.036e+06,2.036e+06,2.034e+06,793359,917968,1.6e+09,8,19192,153,36,19184,690,8,4816,38,192,19200,3686,52,19192,997,176,4816,847,80,,,,,,,0,100,0,0,0,0
115001,47000,47000,45500,47000,43000,45250,46700,0,1.122e+09,1.997e+06,2.034e+06,2.034e+06,1.996e+06,1.997e+06,1.997e+06,793359,898632,1.6e+09,8,19192,153,36,19184,690,12,4816,57,194,19200,3724,52,19192,997,176,4816,847,80,,,,,,,1,100,1,1,1,1
115724,,,,,,,,,,,,,,,,,,,,,,,,,,,,,,,,,,,,,,,20,,,,,,,,,,
116001,47000,47000,45500,47000,43000,45000,46400,0,1.122e+09,2.035e+06,2.036e+06,2.036e+06,2.035e+06,2.035e+06,2.035e+06,793359,917968,1.6e+09,8,19192,153,36,19184,690,8,4816,38,192,19200,3686,52,19192,997,176,4816,847,80,,,,,,,0,100,0,0,0,0
117001,47000,47000,45500,47000,43000,45000,46400,0,1.122e+09,2.028e+06,2.034e+06,2.034e+06,2.033e+06,2.032e+06,2.03e+06,793359,909375,1.6e+09,8,19192,153,36,19184,690,8,4816,38,192,19200,3686,52,19192,997,176,4816,847,80,,,,,,,0,100,0,1,0,0
118002,47000,47000,45500,47000,43000,45000,46400,0,1.122e+09,2.035e+06,2.035e+06,2.034e+06,2.034e+06,2.034e+06,2.034e+06,793359,917968,1.6e+09,8,19192,153,36,19184,690,12,4816,57,192,19200,3686,52,19192,997,176,4816,847,80,,,,,,,0.990099,100,0,0,0,0.990099
119002,47000,47000,45500,47000,43000,45000,46200,0,1.122e+09,2.036e+06,2.034e+06,2.036e+06,2.034e+06,2.036e+06,2.035e+06,793359,917968,1.6e+09,8,19192,153,36,19184,690,8,4816,38,194,19200,3724,52,19192,997,176,4816,847,80,,,,,,,0,100,0,1.9802,0,0
120001,47000,47000,45500,47000,43000,45000,46200,0,1.122e+09,2.025e+06,1.814e+06,2.035e+06,2.032e+06,2.029e+06,2.032e+06,793359,909375,1.6e+09,8,19192,153,36,19184,690,12,4816,57,192,19200,3686,52,19192,997,176,4816,847,80,,,,,,,1,100,0,0,0,0
121001,47000,47000,45000,47000,43000,45000,46200,0,1.122e+09,1.998e+06,2.035e+06,2.035e+06,1.997e+06,1.996e+06,1.996e+06,793359,917968,1.6e+09,8,19192,153,36,19184,690,12,4816,57,194,19200,3724,52,19192,997,176,4816,847,80,,,,,,,0,100,0,1,0.990099,0
121231,,,,,,,,,,,,,,,,,,,,,,,,,,,,,,,,,,,,,,,21,,,,,,,,,,
122002,47000,47000,45500,47000,43000,45250,46400,0,1.122e+09,1.996e+06,2.035e+06,2.035e+06,1.996e+06,1.996e+06,1.996e+06,793359,898632,1.6e+09,8,19192,153,36,19184,690,8,4816,57,192,19200,3686,52,19192,997,176,4816,847,80,,,,,,,0,100,0,0,0,0
123001,47000,47000,45500,47000,43000,45000,46400,0,1.122e+09,2.035e+06,2.035e+06,2.034e+06,2.036e+06,2.036e+06,2.036e+06,793359,917968,1.6e+09,8,19192,153,36,19184,690,8,4816,38,192,19200,3686,52,19192,997,176,4816,847,80,,,,,,,0.990099,100,0,0,0,0
124001,47000,47000,45500,47000,43000,45000,46400,0,1.122e+09,2.034e+06,2.035e+06,2.035e+06,2.034e+06,2.036e+06,2.035e+06,793359,917968,1.6e+09,8,19192,153,36,19184,690,12,4816,57,194,19200,3724,52,19192,997,176,4816,847,80,,,,,,,0,100,0,1.9802,0.990099,0
125002,47000,47000,45500,47000,43000,45000,46400,0,1.122e+09,2.034e+06,2.034e+06,2.034e+06,2.034e+06,2.034e+06,2.035e+06,793359,917968,1.6e+09,8,19192,153,36,19184,690,12,4816,57,194,19200,3724,52,19192,997,176,4816,847,80,,,,,,,0,100,0,0,0,0
126002,47000,47000,45500,47000,43000,45000,46400,0,1.122e+09,1.997e+06,2.034e+06,2.034e+06,1.997e+06,1.997e+06,1.997e+06,793359,898632,1.6e+09,8,19192,153,36,19184,690,12,4816,38,192,19200,3686,52,19192,997,176,4808,846,80,,,,,,,0,100,0,1,0,0
126739,,,,,,,,,,,,,,,,,,,,,,,,,,,,,,,,,,,,,,,22,,,,,,,,,,
127001,47000,47000,45500,47000,43000,45000,46400,0,1.122e+09,2.035e+06,2.034e+06,2.035e+06,2.035e+06,2.035e+06,2.035e+06,793359,917968,1.6e+09,8,19192,153,36,19184,690,12,4816,57,194,19200,3724,52,19192,997,176,4816,847,80,,,,,,,1.9802,100,0.990099,1.0101,0.990099,0
128002,47000,47000,45500,47000,43000,45000,46400,0,1.122e+09,1.997e+06,2.034e+06,2.034e+06,1.996e+06,1.996e+06,1.997e+06,793359,898632,1.6e+09,8,19192,153,36,19184,690,8,4816,38,192,19200,3686,52,19192,997,176,4816,847,80,,,,,,,0,100,0,0,0,0
129001,47000,47000,45500,47000,43000,45000,46400,0,1.122e+09,1.997e+06,2.034e+06,2.034e+06,1.998e+06,1.996e+06,1.996e+06,793359,898632,1.6e+09,8,19192,153,36,19184,690,12,4816,57,192,19200,3686,52,19192,997,176,4816,847,80,,,,,,,0,100,0,1.9802,1,0
130001,47000,47000,45500,47000,43000,45000,46400,0,1.122e+09,1.998e+06,2.035e+06,2.035e+06,1.996e+06,1.996e+06,1.996e+06,793359,898632,1.6e+09,8,19192,153,36,19184,690,8,4816,38,192,19200,3686,52,19192,997,176,4816,847,80,,,,,,,0,100,0,1.9802,0,0.990099
131002,47000,47000,45500,47000,43000,45000,46400,0,1.122e+09,1.997e+06,2.035e+06,2.035e+06,1.997e+06,1.996e+06,1.996e+06,793359,898632,1.6e+09,8,19192,153,36,19184,690,8,4816,38,194,19200,3724,52,19192,997,176,4816,846,80,,,,,,,0,100,0,0,0,0
132002,47000,47000,45500,47000,43000,45000,46400,0,1.122e+09,1.998e+06,2.035e+06,2.035e+06,1.996e+06,1.997e+06,1.996e+06,793359,898632,1.6e+09,8,19192,153,36,19184,690,8,4816,38,192,19200,3686,52,19192,997,176,4816,847,80,,,,,,,0,100,0,1,0,0
132245,,,,,,,,,,,,,,,,,,,,,,,,,,,,,,,,,,,,,,,23,,,,,,,,,,
133001,47000,47000,45500,47000,43000,45000,46400,0,1.122e+09,1.997e+06,2.036e+06,2.035e+06,1.997e+06,1.996e+06,1.997e+06,793359,898632,1.6e+09,8,19192,153,36,19184,690,8,4816,38,194,19200,3724,52,19192,997,176,4816,847,80,,,,,,,1,100,0,0,0.990099,0
134001,47000,47000,45500,47000,43000,45000,46400,0,1.122e+09,1.996e+06,2.035e+06,2.035e+06,1.996e+06,1.996e+06,1.997e+06,793359,898632,1.6e+09,8,19192,153,36,19184,690,12,4816,57,192,19200,3686,52,19192,997,176,4816,847,80,,,,,,,0,100,0,0.990099,0,0
135001,47000,47000,45500,47000,43000,45000,46400,0,1.122e+09,1.996e+06,2.035e+06,2.035e+06,1.996e+06,1.996e+06,1.997e+06,793359,898632,1.6e+09,8,19192,153,36,19184,690,8,4816,38,192,19200,3686,52,19192,997,176,4816,847,80,,,,,,,0,100,0,0,0,0
136002,47000,47000,45500,47000,43000,45000,46400,0,1.122e+09,2.035e+06,2.034e+06,2.035e+06,2.035e+06,2.035e+06,2.034e+06,793359,917968,1.6e+09,8,19192,153,36,19184,690,12,4816,57,192,19200,3686,52,19192,997,176,4816,847,80,,,,,,,0,100,0,1.0101,0,1
137002,47000,47000,45500,47000,43000,45000,46400,0,1.122e+09,2.035e+06,2.034e+06,2.035e+06,2.035e+06,2.036e+06,2.035e+06,793359,917968,1.6e+09,8,19192,153,36,19184,690,8,4816,38,194,19200,3724,52,19192,997,176,4816,847,80,,,,,,,0,100,0,1,0,0
137750,,,,,,,,,,,,,,,,,,,,,,,,,,,,,,,,,,,,,,,24,,,,,,,,,,
138001,47000,47000,45500,47000,43000,45000,46400,0,1.122e+09,2.034e+06,2.036e+06,2.035e+06,2.035e+06,2.036e+06,2.034e+06,793359,917968,1.6e+09,8,19192,153,36,19184,690,8,4816,38,192,19200,3686,52,19192,997,176,4816,847,80,,,,,,,0,100,0,1.96078,0,0.990099
139001,47000,47000,45500,47000,43000,45000,46400,0,1.122e+09,2.035e+06,2.035e+06,2.034e+06,2.036e+06,2.034e+06,2.035e+06,793359,898632,1.6e+09,8,19192,153,36,19184,690,12,4816,57,194,19200,3724,52,19192,997,176,4816,847,80,,,,,,,1,100,0,1.0101,0,0
140001,47000,47000,45500,47000,43000,45000,46400,0,1.122e+09,2.036e+06,2.035e+06,2.035e+06,2.034e+06,2.034e+06,2.035e+06,793359,909375,1.6e+09,8,19192,153,36,19184,690,8,4816,38,192,19200,3686,52,19192,997,176,4808,846,80,,,,,,,0,100,0,0,0,0
141002,47000,47000,45500,47000,43000,45000,46400,0,1.122e+09,2.036e+06,2.035e+06,2.035e+06,2.034e+06,2.035e+06,2.035e+06,793359,917968,1.6e+09,8,19192,153,36,19184,690,8,4816,38,192,19200,3686,52,19192,997,176,4816,847,80,,,,,,,0,100,0,1,0,0
142001,47000,47000,45000,47000,43000,45000,46400,0,1.122e+09,2.034e+06,2.035e+06,2.035e+06,2.036e+06,2.035e+06,2.035e+06,793359,917968,1.6e+09,8,19192,153,36,19184,690,12,4816,57,192,19200,3686,52,19192,997,176,4816,847,80,,,,,,,1.9802,100,0,1.9802,0.990099,1
143001,47000,47000,45500,47000,43000,45000,46400,0,1.122e+09,2.035e+06,2.034e+06,2.034e+06,2.035e+06,2.034e+06,2.034e+06,793359,898632,1.6e+09,8,19192,153,36,19184,690,8,4816,38,192,19200,3686,52,19192,997,176,4816,847,80,,,,,,,0,100,0,0,0,0
143256,,,,,,,,,,,,,,,,,,,,,,,,,,,,,,,,,,,,,,,25,,,,,,,,,,
144001,47000,47000,45500,47000,43000,44750,46400,0,1.122e+09,1.977e+06,2.035e+06,2.034e+06,1.986e+06,1.982e+06,1.982e+06,793359,887890,1.6e+09,8,19192,153,36,19184,690,12,4816,57,192,19200,3686,52,19192,997,176,4816,847,80,,,,,,,0,100,0,0,0,0
145002,47000,47000,45500,47000,43000,44750,46400,0,1.122e+09,1.997e+06,2.036e+06,2.036e+06,1.996e+06,1.996e+06,1.995e+06,793359,898632,1.6e+09,8,19192,153,36,19184,690,12,4816,57,194,19200,3724,52,19192,997,176,4816,847,80,,,,,,,0,100,0,1.0101,0,0
146001,47000,47000,45000,47000,43000,45000,46400,0,1.122e+09,1.997e+06,2.035e+06,2.035e+06,1.996e+06,1.996e+06,1.996e+06,793359,898632,1.6e+09,8,19192,153,36,19184,690,12,4816,57,192,19200,3686,52,19192,997,176,4816,847,80,,,,,,,0,100,0,0,0,0
147001,47000,47000,45500,47000,43000,45000,46400,0,1.122e+09,1.996e+06,2.034e+06,2.033e+06,1.996e+06,1.997e+06,1.996e+06,793359,898632,1.6e+09,8,19192,153,36,19184,690,8,4816,38,192,19200,3686,52,19192,997,176,4816,847,80,,,,,,,0,100,0,1.9802,0,0
148002,47000,47000,45500,47000,43000,44750,46400,0,1.122e+09,2.034e+06,2.035e+06,2.035e+06,2.035e+06,2.035e+06,2.035e+06,793359,917968,1.6e+09,8,19192,153,36,19184,690,8,4816,38,194,19200,3724,52,19192,997,176,4816,847,80,,,,,,,0,100,0,1.0101,1,0
148762,,,,,,,,,,,,,,,,,,,,,,,,,,,,,,,,,,,,,,,26,,,,,,,,,,
149000,47000,47000,45500,47000,43000,45000,46400,0,1.122e+09,1.998e+06,2.035e+06,2.034e+06,1.996e+06,1.996e+06,1.996e+06,793359,898632,1.6e+09,8,19192,153,36,19184,690,12,4816,57,192,19200,3686,52,19192,997,176,4816,847,80,,,,,,,0,100,0,1.9802,0,0
150001,47000,47000,45500,47000,43000,45000,46400,0,1.122e+09,1.997e+06,2.035e+06,2.034e+06,1.997e+06,1.997e+06,1.996e+06,793359,898632,1.6e+09,8,19192,153,36,19184,690,8,4816,57,192,19200,3686,52,19192,997,176,4816,847,80,,,,,,,0,100,0,0,0,0
151002,47000,47000,45500,47000,43000,45000,46400,0,1.122e+09,1.997e+06,2.036e+06,2.035e+06,1.997e+06,1.998e+06,1.997e+06,793359,898632,1.6e+09,8,19192,153,36,19184,690,8,4816,38,194,19200,3724,52,19192,997,176,4808,846,80,,,,,,,0,100,0,1.0101,0,0.990099
152002,47000,47000,45500,47000,43000,44750,46400,0,1.122e+09,1.996e+06,2.034e+06,2.034e+06,1.997e+06,1.996e+06,1.996e+06,793359,898632,1.6e+09,8,19192,153,36,19184,690,12,4816,57,192,19200,3686,52,19192,997,176,4816,847,80,,,,,,,0,100,0,0,0,0
153001,47000,47000,45500,47000,43000,44750,46400,0,1.122e+09,1.998e+06,2.035e+06,2.035e+06,1.996e+06,1.996e+06,1.996e+06,793359,898632,1.6e+09,8,19192,153,36,19184,690,8,4816,38,192,19200,3686,52,19192,997,176,4816,847,80,,,,,,,0,100,0,1,0,0
154001,47000,47000,45500,47000,43000,45000,46400,0,1.122e+09,2.029e+06,2.035e+06,2.035e+06,2.03e+06,2.029e+06,2.031e+06,793359,909375,1.6e+09,8,19192,153,36,19184,690,8,4816,38,194,19200,3724,52,19192,997,176,4816,847,80,,,,,,,1.9802,100,0,1,0,0
154270,,,,,,,,,,,,,,,,,,,,,,,,,,,,,,,,,,,,,,,27,,,,,,,,,,
155001,47000,47000,45500,47000,43000,44750,46400,0,1.122e+09,1.986e+06,2.036e+06,2.035e+06,1.979e+06,1.978e+06,1.978e+06,793359,887890,1.6e+09,8,19192,153,36,19184,690,12,4816,38,194,19200,3724,52,19192,997,176,4816,847,80,,,,,,,0,100,0,1,0,0
156001,47000,47000,45500,47000,43000,44750,46400,0,1.122e+09,1.996e+06,2.035e+06,2.035e+06,1.998e+06,1.997e+06,1.997e+06,793359,898632,1.6e+09,8,19192,153,36,19184,690,8,4816,38,192,19200,3686,52,19192,997,176,4816,847,80,,,,,,,0,100,0,1,0,0
157002,47000,47000,45500,47000,43000,44750,46400,0,1.122e+09,2.034e+06,2.034e+06,2.036e+06,2.035e+06,2.036e+06,2.034e+06,793359,898632,1.6e+09,8,19192,153,36,19184,690,12,4816,57,194,19200,3724,52,19192,997,176,4816,847,80,,,,,,,0,100,0,1,0.990099,0
158002,47000,47000,45500,47000,43000,45000,46400,0,1.122e+09,2.035e+06,2.035e+06,2.035e+06,2.034e+06,2.035e+06,2.036e+06,793359,909375,1.6e+09,8,19192,153,36,19184,690,8,4816,38,192,19200,3686,52,19192,997,176,4816,847,80,,,,,,,0,100,0,1,0,0
159001,47000,47000,45500,47000,43000,44750,46400,0,1.122e+09,2.034e+06,2.034e+06,2.035e+06,2.035e+06,2.036e+06,2.035e+06,793359,917968,1.6e+09,8,19192,153,36,19184,690,12,4816,57,192,19200,3686,52,19192,997,176,4816,847,80,,,,,,,0,100,0,1,0,0.990099
159775,,,,,,,,,,,,,,,,,,,,,,,,,,,,,,,,,,,,,,,28,,,,,,,,,,
160001,47000,47000,45500,47000,43000,44750,46400,0,1.122e+09,2.024e+06,2.034e+06,2.036e+06,2.024e+06,2.027e+06,2.029e+06,793359,898632,1.6e+09,8,19192,153,36,19184,690,12,4816,57,194,19200,3724,52,19192,997,176,4816,847,80,,,,,,,1,100,0,1.0101,0,1
161001,47000,47000,45500,47000,43000,45000,46400,0,1.122e+09,1.997e+06,2.034e+06,2.035e+06,1.997e+06,1.997e+06,1.996e+06,793359,898632,1.6e+09,8,19192,153,36,19184,690,12,4816,57,192,19200,3686,52,19192,997,176,4816,847,80,,,,,,,0,100,0,0.990099,0,0
162001,47000,47000,45500,47000,43000,44750,46400,0,1.122e+09,2.035e+06,2.037e+06,2.035e+06,2.034e+06,2.034e+06,2.034e+06,793359,917968,1.6e+09,8,19192,153,36,19184,690,12,4816,57,192,19200,3686,52,19192,997,176,4816,847,80,,,,,,,0,100,0,0,0,0
163002,47000,47000,45500,47000,43000,45000,46400,0,1.122e+09,1.996e+06,2.034e+06,2.035e+06,2.033e+06,2.033e+06,2.061e+06,793359,917968,1.6e+09,8,19192,153,36,19184,690,8,4816,38,194,19200,3724,52,19192,997,176,4816,847,80,,,,,,,0,100,0.990099,1,0.990099,0.990099
164002,47000,47000,45500,47000,43000,44750,46400,0,1.122e+09,1.997e+06,2.036e+06,2.035e+06,1.996e+06,1.996e+06,1.999e+06,793359,917968,1.6e+09,8,19192,153,36,19184,690,8,4816,38,192,19200,3686,52,19192,997,176,4816,847,80,,,,,,,0,100,0,1,0,0
165001,47000,47000,45500,47000,43000,44750,46400,0,1.122e+09,1.997e+06,2.034e+06,2.035e+06,1.996e+06,1.996e+06,1.998e+06,793359,898632,1.6e+09,8,19192,153,36,19184,690,12,4816,57,192,19200,3686,52,19192,997,176,4816,847,80,,,,,,,0,100,0,0,0,0
165284,,,,,,,,,,,,,,,,,,,,,,,,,,,,,,,,,,,,,,,29,,,,,,,,,,
166002,47000,47000,45500,47000,43000,45000,46400,0,1.122e+09,1.997e+06,2.034e+06,2.034e+06,1.996e+06,1.996e+06,1.996e+06,793359,898632,1.6e+09,8,19192,153,36,19184,690,12,4816,57,194,19200,3724,52,19192,997,176,4816,847,80,,,,,,,1,100,0,1.9802,0,1
167001,47000,47000,45500,47000,43000,44750,46200,0,1.122e+09,1.998e+06,2.035e+06,2.035e+06,2.03e+06,2.034e+06,2.046e+06,793359,917968,1.6e+09,8,19192,153,36,19184,690,8,4816,38,194,19200,3724,52,19192,997,176,4816,847,80,,,,,,,0,100,0,0,0,0.990099
168001,47000,47000,45500,47000,43000,45000,46400,0,1.122e+09,1.997e+06,2.035e+06,2.035e+06,1.996e+06,1.996e+06,1.996e+06,793359,898632,1.6e+09,8,19192,153,36,19184,690,8,4816,38,192,19200,3686,52,19192,997,176,4816,847,80,,,,,,,0,100,0,1,0,0
169001,47000,47000,45500,47000,43000,44750,46400,0,1.122e+09,2.035e+06,2.035e+06,2.034e+06,2.034e+06,2.035e+06,2.035e+06,793359,917968,1.6e+09,8,19192,153,36,19184,690,8,4816,38,194,19200,3724,52,19192,997,176,4816,847,80,,,,,,,0,100,0,1,0.990099,0
170001,47000,47000,45500,47000,43000,45000,46400,0,1.122e+09,2.035e+06,2.035e+06,2.035e+06,2.035e+06,2.035e+06,2.034e+06,793359,917968,1.6e+09,8,19192,153,36,19184,690,12,4816,57,192,19200,3686,52,19192,997,176,4816,847,80,,,,,,,0,100,0,0,0,0
170787,,,,,,,,,,,,,,,,,,,,,,,,,,,,,,,,,,,,,,,30,,,,,,,,,,
171001,47000,47000,45500,47000,43000,44750,46100,0,1.122e+09,1.997e+06,2.035e+06,2.034e+06,1.996e+06,1.996e+06,1.996e+06,793359,898632,1.6e+09,8,19192,153,36,19184,690,8,4816,38,192,19200,3686,52,19192,997,176,4816,847,80,,,,,,,0,100,0,1.0101,0,0.990099
172002,47000,47000,45000,47000,43000,44750,46400,0,1.122e+09,2.034e+06,2.035e+06,2.035e+06,2.033e+06,2.035e+06,2.034e+06,793359,917968,1.6e+09,8,19192,153,36,19184,690,12,4816,57,194,19200,3724,52,19192,997,176,4816,847,80,,,,,,,1,100,0,1.9802,1,0
173001,47000,47000,45500,47000,43000,44750,46400,42,1.122e+09,1.996e+06,2.036e+06,2.035e+06,1.996e+06,1.997e+06,1.996e+06,793359,898632,1.6e+09,8,19192,153,36,19184,690,12,4816,57,194,19200,3724,52,19192,997,176,4816,847,80,,,,,,,0,100,0,1,0,0
174001,47000,47000,45500,47000,43000,44750,46400,0,1.122e+09,1.997e+06,2.035e+06,2.033e+06,1.997e+06,1.996e+06,1.996e+06,793359,898632,1.6e+09,8,19192,153,36,19184,690,12,4816,57,192,19200,3686,52,19192,997,176,4816,847,80,,,,,,,0,100,0,0,0,0
175002,47000,47000,45500,47000,43000,44750,46400,14,1.122e+09,2.035e+06,2.034e+06,2.035e+06,2.034e+06,2.035e+06,2.034e+06,793359,917968,1.6e+09,8,19192,153,36,19184,690,12,4816,57,194,19200,3724,52,19192,997,176,4816,847,80,,,,,,,0.990099,100,0,2,0,0.990099
176002,47000,47000,45500,47000,43000,44750,46400,0,1.122e+09,1.997e+06,2.035e+06,2.035e+06,1.996e+06,1.996e+06,1.996e+06,793359,898632,1.6e+09,8,19192,153,36,19184,690,12,4816,57,192,19200,3686,52,19192,997,176,4816,847,80,,,,,,,0,100,0,0.990099,0,0
176294,,,,,,,,,,,,,,,,,,,,,,,,,,,,,,,,,,,,,,,31,,,,,,,,,,
177001,47000,47000,45500,47000,43000,44750,46200,0,1.122e+09,2.035e+06,2.036e+06,2.035e+06,2.035e+06,2.034e+06,2.034e+06,793359,917968,1.6e+09,8,19192,153,36,19184,690,8,4816,38,192,19200,3686,52,19192,997,176,4808,846,80,,,,,,,0,100,0,0,0,0
178002,47000,47000,45000,47000,43000,45000,46400,0,1.122e+09,2.035e+06,2.034e+06,2.034e+06,2.035e+06,2.035e+06,2.035e+06,793359,917968,1.6e+09,8,19192,153,36,19184,690,8,4816,38,194,19200,3724,52,19192,997,176,4816,847,80,,,,,,,0,100,0,2,0,0
179002,47000,47000,45500,47000,43000,44750,46400,0,1.122e+09,2.035e+06,2.035e+06,2.035e+06,2.034e+06,2.035e+06,2.034e+06,793359,917968,1.6e+09,8,19192,153,36,19184,690,8,4816,38,194,19200,3724,52,19192,997,176,4816,846,80,,,,,,,0,100,0,1,0,0
180001,46500,46500,45500,46500,43000,45000,46400,0,1.122e+09,1.997e+06,2.034e+06,2.035e+06,1.996e+06,1.996e+06,1.996e+06,793359,898632,1.6e+09,8,19192,153,36,19184,690,8,4816,38,192,19200,3686,52,19192,997,176,4808,846,80,,,,,,,0.990099,100,0,0,0,0.990099
181001,47000,47000,45500,47000,43000,44750,46400,0,1.122e+09,1.997e+06,2.035e+06,2.036e+06,1.996e+06,1.997e+06,1.997e+06,793359,898632,1.6e+09,8,19192,153,36,19184,690,12,4816,57,194,19200,3724,52,19192,997,176,4808,846,80,,,,,,,1,100,1.96078,2,1,1
181799,,,,,,,,,,,,,,,,,,,,,,,,,,,,,,,,,,,,,,,32,,,,,,,,,,
182001,47000,47000,45500,47000,43000,44750,46200,0,1.122e+09,2.035e+06,2.035e+06,2.035e+06,2.035e+06,2.035e+06,2.035e+06,793359,917968,1.6e+09,8,19192,153,36,19184,690,8,4816,38,192,19200,3686,52,19192,997,176,4816,847,80,,,,,,,0,100,0,0,0,0
183002,47000,47000,45500,47000,43000,45000,46200,0,1.122e+09,1.997e+06,2.035e+06,2.034e+06,1.996e+06,1.997e+06,1.996e+06,793359,898632,1.6e+09,8,19192,153,36,19184,690,8,4816,38,192,19200,3686,52,19192,997,176,4816,847,80,,,,,,,0,100,0,0.990099,0.990099,0
184002,47000,47000,45000,47000,43000,44750,46200,0,1.122e+09,1.996e+06,2.034e+06,2.034e+06,1.997e+06,1.996e+06,1.997e+06,793359,898632,1.6e+09,8,19192,153,36,19184,690,8,4816,38,194,19200,3724,52,19192,997,176,4816,847,80,,,,,,,0,100,0,1.0101,0,1
185001,47000,47000,45500,47000,43000,44750,46200,0,1.122e+09,2.034e+06,2.034e+06,2.035e+06,2.035e+06,2.035e+06,2.035e+06,793359,917968,1.6e+09,8,19192,153,36,19184,690,8,4816,38,192,19200,3686,52,19192,997,176,4816,847,80,,,,,,,0,100,0,1.96078,0.990099,0
186001,47000,47000,45000,47000,43000,44750,46400,0,1.122e+09,2.036e+06,2.037e+06,2.035e+06,2.036e+06,2.035e+06,2.036e+06,793359,898632,1.6e+09,8,19192,153,36,19184,690,8,4816,38,192,19200,3686,52,19192,997,176,4816,847,80,,,,,,,0,100,0,0,0,1
187002,47000,47000,45000,47000,43000,44750,46200,0,1.122e+09,1.997e+06,2.035e+06,2.035e+06,1.997e+06,1.996e+06,1.996e+06,793359,898632,1.6e+09,8,19192,153,36,19184,690,8,4816,38,192,19200,3686,52,19192,997,176,4816,847,80,,,,,,,0,100,1,0,0,0
187306,,,,,,,,,,,,,,,,,,,,,,,,,,,,,,,,,,,,,,,33,,,,,,,,,,
188001,47000,47000,45500,47000,43000,44750,46100,0,1.122e+09,1.998e+06,2.034e+06,2.035e+06,1.996e+06,1.997e+06,1.996e+06,793359,898632,1.6e+09,8,19192,153,36,19184,690,12,4816,38,192,19200,3686,52,19192,997,176,4816,847,80,,,,,,,0,100,0,0.990099,0,0
189001,47000,47000,45000,47000,43000,44750,46200,0,1.122e+09,1.996e+06,2.034e+06,2.034e+06,1.997e+06,1.996e+06,1.997e+06,793359,898632,1.6e+09,8,19192,153,36,19184,690,12,4816,57,192,19200,3686,52,19192,997,176,4816,847,80,,,,,,,1.9802,100,0,0,0,0
190002,47000,47000,45000,47000,43000,44750,46100,0,1.122e+09,1.997e+06,2.035e+06,2.035e+06,1.997e+06,1.996e+06,1.996e+06,793359,898632,1.6e+09,8,19192,153,36,19184,690,12,4816,57,192,19200,3724,52,19192,997,176,4816,847,80,,,,,,,0.990099,100,0,1,0,0
191002,47000,47000,45500,47000,43000,44750,46400,0,1.122e+09,2.036e+06,2.034e+06,2.035e+06,2.035e+06,2.035e+06,2.037e+06,793359,917968,1.6e+09,8,19192,153,36,19184,690,8,4816,38,192,19200,3686,52,19192,997,176,4816,847,80,,,,,,,0,100,0,1,0,0.990099
192001,47000,47000,45000,47000,43000,44750,46200,0,1.122e+09,2.027e+06,2.035e+06,2.035e+06,2.034e+06,2.03e+06,2.033e+06,793359,909375,1.6e+09,8,19192,153,36,19184,690,12,4816,57,192,19200,3686,52,19192,997,176,4816,847,80,,,,,,,0,100,0,1,0,0
192810,,,,,,,,,,,,,,,,,,,,,,,,,,,,,,,,,,,,,,,34,,,,,,,,,,
193001,47000,47000,45000,47000,43000,44750,46400,0,1.122e+09,1.998e+06,2.034e+06,2.036e+06,1.996e+06,1.996e+06,1.996e+06,793359,898632,1.6e+09,8,19192,153,36,19184,690,8,4816,38,192,19200,3686,52,19192,997,176,4816,847,80,,,,,,,1,100,0,0,1.9802,0
194002,47000,47000,45500,47000,43000,44750,46400,0,1.122e+09,1.997e+06,2.035e+06,2.035e+06,1.996e+06,1.996e+06,1.997e+06,793359,898632,1.6e+09,8,19192,153,36,19184,690,8,4816,38,192,19200,3686,52,19192,997,176,4816,847,80,,,,,,,0,100,0,0,0,0
195002,47000,47000,45500,47000,43000,44750,46400,0,1.122e+09,2.028e+06,2.034e+06,2.036e+06,2.031e+06,2.03e+06,2.031e+06,793359,909375,1.6e+09,8,19192,153,36,19184,690,12,4816,57,192,19200,3686,52,19192,997,176,4816,847,80,,,,,,,0,100,0,1.9802,0,0
196002,47000,47000,45000,47000,43000,44750,46400,0,1.122e+09,2.034e+06,2.035e+06,2.034e+06,2.034e+06,2.034e+06,2.035e+06,793359,917968,1.6e+09,8,19192,153,36,19184,690,12,4816,57,192,19200,3686,52,19192,997,176,4816,847,80,,,,,,,1.96078,100,0,2,0,0
197001,47000,47000,45000,47000,43000,44750,46400,0,1.122e+09,2.035e+06,2.035e+06,2.035e+06,2.034e+06,2.035e+06,2.035e+06,793359,917968,1.6e+09,8,19192,153,36,19184,690,12,4816,57,192,19200,3686,52,19192,997,176,4816,847,80,,,,,,,0,100,0,1,0.990099,0
198001,47000,47000,45500,47000,43000,44750,46400,0,1.122e+09,2.035e+06,2.035e+06,2.035e+06,2.034e+06,2.034e+06,2.036e+06,793359,917968,1.6e+09,8,19192,153,36,19184,690,12,4816,57,192,19200,3686,52,19192,997,176,4816,847,80,,,,,,,0,100,0,0.990099,0,0
198317,,,,,,,,,,,,,,,,,,,,,,,,,,,,,,,,,,,,,,,35,,,,,,,,,,
199001,47000,47000,45000,47000,43000,44750,46400,0,1.122e+09,1.997e+06,2.034e+06,2.035e+06,1.997e+06,1.997e+06,1.997e+06,793359,898632,1.6e+09,8,19192,153,36,19184,690,8,4816,38,192,19200,3686,52,19192,997,176,4816,847,80,,,,,,,1,100,0,1.0101,0,0.990099
200001,47000,47000,45500,47000,43000,44750,46200,0,1.122e+09,2.034e+06,2.033e+06,2.035e+06,2.035e+06,2.034e+06,2.035e+06,793359,917968,1.6e+09,8,19192,153,36,19184,690,12,4816,57,192,19200,3686,52,19192,997,176,4816,847,80,,,,,,,0,100,0,0,0,0
201001,46500,46500,45000,46500,43000,44500,46200,0,1.122e+09,2.036e+06,2.035e+06,2.034e+06,2.035e+06,2.035e+06,2.034e+06,793359,917968,1.6e+09,8,19192,153,36,19184,690,8,4816,38,192,19200,3686,52,19192,997,176,4816,847,80,,,,,,,0,100,0,1,0,0
202001,46500,46500,45000,46500,43000,44750,45900,0,1.122e+09,2.035e+06,2.035e+06,2.035e+06,2.035e+06,2.036e+06,2.034e+06,793359,917968,1.6e+09,8,19192,153,36,19184,690,12,4816,57,192,19200,3724,52,19192,997,176,4816,847,80,,,,,,,0,100,0,0.990099,2.94118,1
203002,46500,46500,45500,46500,43000,44750,46100,0,1.122e+09,2.036e+06,2.035e+06,2.035e+06,2.035e+06,2.035e+06,2.036e+06,793359,917968,1.6e+09,8,19192,153,36,19184,690,12,4816,57,192,19200,3686,52,19192,997,176,4808,846,80,,,,,,,0,100,0,0,0,0
203821,,,,,,,,,,,,,,,,,,,,,,,,,,,,,,,,,,,,,,,36,,,,,,,,,,
204001,47000,47000,45500,47000,43000,44750,46200,0,1.122e+09,1.996e+06,2.035e+06,2.034e+06,1.997e+06,1.997e+06,1.997e+06,793359,898632,1.6e+09,8,19192,153,36,19184,690,8,4816,38,192,19200,3686,52,19192,997,176,4816,847,80,,,,,,,0,100,0,0,1,0
205001,47000,47000,45000,47000,43000,44750,46200,0,1.122e+09,1.996e+06,2.034e+06,2.035e+06,1.996e+06,1.998e+06,1.997e+06,793359,898632,1.6e+09,8,19192,153,36,19184,690,8,4816,38,192,19200,3686,52,19192,997,176,4816,847,80,,,,,,,1,100,0,1,1,0
206001,47000,47000,45000,47000,43000,44750,46200,0,1.122e+09,2.035e+06,2.035e+06,2.034e+06,2.035e+06,2.035e+06,2.035e+06,793359,909375,1.6e+09,8,19192,153,36,19184,690,8,4816,38,192,19200,3686,52,19192,997,176,4816,847,80,,,,,,,0,100,0,0,0.990099,0
207002,46500,46500,45000,46500,43000,44750,45900,0,1.122e+09,1.997e+06,2.034e+06,2.034e+06,1.996e+06,1.997e+06,1.996e+06,793359,898632,1.6e+09,8,19192,153,36,19184,690,8,4816,38,192,19200,3686,52,19192,997,176,4816,847,80,,,,,,,0,100,0,0,0,0
208002,47000,47000,45500,47000,43000,44750,46200,0,1.122e+09,1.998e+06,2.034e+06,2.035e+06,1.996e+06,1.996e+06,1.996e+06,793359,898632,1.6e+09,8,19192,153,36,19184,690,8,4816,38,194,19200,3724,52,19192,997,176,4816,847,80,,,,,,,0,100,0.990099,0,1,1
209002,47000,47000,45000,47000,43000,44750,45900,0,1.122e+09,2.035e+06,2.035e+06,2.036e+06,2.035e+06,2.035e+06,2.035e+06,793359,917968,1.6e+09,8,19192,153,36,19184,690,12,4816,57,192,19200,3686,52,19192,997,176,4816,847,80,,,,,,,0,100,0,0.990099,0,0
209326,,,,,,,,,,,,,,,,,,,,,,,,,,,,,,,,,,,,,,,37,,,,,,,,,,
210001,47000,47000,45000,47000,43000,44750,45900,0,1.122e+09,1.998e+06,2.034e+06,2.036e+06,1.996e+06,1.997e+06,1.996e+06,793359,898632,1.6e+09,8,19192,153,36,19184,690,8,4816,38,192,19200,3724,52,19192,997,176,4816,847,80,,,,,,,1,100,0,0,1,0
211002,47000,47000,45000,47000,43000,44750,46400,0,1.122e+09,1.997e+06,2.035e+06,2.034e+06,1.996e+06,1.996e+06,1.997e+06,793359,898632,1.6e+09,8,19192,153,36,19184,690,8,4816,38,192,19200,3686,52,19192,997,176,4816,847,80,,,,,,,0.990099,100,0,0,0,0.990099
212002,46500,46500,45500,46500,43000,44750,46400,0,1.122e+09,2.032e+06,2.034e+06,2.034e+06,2.032e+06,2.031e+06,2.03e+06,793359,909375,1.6e+09,8,19192,153,36,19184,690,12,4816,57,192,19200,3686,52,19192,997,176,4816,847,80,,,,,,,0,100,0,1,0,0
213001,47000,47000,45000,47000,43000,44750,46400,0,1.122e+09,1.997e+06,2.035e+06,2.035e+06,1.997e+06,1.996e+06,1.997e+06,793359,898632,1.6e+09,8,19192,153,36,19184,690,12,4816,57,192,19200,3686,52,19192,997,176,4816,847,80,,,,,,,1,100,0,0,1,0
214001,47000,47000,45000,47000,43000,44750,46200,0,1.122e+09,2.034e+06,2.036e+06,2.036e+06,2.035e+06,2.034e+06,2.035e+06,793359,917968,1.6e+09,8,19192,153,36,19184,690,12,4816,57,194,19200,3724,52,19192,997,176,4816,847,80,,,,,,,0,100,1,0,0,1
214833,,,,,,,,,,,,,,,,,,,,,,,,,,,,,,,,,,,,,,,38,,,,,,,,,,
215001,47000,47000,45500,47000,43000,44750,46200,0,1.122e+09,1.995e+06,2.035e+06,2.035e+06,1.996e+06,1.997e+06,1.996e+06,793359,898632,1.6e+09,8,19192,153,36,19184,690,12,4816,57,192,19200,3686,52,19192,997,176,4816,847,80,,,,,,,0,100,0,0,0,0
216002,47000,47000,45000,47000,43000,44750,46200,0,1.122e+09,1.997e+06,2.035e+06,2.034e+06,1.996e+06,1.997e+06,1.996e+06,793359,898632,1.6e+09,8,19192,153,36,19184,690,8,4816,38,192,19200,3686,52,19192,997,176,4816,847,80,,,,,,,0,100,0,0,1,0
217002,47000,47000,45000,47000,43000,44750,46200,0,1.122e+09,2.035e+06,2.033e+06,2.035e+06,2.034e+06,2.035e+06,2.034e+06,793359,917968,1.6e+09,8,19192,153,36,19184,690,12,4816,57,192,19200,3686,52,19192,997,176,4816,847,80,,,,,,,0,100,0.990099,0.990099,0.990099,0
218001,47000,47000,45000,47000,43000,44750,46400,0,1.122e+09,1.997e+06,2.034e+06,2.035e+06,1.995e+06,1.996e+06,1.996e+06,793359,898632,1.6e+09,8,19192,153,36,19184,690,12,4816,57,192,19200,3686,52,19192,997,176,4808,847,80,,,,,,,0.990099,100,0,0,1,0
219001,47000,47000,45000,47000,43000,44750,46200,0,1.122e+09,2.034e+06,2.034e+06,2.035e+06,2.035e+06,2.033e+06,2.034e+06,793359,917968,1.6e+09,8,19192,153,36,19184,690,8,4816,38,192,19200,3686,52,19192,997,176,4816,847,80,,,,,,,0,100,0,0,1,0
220001,47000,47000,45000,47000,43000,44750,46400,0,1.122e+09,1.997e+06,2.034e+06,2.035e+06,1.997e+06,1.996e+06,1.996e+06,793359,898632,1.6e+09,8,19192,153,36,19184,690,8,4816,38,194,19200,3724,52,19192,997,176,4816,847,80,,,,,,,0.990099,100,0,1,0,0
220340,,,,,,,,,,,,,,,,,,,,,,,,,,,,,,,,,,,,,,,39,,,,,,,,,,
221001,47000,47000,45500,47000,43000,44750,46200,0,1.122e+09,2.027e+06,2.035e+06,2.035e+06,2.031e+06,2.033e+06,2.033e+06,793359,909375,1.6e+09,8,19192,153,36,19184,690,12,4816,57,192,19200,3686,52,19192,997,176,4816,847,80,,,,,,,0,100,0,0,0.990099,0
222001,47000,47000,45500,47000,43000,44750,46200,0,1.122e+09,1.997e+06,2.034e+06,2.035e+06,1.996e+06,1.997e+06,1.997e+06,793359,898632,1.6e+09,8,19192,153,36,19184,690,8,4816,38,192,19200,3686,52,19192,997,176,4816,847,80,,,,,,,0,100,0,0,0,0
223001,46500,46500,45000,46500,43000,44500,46200,0,1.122e+09,1.997e+06,2.034e+06,2.036e+06,1.996e+06,1.996e+06,1.996e+06,793359,898632,1.6e+09,8,19192,153,36,19184,690,8,4816,38,192,19200,3686,52,19192,997,176,4816,847,80,,,,,,,0,100,0,0,1.9802,1.9802
224002,46500,46500,45000,46500,43000,44750,45900,0,1.122e+09,2.035e+06,2.035e+06,2.034e+06,2.035e+06,2.035e+06,2.034e+06,793359,917968,1.6e+09,8,19192,153,36,19184,690,12,4816,57,192,19200,3686,52,19192,997,176,4816,847,80,,,,,,,0,100,0,0,0,0
225002,46500,46500,45000,46500,43000,44750,46100,0,1.122e+09,2.034e+06,2.035e+06,2.036e+06,2.034e+06,2.036e+06,2.035e+06,793359,917968,1.6e+09,8,19192,153,36,19184,690,12,4816,57,192,19200,3686,52,19192,997,176,4816,847,80,,,,,,,0,100,0,0.990099,1,0
225848,,,,,,,,,,,,,,,,,,,,,,,,,,,,,,,,,,,,,,,40,,,,,,,,,,
226001,46500,46500,45000,46500,43000,44750,45900,0,1.122e+09,1.997e+06,2.035e+06,2.035e+06,1.996e+06,1.997e+06,1.996e+06,793359,898632,1.6e+09,8,19192,153,36,19184,690,8,4816,38,192,19200,3686,52,19192,997,176,4816,847,80,,,,,,,0,100,0,1,1,0
227002,46500,46500,45500,46500,43000,44750,45900,0,1.122e+09,2.035e+06,2.035e+06,2.034e+06,2.035e+06,2.035e+06,2.035e+06,793359,909375,1.6e+09,8,19192,153,36,19184,690,8,4816,57,192,19200,3686,52,19192,997,176,4816,847,80,,,,,,,0,100,0,0,0,0
228002,47000,47000,45000,47000,43000,44500,45900,0,1.122e+09,1.996e+06,2.034e+06,2.034e+06,1.996e+06,1.996e+06,1.996e+06,793359,898632,1.6e+09,8,19192,153,36,19184,690,8,4816,38,192,19200,3686,52,19192,997,176,4816,847,80,,,,,,,0,100,0,0.990099,0.990099,0
229002,46500,46500,45000,46500,43000,44750,45900,0,1.122e+09,1.996e+06,2.035e+06,2.035e+06,1.996e+06,1.996e+06,1.997e+06,793359,898632,1.6e+09,8,19192,153,36,19184,690,12,4816,57,192,19200,3686,52,19192,997,176,4816,847,80,,,,,,,1.9802,100,0.990099,1,1.9802,0
230002,46500,46500,45500,46500,43000,44750,46200,0,1.122e+09,2.034e+06,2.034e+06,2.035e+06,2.035e+06,2.035e+06,2.035e+06,793359,917968,1.6e+09,8,19192,153,36,19184,690,8,4816,38,192,19200,3686,52,19192,997,176,4816,847,80,,,,,,,0,100,0,0,1,0
231002,46500,46500,45000,46500,43000,44750,45900,0,1.122e+09,2.035e+06,2.035e+06,2.035e+06,2.036e+06,2.035e+06,2.035e+06,793359,917968,1.6e+09,8,19192,153,36,19184,690,8,4816,38,194,19200,3724,52,19192,997,176,4816,847,80,,,,,,,0,100,0,1,2.0202,0
231355,,,,,,,,,,,,,,,,,,,,,,,,,,,,,,,,,,,,,,,41,,,,,,,,,,
232001,47000,47000,45000,47000,43000,44750,46200,0,1.122e+09,2.026e+06,2.035e+06,2.034e+06,2.033e+06,2.036e+06,2.033e+06,793359,909375,1.6e+09,8,19192,153,36,19184,690,8,4816,38,194,19200,3724,52,19192,997,176,4816,847,80,,,,,,,1,100,0,1,0,1.9802
233001,47000,47000,45000,47000,43000,44750,45900,0,1.122e+09,1.998e+06,2.034e+06,2.035e+06,1.997e+06,1.996e+06,1.997e+06,793359,898632,1.6e+09,8,19192,153,36,19184,690,12,4816,57,192,19200,3686,52,19192,997,176,4816,847,80,,,,,,,0,100,0,0,1,0
234001,47000,47000,45000,47000,43000,44750,46400,0,1.122e+09,2.034e+06,2.035e+06,2.035e+06,2.034e+06,2.035e+06,2.035e+06,793359,917968,1.6e+09,8,19192,153,36,19184,690,12,4816,57,192,19200,3686,52,19192,997,176,4816,847,80,,,,,,,0,100,0,0,0,0
235002,47000,47000,45000,47000,43000,44750,46200,0,1.122e+09,1.997e+06,2.035e+06,2.035e+06,1.997e+06,1.997e+06,1.996e+06,793359,898632,1.6e+09,8,19192,153,36,19184,690,8,4816,38,192,19200,3686,52,19192,997,176,4816,847,80,,,,,,,1.9802,100,1,0,0,0.990099
236002,47000,47000,45000,47000,43000,44750,45900,0,1.122e+09,1.997e+06,2.035e+06,2.036e+06,1.996e+06,1.996e+06,1.997e+06,793359,898632,1.6e+09,8,19192,153,36,19184,690,12,4816,57,192,19200,3686,52,19192,997,176,4816,847,80,,,,,,,0,100,0,0,1.9802,0
236861,,,,,,,,,,,,,,,,,,,,,,,,,,,,,,,,,,,,,,,42,,,,,,,,,,
237001,47000,47000,45000,47000,43000,44500,45900,0,1.122e+09,2.034e+06,2.035e+06,2.035e+06,2.034e+06,2.035e+06,2.034e+06,793359,917968,1.6e+09,8,19192,153,36,19184,690,12,4816,57,192,19200,3686,52,19192,997,176,4816,847,80,,,,,,,0,100,0,0,1,0
238002,46500,46500,45000,46500,43000,44750,46200,0,1.122e+09,2.035e+06,2.034e+06,2.035e+06,2.035e+06,2.034e+06,2.035e+06,793359,917968,1.6e+09,8,19192,153,36,19184,690,8,4816,38,194,19200,3724,52,19192,997,176,4816,847,80,,,,,,,1,100,0,0,0,0.990099
239001,47000,47000,45000,47000,43000,44750,45900,0,1.122e+09,1.997e+06,2.034e+06,2.035e+06,1.996e+06,1.996e+06,1.996e+06,793359,898632,1.6e+09,8,19192,153,36,19184,690,8,4816,38,192,19200,3686,52,19192,997,176,4808,846,80,,,,,,,0.990099,100,0,0,1,0
240001,47000,47000,45000,47000,43000,44500,46200,0,1.122e+09,1.997e+06,2.034e+06,2.034e+06,1.997e+06,1.997e+06,1.997e+06,793359,898632,1.6e+09,8,19192,153,36,19184,690,12,4816,57,192,19200,3686,52,19192,997,176,4808,846,80,,,,,,,0,100,0,0,0,0
241001,47000,47000,45000,47000,43000,44500,45900,0,1.122e+09,2.035e+06,2.036e+06,2.035e+06,2.035e+06,2.034e+06,2.035e+06,793359,917968,1.6e+09,8,19192,153,36,19184,690,8,4816,38,192,19200,3686,52,19192,997,176,4816,847,80,,,,,,,0.990099,100,0,0,1,0
242002,46500,46500,45000,46500,43000,44750,45900,0,1.122e+09,2.034e+06,2.035e+06,2.035e+06,2.034e+06,2.035e+06,2.035e+06,793359,917968,1.6e+09,8,19192,153,36,19184,690,8,4816,38,192,19200,3686,52,19192,997,176,4816,847,80,,,,,,,0,100,0,0,0,0
242365,,,,,,,,,,,,,,,,,,,,,,,,,,,,,,,,,,,,,,,43,,,,,,,,,,
243001,46500,46500,45000,46500,43000,44500,46100,0,1.122e+09,2.036e+06,2.035e+06,2.035e+06,2.035e+06,2.035e+06,2.035e+06,793359,917968,1.6e+09,8,19192,153,36,19184,690,8,4816,38,192,19200,3686,52,19192,997,176,4816,847,80,,,,,,,0,100,0,0,1,0
244002,46500,46500,45000,46500,43000,44500,46100,0,1.122e+09,2.035e+06,2.034e+06,2.034e+06,2.036e+06,2.033e+06,2.035e+06,793359,917968,1.6e+09,8,19192,153,36,19184,690,12,4816,57,194,19200,3724,52,19192,997,176,4816,847,80,,,,,,,0,100,1,1.9802,1,0.990099
245002,46500,46500,45000,46500,43000,44500,46200,0,1.122e+09,2.034e+06,2.035e+06,2.034e+06,2.036e+06,2.035e+06,2.034e+06,793359,917968,1.6e+09,8,19192,153,36,19184,690,12,4816,57,192,19200,3686,52,19192,997,176,4816,847,80,,,,,,,0,100,0,0,0,0
246002,46500,46500,45000,46500,43000,44750,46200,0,1.122e+09,2.032e+06,2.035e+06,2.036e+06,2.033e+06,2.034e+06,2.032e+06,793359,909375,1.6e+09,8,19192,153,36,19184,690,8,4816,38,192,19200,3686,52,19192,997,176,4816,847,80,,,,,,,0,100,0,0,1,0
247001,46500,46500,45000,46500,43000,44750,45900,0,1.122e+09,1.997e+06,2.035e+06,2.035e+06,1.996e+06,1.996e+06,1.997e+06,793359,898632,1.6e+09,8,19192,153,36,19184,690,12,4816,57,192,19200,3686,52,19192,997,176,4816,847,80,,,,,,,0,100,0,0,1,0.990099
247872,,,,,,,,,,,,,,,,,,,,,,,,,,,,,,,,,,,,,,,44,,,,,,,,,,
248000,47000,47000,45000,47000,43000,44500,45900,0,1.122e+09,2.034e+06,2.034e+06,2.035e+06,2.035e+06,2.034e+06,2.035e+06,793359,917968,1.6e+09,8,19192,153,36,19184,690,8,4816,38,192,19200,3686,52,19192,997,176,4816,847,80,,,,,,,0,100,0,0,1.9802,0
249001,46500,46500,45000,46500,43000,44750,45900,0,1.122e+09,2.024e+06,2.035e+06,2.035e+06,2.03e+06,2.032e+06,2.031e+06,793359,909375,1.6e+09,8,19192,153,36,19184,690,12,4816,57,192,19200,3686,52,19192,997,176,4816,847,80,,,,,,,0,100,0,0,0,0
250001,46500,46500,45000,46500,43000,44500,45900,0,1.122e+09,2.035e+06,2.035e+06,2.035e+06,2.035e+06,2.034e+06,2.034e+06,793359,898632,1.6e+09,8,19192,153,36,19184,690,8,4816,38,192,19200,3686,52,19192,997,176,4816,847,80,,,,,,,0,100,0,1,1.0101,0
251002,46500,46500,45000,46500,43000,44750,46200,0,1.122e+09,1.997e+06,2.035e+06,2.034e+06,1.998e+06,1.997e+06,1.997e+06,793359,898632,1.6e+09,8,19192,153,36,19184,690,12,4816,57,192,19200,3686,52,19192,997,176,4816,847,80,,,,,,,0,100,0,0,0,0
252002,46500,46500,45000,46500,43000,44750,45900,0,1.122e+09,1.997e+06,2.035e+06,2.034e+06,1.997e+06,1.996e+06,1.997e+06,793359,898632,1.6e+09,8,19192,153,36,19184,690,12,4816,57,192,19200,3686,52,19192,997,176,4816,847,80,,,,,,,0,100,0,0,1.0101,0
253002,46500,46500,45500,46500,43000,44500,45900,0,1.122e+09,1.997e+06,2.036e+06,2.035e+06,1.997e+06,1.996e+06,1.997e+06,793359,898632,1.6e+09,8,19192,153,36,19184,690,12,4816,57,192,19200,3686,52,19192,997,176,4816,847,80,,,,,,,0,100,1,0,1.9802,0.990099
253378,,,,,,,,,,,,,,,,,,,,,,,,,,,,,,,,,,,,,,,45,,,,,,,,,,
254001,46500,46500,45000,46500,43000,44500,45900,0,1.122e+09,1.997e+06,2.035e+06,2.036e+06,1.996e+06,1.997e+06,1.997e+06,793359,898632,1.6e+09,8,19192,153,36,19184,690,8,4816,38,192,19200,3686,52,19192,997,176,4816,847,80,,,,,,,0,100,0,0,0,0
255002,46500,46500,45000,46500,43000,44500,46200,0,1.122e+09,2.036e+06,2.035e+06,2.035e+06,2.034e+06,2.036e+06,2.034e+06,793359,917968,1.6e+09,8,19192,153,36,19184,690,12,4816,57,192,19200,3686,52,19192,997,176,4816,847,80,,,,,,,0,100,0,0,0.990099,0
256001,47000,47000,45000,47000,43000,44500,46200,0,1.122e+09,1.995e+06,2.035e+06,2.036e+06,1.997e+06,1.996e+06,1.996e+06,793359,898632,1.6e+09,8,19192,153,36,19184,690,8,4816,38,192,19200,3686,52,19192,997,176,4816,847,80,,,,,,,1,100,0,1,2,1.9802
257001,46500,46500,45500,46500,43000,44500,45900,0,1.122e+09,2.036e+06,2.034e+06,2.034e+06,2.034e+06,2.035e+06,2.034e+06,793359,898632,1.6e+09,8,19192,153,36,19184,690,8,4816,38,192,19200,3686,52,19192,997,176,4816,847,80,,,,,,,0,100,0,0,0,0
258001,46500,46500,45000,46500,43000,44500,45900,0,1.122e+09,2.029e+06,2.036e+06,2.034e+06,2.033e+06,2.033e+06,2.033e+06,793359,898632,1.6e+09,8,19192,153,36,19184,690,8,4816,38,192,19200,3686,52,19192,997,176,4816,847,80,,,,,,,0,100,0,0,0,0
258886,,,,,,,,,,,,,,,,,,,,,,,,,,,,,,,,,,,,,,,46,,,,,,,,,,
259000,46500,46500,45000,46500,43000,44500,45900,0,1.122e+09,2.035e+06,2.036e+06,2.035e+06,2.035e+06,2.035e+06,2.035e+06,793359,917968,1.6e+09,8,19192,153,36,19184,690,12,4816,57,192,19200,3686,52,19192,997,176,4816,847,80,,,,,,,0,100,0,0,0.990099,0
260001,46500,46500,45000,46500,43000,44500,45900,0,1.122e+09,2.035e+06,2.035e+06,2.035e+06,2.035e+06,2.034e+06,2.035e+06,793359,917968,1.6e+09,8,19192,153,36,19184,690,8,4816,38,192,19200,3686,52,19192,997,176,4816,847,80,,,,,,,0,100,0,0,0,0
261002,46500,46500,45500,46500,43000,44750,45900,0,1.122e+09,1.995e+06,2.035e+06,2.035e+06,1.997e+06,1.996e+06,1.997e+06,793359,898632,1.6e+09,8,19192,153,36,19184,690,12,4816,57,192,19200,3686,52,19192,997,176,4816,847,80,,,,,,,0,100,0,0,1,0
262002,46500,46500,45500,46500,43000,44750,45900,0,1.122e+09,2.034e+06,2.034e+06,2.035e+06,2.034e+06,2.035e+06,2.036e+06,793359,917968,1.6e+09,8,19192,153,36,19184,690,8,4816,38,194,19200,3724,52,19192,997,176,4816,847,80,,,,,,,0,100,0,1,1.0101,0.990099
263002,46500,46500,45000,46500,43000,44750,45900,0,1.122e+09,2.034e+06,2.035e+06,2.035e+06,2.035e+06,2.035e+06,2.035e+06,793359,917968,1.6e+09,8,19192,153,36,19184,690,12,4816,57,192,19200,3686,52,19192,997,176,4816,847,80,,,,,,,0,100,0,0,0.990099,0
264001,46500,46500,45000,46500,43000,44500,46200,0,1.122e+09,1.997e+06,2.035e+06,2.034e+06,1.996e+06,1.998e+06,1.997e+06,793359,898632,1.6e+09,8,19192,153,36,19184,690,8,4816,38,194,19200,3724,52,19192,997,176,4816,847,80,,,,,,,0.990099,100,0,0,1.9802,0
264394,,,,,,,,,,,,,,,,,,,,,,,,,,,,,,,,,,,,,,,47,,,,,,,,,,
265001,46500,46500,45000,46500,43000,44500,45900,0,1.122e+09,1.997e+06,2.034e+06,2.037e+06,1.996e+06,1.996e+06,1.997e+06,793359,898632,1.6e+09,8,19192,153,36,19184,690,12,4816,57,192,19200,3686,52,19192,997,176,4816,847,80,,,,,,,1,100,0.990099,0.990099,1.0101,0
266002,46500,46500,45000,46500,43000,44500,45900,0,1.122e+09,2.035e+06,2.035e+06,2.034e+06,2.035e+06,2.035e+06,2.034e+06,793359,917968,1.6e+09,8,19192,153,36,19184,690,12,4816,57,192,19200,3686,52,19192,997,176,4816,847,80,,,,,,,0,100,0,0,1,0
267002,46500,46500,45000,46500,43000,44500,46100,0,1.122e+09,2.031e+06,2.034e+06,2.036e+06,2.033e+06,2.032e+06,2.034e+06,793359,909375,1.6e+09,8,19192,153,36,19184,690,12,4816,57,192,19200,3686,52,19192,997,176,4816,847,80,,,,,,,1,100,0,0,0,0
268002,46500,46500,45000,46500,43000,44500,45900,45,1.122e+09,2.035e+06,2.035e+06,2.033e+06,2.036e+06,2.034e+06,2.034e+06,793359,917968,1.6e+09,8,19192,153,36,19184,690,8,4816,38,194,19200,3724,52,19192,997,176,4816,847,80,,,,,,,0.990099,100,0,0,2,0
269001,46500,46500,45000,46500,43000,44500,45900,0,1.122e+09,2.035e+06,2.035e+06,2.036e+06,2.035e+06,2.034e+06,2.034e+06,793359,917968,1.6e+09,8,19192,153,36,19184,690,8,4816,38,192,19200,3686,52,19192,997,176,4816,847,80,,,,,,,0.990099,100,0,0,0,0
269902,,,,,,,,,,,,,,,,,,,,,,,,,,,,,,,,,,,,,,,48,,,,,,,,,,
270000,46500,46500,45000,46500,43000,44500,46100,42,1.122e+09,1.998e+06,2.034e+06,2.034e+06,1.996e+06,1.997e+06,1.997e+06,793359,898632,1.6e+09,8,19192,153,36,19184,690,12,4816,57,192,19200,3686,52,19192,997,176,4816,847,80,,,,,,,0,100,0,0,2,0
271001,46500,46500,45000,46500,43000,44500,46100,0,1.122e+09,1.996e+06,2.036e+06,2.034e+06,1.997e+06,1.997e+06,1.996e+06,793359,898632,1.6e+09,8,19192,153,36,19184,690,12,4816,57,192,19200,3686,52,19192,997,176,4816,847,80,,,,,,,0,100,0,1,0,0.990099
272001,47000,47000,45000,47000,43000,44500,45900,0,1.122e+09,1.996e+06,2.035e+06,2.034e+06,1.997e+06,1.997e+06,1.996e+06,793359,898632,1.6e+09,8,19192,153,36,19184,690,12,4816,57,192,19200,3686,52,19192,997,176,4816,847,80,,,,,,,0,100,0,0,0,0
273002,46500,46500,45000,46500,43000,44500,45900,0,1.122e+09,1.996e+06,2.034e+06,2.034e+06,1.997e+06,1.996e+06,1.997e+06,793359,898632,1.6e+09,8,19192,153,36,19184,690,8,4816,38,192,19200,3686,52,19192,997,176,4816,847,80,,,,,,,0,100,0,0,0.990099,0
274002,46500,46500,45000,46500,43000,44500,45900,44,1.122e+09,2.028e+06,2.035e+06,2.035e+06,2.039e+06,2.036e+06,2.035e+06,793359,898632,1.6e+09,8,19192,153,36,19184,690,12,4816,57,194,19200,3724,52,19192,997,176,4816,847,80,,,,,,,1,100,0,0,1.0101,0
275002,46500,46500,45000,46500,43000,44750,45900,0,1.122e+09,2.034e+06,2.035e+06,2.035e+06,2.035e+06,2.035e+06,2.034e+06,793359,917968,1.6e+09,8,19192,153,36,19184,690,8,4816,38,192,19200,3686,52,19192,997,176,4816,847,80,,,,,,,0,100,0,0,0.990099,0
275407,,,,,,,,,,,,,,,,,,,,,,,,,,,,,,,,,,,,,,,49,,,,,,,,,,
276001,46500,46500,45000,46500,43000,44500,45900,0,1.122e+09,1.997e+06,2.036e+06,2.034e+06,1.996e+06,1.997e+06,1.997e+06,793359,898632,1.6e+09,8,19192,153,36,19184,690,12,4816,57,192,19200,3686,52,19192,997,176,4816,847,80,,,,,,,0,100,0,0,0,0
277002,46500,46500,45000,46500,43000,44500,46200,0,1.122e+09,2.035e+06,2.035e+06,2.035e+06,2.035e+06,2.034e+06,2.035e+06,793359,917968,1.6e+09,8,19192,153,36,19184,690,8,4816,38,194,19200,3724,52,19192,997,176,4816,847,80,,,,,,,0.990099,100,0,0.990099,1,0
278002,46500,46500,45000,46500,43000,44500,45900,0,1.122e+09,2.034e+06,2.035e+06,2.036e+06,2.035e+06,2.035e+06,2.036e+06,793359,917968,1.6e+09,8,19192,153,36,19184,690,12,4816,57,192,19200,3686,52,19192,997,176,4816,847,80,,,,,,,1,100,0,0,1,0
279002,46500,46500,45000,46500,43000,44500,45900,0,1.122e+09,1.997e+06,2.035e+06,2.034e+06,1.998e+06,1.996e+06,1.996e+06,793359,898632,1.6e+09,8,19192,153,36,19184,690,12,4816,57,192,19200,3686,52,19192,997,176,4816,847,80,,,,,,,0,100,0,0,1.9802,0
280001,46500,46500,45000,46500,43000,44500,45900,0,1.122e+09,1.997e+06,2.034e+06,2.035e+06,1.996e+06,1.997e+06,1.996e+06,793359,898632,1.6e+09,8,19192,153,36,19184,690,8,4816,38,192,19200,3686,52,19192,997,176,4816,847,80,,,,,,,1,100,0,1,1,0
280913,,,,,,,,,,,,,,,,,,,,,,,,,,,,,,,,,,,,,,,50,,,,,,,,,,
281001,46500,46500,45000,46500,43000,44500,46200,0,1.122e+09,1.996e+06,2.035e+06,2.034e+06,1.996e+06,1.996e+06,1.997e+06,793359,898632,1.6e+09,8,19192,153,36,19184,690,8,4816,38,192,19200,3686,52,19192,997,176,4816,847,80,,,,,,,0,100,0,0,0,1
282001,46500,46500,45000,46500,43000,44500,45900,0,1.122e+09,2.025e+06,2.035e+06,2.035e+06,2.035e+06,2.035e+06,2.034e+06,793359,917968,1.6e+09,8,19192,153,36,19184,690,8,4816,38,192,19200,3686,52,19192,997,176,4816,847,80,,,,,,,0,100,0,0,0,1
283001,46500,46500,45000,46500,43000,44500,46200,0,1.122e+09,1.996e+06,2.035e+06,2.035e+06,1.996e+06,1.996e+06,1.996e+06,793359,898632,1.6e+09,8,19192,153,36,19184,690,12,4816,57,192,19200,3686,52,19192,997,176,4816,847,80,,,,,,,1,100,0,0,1.9802,0.990099
284001,46500,46500,45000,46500,43000,44500,45900,0,1.122e+09,2.035e+06,2.035e+06,2.034e+06,2.035e+06,2.035e+06,2.035e+06,793359,917968,1.6e+09,8,19192,153,36,19184,690,12,4816,57,192,19200,3686,52,19192,997,176,4816,847,80,,,,,,,0,100,0,0.990099,0,0
285001,46500,46500,45000,46500,43000,44500,45900,0,1.122e+09,1.997e+06,2.035e+06,2.034e+06,1.997e+06,1.996e+06,1.996e+06,793359,898632,1.6e+09,8,19192,153,36,19184,690,8,4816,38,192,19200,3686,52,19192,997,176,4816,847,80,,,,,,,0,100,0,0,1,0
286002,46500,46500,45000,46500,43000,44500,45900,0,1.122e+09,1.998e+06,2.035e+06,2.035e+06,1.997e+06,1.996e+06,1.997e+06,793359,898632,1.6e+09,8,19192,153,36,19184,690,12,4816,57,192,19200,3686,52,19192,997,176,4816,847,80,,,,,,,1,100,0,1,0,1
286420,,,,,,,,,,,,,,,,,,,,,,,,,,,,,,,,,,,,,,,51,,,,,,,,,,
287001,47000,47000,45000,47000,43000,44500,45900,0,1.122e+09,2.032e+06,2.036e+06,2.035e+06,2.033e+06,2.031e+06,2.033e+06,793359,909375,1.6e+09,8,19192,153,36,19184,690,8,4816,38,192,19200,3686,52,19192,997,176,4816,847,80,,,,,,,0,100,0,0,0,0
288002,46500,46500,45000,46500,43000,44500,45900,0,1.122e+09,1.997e+06,2.035e+06,2.034e+06,1.997e+06,1.997e+06,1.996e+06,793359,917968,1.6e+09,8,19192,153,36,19184,690,8,4816,38,192,19200,3686,52,19192,997,176,4816,847,80,,,,,,,0,100,0,0,1,0
289001,46500,46500,45000,46500,43000,44500,45900,0,1.122e+09,1.996e+06,2.034e+06,2.035e+06,1.996e+06,1.997e+06,1.997e+06,793359,898632,1.6e+09,8,19192,153,36,19184,690,8,4816,38,192,19200,3686,52,19192,997,176,4816,847,80,,,,,,,1,100,0,0,1,0
290002,46500,46500,45000,46500,43000,44500,45900,0,1.122e+09,2.035e+06,2.035e+06,2.035e+06,2.034e+06,2.036e+06,2.036e+06,793359,917968,1.6e+09,8,19192,153,36,19184,690,8,4816,38,192,19200,3686,52,19192,997,176,4816,847,80,,,,,,,0,100,0,0,0,0
291002,46500,46500,45000,46500,43000,44500,45900,0,1.122e+09,1.997e+06,2.035e+06,2.034e+06,1.996e+06,1.996e+06,1.997e+06,793359,898632,1.6e+09,8,19192,153,36,19184,690,12,4816,57,192,19200,3686,52,19192,997,176,4816,847,80,,,,,,,0,100,0,1,2,0.990099
291928,,,,,,,,,,,,,,,,,,,,,,,,,,,,,,,,,,,,,,,52,,,,,,,,,,
292000,46500,46500,45000,46500,43000,44500,45900,0,1.122e+09,2.035e+06,2.035e+06,2.035e+06,2.034e+06,2.035e+06,2.035e+06,793359,917968,1.6e+09,8,19192,153,36,19184,690,8,4816,38,192,19200,3686,52,19192,997,176,4816,847,80,,,,,,,0,100,0,0,1,1
293001,46500,46500,45000,46500,43000,44500,45900,0,1.122e+09,1.998e+06,2.035e+06,2.034e+06,1.996e+06,1.996e+06,1.996e+06,793359,898632,1.6e+09,8,19192,153,36,19184,690,12,4816,57,192,19200,3686,52,19192,997,176,4816,847,80,,,,,,,0,100,0,0,1,0
294002,46500,46500,45000,46500,43000,44500,46200,0,1.122e+09,2.026e+06,2.036e+06,2.035e+06,2.029e+06,2.027e+06,2.03e+06,793359,909375,1.6e+09,8,19192,153,36,19184,690,12,4816,57,192,19200,3686,52,19192,997,176,4816,847,80,,,,,,,0,100,0,0,0,1
295002,46500,46500,45000,46500,43000,44500,45900,0,1.122e+09,1.997e+06,2.035e+06,2.036e+06,1.996e+06,1.997e+06,1.996e+06,793359,898632,1.6e+09,8,19192,153,36,19184,690,12,4816,57,192,19200,3686,52,19192,997,176,4808,846,80,,,,,,,1.9802,100,0,0.990099,0,0
296002,46500,46500,45000,46500,43000,44500,45900,0,1.122e+09,2.035e+06,2.034e+06,2.035e+06,2.036e+06,2.034e+06,2.035e+06,793359,917968,1.6e+09,8,19192,153,36,19184,690,12,4816,38,192,19200,3686,52,19192,997,176,4816,847,80,,,,,,,0,100,0,0,0,0
297002,46500,46500,45000,46500,43000,44500,45900,0,1.122e+09,2.034e+06,2.035e+06,2.035e+06,2.036e+06,2.036e+06,2.035e+06,793359,917968,1.6e+09,8,19192,153,36,19184,690,8,4816,38,192,19200,3686,52,19192,997,176,4816,847,80,,,,,,,1.9802,100,0,0,0,0
297437,,,,,,,,,,,,,,,,,,,,,,,,,,,,,,,,,,,,,,,53,,,,,,,,,,
298001,46500,46500,45000,46500,43000,44500,45900,0,1.122e+09,2.035e+06,2.035e+06,2.034e+06,2.035e+06,2.034e+06,2.035e+06,793359,898632,1.6e+09,8,19192,153,36,19184,690,12,4816,57,192,19200,3686,52,19192,997,176,4816,847,80,,,,,,,1,100,0,0,1.9802,1
299001,47000,47000,45000,47000,43000,44500,45900,0,1.122e+09,2.035e+06,2.036e+06,2.034e+06,2.035e+06,2.035e+06,2.034e+06,793359,917968,1.6e+09,8,19192,153,36,19184,690,8,4816,38,192,19200,3686,52,19192,997,176,4816,847,80,,,,,,,0,100,0,0,0,0
300001,46500,46500,45000,46500,43000,44500,45900,0,1.122e+09,1.996e+06,2.036e+06,2.035e+06,1.995e+06,1.996e+06,1.997e+06,793359,898632,1.6e+09,8,19192,153,36,19184,690,12,4816,57,192,19200,3686,52,19192,997,176,4816,847,80,,,,,,,0.990099,100,0,0,0,0
