# Started at: 2022-06-24 00:04:18 +0000, Version: v0.1-182-g8091d52, Generated by: thermobench --verbose --time=300 --wait=50 --wait-timeout=60 --sensors_file=/root/thermobench/src/sensors.tx2 --cpu-usage --column=CPU0_work_done --column=CPU1_work_done --column=CPU2_work_done --column=CPU3_work_done --column=CPU4_work_done --column=CPU5_work_done --output=/root/JSA/coefficients_experiment/measurements_repeated/tx2//sleep_A57_one.json.yaml.csv -- demos-sched -p high -c /root/JSA/coefficients_experiment/demos_configurations/tx2//sleep_A57_one.json.yaml
time/ms,Cortex_A57_temp/m°C,Denver2_temp/m°C,GPU_temp/m°C,PLL_temp/m°C,Tboard_temp/m°C,Tdiode_temp/m°C,Thfan_temp/m°C,GPU_load/‰,GPU_freq/Hz,Cortex_A57_0_freq/Hz,Denver2_0_freq/Hz,Denver2_1_freq/Hz,Cortex_A57_1_freq/Hz,Cortex_A57_2_freq/Hz,Cortex_A57_3_freq/Hz,GPU_voltage/µV,CPU_voltage/µV,EMC_freq/Hz,SYS_GPU_current/mA,SYS_GPU_voltage/mV,SYS_GPU_power/mW,SYS_SOC_current/mA,SYS_SOC_voltage/mV,SYS_SOC_power/mW,4V0_WIFI_current/mA,4V0_WIFI_voltage/mV,4V0_WIFI_power/mW,IN_current/mA,IN_voltage/mV,IN_power/mW,SYS_CPU_current/mA,SYS_CPU_voltage/mV,SYS_CPU_power/mW,SYS_DDR_current/mA,SYS_DDR_voltage/mV,SYS_DDR_power/mW,CUR_PWM/%,CPU0_work_done,CPU1_work_done,CPU2_work_done,CPU3_work_done,CPU4_work_done,CPU5_work_done,CPU0_load/%,CPU1_load/%,CPU2_load/%,CPU3_load/%,CPU4_load/%,CPU5_load/%
1.07028,48500,48500,47500,48500,46000,47000,48100,0,1.4025e+08,1.421e+06,1.42e+06,1.42e+06,1.42e+06,1.42e+06,1.42e+06,630078,748242,1.6e+09,8,19200,153,36,19192,690,12,4816,57,144,19208,2765,16,19200,307,152,4816,732,0,,,,,,,0,0,0,50,0,100
1001.68,48500,48500,47500,48500,46000,47000,48100,123,1.4025e+08,2.034e+06,2.035e+06,2.035e+06,2.034e+06,2.034e+06,2.034e+06,630078,928710,1.6e+09,8,19200,153,32,19192,614,12,4816,57,140,19208,2689,12,19200,230,152,4816,732,0,,,,,,,0.990099,0,0,0,0,0
2001.88,48500,48500,47500,48500,46000,47000,48100,0,1.4025e+08,2.034e+06,2.035e+06,2.034e+06,2.033e+06,2.036e+06,2.034e+06,630078,928710,1.6e+09,8,19200,153,36,19192,690,12,4816,57,140,19208,2689,12,19200,230,152,4816,732,0,,,,,,,0,0,0,1.9802,0,0
3001.05,48500,48500,47500,48500,46000,47000,48100,0,1.4025e+08,2.033e+06,2.036e+06,2.036e+06,2.033e+06,2.034e+06,2.035e+06,630078,928710,1.6e+09,8,19200,153,36,19192,690,12,4816,57,142,19208,2727,16,19200,307,152,4816,732,0,,,,,,,1.0101,1,0,1.0101,0.990099,0
4001.14,48500,48500,47500,48500,46000,47000,48100,0,1.4025e+08,2.034e+06,2.035e+06,2.035e+06,2.035e+06,2.034e+06,2.035e+06,630078,928710,1.6e+09,8,19200,153,36,19192,690,8,4816,38,140,19208,2689,12,19200,230,152,4816,732,0,,,,,,,0,0,0,1.9802,0,0
5001.31,48500,48500,47500,48500,46000,47000,48100,185,1.4025e+08,2.035e+06,2.035e+06,2.034e+06,2.035e+06,2.035e+06,2.034e+06,630078,928710,1.6e+09,8,19200,153,32,19192,614,12,4816,57,140,19208,2689,16,19200,307,152,4816,732,0,,,,,,,0,0,0,0,0,0
6001.26,48500,48500,47500,48500,46000,47000,48100,0,1.4025e+08,2.034e+06,2.034e+06,2.036e+06,2.034e+06,2.036e+06,2.035e+06,630078,928710,1.6e+09,8,19200,153,36,19192,690,12,4816,57,140,19208,2689,16,19200,307,152,4816,732,0,,,,,,,0,0,1,1,0,0
7001.21,48500,48500,47500,48500,46000,46750,48100,186,1.4025e+08,2.034e+06,2.034e+06,2.034e+06,2.034e+06,2.034e+06,2.035e+06,630078,928710,1.6e+09,8,19200,153,36,19192,690,12,4816,57,140,19208,2689,12,19200,230,152,4816,732,0,,,,,,,0,0,0,1,0,0
8001.34,48500,48500,47500,48500,46000,47000,48100,0,1.4025e+08,2.034e+06,2.036e+06,2.035e+06,2.035e+06,2.034e+06,2.035e+06,630078,928710,1.6e+09,8,19200,153,32,19192,614,12,4816,57,140,19208,2689,12,19200,230,152,4816,732,0,,,,,,,0,0,0,0,0,0
9001.41,48500,48500,47500,48500,46000,47000,48100,0,1.4025e+08,2.049e+06,2.036e+06,2.035e+06,2.035e+06,2.035e+06,2.034e+06,630078,928710,1.6e+09,8,19200,153,32,19192,614,8,4816,38,140,19208,2689,16,19200,307,152,4816,732,0,,,,,,,1,0,0,2.9703,0.990099,0
10001.5,48500,48500,47500,48500,46000,47000,48100,0,1.4025e+08,2.039e+06,2.035e+06,2.035e+06,2.033e+06,2.034e+06,2.035e+06,630078,928710,1.6e+09,8,19200,153,36,19192,690,8,4816,38,140,19208,2689,12,19200,230,152,4816,732,0,,,,,,,0,0,0,1,0,0
11001.6,48500,48500,47500,48500,46000,46750,48100,185,1.4025e+08,2.035e+06,2.036e+06,2.035e+06,2.035e+06,2.034e+06,2.035e+06,630078,928710,1.6e+09,8,19200,153,36,19192,690,12,4816,57,140,19208,2689,12,19200,230,152,4816,732,0,,,,,,,0,0,0,1,0,0
12001.7,48500,48500,47500,48500,46000,47000,48100,0,1.4025e+08,2.035e+06,2.035e+06,2.035e+06,2.035e+06,2.036e+06,2.033e+06,630078,928710,1.6e+09,8,19200,153,32,19192,614,12,4816,57,140,19208,2689,16,19200,307,152,4816,732,0,,,,,,,1,0.990099,1,2,0,1
13001.7,48500,48500,47500,48500,46000,47000,48100,186,1.4025e+08,2.035e+06,2.035e+06,2.035e+06,2.034e+06,2.035e+06,2.034e+06,630078,928710,1.6e+09,8,19200,153,32,19192,614,8,4816,38,140,19208,2689,12,19200,230,152,4816,732,0,,,,,,,0,0,0,1,0,0
14001.9,48500,48500,47500,48500,46000,47000,48100,0,1.4025e+08,2.034e+06,2.035e+06,2.035e+06,2.034e+06,2.035e+06,2.034e+06,630078,928710,1.6e+09,8,19200,153,36,19192,690,12,4816,57,140,19208,2689,12,19200,230,152,4816,732,0,,,,,,,0,0,0,1.96078,0,0
15002,48500,48500,47500,48500,46000,46750,48100,0,1.4025e+08,2.035e+06,2.034e+06,2.035e+06,2.034e+06,2.034e+06,2.036e+06,630078,928710,1.6e+09,8,19200,153,32,19192,614,12,4816,57,140,19208,2689,16,19200,307,152,4816,732,0,,,,,,,0,0,1,2,0,0.990099
16002,48500,48500,47500,48500,46000,47000,48100,0,1.4025e+08,2.034e+06,2.035e+06,2.036e+06,2.035e+06,2.034e+06,2.034e+06,630078,928710,1.6e+09,8,19200,153,36,19192,690,8,4816,38,140,19208,2689,12,19200,230,152,4816,732,0,,,,,,,0,0,0,0,0,0
17000.8,48500,48500,47500,48500,46000,46750,47900,0,1.4025e+08,2.034e+06,2.036e+06,2.034e+06,2.034e+06,2.034e+06,2.034e+06,630078,887890,1.6e+09,8,19200,153,36,19192,690,8,4816,38,140,19208,2689,12,19200,230,152,4816,732,0,,,,,,,1,0,0,0.990099,1,0
18001.2,48500,48500,47500,48500,46000,46750,48100,0,1.4025e+08,2.034e+06,2.035e+06,2.035e+06,2.035e+06,2.034e+06,2.035e+06,630078,928710,1.6e+09,8,19200,153,36,19192,690,12,4816,57,140,19208,2689,16,19200,307,152,4816,732,0,,,,,,,1,0,0,1.0101,1,0
19001.2,48500,48500,47500,48500,46000,47000,48100,0,1.4025e+08,2.044e+06,2.035e+06,2.035e+06,2.035e+06,2.035e+06,2.034e+06,630078,928710,1.6e+09,8,19200,153,32,19192,614,12,4816,57,140,19208,2689,12,19200,230,152,4816,732,0,,,,,,,0,0,0,0,0,0
20001.6,48500,48500,47500,48500,46000,46750,48100,0,1.4025e+08,2.035e+06,2.035e+06,2.035e+06,2.035e+06,2.035e+06,2.035e+06,630078,928710,1.6e+09,8,19200,153,32,19192,614,12,4816,57,140,19208,2689,12,19200,230,152,4816,732,0,,,,,,,0,0,0,1,0,0
21001.8,48000,48000,47500,48000,46000,47000,48100,0,1.4025e+08,2.035e+06,2.035e+06,2.035e+06,2.034e+06,2.035e+06,2.035e+06,630078,928710,1.6e+09,8,19200,153,32,19192,614,12,4816,57,140,19208,2689,16,19200,307,152,4816,732,0,,,,,,,0,0,1,1,1.0101,1
22001.9,48500,48500,47500,48500,46000,47000,48100,0,1.4025e+08,2.034e+06,2.036e+06,2.035e+06,2.035e+06,2.034e+06,2.034e+06,630078,928710,1.6e+09,8,19200,153,36,19192,690,12,4816,57,140,19208,2689,12,19200,230,152,4816,732,0,,,,,,,0,0,0,0,0.990099,0
23001.1,48500,48500,47500,48500,46000,47000,48100,0,1.4025e+08,2.034e+06,2.034e+06,2.034e+06,2.034e+06,2.036e+06,2.033e+06,630078,928710,1.6e+09,8,19200,153,36,19192,690,12,4816,57,140,19208,2689,12,19200,230,152,4816,732,0,,,,,,,0,0,0,1.9802,0,0
24001.3,48500,48500,47500,48500,46000,46750,48100,0,1.4025e+08,2.072e+06,2.035e+06,2.035e+06,2.034e+06,2.034e+06,2.034e+06,630078,928710,1.6e+09,8,19200,153,36,19192,690,8,4816,38,140,19208,2689,16,19200,307,152,4816,732,0,,,,,,,0,1.9802,0,0,1,0
25001.4,48500,48500,47000,48500,46000,46750,48100,0,1.4025e+08,2.03e+06,2.035e+06,2.035e+06,2.035e+06,2.035e+06,2.034e+06,630078,928710,1.6e+09,8,19200,153,36,19192,690,12,4816,57,140,19208,2689,12,19200,230,152,4816,732,0,,,,,,,0,0,0,0,0,0
26001.5,48500,48500,47500,48500,46000,46750,48100,0,1.4025e+08,2.035e+06,2.034e+06,2.034e+06,2.035e+06,2.035e+06,2.035e+06,630078,928710,1.6e+09,8,19200,153,32,19192,614,12,4816,57,138,19208,2650,12,19200,230,152,4816,732,0,,,,,,,0,0,0,0.990099,1,0.990099
27001.4,48500,48500,47500,48500,46000,46750,48100,0,1.4025e+08,2.035e+06,2.036e+06,2.035e+06,2.033e+06,2.035e+06,2.035e+06,630078,928710,1.6e+09,8,19200,153,32,19192,614,12,4816,57,140,19208,2689,16,19200,307,152,4816,732,0,,,,,,,1,0,0,1,0,0
28001.5,48500,48500,47500,48500,46000,46750,48100,0,1.4025e+08,2.034e+06,2.035e+06,2.034e+06,2.036e+06,2.034e+06,2.035e+06,630078,928710,1.6e+09,8,19200,153,32,19192,614,12,4816,57,140,19208,2689,12,19200,230,152,4816,732,0,,,,,,,0,0,0,0,1,0
29001.4,48500,48500,47500,48500,46000,46750,48100,0,1.4025e+08,2.035e+06,2.034e+06,2.035e+06,2.035e+06,2.034e+06,2.034e+06,630078,928710,1.6e+09,8,19200,153,36,19192,690,12,4816,57,140,19208,2689,12,19200,230,152,4816,732,0,,,,,,,0,0,0,0,1,0
30001.5,48500,48500,47500,48500,46000,46500,48100,0,1.4025e+08,2.034e+06,2.034e+06,2.036e+06,2.035e+06,2.035e+06,2.035e+06,630078,928710,1.6e+09,8,19200,153,32,19192,614,8,4816,38,140,19208,2689,12,19200,230,152,4816,732,0,,,,,,,1.96078,1,0,0,1.9802,0
31001.1,48500,48500,47500,48500,46000,46750,48100,0,1.4025e+08,2.034e+06,2.035e+06,2.035e+06,2.035e+06,2.035e+06,2.034e+06,630078,928710,1.6e+09,8,19200,153,32,19192,614,8,4816,38,140,19208,2689,12,19200,230,152,4816,732,0,,,,,,,0,0,0.990099,0,1,1
32001.2,48500,48500,47500,48500,45000,46750,48100,0,1.4025e+08,2.074e+06,2.036e+06,2.035e+06,2.034e+06,2.035e+06,2.035e+06,630078,928710,1.6e+09,8,19200,153,32,19192,690,12,4816,57,140,19208,2689,12,19200,230,152,4816,732,0,,,,,,,0,0,0,0,1.9802,0.990099
33001.5,48500,48500,47500,48500,45000,46750,48100,0,1.4025e+08,2.036e+06,2.035e+06,2.035e+06,2.035e+06,2.035e+06,2.035e+06,630078,928710,1.6e+09,8,19200,153,32,19192,614,12,4816,38,140,19208,2689,16,19200,307,152,4816,732,0,,,,,,,0,0,0,0,0,0
34001.5,48000,48000,47500,48000,45000,46750,48100,0,1.4025e+08,2.034e+06,2.035e+06,2.035e+06,2.034e+06,2.036e+06,2.036e+06,630078,928710,1.6e+09,8,19200,153,32,19192,614,8,4816,38,140,19208,2689,12,19200,230,152,4816,732,0,,,,,,,0,0,0,0,0,0
35001.7,48500,48500,47500,48500,45000,46750,47900,0,1.4025e+08,2.034e+06,2.036e+06,2.034e+06,2.035e+06,2.035e+06,2.035e+06,630078,928710,1.6e+09,8,19200,153,32,19192,614,12,4816,57,138,19208,2650,12,19200,230,152,4816,732,0,,,,,,,0,0,0,0,0.990099,0.990099
36001.9,48000,48000,47500,48000,45000,46750,48100,0,1.4025e+08,2.051e+06,2.035e+06,2.035e+06,2.034e+06,2.034e+06,2.035e+06,630078,928710,1.6e+09,8,19200,153,36,19192,690,12,4816,57,140,19208,2689,16,19200,307,152,4816,732,0,,,,,,,1,0.990099,0,1,1.0101,0
37002,48500,48500,47500,48500,45000,46750,48100,0,1.4025e+08,2.035e+06,2.035e+06,2.035e+06,2.035e+06,2.035e+06,2.035e+06,630078,928710,1.6e+09,8,19200,153,32,19192,614,8,4816,38,138,19208,2650,12,19200,230,152,4816,732,0,,,,,,,0,0,0,0,0.990099,0
38001.2,48500,48500,47500,48500,45000,46750,48100,0,1.4025e+08,2.073e+06,2.034e+06,2.034e+06,2.035e+06,2.034e+06,2.036e+06,630078,928710,1.6e+09,8,19200,153,32,19192,614,12,4816,57,140,19208,2689,12,19200,230,152,4816,732,0,,,,,,,0,0,0,0,1,0
39001.4,48000,48000,47500,48000,45000,46750,47800,0,1.4025e+08,2.035e+06,2.035e+06,2.035e+06,2.035e+06,2.035e+06,2.035e+06,630078,928710,1.6e+09,8,19200,153,32,19192,614,12,4816,57,140,19208,2689,16,19200,307,152,4816,732,0,,,,,,,0,0,1,0.990099,0,0
40001.4,48500,48500,47500,48500,45000,46750,47800,0,1.4025e+08,2.034e+06,2.035e+06,2.036e+06,2.035e+06,2.035e+06,2.034e+06,630078,928710,1.6e+09,8,19200,153,32,19192,614,12,4816,57,138,19208,2650,12,19200,230,152,4816,732,0,,,,,,,0,0,0,0,1.9802,0.990099
41001.6,48500,48500,47500,48500,45000,46750,48100,0,1.4025e+08,2.035e+06,2.035e+06,2.035e+06,2.033e+06,2.036e+06,2.034e+06,630078,928710,1.6e+09,8,19200,153,32,19192,614,8,4816,38,140,19208,2689,12,19200,230,152,4816,732,0,,,,,,,0.990099,0,0,0,0,0
42001.8,48000,48000,47000,48000,45000,46750,48100,0,1.4025e+08,2.03e+06,2.035e+06,2.036e+06,2.035e+06,2.035e+06,2.035e+06,630078,928710,1.6e+09,8,19200,153,36,19192,690,12,4816,38,142,19208,2727,16,19200,307,152,4816,732,0,,,,,,,1,1,1,0.990099,2,0
43001.9,48500,48500,47000,48500,45000,46500,47800,0,1.4025e+08,2.033e+06,2.034e+06,2.035e+06,2.035e+06,2.033e+06,2.034e+06,630078,928710,1.6e+09,8,19200,153,32,19192,614,12,4816,57,138,19208,2650,12,19200,230,152,4816,732,0,,,,,,,0,0,0,0,1,0
44001.9,48000,48000,47500,48000,45000,46500,47900,0,1.4025e+08,2.035e+06,2.035e+06,2.035e+06,2.035e+06,2.035e+06,2.034e+06,630078,928710,1.6e+09,8,19200,153,36,19192,690,12,4816,57,140,19208,2689,12,19200,230,152,4816,732,0,,,,,,,0,0,0,0,1,0
45002,48500,48500,47500,48500,45000,46500,48100,0,1.4025e+08,2.035e+06,2.036e+06,2.034e+06,2.034e+06,2.036e+06,2.034e+06,630078,928710,1.6e+09,8,19200,153,32,19192,690,12,4816,57,140,19208,2689,12,19200,230,152,4816,732,0,,,,,,,0,1,0,0,1.0101,0.990099
46001,48000,48000,47500,48000,45000,46500,47600,0,1.4025e+08,2.034e+06,2.035e+06,2.034e+06,2.034e+06,2.036e+06,2.035e+06,630078,928710,1.6e+09,8,19200,153,32,19192,614,12,4816,57,138,19208,2650,12,19200,230,152,4816,732,0,,,,,,,0,0,0.990099,0,1.9802,0
47001.3,48000,48000,47500,48000,45000,46750,47800,0,1.4025e+08,2.034e+06,2.035e+06,2.035e+06,2.035e+06,2.035e+06,2.034e+06,630078,928710,1.6e+09,8,19200,153,32,19192,614,12,4816,57,138,19208,2650,12,19200,230,152,4816,732,0,,,,,,,0,0,0,0,0,0
48001.5,48500,48500,47500,48500,45000,46750,47800,0,1.4025e+08,2.003e+06,2.035e+06,2.033e+06,2.035e+06,2.035e+06,2.036e+06,630078,928710,1.6e+09,8,19200,153,32,19192,614,12,4816,57,142,19208,2727,12,19200,230,152,4816,732,0,,,,,,,0,0,0,1,1.0101,1
49001.5,48000,48000,47500,48000,45000,46500,47900,0,1.4025e+08,2.072e+06,2.035e+06,2.034e+06,2.034e+06,2.035e+06,2.036e+06,630078,928710,1.6e+09,8,19200,153,32,19192,614,12,4816,57,140,19208,2689,16,19200,307,152,4816,732,0,,,,,,,0,0,0.990099,0,1,0.990099
50001.6,48500,48500,47500,48500,45000,46500,47900,0,1.4025e+08,2.069e+06,2.034e+06,2.035e+06,2.034e+06,2.035e+06,2.034e+06,630078,928710,1.6e+09,8,19200,153,36,19192,690,8,4816,38,140,19208,2689,12,19200,230,152,4816,732,0,,,,,,,0,0,0,0.990099,1,1
51001.6,48000,48000,47500,48000,45000,46750,47800,0,1.4025e+08,2.035e+06,2.035e+06,2.034e+06,2.035e+06,2.034e+06,2.035e+06,630078,928710,1.6e+09,8,19200,153,32,19192,614,12,4816,57,140,19208,2689,12,19200,230,152,4816,732,0,,,,,,,1.9802,0.990099,0,0,1.9802,0.990099
52001.8,48000,48000,47000,48000,45000,46500,47800,0,1.4025e+08,2.034e+06,2.035e+06,2.033e+06,2.035e+06,2.035e+06,2.036e+06,630078,928710,1.6e+09,8,19200,153,36,19192,690,12,4816,57,140,19208,2689,12,19200,230,152,4816,732,0,,,,,,,0,0,0,0,0,0
53001,48000,48000,47000,48000,45000,46500,47800,0,1.4025e+08,2.036e+06,2.034e+06,2.034e+06,2.034e+06,2.035e+06,2.034e+06,630078,928710,1.6e+09,8,19200,153,32,19192,614,8,4816,38,140,19208,2689,12,19200,230,152,4816,732,0,,,,,,,0,0,0,0,1,0
54001.2,48000,48000,47000,48000,45000,46500,47600,0,1.4025e+08,2.034e+06,2.036e+06,2.035e+06,2.034e+06,2.035e+06,2.035e+06,630078,928710,1.6e+09,8,19200,153,32,19192,614,8,4816,38,140,19208,2689,12,19200,230,152,4816,732,0,,,,,,,0,0,1,0.990099,1,0
55001.3,48000,48000,47500,48000,45000,46750,47600,0,1.4025e+08,1.868e+06,2.035e+06,2.034e+06,2.035e+06,2.034e+06,2.035e+06,630078,928710,1.6e+09,8,19200,153,32,19192,614,12,4816,57,140,19208,2689,12,19200,230,152,4816,732,0,,,,,,,0,0,0,0,1,0
56001.5,48000,48000,47000,48000,45000,46750,47800,0,1.4025e+08,1.953e+06,2.035e+06,2.036e+06,2.035e+06,2.035e+06,2.034e+06,630078,928710,1.6e+09,8,19200,153,32,19192,614,8,4816,38,140,19208,2689,12,19200,230,152,4816,732,0,,,,,,,0.990099,0,0,0,1,0
57001.7,48500,48500,47000,48500,45000,46500,47600,0,1.4025e+08,2.035e+06,2.035e+06,2.034e+06,2.034e+06,2.035e+06,2.034e+06,630078,928710,1.6e+09,8,19200,153,32,19192,614,12,4816,38,142,19208,2727,12,19200,230,152,4816,732,0,,,,,,,0,1,0,0.990099,1,0
58001.8,48000,48000,47000,48000,45000,46500,47900,0,1.4025e+08,2.034e+06,2.035e+06,2.035e+06,2.035e+06,2.035e+06,2.035e+06,630078,928710,1.6e+09,8,19200,153,36,19192,690,12,4816,57,140,19208,2689,12,19200,230,152,4816,732,0,,,,,,,0,0,0,0,1,0
59001,48000,48000,47000,48000,45000,46500,47900,0,1.4025e+08,2.035e+06,2.035e+06,2.035e+06,2.035e+06,2.034e+06,2.035e+06,630078,928710,1.6e+09,8,19200,153,36,19192,690,12,4816,57,140,19208,2689,12,19200,230,152,4816,732,0,,,,,,,0,0,0,0,1.9802,0
60001.3,48000,48000,47000,48000,45000,46500,47600,0,1.4025e+08,2.034e+06,2.035e+06,2.035e+06,2.034e+06,2.035e+06,2.034e+06,630078,928710,1.6e+09,8,19200,153,32,19192,614,12,4816,57,140,19208,2689,12,19200,230,152,4816,732,0,,,,,,,1,1,0,0,1.0101,1
61001.4,48000,48000,47500,48000,45000,46500,47600,0,1.4025e+08,2.034e+06,2.034e+06,2.034e+06,2.034e+06,2.034e+06,2.034e+06,630078,928710,1.6e+09,8,19200,153,32,19192,614,12,4816,57,138,19208,2650,12,19200,230,152,4816,732,0,,,,,,,0,0,0,0,0,0
62001.5,48000,48000,47000,48000,45000,46500,47600,0,1.4025e+08,2.036e+06,2.034e+06,2.034e+06,2.033e+06,2.035e+06,2.034e+06,630078,928710,1.6e+09,8,19200,153,32,19192,614,12,4816,57,140,19208,2689,12,19200,230,152,4816,732,0,,,,,,,0,0,0,0,1.0101,0
63001.7,48000,48000,47000,48000,45000,46500,47900,0,1.4025e+08,2.036e+06,2.036e+06,2.035e+06,2.035e+06,2.034e+06,2.036e+06,630078,928710,1.6e+09,8,19200,153,32,19192,614,8,4816,38,140,19208,2689,16,19200,307,152,4816,732,0,,,,,,,0,0,0,1,1.9802,0
64001.8,48000,48000,47500,48000,45000,46500,47600,0,1.4025e+08,2.035e+06,2.036e+06,2.035e+06,2.033e+06,2.035e+06,2.035e+06,630078,928710,1.6e+09,8,19200,153,36,19192,690,12,4816,57,140,19208,2689,12,19200,230,152,4816,732,0,,,,,,,0,0,0,0,1,0.990099
65001.1,48000,48000,47500,48000,45000,46500,47600,0,1.4025e+08,2.034e+06,2.035e+06,2.034e+06,2.035e+06,2.034e+06,2.034e+06,630078,928710,1.6e+09,8,19200,153,32,19192,614,8,4816,38,140,19208,2689,12,19200,230,152,4816,732,0,,,,,,,0,0,0,0,1,0
66001.3,48000,48000,47000,48000,45000,46500,47600,0,1.4025e+08,2.035e+06,2.035e+06,2.036e+06,2.034e+06,2.034e+06,2.035e+06,630078,928710,1.6e+09,8,19200,153,32,19192,614,8,4816,38,142,19208,2727,16,19200,230,152,4816,732,0,,,,,,,1,0,1.9802,0,1,0
67001.4,48000,48000,47500,48000,45000,46500,47900,0,1.4025e+08,2.036e+06,2.036e+06,2.035e+06,2.034e+06,2.035e+06,2.036e+06,630078,928710,1.6e+09,8,19200,153,32,19192,614,12,4816,57,140,19208,2689,16,19200,307,152,4816,732,0,,,,,,,0,0,0,0,0,0
68001.6,48000,48000,47000,48000,45000,46500,47600,0,1.4025e+08,2.062e+06,2.036e+06,2.035e+06,2.035e+06,2.034e+06,2.034e+06,630078,928710,1.6e+09,8,19200,153,36,19192,690,8,4816,38,140,19208,2689,12,19200,230,152,4816,732,0,,,,,,,0,0,0,0,1.9802,0
69001.8,48000,48000,47000,48000,45000,46500,47600,0,1.4025e+08,2.035e+06,2.034e+06,2.036e+06,2.035e+06,2.034e+06,2.034e+06,630078,928710,1.6e+09,8,19200,153,36,19192,690,12,4816,57,140,19208,2689,12,19200,230,152,4816,732,0,,,,,,,2.94118,1,0,0.990099,1.9802,0
70002,48000,48000,47000,48000,45000,46250,47600,0,1.4025e+08,2.034e+06,2.034e+06,2.035e+06,2.033e+06,2.035e+06,2.035e+06,630078,928710,1.6e+09,8,19200,153,32,19192,614,12,4816,57,140,19208,2689,12,19200,230,152,4816,732,0,,,,,,,0,0,0,0,1,0
71001.2,48000,48000,47000,48000,45000,46500,47600,0,1.4025e+08,2.035e+06,2.034e+06,2.035e+06,2.035e+06,2.034e+06,2.035e+06,630078,928710,1.6e+09,8,19200,153,32,19192,614,12,4816,57,140,19208,2689,12,19200,230,152,4816,732,0,,,,,,,0,0,0,0,0,0
72001.5,48000,48000,47000,48000,45000,46500,47600,0,1.4025e+08,2.039e+06,2.035e+06,2.035e+06,2.035e+06,2.035e+06,2.036e+06,630078,928710,1.6e+09,8,19200,153,32,19192,614,12,4816,57,140,19208,2689,12,19200,230,152,4816,732,0,,,,,,,0.990099,1,0,0,2.94118,1
73001.6,48000,48000,47000,48000,45000,46500,47600,0,1.4025e+08,2.034e+06,2.035e+06,2.036e+06,2.035e+06,2.034e+06,2.035e+06,630078,928710,1.6e+09,8,19200,153,32,19192,614,12,4816,57,140,19208,2689,16,19200,307,152,4816,732,0,,,,,,,0,0,0,0,1,0
74001.8,48000,48000,47000,48000,45000,46500,47600,0,1.4025e+08,2.035e+06,2.034e+06,2.034e+06,2.034e+06,2.035e+06,2.035e+06,630078,928710,1.6e+09,8,19200,153,32,19192,614,8,4816,38,140,19208,2689,12,19200,230,152,4816,732,0,,,,,,,0,0,0,0,1,0
75001,48000,48000,47000,48000,45000,46500,47600,0,1.4025e+08,2.059e+06,2.035e+06,2.036e+06,2.034e+06,2.034e+06,2.035e+06,630078,928710,1.6e+09,8,19200,153,32,19192,614,12,4816,57,140,19208,2689,12,19200,230,152,4816,732,0,,,,,,,0,0.990099,1.9802,0.990099,2,1
76001.1,48000,48000,47000,48000,45000,46500,47600,0,1.4025e+08,2.069e+06,2.035e+06,2.034e+06,2.035e+06,2.034e+06,2.035e+06,630078,928710,1.6e+09,8,19200,153,36,19192,690,8,4816,38,140,19208,2689,16,19200,307,152,4816,732,0,,,,,,,0,0,0,0,0,0
77001.2,48000,48000,47000,48000,45000,46500,47600,0,1.4025e+08,2.033e+06,2.034e+06,2.035e+06,2.035e+06,2.034e+06,2.034e+06,630078,928710,1.6e+09,8,19200,153,32,19192,614,8,4816,38,140,19208,2689,12,19200,230,152,4816,732,0,,,,,,,0.990099,0,0,0,1,0
78001.3,48000,48000,47000,48000,45000,46500,47600,0,1.4025e+08,2.034e+06,2.035e+06,2.035e+06,2.034e+06,2.034e+06,2.035e+06,630078,928710,1.6e+09,8,19200,153,32,19192,614,12,4816,57,140,19208,2689,12,19200,230,152,4816,732,0,,,,,,,0,1,1,0,1.0101,0
79001.4,48000,48000,47000,48000,45000,46500,47600,0,1.4025e+08,2.013e+06,2.036e+06,2.034e+06,2.035e+06,2.036e+06,2.035e+06,630078,928710,1.6e+09,8,19200,153,32,19192,614,12,4816,57,140,19208,2689,12,19200,230,152,4816,732,0,,,,,,,0,0,0,0,0.990099,0
80001.7,48000,48000,47000,48000,45000,46500,47600,0,1.4025e+08,2.034e+06,2.035e+06,2.036e+06,2.035e+06,2.036e+06,2.034e+06,630078,928710,1.6e+09,8,19200,153,32,19192,614,12,4816,57,140,19208,2689,12,19200,230,152,4816,732,0,,,,,,,0,0,0,0,1.9802,0
81001.8,48000,48000,47000,48000,45000,46500,47400,0,1.4025e+08,2.026e+06,2.036e+06,2.035e+06,2.035e+06,2.035e+06,2.034e+06,630078,928710,1.6e+09,8,19200,153,32,19192,614,12,4816,57,140,19208,2689,16,19200,307,152,4816,732,0,,,,,,,0,0,0,1,1.0101,0
82002,48000,48000,47000,48000,45000,46250,47600,0,1.4025e+08,2.035e+06,2.036e+06,2.035e+06,2.035e+06,2.034e+06,2.035e+06,630078,928710,1.6e+09,8,19200,153,32,19192,614,12,4816,57,140,19208,2689,12,19200,230,152,4816,732,0,,,,,,,0,0,0,0,0,0
83001.2,48000,48000,47000,48000,45000,46250,47400,0,1.4025e+08,2.034e+06,2.035e+06,2.034e+06,2.036e+06,2.033e+06,2.035e+06,630078,928710,1.6e+09,8,19200,153,32,19192,614,8,4816,38,140,19208,2689,12,19200,230,152,4816,732,0,,,,,,,1,0,0,0,0,0
84001.4,48000,48000,47000,48000,45000,46250,47900,0,1.4025e+08,2.036e+06,2.035e+06,2.035e+06,2.034e+06,2.034e+06,2.035e+06,630078,928710,1.6e+09,8,19200,153,32,19192,614,12,4816,57,140,19208,2689,12,19200,230,152,4816,732,0,,,,,,,0,0,0,0,2,0.990099
85001.4,48000,48000,47000,48000,45000,46500,47400,0,1.4025e+08,2.035e+06,2.036e+06,2.034e+06,2.035e+06,2.034e+06,2.035e+06,630078,928710,1.6e+09,8,19200,153,32,19192,614,12,4816,57,138,19208,2650,12,19200,230,152,4816,732,0,,,,,,,0,0,0,0,0,0
86001.6,48000,48000,47000,48000,45000,46250,47400,0,1.4025e+08,2.058e+06,2.035e+06,2.033e+06,2.034e+06,2.034e+06,2.034e+06,630078,928710,1.6e+09,8,19200,153,32,19192,614,12,4816,57,140,19208,2689,12,19200,230,152,4816,732,0,,,,,,,0,0,0,0,1.9802,0
87001.8,48000,48000,46500,48000,45000,46250,47600,0,1.4025e+08,2.034e+06,2.035e+06,2.035e+06,2.034e+06,2.034e+06,2.036e+06,630078,928710,1.6e+09,8,19200,153,32,19192,614,8,4816,38,140,19208,2689,12,19200,230,152,4816,732,0,,,,,,,1.9802,0,1,1,1.0101,1
88001.8,48000,48000,47000,48000,45000,46500,47400,0,1.4025e+08,2.034e+06,2.035e+06,2.035e+06,2.034e+06,2.035e+06,2.035e+06,630078,928710,1.6e+09,8,19200,153,32,19192,614,8,4816,38,140,19208,2689,12,19200,230,152,4816,732,0,,,,,,,0,0,0,0,0.990099,0
89001.1,48000,48000,47000,48000,45000,46250,47400,0,1.4025e+08,2.034e+06,2.035e+06,2.034e+06,2.036e+06,2.034e+06,2.035e+06,630078,928710,1.6e+09,8,19200,153,32,19192,614,8,4816,38,140,19208,2689,12,19200,307,152,4816,732,0,,,,,,,0,0,0,0,1,0
90001.4,48000,48000,46500,48000,45000,46500,47400,0,1.4025e+08,2.035e+06,2.034e+06,2.036e+06,2.034e+06,2.035e+06,2.035e+06,630078,928710,1.6e+09,8,19200,153,32,19192,614,8,4816,38,142,19208,2727,16,19200,307,152,4816,732,0,,,,,,,0,0,0,0,1,1
91001,48000,48000,46500,48000,45000,46250,47400,0,1.4025e+08,2.034e+06,2.036e+06,2.035e+06,2.035e+06,2.034e+06,2.036e+06,630078,928710,1.6e+09,8,19200,153,32,19192,614,12,4816,57,138,19208,2689,12,19200,230,152,4816,732,0,,,,,,,0,0,0,0,1,0
92001.3,48000,48000,46500,48000,45000,46250,47400,0,1.4025e+08,2.035e+06,2.034e+06,2.035e+06,2.034e+06,2.034e+06,2.035e+06,630078,928710,1.6e+09,8,19200,153,36,19192,690,12,4816,57,140,19208,2689,12,19200,230,152,4816,732,0,,,,,,,0,0,0,0,1,0
93001.6,48000,48000,46500,48000,45000,46250,47600,0,1.4025e+08,2.034e+06,2.035e+06,2.035e+06,2.035e+06,2.034e+06,2.034e+06,630078,928710,1.6e+09,8,19200,153,32,19192,614,12,4816,57,140,19208,2689,12,19200,230,152,4816,732,0,,,,,,,0,0,1.9802,0,2,0
94001.7,48000,48000,47000,48000,45000,46250,47600,0,1.4025e+08,2.034e+06,2.035e+06,2.035e+06,2.034e+06,2.034e+06,2.034e+06,630078,928710,1.6e+09,8,19200,153,32,19192,614,12,4816,57,140,19208,2689,12,19200,230,152,4816,732,0,,,,,,,0,0,0,0,0,0
95001.7,48000,48000,46500,48000,45000,46250,47600,0,1.4025e+08,2.071e+06,2.035e+06,2.034e+06,2.035e+06,2.035e+06,2.036e+06,630078,928710,1.6e+09,8,19200,153,32,19192,614,12,4816,57,140,19208,2689,12,19200,230,152,4816,732,0,,,,,,,0,0,1,0,0.990099,0
96001.6,48000,48000,46500,48000,45000,46250,47600,0,1.4025e+08,2.034e+06,2.035e+06,2.035e+06,2.035e+06,2.035e+06,2.035e+06,630078,928710,1.6e+09,8,19200,153,32,19192,614,12,4816,57,140,19208,2689,12,19200,230,152,4816,732,0,,,,,,,0.990099,1,0,0,1.0101,1
97001.3,48000,48000,46500,48000,45000,46250,47400,0,1.4025e+08,2.053e+06,2.035e+06,2.035e+06,2.034e+06,2.035e+06,2.035e+06,630078,928710,1.6e+09,8,19200,153,32,19192,614,12,4816,57,138,19208,2650,12,19200,230,152,4816,732,0,,,,,,,0,0,0,0,0,0
98001.3,48000,48000,46500,48000,45000,46250,47600,0,1.4025e+08,2.034e+06,2.035e+06,2.035e+06,2.035e+06,2.035e+06,2.035e+06,630078,928710,1.6e+09,8,19200,153,32,19192,614,8,4816,38,138,19208,2650,12,19200,230,152,4816,732,0,,,,,,,0,0,0,0,1,0
99001.2,48000,48000,46500,48000,45000,46250,47400,0,1.4025e+08,2.034e+06,2.035e+06,2.034e+06,2.035e+06,2.034e+06,2.035e+06,630078,928710,1.6e+09,8,19200,153,32,19192,614,12,4816,57,140,19208,2689,12,19200,230,152,4816,732,0,,,,,,,1,0,0,1.0101,1,0
100002,47500,47500,47000,47500,45000,46250,47400,0,1.4025e+08,2.035e+06,2.035e+06,2.034e+06,2.036e+06,2.035e+06,2.034e+06,630078,928710,1.6e+09,8,19200,153,32,19192,614,12,4816,57,138,19208,2650,12,19200,230,152,4816,732,0,,,,,,,0,0,0,0,1,0
101002,48000,48000,46500,48000,45000,46250,47400,0,1.4025e+08,2.036e+06,2.035e+06,2.035e+06,2.035e+06,2.036e+06,2.035e+06,630078,928710,1.6e+09,8,19200,153,32,19192,614,12,4816,57,138,19208,2650,12,19200,230,152,4816,732,0,,,,,,,0,0,0,0,0,0
102002,47500,47500,47000,47500,45000,46250,47400,0,1.4025e+08,2.034e+06,2.035e+06,2.036e+06,2.036e+06,2.035e+06,2.034e+06,630078,928710,1.6e+09,8,19200,153,36,19192,690,8,4816,38,142,19208,2727,16,19200,307,152,4816,732,0,,,,,,,1.9802,0,0.990099,0,3.92157,0
103002,47500,47500,46500,47500,45000,46250,47300,0,1.4025e+08,2.053e+06,2.035e+06,2.035e+06,2.034e+06,2.034e+06,2.034e+06,630078,928710,1.6e+09,8,19200,153,32,19192,614,12,4816,57,140,19208,2689,16,19200,307,152,4816,732,0,,,,,,,0,0,0,0,0,0
104001,47500,47500,47000,47500,45000,46250,47600,0,1.4025e+08,2.035e+06,2.036e+06,2.035e+06,2.034e+06,2.034e+06,2.035e+06,630078,928710,1.6e+09,8,19200,153,32,19192,614,8,4816,38,138,19208,2650,12,19200,230,152,4816,732,0,,,,,,,0.990099,0,0,0,1,0
105001,48000,48000,46500,48000,45000,46250,47300,0,1.4025e+08,2.036e+06,2.035e+06,2.034e+06,2.035e+06,2.034e+06,2.035e+06,630078,928710,1.6e+09,8,19200,153,32,19192,614,12,4816,57,142,19208,2727,16,19200,307,152,4816,732,0,,,,,,,0,0,1.0101,1,1.9802,0
106002,48000,48000,47000,48000,45000,46250,47100,0,1.4025e+08,2.034e+06,2.035e+06,2.035e+06,2.035e+06,2.035e+06,2.034e+06,630078,928710,1.6e+09,8,19200,153,32,19192,614,12,4816,57,140,19208,2689,12,19200,230,152,4816,732,0,,,,,,,0,0,0,0,1,0
107002,48000,48000,46500,48000,45000,46250,47300,0,1.4025e+08,2.035e+06,2.034e+06,2.035e+06,2.035e+06,2.035e+06,2.034e+06,630078,928710,1.6e+09,8,19200,153,32,19192,614,12,4816,57,138,19208,2650,12,19200,230,152,4816,732,0,,,,,,,0,0,0,0.990099,0.990099,0
108002,48000,48000,46500,48000,45000,46250,47400,0,1.4025e+08,2.034e+06,2.036e+06,2.034e+06,2.034e+06,2.035e+06,2.035e+06,630078,928710,1.6e+09,8,19200,153,32,19192,614,12,4816,57,140,19208,2689,16,19200,307,152,4816,732,0,,,,,,,1.9802,1,0,0,1.0101,0.990099
109001,48000,48000,46500,48000,45000,46250,47600,0,1.4025e+08,1.891e+06,2.036e+06,2.035e+06,2.035e+06,2.034e+06,2.035e+06,630078,928710,1.6e+09,8,19200,153,32,19192,614,8,4816,38,140,19208,2689,12,19200,230,152,4816,732,0,,,,,,,0,0,0,0,0.990099,0
110001,47500,47500,46500,47500,45000,46250,47100,0,1.4025e+08,2.035e+06,2.037e+06,2.035e+06,2.035e+06,2.035e+06,2.035e+06,630078,928710,1.6e+09,8,19200,153,32,19192,614,8,4816,38,140,19208,2689,12,19200,230,152,4816,732,0,,,,,,,0,0,0,0,1,0
111001,47500,47500,47000,47500,45000,46250,47300,0,1.4025e+08,2.034e+06,2.035e+06,2.034e+06,2.034e+06,2.035e+06,2.035e+06,630078,928710,1.6e+09,8,19200,153,32,19192,614,8,4816,57,142,19208,2727,16,19200,307,152,4816,732,0,,,,,,,1,0.990099,0,1.9802,1,0
112002,48000,48000,46500,48000,45000,46250,47300,0,1.4025e+08,2.035e+06,2.035e+06,2.034e+06,2.033e+06,2.035e+06,2.035e+06,630078,928710,1.6e+09,8,19200,153,32,19192,614,12,4816,57,140,19208,2689,12,19200,230,152,4816,732,0,,,,,,,0,0,0,0,0,1
113002,48000,48000,46500,48000,45000,46000,47400,0,1.4025e+08,2.035e+06,2.035e+06,2.034e+06,2.034e+06,2.035e+06,2.034e+06,630078,928710,1.6e+09,8,19200,153,32,19192,614,8,4816,38,140,19208,2689,12,19200,230,152,4816,732,0,,,,,,,0,0,0,0,0,0
114001,48000,48000,47000,48000,45000,46250,47400,0,1.4025e+08,2.035e+06,2.036e+06,2.034e+06,2.033e+06,2.035e+06,2.035e+06,630078,928710,1.6e+09,8,19200,153,32,19192,614,8,4816,38,140,19208,2689,12,19200,230,152,4816,732,0,,,,,,,0,0.990099,0,0,1.9802,1.9802
115001,47500,47500,46500,47500,45000,46000,47400,0,1.4025e+08,2.035e+06,2.034e+06,2.034e+06,2.035e+06,2.035e+06,2.035e+06,630078,928710,1.6e+09,8,19200,153,32,19192,614,12,4816,57,140,19208,2689,12,19200,230,152,4816,732,0,,,,,,,0,0,0,0,0,0
116001,47500,47500,46500,47500,45000,46250,47100,0,1.4025e+08,2.036e+06,2.035e+06,2.035e+06,2.035e+06,2.034e+06,2.035e+06,630078,928710,1.6e+09,8,19200,153,32,19192,614,12,4816,57,138,19208,2650,16,19200,307,152,4816,732,0,,,,,,,0,0,0,0,0,0
117001,48000,48000,47000,48000,45000,46000,47100,0,1.4025e+08,2.034e+06,2.034e+06,2.035e+06,2.034e+06,2.035e+06,2.034e+06,630078,928710,1.6e+09,8,19200,153,32,19192,614,12,4816,57,138,19208,2650,12,19200,230,152,4816,732,0,,,,,,,0,0,0,1.9802,1,2
118002,47500,47500,46500,47500,45000,46250,47300,0,1.4025e+08,2.034e+06,2.035e+06,2.034e+06,2.035e+06,2.036e+06,2.034e+06,630078,928710,1.6e+09,8,19200,153,32,19192,614,8,4816,38,140,19208,2689,12,19200,230,152,4816,732,0,,,,,,,0,0,0,0,0,0
119002,48000,48000,46500,48000,45000,46250,47400,0,1.4025e+08,2.034e+06,2.035e+06,2.035e+06,2.034e+06,2.035e+06,2.035e+06,630078,928710,1.6e+09,8,19200,153,32,19192,614,12,4816,57,140,19208,2689,12,19200,230,152,4816,732,0,,,,,,,0,0,0,0,0.990099,1
120002,48000,48000,47000,48000,45000,46250,47600,0,1.4025e+08,2.035e+06,2.036e+06,2.034e+06,2.035e+06,2.035e+06,2.034e+06,630078,928710,1.6e+09,8,19200,153,32,19192,614,12,4816,57,140,19208,2689,16,19200,307,152,4816,732,0,,,,,,,1.9802,0,0.990099,0,1,1
121002,48000,48000,46500,48000,45000,46250,47400,0,1.4025e+08,2.064e+06,2.034e+06,2.035e+06,2.035e+06,2.034e+06,2.034e+06,630078,928710,1.6e+09,8,19200,153,32,19192,614,12,4816,57,138,19208,2650,12,19200,230,152,4816,732,0,,,,,,,0,0,0,0,0,0
122001,47500,47500,47000,47500,45000,46000,47400,0,1.4025e+08,2.034e+06,2.035e+06,2.035e+06,2.035e+06,2.036e+06,2.034e+06,630078,928710,1.6e+09,8,19200,153,32,19192,614,12,4816,57,140,19208,2689,12,19200,230,152,4816,732,0,,,,,,,0,0,1,0,0,1
123001,48000,48000,47000,48000,45000,46250,47600,0,1.4025e+08,2.035e+06,2.035e+06,2.036e+06,2.034e+06,2.035e+06,2.035e+06,630078,928710,1.6e+09,8,19200,153,32,19192,614,12,4816,57,140,19208,2689,12,19200,230,152,4816,732,0,,,,,,,0,0,0,0,1,1
124001,47500,47500,46500,47500,45000,46000,47400,27,1.4025e+08,2.035e+06,2.035e+06,2.036e+06,2.034e+06,2.034e+06,2.034e+06,630078,928710,1.6e+09,8,19200,153,32,19192,614,8,4816,38,138,19208,2650,12,19200,230,152,4816,732,0,,,,,,,0,0,0,0,1.9802,0
125001,47500,47500,46500,47500,45000,46000,47100,0,1.4025e+08,2.034e+06,2.036e+06,2.034e+06,2.034e+06,2.035e+06,2.034e+06,630078,928710,1.6e+09,8,19200,153,32,19192,614,12,4816,57,140,19208,2689,12,19200,230,152,4816,732,0,,,,,,,0,0,0,0,0,0
126001,47500,47500,46500,47500,45000,46000,47100,133,1.4025e+08,2.035e+06,2.034e+06,2.035e+06,2.035e+06,2.035e+06,2.035e+06,630078,928710,1.6e+09,8,19200,153,32,19192,614,12,4816,57,140,19208,2689,12,19200,230,152,4816,732,0,,,,,,,0,0,0.990099,0.990099,1,1
127002,47500,47500,47000,47500,45000,46000,47100,0,1.4025e+08,2.034e+06,2.035e+06,2.035e+06,2.034e+06,2.034e+06,2.035e+06,630078,928710,1.6e+09,8,19200,153,32,19192,614,12,4816,38,140,19208,2689,12,19200,230,152,4816,732,0,,,,,,,0,0,0,0,0.990099,1
128002,47500,47500,46500,47500,45000,46000,47100,0,1.4025e+08,2.034e+06,2.034e+06,2.036e+06,2.035e+06,2.035e+06,2.033e+06,630078,928710,1.6e+09,8,19200,153,32,19192,614,12,4816,57,138,19208,2650,12,19200,230,152,4816,732,0,,,,,,,0,0,0,1,0,0
129002,47500,47500,47000,47500,45000,46250,47100,0,1.4025e+08,2.057e+06,2.035e+06,2.035e+06,2.033e+06,2.035e+06,2.034e+06,630078,928710,1.6e+09,8,19200,153,32,19192,614,8,4816,38,140,19208,2689,16,19200,307,152,4816,732,0,,,,,,,1,0,0,0,0,1.0101
130001,47500,47500,46500,47500,45000,46250,47400,185,1.4025e+08,2.006e+06,2.035e+06,2.034e+06,2.035e+06,2.035e+06,2.035e+06,630078,928710,1.6e+09,8,19200,153,32,19192,614,12,4816,57,140,19208,2689,12,19200,230,152,4816,732,0,,,,,,,0,0,0,0,0.990099,1
131001,48000,48000,46500,48000,45000,46000,47100,0,1.4025e+08,2.035e+06,2.035e+06,2.035e+06,2.034e+06,2.035e+06,2.035e+06,630078,928710,1.6e+09,8,19200,153,32,19192,614,12,4816,57,140,19208,2689,12,19200,230,152,4816,732,0,,,,,,,0,0,0,1,0,0
132001,47500,47500,46500,47500,45000,46000,47100,187,1.4025e+08,2.046e+06,2.036e+06,2.035e+06,2.036e+06,2.034e+06,2.036e+06,630078,928710,1.6e+09,8,19200,153,32,19192,614,12,4816,57,140,19208,2689,16,19200,307,152,4816,732,0,,,,,,,0,1,0.990099,0,1.9802,1.9802
133002,47500,47500,46500,47500,45000,46000,47100,0,1.4025e+08,2.027e+06,2.035e+06,2.035e+06,2.035e+06,2.035e+06,2.035e+06,630078,928710,1.6e+09,8,19200,153,32,19192,614,8,4816,38,140,19208,2689,12,19200,230,152,4816,732,0,,,,,,,0,0,0,0,0,0
134002,47500,47500,46500,47500,45000,46000,47100,0,1.4025e+08,2.054e+06,2.035e+06,2.033e+06,2.035e+06,2.036e+06,2.034e+06,630078,928710,1.6e+09,8,19200,153,32,19192,614,8,4816,38,138,19208,2650,12,19200,230,152,4816,732,0,,,,,,,0,0,0,0,0,0.990099
135001,47500,47500,46500,47500,45000,46000,47100,0,1.4025e+08,2.044e+06,2.035e+06,2.035e+06,2.035e+06,2.034e+06,2.034e+06,630078,928710,1.6e+09,8,19200,153,32,19192,614,8,4816,38,140,19208,2689,16,19200,307,152,4816,732,0,,,,,,,0,1,0,1.9802,0,2
136001,47500,47500,46500,47500,45000,46000,47400,186,1.4025e+08,2.034e+06,2.034e+06,2.035e+06,2.035e+06,2.035e+06,2.035e+06,630078,928710,1.6e+09,8,19200,153,32,19192,614,8,4816,57,140,19208,2689,12,19200,230,152,4816,732,0,,,,,,,1,0,0,0,0,0
137001,47500,47500,46500,47500,45000,46000,47100,0,1.4025e+08,2.034e+06,2.035e+06,2.035e+06,2.035e+06,2.034e+06,2.035e+06,630078,928710,1.6e+09,8,19200,153,32,19192,614,12,4816,57,138,19208,2650,12,19200,230,152,4816,732,0,,,,,,,0,0,0,0,0,0.990099
138001,47500,47500,46500,47500,45000,46000,47400,0,1.4025e+08,2.035e+06,2.035e+06,2.035e+06,2.035e+06,2.035e+06,2.035e+06,630078,928710,1.6e+09,8,19200,153,32,19192,614,12,4816,57,140,19208,2689,12,19200,230,152,4816,732,0,,,,,,,2,1,0,1,0,0
139002,47500,47500,46500,47500,45000,46000,47100,0,1.4025e+08,2.034e+06,2.036e+06,2.034e+06,2.034e+06,2.035e+06,2.035e+06,630078,928710,1.6e+09,8,19200,153,32,19192,614,8,4816,38,138,19208,2650,12,19200,230,152,4816,732,0,,,,,,,0.990099,0,0,0,0,1
140002,47500,47500,46500,47500,45000,46000,47100,0,1.4025e+08,2.034e+06,2.034e+06,2.034e+06,2.035e+06,2.034e+06,2.035e+06,630078,928710,1.6e+09,8,19200,153,32,19192,614,8,4816,38,140,19208,2689,12,19200,230,152,4816,732,0,,,,,,,1,0,0,0,0,0
141002,47500,47500,46500,47500,45000,46000,47100,0,1.4025e+08,1.992e+06,2.035e+06,2.036e+06,2.035e+06,2.034e+06,2.033e+06,630078,928710,1.6e+09,8,19200,153,32,19192,614,12,4816,57,140,19208,2689,16,19200,307,152,4816,732,0,,,,,,,0,1.96078,0,0,0.990099,0
142001,47500,47500,46500,47500,45000,46000,47100,0,1.4025e+08,1.996e+06,2.035e+06,2.036e+06,1.994e+06,1.998e+06,1.996e+06,630078,898632,1.6e+09,8,19200,153,32,19192,614,8,4816,38,140,19208,2689,12,19200,230,152,4816,732,0,,,,,,,0,0,0,0.990099,0,0
143001,47500,47500,46500,47500,45000,46000,47100,0,1.4025e+08,2.057e+06,2.034e+06,2.035e+06,2.035e+06,2.034e+06,2.035e+06,630078,928710,1.6e+09,8,19200,153,32,19192,614,8,4816,38,140,19208,2689,12,19200,230,152,4816,732,0,,,,,,,0.990099,0,0,0,0,0
144001,47500,47500,46500,47500,45000,46000,47100,0,1.4025e+08,2.035e+06,2.035e+06,2.034e+06,2.034e+06,2.034e+06,2.035e+06,630078,928710,1.6e+09,8,19200,153,32,19192,614,8,4816,38,142,19208,2727,12,19200,230,152,4816,732,0,,,,,,,1.0101,0,0.990099,0,0.990099,0
145001,47500,47500,47000,47500,45000,46000,47100,0,1.4025e+08,2.035e+06,2.035e+06,2.034e+06,2.035e+06,2.035e+06,2.035e+06,630078,928710,1.6e+09,8,19200,153,32,19192,614,12,4816,57,138,19208,2650,16,19200,307,152,4816,732,0,,,,,,,0.990099,0,0,1,0,0
146001,47500,47500,46500,47500,45000,46000,47100,0,1.4025e+08,2.035e+06,2.035e+06,2.035e+06,2.035e+06,2.035e+06,2.035e+06,630078,928710,1.6e+09,8,19200,153,32,19192,614,8,4816,38,140,19208,2689,12,19200,230,152,4816,732,0,,,,,,,1.9802,0,0,0,0,0
147001,47500,47500,46500,47500,45000,46000,47100,0,1.4025e+08,2.035e+06,2.035e+06,2.035e+06,2.035e+06,2.036e+06,2.035e+06,630078,928710,1.6e+09,8,19200,153,32,19192,614,12,4816,57,142,19208,2727,16,19200,307,152,4816,732,0,,,,,,,1.0101,0,0,1.96078,0,0
148002,47500,47500,46500,47500,45000,46000,47400,0,1.4025e+08,2.035e+06,2.034e+06,2.035e+06,2.035e+06,2.034e+06,2.035e+06,630078,928710,1.6e+09,8,19200,153,32,19192,614,8,4816,38,138,19208,2650,16,19200,307,152,4816,732,0,,,,,,,0,0,0,0,0.990099,0
149002,47500,47500,46500,47500,45000,46000,47100,0,1.4025e+08,2.034e+06,2.036e+06,2.035e+06,2.035e+06,2.034e+06,2.035e+06,630078,928710,1.6e+09,8,19200,153,32,19192,614,12,4816,57,140,19208,2689,12,19200,230,152,4816,732,0,,,,,,,0,0,0,0,0,0
150002,47500,47500,46500,47500,45000,46000,47100,0,1.4025e+08,2.035e+06,2.034e+06,2.034e+06,2.035e+06,2.035e+06,2.035e+06,630078,928710,1.6e+09,8,19200,153,32,19192,614,8,4816,38,140,19208,2689,12,19200,230,152,4816,732,0,,,,,,,1.0101,0,1,1.9802,1,0
151002,47500,47500,46500,47500,45000,46000,47100,0,1.4025e+08,2.067e+06,2.035e+06,2.035e+06,2.035e+06,2.034e+06,2.035e+06,630078,928710,1.6e+09,8,19200,153,32,19192,614,8,4816,38,138,19208,2650,12,19200,230,152,4816,732,0,,,,,,,0.990099,0,0,0,0,0
152002,47500,47500,46500,47500,45000,46000,47100,0,1.4025e+08,2.034e+06,2.035e+06,2.034e+06,2.034e+06,2.035e+06,2.035e+06,630078,928710,1.6e+09,8,19200,153,32,19192,614,12,4816,57,138,19208,2650,12,19200,230,152,4816,732,0,,,,,,,1,0,0,0,0,0
153002,47500,47500,46500,47500,45000,46000,47100,0,1.4025e+08,2.066e+06,2.036e+06,2.035e+06,2.035e+06,2.035e+06,2.035e+06,630078,928710,1.6e+09,8,19200,153,32,19192,614,8,4816,38,140,19208,2689,12,19200,230,152,4816,732,0,,,,,,,1.0101,0,0,1.9802,0,1
154002,47500,47500,46500,47500,45000,46000,47100,0,1.4025e+08,2.035e+06,2.035e+06,2.035e+06,2.035e+06,2.034e+06,2.035e+06,630078,928710,1.6e+09,8,19200,153,32,19192,614,12,4816,57,138,19208,2650,12,19200,230,152,4816,732,0,,,,,,,0,0,0,0.990099,0,0
155002,47500,47500,46500,47500,45000,46000,47100,0,1.4025e+08,2.034e+06,2.037e+06,2.035e+06,2.034e+06,2.034e+06,2.035e+06,630078,928710,1.6e+09,8,19200,153,32,19192,614,12,4816,57,138,19208,2650,12,19200,230,152,4816,732,0,,,,,,,1,0,0,0,0,0
156002,47500,47500,46500,47500,45000,46000,47100,0,1.4025e+08,2.07e+06,2.035e+06,2.035e+06,2.035e+06,2.035e+06,2.035e+06,630078,928710,1.6e+09,8,19200,153,32,19192,614,12,4816,57,138,19208,2689,12,19200,230,152,4816,732,0,,,,,,,0,0.990099,0,0,1,1
157001,47500,47500,46500,47500,45000,45750,47100,0,1.4025e+08,2.058e+06,2.035e+06,2.034e+06,2.034e+06,2.035e+06,2.035e+06,630078,928710,1.6e+09,8,19200,153,32,19192,614,12,4816,57,140,19208,2689,12,19200,230,152,4816,732,0,,,,,,,0,0,0,0,0,0
158001,47500,47500,46500,47500,45000,46000,47100,0,1.4025e+08,2.074e+06,2.034e+06,2.035e+06,2.035e+06,2.035e+06,2.036e+06,630078,928710,1.6e+09,8,19200,153,32,19192,614,12,4816,57,140,19208,2689,12,19200,230,152,4816,732,0,,,,,,,1,0,0,0,0,0
159001,47500,47500,46500,47500,45000,45750,47100,0,1.4025e+08,2.034e+06,2.035e+06,2.034e+06,2.035e+06,2.034e+06,2.034e+06,630078,928710,1.6e+09,8,19200,153,32,19192,614,12,4816,57,140,19208,2689,16,19200,307,152,4816,732,0,,,,,,,0,0,0.990099,0.990099,0,0
160001,47500,47500,46500,47500,45000,45750,47100,0,1.4025e+08,2.035e+06,2.035e+06,2.034e+06,2.034e+06,2.035e+06,2.035e+06,630078,928710,1.6e+09,8,19200,153,32,19192,614,8,4816,38,140,19208,2689,12,19200,230,152,4816,732,0,,,,,,,1,0,0,0,1,0
161001,47500,47500,46500,47500,45000,46000,47100,0,1.4025e+08,2.035e+06,2.035e+06,2.035e+06,2.035e+06,2.035e+06,2.036e+06,630078,928710,1.6e+09,8,19200,153,32,19192,614,12,4816,57,140,19208,2689,12,19200,230,152,4816,732,0,,,,,,,0,0,0,1,0,0
162001,47500,47500,46500,47500,45000,45750,47100,0,1.4025e+08,2.035e+06,2.034e+06,2.035e+06,2.035e+06,2.035e+06,2.034e+06,630078,928710,1.6e+09,8,19200,153,32,19192,614,12,4816,57,140,19208,2689,16,19200,307,152,4816,732,0,,,,,,,2.9703,0,0,1,1.9802,0
163002,47500,47500,46500,47500,45000,45750,47100,0,1.4025e+08,2.035e+06,2.035e+06,2.035e+06,2.034e+06,2.035e+06,2.035e+06,630078,928710,1.6e+09,8,19200,153,32,19192,614,12,4816,38,138,19208,2650,12,19200,230,152,4816,732,0,,,,,,,1,0,0,0,0,0
164002,47500,47500,46500,47500,45000,46000,47100,0,1.4025e+08,2.034e+06,2.035e+06,2.036e+06,2.035e+06,2.035e+06,2.034e+06,630078,928710,1.6e+09,8,19200,153,32,19192,614,8,4816,38,140,19208,2689,12,19200,230,152,4816,732,0,,,,,,,1,0,0,0,1,0
165002,47500,47500,46500,47500,45000,46000,47100,0,1.4025e+08,2.036e+06,2.035e+06,2.035e+06,2.035e+06,2.036e+06,2.035e+06,630078,928710,1.6e+09,8,19200,153,32,19192,614,12,4816,57,140,19208,2689,12,19200,230,152,4816,732,0,,,,,,,1.0101,0.990099,0,0,0,0.990099
166001,47500,47500,46500,47500,45000,45750,47100,0,1.4025e+08,2.036e+06,2.034e+06,2.034e+06,2.035e+06,2.034e+06,2.035e+06,630078,928710,1.6e+09,8,19200,153,32,19192,614,8,4816,57,140,19208,2689,12,19200,230,152,4816,732,0,,,,,,,0.990099,0,0,0,0,0
167001,47500,47500,46500,47500,45000,45750,47100,0,1.4025e+08,2.034e+06,2.035e+06,2.035e+06,2.035e+06,2.035e+06,2.035e+06,630078,928710,1.6e+09,8,19200,153,32,19192,614,8,4816,38,140,19208,2689,16,19200,307,152,4816,732,0,,,,,,,0,0,0,0,0.990099,0
168001,47500,47500,46500,47500,45000,45750,47100,0,1.4025e+08,2.035e+06,2.034e+06,2.035e+06,2.034e+06,2.034e+06,2.035e+06,630078,928710,1.6e+09,8,19200,153,32,19192,614,8,4816,38,140,19208,2689,12,19200,230,152,4816,732,0,,,,,,,1.9802,0.990099,1,0,0,0
169001,47500,47500,46500,47500,45000,45750,47100,0,1.4025e+08,2.035e+06,2.036e+06,2.035e+06,2.035e+06,2.035e+06,2.034e+06,630078,928710,1.6e+09,8,19200,153,32,19192,614,12,4816,57,140,19208,2689,12,19200,230,152,4816,732,0,,,,,,,0,0,0,0,0.990099,0
170001,47500,47500,46500,47500,45000,46000,47100,0,1.4025e+08,2.034e+06,2.034e+06,2.034e+06,2.035e+06,2.035e+06,2.033e+06,630078,928710,1.6e+09,8,19200,153,32,19192,614,12,4816,57,140,19208,2689,12,19200,230,152,4816,732,0,,,,,,,0,0,0,0,0.990099,0
171001,47500,47500,46500,47500,45000,45750,47100,0,1.4025e+08,2.035e+06,2.034e+06,2.035e+06,2.035e+06,2.035e+06,2.035e+06,630078,928710,1.6e+09,8,19200,153,32,19192,614,12,4816,57,140,19208,2689,12,19200,230,152,4816,732,0,,,,,,,1,0,0,1,0,0
172002,47500,47500,46500,47500,45000,45750,47100,0,1.4025e+08,2.033e+06,2.036e+06,2.034e+06,2.034e+06,2.034e+06,2.035e+06,630078,928710,1.6e+09,8,19200,153,32,19192,614,12,4816,57,140,19208,2689,12,19200,230,152,4816,732,0,,,,,,,0,0,0,0,0,0
173002,47500,47500,46500,47500,45000,46000,47100,0,1.4025e+08,2.034e+06,2.036e+06,2.034e+06,2.034e+06,2.035e+06,2.035e+06,630078,928710,1.6e+09,8,19200,153,32,19192,614,12,4816,57,140,19208,2689,12,19200,230,152,4816,732,0,,,,,,,1,0,0,0,0.990099,0
174002,47500,47500,46500,47500,45000,45750,47100,0,1.4025e+08,2.064e+06,2.035e+06,2.034e+06,2.034e+06,2.034e+06,2.035e+06,630078,928710,1.6e+09,8,19200,153,32,19192,614,12,4816,57,140,19208,2689,12,19200,230,152,4816,732,0,,,,,,,1,0,0.990099,0,1,0.990099
175002,47500,47500,46500,47500,45000,45750,47100,0,1.4025e+08,2.035e+06,2.035e+06,2.035e+06,2.035e+06,2.034e+06,2.034e+06,630078,928710,1.6e+09,8,19200,153,32,19192,614,12,4816,57,138,19208,2650,12,19200,230,152,4816,732,0,,,,,,,1,0,0,0,1.96078,0
176002,47500,47500,46500,47500,45000,45750,47100,0,1.4025e+08,2.034e+06,2.035e+06,2.034e+06,2.036e+06,2.033e+06,2.035e+06,630078,928710,1.6e+09,8,19200,153,32,19192,614,12,4816,57,140,19208,2689,12,19200,230,152,4816,732,0,,,,,,,1,0,0,0,0,0
177002,47500,47500,46500,47500,45000,45750,47100,0,1.4025e+08,2.035e+06,2.036e+06,2.035e+06,2.034e+06,2.035e+06,2.034e+06,630078,928710,1.6e+09,8,19200,153,32,19192,614,12,4816,57,140,19208,2689,12,19200,230,152,4816,732,0,,,,,,,1,0,0.990099,0.990099,0,0
178002,47500,47500,46500,47500,45000,45750,47100,0,1.4025e+08,2.007e+06,2.035e+06,2.034e+06,2.034e+06,2.034e+06,2.034e+06,630078,928710,1.6e+09,8,19200,153,32,19192,614,12,4816,57,138,19208,2650,12,19200,230,152,4816,732,0,,,,,,,0,0,0,0,0,0
179001,47500,47500,46500,47500,45000,45500,47100,0,1.4025e+08,2.035e+06,2.034e+06,2.034e+06,2.034e+06,2.034e+06,2.036e+06,630078,928710,1.6e+09,8,19200,153,32,19192,614,8,4816,38,140,19208,2689,12,19200,230,152,4816,732,0,,,,,,,0.990099,0,0,0,0.990099,0
180001,47500,47500,46500,47500,45000,45750,47100,0,1.4025e+08,2.049e+06,2.036e+06,2.035e+06,2.035e+06,2.035e+06,2.034e+06,630078,928710,1.6e+09,8,19200,153,32,19192,614,8,4816,38,140,19208,2689,12,19200,230,152,4816,732,0,,,,,,,1.0101,0,0,0.990099,1,0
181002,47500,47500,46500,47500,45000,45750,47100,0,1.4025e+08,1.977e+06,2.035e+06,2.035e+06,2.036e+06,2.034e+06,2.035e+06,630078,928710,1.6e+09,8,19200,153,32,19192,614,12,4816,57,138,19208,2650,12,19200,230,152,4816,732,0,,,,,,,0.990099,0,0,0,0,0
182002,47500,47500,46500,47500,45000,45750,47100,0,1.4025e+08,2.034e+06,2.035e+06,2.035e+06,2.033e+06,2.035e+06,2.035e+06,630078,928710,1.6e+09,8,19200,153,32,19192,614,8,4816,38,138,19208,2650,12,19200,230,152,4816,732,0,,,,,,,1,0,0,0,1,0
183002,47500,47500,46500,47500,45000,45750,47100,0,1.4025e+08,2.041e+06,2.036e+06,2.034e+06,2.034e+06,2.036e+06,2.034e+06,630078,928710,1.6e+09,8,19200,153,32,19192,614,8,4816,38,140,19208,2689,12,19200,230,152,4816,732,0,,,,,,,1.0101,0.990099,0,1,0,0
184002,47500,47500,46500,47500,45000,45750,47100,0,1.4025e+08,2.033e+06,2.034e+06,2.036e+06,2.035e+06,2.035e+06,2.035e+06,630078,928710,1.6e+09,8,19200,153,32,19192,614,8,4816,38,138,19208,2650,12,19200,230,152,4816,732,0,,,,,,,0,0,0,0,0.990099,0
185002,47500,47500,46500,47500,45000,45750,47100,0,1.4025e+08,2.035e+06,2.034e+06,2.035e+06,2.034e+06,2.035e+06,2.035e+06,630078,928710,1.6e+09,8,19200,153,32,19192,614,8,4816,38,138,19208,2650,12,19200,230,152,4816,732,0,,,,,,,1,0,0,0,0,0.990099
186002,47500,47500,46500,47500,45000,45750,47100,0,1.4025e+08,2.036e+06,2.035e+06,2.035e+06,2.035e+06,2.036e+06,2.035e+06,630078,928710,1.6e+09,8,19200,153,32,19192,614,12,4816,57,140,19208,2689,16,19200,307,152,4816,732,0,,,,,,,0,0,0,1,1,0
187001,47500,47500,46500,47500,45000,45750,47100,0,1.4025e+08,1.969e+06,2.035e+06,2.035e+06,2.034e+06,2.034e+06,2.034e+06,630078,928710,1.6e+09,8,19200,153,32,19192,614,12,4816,57,140,19208,2689,12,19200,230,152,4816,732,0,,,,,,,0,0,0,0,0,0
188001,47500,47500,46500,47500,45000,45750,47100,0,1.4025e+08,2.034e+06,2.035e+06,2.034e+06,2.036e+06,2.034e+06,2.036e+06,630078,928710,1.6e+09,8,19200,153,32,19192,614,12,4816,57,138,19208,2650,12,19200,230,152,4816,732,0,,,,,,,1,0,0,0,1,0
189001,47500,47500,46500,47500,44000,45750,47100,0,1.4025e+08,2.072e+06,2.035e+06,2.034e+06,2.035e+06,2.035e+06,2.035e+06,630078,928710,1.6e+09,8,19200,153,32,19192,614,12,4816,57,140,19208,2689,12,19200,230,152,4816,732,0,,,,,,,1,0,1,0,0,0
190001,47500,47500,46500,47500,44000,45500,47100,0,1.4025e+08,2.035e+06,2.035e+06,2.034e+06,2.034e+06,2.034e+06,2.034e+06,630078,928710,1.6e+09,8,19200,153,32,19192,614,12,4816,57,138,19208,2650,12,19200,230,152,4816,732,0,,,,,,,1,0,0,0,0.990099,0
191001,47500,47500,46500,47500,44000,45750,47100,0,1.4025e+08,2.058e+06,2.035e+06,2.035e+06,2.035e+06,2.035e+06,2.035e+06,630078,928710,1.6e+09,8,19200,153,32,19192,614,12,4816,57,140,19208,2689,12,19200,230,152,4816,732,0,,,,,,,0,0,0,0,0,0
192001,47500,47500,46500,47500,44000,45750,47100,0,1.4025e+08,2.071e+06,2.034e+06,2.035e+06,2.034e+06,2.035e+06,2.035e+06,630078,928710,1.6e+09,8,19200,153,32,19192,614,8,4816,38,140,19208,2689,12,19200,230,152,4816,732,0,,,,,,,1,1,1,1,1,1
193001,47000,47000,46500,47000,44000,45750,47100,0,1.4025e+08,2.035e+06,2.034e+06,2.034e+06,2.035e+06,2.035e+06,2.034e+06,630078,928710,1.6e+09,8,19200,153,32,19192,614,8,4816,38,138,19208,2650,12,19200,230,152,4816,732,0,,,,,,,1,0,0,0,0,0
194001,47500,47500,46500,47500,44000,45750,46800,0,1.4025e+08,2.035e+06,2.036e+06,2.036e+06,2.035e+06,2.034e+06,2.034e+06,630078,928710,1.6e+09,8,19200,153,32,19192,614,12,4816,57,138,19208,2650,12,19200,230,152,4816,732,0,,,,,,,0,0,0,0,0,0
195001,47000,47000,46500,47000,44000,45750,47100,0,1.4025e+08,2.036e+06,2.034e+06,2.034e+06,2.034e+06,2.035e+06,2.034e+06,630078,928710,1.6e+09,8,19200,153,32,19192,614,12,4816,57,140,19208,2689,12,19200,230,152,4816,732,0,,,,,,,1.9802,0,0,1,0,0
196001,47500,47500,46500,47500,44000,45750,47100,0,1.4025e+08,2.073e+06,2.035e+06,2.036e+06,2.034e+06,2.035e+06,2.035e+06,630078,928710,1.6e+09,8,19200,153,32,19192,614,12,4816,57,138,19208,2650,12,19200,230,152,4816,732,0,,,,,,,0,0,0,0,1,0
197001,47500,47500,46000,47500,44000,45750,47100,0,1.4025e+08,2.034e+06,2.035e+06,2.035e+06,2.035e+06,2.035e+06,2.036e+06,630078,928710,1.6e+09,8,19200,153,32,19192,614,12,4816,57,140,19208,2689,12,19200,230,152,4816,732,0,,,,,,,1,0,0,0,0,0
198001,47500,47500,46500,47500,44000,45750,46800,0,1.4025e+08,2.035e+06,2.034e+06,2.035e+06,2.034e+06,2.034e+06,2.034e+06,630078,928710,1.6e+09,8,19200,153,32,19192,614,8,4816,38,140,19208,2689,16,19200,307,152,4816,732,0,,,,,,,0,0,0,1.9802,1,0
199002,47000,47000,46500,47000,44000,45750,47100,0,1.4025e+08,2.035e+06,2.036e+06,2.036e+06,2.033e+06,2.036e+06,2.034e+06,630078,928710,1.6e+09,8,19200,153,32,19192,614,8,4816,38,138,19208,2650,12,19200,230,152,4816,732,0,,,,,,,1,0,0,0,0,0
200002,47500,47500,46500,47500,44000,45500,46900,0,1.4025e+08,2.071e+06,2.034e+06,2.034e+06,2.034e+06,2.036e+06,2.035e+06,630078,928710,1.6e+09,8,19200,153,32,19192,614,12,4816,57,138,19208,2650,12,19200,230,152,4816,732,0,,,,,,,0.990099,0,0,0.990099,1,0
201002,47500,47500,46500,47500,44000,45750,47100,0,1.4025e+08,2.035e+06,2.035e+06,2.035e+06,2.035e+06,2.036e+06,2.033e+06,630078,928710,1.6e+09,8,19200,153,32,19192,614,12,4816,57,140,19208,2689,12,19200,230,152,4816,732,0,,,,,,,0,1,0.990099,0,1,1
202001,47000,47000,46500,47000,44000,45750,46900,0,1.4025e+08,2.045e+06,2.035e+06,2.035e+06,2.034e+06,2.035e+06,2.035e+06,630078,928710,1.6e+09,8,19200,153,32,19192,614,8,4816,38,138,19208,2650,12,19200,230,152,4816,732,0,,,,,,,0,0,0,0,0.990099,0
203001,47500,47500,46500,47500,44000,45500,47100,0,1.4025e+08,2.034e+06,2.036e+06,2.036e+06,2.035e+06,2.034e+06,2.035e+06,630078,928710,1.6e+09,8,19200,153,32,19192,614,12,4816,57,140,19208,2689,16,19200,307,152,4816,732,0,,,,,,,1,0,0,0,1,0
204001,47500,47500,46500,47500,44000,45750,46900,0,1.4025e+08,2.035e+06,2.035e+06,2.035e+06,2.034e+06,2.036e+06,2.035e+06,630078,928710,1.6e+09,8,19200,153,32,19192,614,8,4816,38,138,19208,2650,12,19200,230,152,4816,732,0,,,,,,,1,0,0.990099,0,0,1
205002,47500,47500,46500,47500,44000,45750,46800,0,1.4025e+08,2.034e+06,2.035e+06,2.035e+06,2.035e+06,2.035e+06,2.034e+06,630078,928710,1.6e+09,8,19200,153,32,19192,614,8,4816,38,140,19208,2689,12,19200,230,152,4816,732,0,,,,,,,0,0,0,0,1,0
206002,47500,47500,46500,47500,44000,45750,47100,0,1.4025e+08,2.034e+06,2.036e+06,2.033e+06,2.035e+06,2.035e+06,2.035e+06,630078,928710,1.6e+09,8,19200,153,32,19192,614,12,4816,57,140,19208,2689,16,19200,307,152,4816,732,0,,,,,,,0.990099,0,0,0,0,0
207001,47500,47500,46500,47500,44000,45500,47100,0,1.4025e+08,2.034e+06,2.035e+06,2.034e+06,2.034e+06,2.035e+06,2.035e+06,630078,928710,1.6e+09,8,19200,153,32,19192,614,12,4816,57,140,19208,2689,16,19200,307,152,4816,732,0,,,,,,,1.0101,1,0,1.9802,1,0
208002,47000,47000,46500,47000,44000,45500,47100,0,1.4025e+08,2.034e+06,2.036e+06,2.035e+06,2.035e+06,2.036e+06,2.034e+06,630078,928710,1.6e+09,8,19200,153,32,19192,614,12,4816,57,138,19208,2650,12,19200,230,152,4816,732,0,,,,,,,0.990099,0,0,0,0,0
209002,47500,47500,46500,47500,44000,45500,47100,0,1.4025e+08,2.035e+06,2.036e+06,2.034e+06,2.035e+06,2.034e+06,2.036e+06,630078,928710,1.6e+09,8,19200,153,32,19192,614,12,4816,57,140,19208,2689,12,19200,230,152,4816,732,0,,,,,,,0,0,0,0,0,0.990099
210002,47500,47500,46500,47500,44000,45500,46800,0,1.4025e+08,2.034e+06,2.035e+06,2.034e+06,2.035e+06,2.035e+06,2.036e+06,630078,928710,1.6e+09,8,19200,153,32,19192,614,12,4816,57,140,19208,2689,12,19200,230,152,4816,732,0,,,,,,,1.9802,0,0.990099,0,1,0
211001,47000,47000,46500,47000,44000,45750,47100,0,1.4025e+08,1.954e+06,2.036e+06,2.035e+06,2.035e+06,2.034e+06,2.035e+06,630078,928710,1.6e+09,8,19200,153,32,19192,614,12,4816,57,140,19208,2689,12,19200,230,152,4816,732,0,,,,,,,0,0,0,0,0,0.990099
212001,47000,47000,46500,47000,44000,45500,47100,0,1.4025e+08,2.035e+06,2.036e+06,2.034e+06,2.035e+06,2.034e+06,2.033e+06,630078,928710,1.6e+09,8,19200,153,32,19192,614,8,4816,38,140,19208,2689,12,19200,230,152,4816,732,0,,,,,,,1,0,0,0,0,0
213001,47000,47000,46500,47000,44000,45500,47100,0,1.4025e+08,2.035e+06,2.036e+06,2.034e+06,2.034e+06,2.034e+06,2.034e+06,630078,928710,1.6e+09,8,19200,153,32,19192,614,8,4816,38,140,19208,2689,16,19200,307,152,4816,732,0,,,,,,,1.0101,0,0,0,1,0.990099
214001,47500,47500,46500,47500,44000,45500,46800,0,1.4025e+08,2.036e+06,2.036e+06,2.035e+06,2.034e+06,2.034e+06,2.035e+06,630078,928710,1.6e+09,8,19200,153,32,19192,614,8,4816,38,138,19208,2650,12,19200,230,152,4816,732,0,,,,,,,0,0,0,0,0,0
215001,47000,47000,46500,47000,44000,45500,46900,0,1.4025e+08,2.034e+06,2.034e+06,2.035e+06,2.034e+06,2.035e+06,2.033e+06,630078,928710,1.6e+09,8,19200,153,32,19192,614,8,4816,38,140,19208,2689,12,19200,230,152,4816,732,0,,,,,,,0,0,0,0,0,0
216001,47000,47000,46500,47000,44000,45500,46900,0,1.4025e+08,2.035e+06,2.035e+06,2.035e+06,2.035e+06,2.035e+06,2.035e+06,630078,928710,1.6e+09,8,19200,153,32,19192,614,8,4816,38,140,19208,2689,12,19200,230,152,4816,732,0,,,,,,,1,1,0.990099,0,0,1
217001,47500,47500,46500,47500,44000,45750,46800,0,1.4025e+08,2.034e+06,2.034e+06,2.034e+06,2.034e+06,2.035e+06,2.035e+06,630078,928710,1.6e+09,8,19200,153,32,19192,614,12,4816,57,140,19208,2689,12,19200,230,152,4816,732,0,,,,,,,0,0,0,0,0,0
218001,47000,47000,46000,47000,44000,45500,46800,0,1.4025e+08,2.035e+06,2.035e+06,2.035e+06,2.035e+06,2.034e+06,2.036e+06,630078,928710,1.6e+09,8,19200,153,32,19192,614,8,4816,38,140,19208,2689,12,19200,230,152,4816,732,0,,,,,,,1,0,0,0,0,1
219001,47000,47000,46000,47000,44000,45500,46800,0,1.4025e+08,2.034e+06,2.035e+06,2.034e+06,2.035e+06,2.034e+06,2.035e+06,630078,928710,1.6e+09,8,19200,153,32,19192,614,8,4816,38,140,19208,2689,16,19200,307,152,4816,732,0,,,,,,,0,0,0,0.990099,0,0.990099
220001,47000,47000,46500,47000,44000,45500,47100,0,1.4025e+08,2.035e+06,2.034e+06,2.035e+06,2.035e+06,2.036e+06,2.034e+06,630078,928710,1.6e+09,8,19200,153,32,19192,614,12,4816,57,138,19208,2650,12,19200,230,152,4816,732,0,,,,,,,0,0,0,0,0,0
221001,47500,47500,46000,47500,44000,45500,46900,0,1.4025e+08,2.035e+06,2.036e+06,2.036e+06,2.034e+06,2.035e+06,2.035e+06,630078,928710,1.6e+09,8,19200,153,32,19192,614,12,4816,57,138,19208,2650,12,19200,230,152,4816,732,0,,,,,,,1,0,0,0.990099,0,0.990099
222002,47000,47000,46500,47000,44000,45500,47100,0,1.4025e+08,2.035e+06,2.035e+06,2.034e+06,2.036e+06,2.035e+06,2.034e+06,630078,928710,1.6e+09,8,19200,153,32,19192,614,12,4816,57,140,19208,2689,16,19200,307,152,4816,732,0,,,,,,,2,1.9802,1,1,0,1
223001,47000,47000,46500,47000,44000,45500,46800,0,1.4025e+08,2.034e+06,2.034e+06,2.035e+06,2.034e+06,2.034e+06,2.035e+06,630078,928710,1.6e+09,8,19200,153,32,19192,614,12,4816,57,138,19208,2650,12,19200,230,152,4816,732,0,,,,,,,1,0,0,0,0,0
224001,47500,47500,46000,47500,44000,45500,47100,0,1.4025e+08,2.07e+06,2.035e+06,2.035e+06,2.035e+06,2.036e+06,2.033e+06,630078,928710,1.6e+09,8,19200,153,32,19192,614,8,4816,38,138,19208,2650,12,19200,230,152,4816,732,0,,,,,,,1.9802,0,0,0,0.990099,0
225002,47000,47000,46000,47000,44000,45500,46600,0,1.4025e+08,2.035e+06,2.034e+06,2.035e+06,2.036e+06,2.035e+06,2.035e+06,630078,928710,1.6e+09,8,19200,153,32,19192,614,12,4816,57,142,19208,2727,12,19200,230,152,4816,732,0,,,,,,,0,0,0,1,0,1
226002,47500,47500,46000,47500,44000,45500,46900,0,1.4025e+08,2.036e+06,2.034e+06,2.034e+06,2.036e+06,2.035e+06,2.035e+06,630078,928710,1.6e+09,8,19200,153,32,19192,614,8,4816,38,140,19208,2689,12,19200,230,152,4816,732,0,,,,,,,1,0,0,1,0,0
227002,47000,47000,46000,47000,44000,45500,46600,0,1.4025e+08,2.035e+06,2.035e+06,2.036e+06,2.034e+06,2.035e+06,2.035e+06,630078,928710,1.6e+09,8,19200,153,32,19192,614,12,4816,57,140,19208,2689,12,19200,230,152,4816,732,0,,,,,,,1,0,0,0,0,0
228002,47000,47000,46000,47000,44000,45250,46600,0,1.4025e+08,2.023e+06,2.035e+06,2.036e+06,2.034e+06,2.035e+06,2.035e+06,630078,928710,1.6e+09,8,19200,153,32,19192,614,8,4816,38,140,19208,2650,16,19200,307,152,4816,732,0,,,,,,,0,0,0,1.0101,0,0
229002,47000,47000,46000,47000,44000,45500,46600,0,1.4025e+08,2.018e+06,2.035e+06,2.035e+06,2.034e+06,2.034e+06,2.035e+06,630078,928710,1.6e+09,8,19200,153,32,19192,614,12,4816,57,140,19208,2689,12,19200,230,152,4816,732,0,,,,,,,0,0,0,0.990099,0,1
230002,47000,47000,46000,47000,44000,45500,46900,0,1.4025e+08,2.034e+06,2.035e+06,2.035e+06,2.035e+06,2.035e+06,2.034e+06,630078,928710,1.6e+09,8,19200,153,32,19192,614,12,4816,57,140,19208,2689,12,19200,230,152,4816,732,0,,,,,,,0,0,0,0.990099,0,0
231002,47500,47500,46500,47500,44000,45500,46800,0,1.4025e+08,2.034e+06,2.034e+06,2.035e+06,2.034e+06,2.035e+06,2.035e+06,630078,928710,1.6e+09,8,19200,153,32,19192,614,12,4816,57,140,19208,2689,16,19200,307,152,4816,732,0,,,,,,,1,0,0.990099,0,1,0
232002,47000,47000,46500,47000,44000,45500,46600,0,1.4025e+08,2.033e+06,2.035e+06,2.035e+06,2.035e+06,2.035e+06,2.034e+06,630078,928710,1.6e+09,8,19200,153,32,19192,614,12,4816,57,138,19208,2650,12,19200,230,152,4816,732,0,,,,,,,0,0,0,0,0,0.990099
233002,47000,47000,46500,47000,44000,45500,46600,0,1.4025e+08,2.034e+06,2.035e+06,2.034e+06,2.035e+06,2.034e+06,2.034e+06,630078,928710,1.6e+09,8,19200,153,32,19192,614,8,4816,38,140,19208,2689,12,19200,230,152,4816,732,0,,,,,,,0,0,0,1,0,1
234001,47000,47000,46000,47000,44000,45500,46600,0,1.4025e+08,2.035e+06,2.036e+06,2.034e+06,2.035e+06,2.036e+06,2.035e+06,630078,928710,1.6e+09,8,19200,153,32,19192,614,8,4816,38,140,19208,2689,12,19200,230,152,4816,732,0,,,,,,,1.9802,0,0,1,0,1
235001,47500,47500,46000,47500,44000,45500,46800,0,1.4025e+08,2.034e+06,2.035e+06,2.035e+06,2.035e+06,2.033e+06,2.034e+06,630078,928710,1.6e+09,8,19200,153,32,19192,614,12,4816,57,138,19208,2650,12,19200,230,152,4816,732,0,,,,,,,0,0,0,0,0,0
236001,47000,47000,46000,47000,44000,45250,46600,0,1.4025e+08,2.035e+06,2.036e+06,2.036e+06,2.035e+06,2.034e+06,2.034e+06,630078,928710,1.6e+09,8,19200,153,32,19192,614,12,4816,57,138,19208,2650,12,19200,230,152,4816,732,0,,,,,,,0,0,0.990099,0,0,0
237001,47000,47000,46000,47000,44000,45500,46600,0,1.4025e+08,2.035e+06,2.035e+06,2.036e+06,2.035e+06,2.035e+06,2.036e+06,630078,928710,1.6e+09,8,19200,153,32,19192,614,12,4816,57,140,19208,2689,12,19200,230,152,4816,732,0,,,,,,,0,0,0,1.96078,1,1
238002,47000,47000,46500,47000,44000,45500,46800,0,1.4025e+08,2.035e+06,2.035e+06,2.034e+06,2.033e+06,2.034e+06,2.034e+06,630078,928710,1.6e+09,8,19200,153,32,19192,614,12,4816,57,140,19208,2689,16,19200,307,152,4816,732,0,,,,,,,0,0,0,0,0.990099,0
239001,47500,47500,46000,47500,44000,45500,46800,0,1.4025e+08,2.035e+06,2.035e+06,2.035e+06,2.035e+06,2.034e+06,2.034e+06,630078,928710,1.6e+09,8,19200,153,32,19192,614,12,4816,57,138,19208,2650,12,19200,230,152,4816,732,0,,,,,,,0,0,0,0,0,1
240001,47000,47000,46000,47000,44000,45500,47100,0,1.4025e+08,2.035e+06,2.035e+06,2.034e+06,2.035e+06,2.035e+06,2.034e+06,630078,928710,1.6e+09,8,19200,153,32,19192,614,8,4816,38,140,19208,2689,12,19200,230,152,4816,732,0,,,,,,,1,0,0.990099,0,1,0
241001,47000,47000,46000,47000,44000,45500,46600,0,1.4025e+08,2.034e+06,2.035e+06,2.035e+06,2.034e+06,2.036e+06,2.036e+06,630078,928710,1.6e+09,8,19200,153,32,19192,614,12,4816,57,140,19208,2689,12,19200,230,152,4816,732,0,,,,,,,0,0,0,0,0,0.990099
242001,47000,47000,46000,47000,44000,45500,46600,0,1.4025e+08,2.035e+06,2.034e+06,2.035e+06,2.035e+06,2.034e+06,2.035e+06,630078,928710,1.6e+09,8,19200,153,32,19192,614,8,4816,38,138,19208,2650,12,19200,230,152,4816,732,0,,,,,,,0,0,0,0,0,1
243001,47000,47000,46000,47000,44000,45500,46900,85,1.4025e+08,2.051e+06,2.036e+06,2.036e+06,2.034e+06,2.033e+06,2.035e+06,630078,928710,1.6e+09,8,19200,153,32,19192,614,12,4816,57,140,19208,2689,12,19200,230,152,4816,732,0,,,,,,,1,0,0,0,0,1
244001,47000,47000,46000,47000,44000,45500,46800,0,1.4025e+08,2.035e+06,2.035e+06,2.034e+06,2.033e+06,2.035e+06,2.034e+06,630078,928710,1.6e+09,8,19200,153,32,19192,614,12,4816,57,138,19208,2650,12,19200,230,152,4816,732,0,,,,,,,0,0,0,0,1,1
245001,47000,47000,46000,47000,44000,45500,46600,135,1.4025e+08,2.034e+06,2.035e+06,2.034e+06,2.033e+06,2.034e+06,2.034e+06,630078,928710,1.6e+09,8,19200,153,32,19192,614,12,4816,57,140,19208,2689,16,19200,307,152,4816,732,0,,,,,,,0,0,0,0,0.990099,0
246002,47000,47000,46000,47000,44000,45500,46600,0,1.4025e+08,2.035e+06,2.035e+06,2.034e+06,2.034e+06,2.034e+06,2.034e+06,630078,928710,1.6e+09,8,19200,153,32,19192,614,12,4816,57,140,19208,2689,12,19200,230,152,4816,732,0,,,,,,,0,0.990099,1,0,0,1
247002,47000,47000,46000,47000,44000,45500,46600,0,1.4025e+08,2.034e+06,2.035e+06,2.035e+06,2.034e+06,2.035e+06,2.035e+06,630078,928710,1.6e+09,8,19200,153,32,19192,614,12,4816,57,138,19208,2650,12,19200,230,152,4816,732,0,,,,,,,0,0,0,0,0.990099,0
248002,47000,47000,46500,47000,44000,45500,46600,0,1.4025e+08,2.034e+06,2.035e+06,2.034e+06,2.034e+06,2.035e+06,2.035e+06,630078,928710,1.6e+09,8,19200,153,32,19192,614,8,4816,38,140,19208,2689,12,19200,230,152,4816,732,0,,,,,,,0,0,0,0,0,1
249002,47000,47000,46000,47000,44000,45500,46800,185,1.4025e+08,2.035e+06,2.035e+06,2.036e+06,2.035e+06,2.034e+06,2.035e+06,630078,928710,1.6e+09,8,19200,153,32,19192,614,8,4816,57,140,19208,2689,12,19200,230,152,4816,732,0,,,,,,,1,0,0,0,1.9802,1
250002,47000,47000,46000,47000,44000,45250,46800,0,1.4025e+08,2.035e+06,2.035e+06,2.035e+06,2.034e+06,2.035e+06,2.034e+06,630078,928710,1.6e+09,8,19200,153,32,19192,614,12,4816,57,138,19208,2650,12,19200,230,152,4816,732,0,,,,,,,0,0,0,0,0,0
251002,47000,47000,46500,47000,44000,45250,46600,187,1.4025e+08,2.032e+06,2.034e+06,2.035e+06,2.034e+06,2.036e+06,2.034e+06,630078,928710,1.6e+09,8,19200,153,32,19192,614,8,4816,38,140,19208,2689,12,19200,230,152,4816,732,0,,,,,,,0,0,0.990099,0,0,1
252002,47000,47000,46000,47000,44000,45500,46600,0,1.4025e+08,2.032e+06,2.035e+06,2.036e+06,2.034e+06,2.035e+06,2.035e+06,630078,928710,1.6e+09,8,19200,153,32,19192,614,12,4816,57,140,19208,2689,16,19200,307,152,4816,732,0,,,,,,,0,0,0,1,0,1
253002,47000,47000,46000,47000,44000,45250,46600,0,1.4025e+08,2.061e+06,2.035e+06,2.034e+06,2.035e+06,2.034e+06,2.035e+06,630078,928710,1.6e+09,8,19200,153,32,19192,614,8,4816,38,138,19208,2650,12,19200,230,152,4816,732,0,,,,,,,0,0,0,0,0.990099,1
254002,47000,47000,46000,47000,44000,45250,46600,0,1.4025e+08,2.034e+06,2.034e+06,2.035e+06,2.034e+06,2.035e+06,2.036e+06,630078,928710,1.6e+09,8,19200,153,32,19192,614,12,4816,57,138,19208,2650,12,19200,230,152,4816,732,0,,,,,,,0,0,0,0,0,0
255002,47000,47000,46000,47000,44000,45250,46600,184,1.4025e+08,1.978e+06,2.035e+06,2.036e+06,2.035e+06,2.034e+06,2.034e+06,630078,928710,1.6e+09,8,19200,153,32,19192,614,12,4816,57,140,19208,2689,16,19200,307,152,4816,732,0,,,,,,,0,0,0,1,1.0101,1
256002,47000,47000,46000,47000,44000,45250,46600,0,1.4025e+08,2.035e+06,2.035e+06,2.035e+06,2.035e+06,2.035e+06,2.035e+06,630078,928710,1.6e+09,8,19200,153,32,19192,614,12,4816,57,138,19208,2650,12,19200,230,152,4816,732,0,,,,,,,0,0,0,0,0,0
257002,47000,47000,46000,47000,44000,45250,46600,185,1.4025e+08,2.034e+06,2.035e+06,2.035e+06,2.034e+06,2.034e+06,2.035e+06,630078,928710,1.6e+09,8,19200,153,32,19192,614,12,4816,57,138,19208,2650,12,19200,230,152,4816,732,0,,,,,,,0,0,0,0,0,1
258002,47000,47000,46000,47000,44000,45250,46600,0,1.4025e+08,2.029e+06,2.035e+06,2.034e+06,2.034e+06,2.034e+06,2.035e+06,630078,928710,1.6e+09,8,19200,153,32,19192,614,8,4816,38,138,19208,2650,16,19200,307,152,4816,732,0,,,,,,,0,0,0,1,1.9802,1
259002,47000,47000,46000,47000,44000,45250,46600,0,1.4025e+08,2.034e+06,2.035e+06,2.036e+06,2.035e+06,2.035e+06,2.035e+06,630078,928710,1.6e+09,8,19200,153,32,19192,614,8,4816,38,138,19208,2650,12,19200,230,152,4816,732,0,,,,,,,0,0,0,0,1,0
260002,47000,47000,46000,47000,44000,45500,46600,0,1.4025e+08,2.034e+06,2.035e+06,2.035e+06,2.034e+06,2.033e+06,2.034e+06,630078,928710,1.6e+09,8,19200,153,32,19192,614,8,4816,38,138,19208,2650,12,19200,230,152,4816,732,0,,,,,,,0,0,0,0,0,1
261002,47000,47000,46000,47000,44000,45500,46600,52,1.4025e+08,2.037e+06,2.035e+06,2.035e+06,2.034e+06,2.035e+06,2.034e+06,630078,928710,1.6e+09,8,19200,153,32,19192,614,12,4816,57,140,19208,2689,12,19200,230,152,4816,732,0,,,,,,,1,1,1,1.9802,1,0
262002,47000,47000,46000,47000,44000,45250,46600,0,1.4025e+08,2.034e+06,2.035e+06,2.034e+06,2.034e+06,2.036e+06,2.034e+06,630078,928710,1.6e+09,8,19200,153,32,19192,614,12,4816,57,138,19208,2650,12,19200,230,152,4816,732,0,,,,,,,0,0,0,0,0,1.9802
263002,47000,47000,46000,47000,44000,45500,46600,0,1.4025e+08,2.035e+06,2.034e+06,2.035e+06,2.034e+06,2.035e+06,2.035e+06,630078,928710,1.6e+09,8,19200,153,32,19192,614,8,4816,38,138,19208,2650,12,19200,230,152,4816,732,0,,,,,,,0,0,0,0,0,0
264001,47000,47000,46000,47000,44000,45250,46800,0,1.4025e+08,2.034e+06,2.034e+06,2.035e+06,2.034e+06,2.035e+06,2.034e+06,630078,928710,1.6e+09,8,19200,153,32,19192,614,8,4816,38,138,19208,2650,12,19200,230,152,4816,732,0,,,,,,,0,0,0,1,0,0
265002,47000,47000,46000,47000,44000,45250,46600,0,1.4025e+08,2.034e+06,2.035e+06,2.034e+06,2.034e+06,2.034e+06,2.036e+06,630078,928710,1.6e+09,8,19200,153,32,19192,614,8,4816,38,138,19208,2650,12,19200,230,152,4816,732,0,,,,,,,1,0,0,0,0.990099,0
266002,47000,47000,46000,47000,44000,45250,46800,0,1.4025e+08,2.064e+06,2.035e+06,2.035e+06,2.034e+06,2.036e+06,2.035e+06,630078,928710,1.6e+09,8,19200,153,32,19192,614,12,4816,57,140,19208,2689,12,19200,230,152,4816,732,0,,,,,,,0.990099,0,0,0,0,0
267001,47000,47000,46500,47000,44000,45250,46600,0,1.4025e+08,2.034e+06,2.035e+06,2.034e+06,2.033e+06,2.035e+06,2.035e+06,630078,928710,1.6e+09,8,19200,153,32,19192,614,12,4816,38,140,19208,2689,16,19200,307,152,4816,732,0,,,,,,,2,0.990099,1,1,0,1.9802
268002,47000,47000,46000,47000,44000,45250,46600,0,1.4025e+08,1.867e+06,2.037e+06,2.034e+06,2.034e+06,2.035e+06,2.036e+06,630078,928710,1.6e+09,8,19200,153,32,19192,614,8,4816,38,138,19208,2650,12,19200,230,152,4816,732,0,,,,,,,0,0,0,0,0,0
269002,47000,47000,46000,47000,44000,45250,46600,0,1.4025e+08,2.034e+06,2.036e+06,2.036e+06,2.034e+06,2.034e+06,2.034e+06,630078,928710,1.6e+09,8,19200,153,32,19192,614,12,4816,57,138,19208,2650,12,19200,230,152,4816,732,0,,,,,,,0,0,0,0,0,1
270001,47000,47000,46000,47000,44000,45250,46600,0,1.4025e+08,2.038e+06,2.035e+06,2.034e+06,2.036e+06,2.035e+06,2.035e+06,630078,928710,1.6e+09,8,19200,153,32,19192,614,12,4816,57,140,19208,2689,16,19200,307,152,4816,732,0,,,,,,,1,0,0,0.990099,0,0
271002,47000,47000,46000,47000,44000,45250,46600,0,1.4025e+08,2.064e+06,2.035e+06,2.036e+06,2.035e+06,2.035e+06,2.035e+06,630078,928710,1.6e+09,8,19200,153,32,19192,614,8,4816,38,138,19208,2650,12,19200,230,152,4816,732,0,,,,,,,0,0,0,0,0,0
272002,47000,47000,46000,47000,44000,45250,46400,0,1.4025e+08,2.034e+06,2.034e+06,2.035e+06,2.034e+06,2.035e+06,2.035e+06,630078,928710,1.6e+09,8,19200,153,32,19192,614,8,4816,38,140,19208,2689,12,19200,230,152,4816,732,0,,,,,,,1,0,0,0,0,0
273002,47000,47000,46000,47000,44000,45250,46600,0,1.4025e+08,2.036e+06,2.036e+06,2.035e+06,2.034e+06,2.035e+06,2.034e+06,630078,928710,1.6e+09,8,19200,153,32,19192,614,8,4816,38,140,19208,2689,12,19200,230,152,4816,732,0,,,,,,,1,1,0.990099,1.96078,0,1
274002,47000,47000,46000,47000,44000,45250,46600,0,1.4025e+08,2.035e+06,2.034e+06,2.035e+06,2.035e+06,2.034e+06,2.035e+06,630078,928710,1.6e+09,8,19200,153,32,19192,614,8,4816,38,140,19208,2689,12,19200,230,152,4816,732,0,,,,,,,1,0,0,0,0,0
275002,47000,47000,46000,47000,44000,45250,46600,0,1.4025e+08,2.034e+06,2.035e+06,2.035e+06,2.035e+06,2.035e+06,2.035e+06,630078,928710,1.6e+09,8,19200,153,32,19192,614,8,4816,38,138,19208,2650,12,19200,230,152,4816,732,0,,,,,,,0,0,0,0,0,1
276002,47000,47000,46000,47000,44000,45250,46600,0,1.4025e+08,2.022e+06,2.035e+06,2.036e+06,2.034e+06,2.034e+06,2.035e+06,630078,928710,1.6e+09,8,19200,153,32,19192,614,12,4816,57,138,19208,2650,12,19200,230,152,4816,732,0,,,,,,,1,0,0,0,0.990099,0
277002,47000,47000,46000,47000,44000,45250,46600,0,1.4025e+08,2.033e+06,2.036e+06,2.034e+06,2.034e+06,2.035e+06,2.036e+06,630078,928710,1.6e+09,8,19200,153,32,19192,614,8,4816,38,140,19208,2689,12,19200,230,152,4816,732,0,,,,,,,0,0,0,0,0.990099,0.990099
278002,47000,47000,46000,47000,44000,45250,46400,0,1.4025e+08,2.06e+06,2.035e+06,2.035e+06,2.035e+06,2.034e+06,2.035e+06,630078,928710,1.6e+09,8,19200,153,32,19192,614,12,4816,57,138,19208,2650,16,19200,307,152,4816,732,0,,,,,,,1,0,0,0,0,0
279002,47000,47000,46000,47000,44000,45250,46600,0,1.4025e+08,2.035e+06,2.035e+06,2.035e+06,2.035e+06,2.035e+06,2.034e+06,630078,928710,1.6e+09,8,19200,153,32,19192,614,12,4816,57,140,19208,2689,16,19200,307,152,4816,732,0,,,,,,,1,0.990099,0,0,0,0
280002,47000,47000,46000,47000,44000,45250,46600,0,1.4025e+08,2.035e+06,2.035e+06,2.035e+06,2.035e+06,2.036e+06,2.035e+06,630078,928710,1.6e+09,8,19200,153,32,19192,614,12,4816,57,138,19208,2650,12,19200,230,152,4816,732,0,,,,,,,1,0,0,0,0,1
281002,47000,47000,46000,47000,44000,45250,46600,0,1.4025e+08,2.034e+06,2.035e+06,2.034e+06,2.034e+06,2.035e+06,2.035e+06,630078,928710,1.6e+09,8,19200,153,32,19192,614,12,4816,57,138,19208,2650,12,19200,230,152,4816,732,0,,,,,,,0,0,0,0.990099,0,0.990099
282002,47000,47000,46000,47000,44000,45250,46600,0,1.4025e+08,2.034e+06,2.035e+06,2.035e+06,2.034e+06,2.034e+06,2.036e+06,630078,928710,1.6e+09,8,19200,153,32,19192,614,12,4816,57,142,19208,2727,16,19200,307,152,4816,732,0,,,,,,,3,0,0,1,1,0
283002,47000,47000,46000,47000,44000,45250,46600,0,1.4025e+08,2.034e+06,2.035e+06,2.035e+06,2.035e+06,2.035e+06,2.034e+06,630078,928710,1.6e+09,8,19200,153,32,19192,614,12,4816,57,138,19208,2650,12,19200,230,152,4816,732,0,,,,,,,0,0,0,0,0,0
284002,47000,47000,46000,47000,44000,45250,46600,0,1.4025e+08,2.034e+06,2.035e+06,2.035e+06,2.035e+06,2.035e+06,2.035e+06,630078,928710,1.6e+09,8,19200,153,32,19192,614,8,4816,38,138,19208,2650,12,19200,230,152,4816,732,0,,,,,,,0.990099,0,0,0,0,0.990099
285002,47000,47000,46000,47000,44000,45250,46600,0,1.4025e+08,2.034e+06,2.035e+06,2.035e+06,2.034e+06,2.035e+06,2.036e+06,630078,928710,1.6e+09,8,19200,153,32,19192,614,8,4816,38,138,19208,2650,12,19200,230,152,4816,732,0,,,,,,,1.0101,0,0.990099,0.990099,0,1.9802
286002,47000,47000,46000,47000,44000,45250,46600,0,1.4025e+08,2.035e+06,2.034e+06,2.035e+06,2.035e+06,2.036e+06,2.036e+06,630078,928710,1.6e+09,8,19200,153,32,19192,614,8,4816,38,140,19208,2689,12,19200,230,152,4816,732,0,,,,,,,1.96078,0,0,0,0,1
287002,47000,47000,46000,47000,44000,45250,46600,0,1.4025e+08,2.056e+06,2.036e+06,2.035e+06,2.034e+06,2.034e+06,2.034e+06,630078,928710,1.6e+09,8,19200,153,32,19192,614,12,4816,57,140,19208,2689,12,19200,230,152,4816,732,0,,,,,,,0,0,0,0,0.990099,0.990099
288002,47000,47000,46000,47000,44000,45250,46600,0,1.4025e+08,2.035e+06,2.035e+06,2.035e+06,2.035e+06,2.034e+06,2.034e+06,630078,928710,1.6e+09,8,19200,153,32,19192,614,8,4816,38,140,19208,2689,12,19200,230,152,4816,732,0,,,,,,,0,1,0,0.990099,0,0
289002,47000,47000,45500,47000,44000,45250,46400,0,1.4025e+08,2.034e+06,2.036e+06,2.034e+06,2.034e+06,2.035e+06,2.036e+06,630078,928710,1.6e+09,8,19200,153,32,19192,614,12,4816,57,138,19208,2650,16,19200,307,152,4816,732,0,,,,,,,1,0,0,0,0,0.990099
290001,47000,47000,46000,47000,44000,45250,46600,0,1.4025e+08,2.035e+06,2.034e+06,2.035e+06,2.033e+06,2.034e+06,2.034e+06,630078,928710,1.6e+09,8,19200,153,32,19192,614,12,4816,57,140,19208,2689,12,19200,230,152,4816,732,0,,,,,,,0,0,0,0,0,0
291001,47000,47000,45500,47000,44000,45250,46400,0,1.4025e+08,2.059e+06,2.035e+06,2.035e+06,2.034e+06,2.035e+06,2.034e+06,630078,928710,1.6e+09,8,19200,153,32,19192,614,12,4816,57,138,19208,2650,12,19200,230,152,4816,732,0,,,,,,,2,0,1,0,0.990099,0.990099
292001,47000,47000,45500,47000,44000,45250,46400,0,1.4025e+08,2.035e+06,2.036e+06,2.035e+06,2.035e+06,2.035e+06,2.034e+06,630078,928710,1.6e+09,8,19200,153,32,19192,614,8,4816,38,140,19208,2689,12,19200,230,152,4816,732,0,,,,,,,0,0,0.990099,0,0,0
293001,47000,47000,45500,47000,44000,45250,46400,0,1.4025e+08,2.033e+06,2.035e+06,2.035e+06,2.036e+06,2.036e+06,2.034e+06,630078,928710,1.6e+09,8,19200,153,32,19192,614,8,4816,38,138,19208,2650,12,19200,230,152,4816,732,0,,,,,,,0,0,0,0,0,0
294001,47000,47000,46000,47000,44000,45250,46400,0,1.4025e+08,2.068e+06,2.035e+06,2.035e+06,2.033e+06,2.036e+06,2.034e+06,630078,928710,1.6e+09,8,19200,153,32,19192,614,12,4816,57,140,19208,2689,12,19200,230,152,4816,732,0,,,,,,,1.9802,0,0,1.96078,1,1
295001,47000,47000,46000,47000,44000,45250,46400,0,1.4025e+08,2.034e+06,2.036e+06,2.035e+06,2.034e+06,2.034e+06,2.036e+06,630078,928710,1.6e+09,8,19200,153,32,19192,614,8,4816,38,138,19208,2650,12,19200,230,152,4816,732,0,,,,,,,0,0,0,0,0,0.990099
296001,47000,47000,45500,47000,44000,45250,46600,0,1.4025e+08,2.035e+06,2.034e+06,2.034e+06,2.035e+06,2.035e+06,2.035e+06,630078,928710,1.6e+09,8,19200,153,32,19192,614,12,4816,57,138,19208,2650,12,19200,230,152,4816,732,0,,,,,,,1,0,0,0,0,0.990099
297001,47000,47000,45500,47000,44000,45000,46600,0,1.4025e+08,2.035e+06,2.035e+06,2.035e+06,2.035e+06,2.034e+06,2.035e+06,630078,928710,1.6e+09,8,19200,153,32,19192,614,12,4816,57,138,19208,2650,12,19200,230,152,4816,732,0,,,,,,,0,0,0,1,0,0
298001,47000,47000,45500,47000,44000,45000,46400,0,1.4025e+08,2.036e+06,2.035e+06,2.036e+06,2.034e+06,2.034e+06,2.034e+06,630078,928710,1.6e+09,8,19200,153,32,19192,614,8,4816,38,140,19208,2689,12,19200,230,152,4816,732,0,,,,,,,1,0,0,0,0,0
299001,47000,47000,46000,47000,44000,45000,46600,0,1.4025e+08,2.036e+06,2.035e+06,2.035e+06,2.034e+06,2.034e+06,2.034e+06,630078,928710,1.6e+09,8,19200,153,32,19192,614,12,4816,57,138,19208,2650,12,19200,230,152,4816,732,0,,,,,,,0,0,0,0,0,0.990099
300001,47000,47000,46000,47000,44000,45000,46600,0,1.4025e+08,2.05e+06,2.034e+06,2.035e+06,2.033e+06,2.034e+06,2.034e+06,630078,928710,1.6e+09,8,19200,153,32,19192,614,8,4816,38,140,19208,2689,16,19200,307,152,4816,732,0,,,,,,,2,1,0,1,0.990099,1
