inst,littleSlope,littleIntercept,bigSlope,bigIntercept,powerOffset
0_0_0_0_0_0,0.0,0.0,0.0,0.0,0.0
0_0_0_0_10_0,0.0,0.0,2.2088547297297296,0.4898918918918924,2.520897142857143
0_0_0_0_10_2,0.0,0.0,4.261726351351351,0.9859797297297304,4.578862857142857
0_0_0_0_10_33,0.0,0.0,3.684871621621622,0.8716114864864863,4.141788571428572
0_0_0_0_10_34,0.0,0.0,3.8157128378378378,0.9597736486486497,4.249359999999999
0_0_0_0_10_6,0.0,0.0,3.662550675675676,1.0213277027027026,4.127052023121388
0_0_0_0_11_0,0.0,0.0,1.3804966216216217,0.417351351351352,1.777045714285714
0_0_0_0_11_15,0.0,0.0,1.9799189189189192,0.7896959459459464,2.385405714285715
0_0_0_0_11_9,0.0,0.0,3.4904797297297288,0.7798412162162184,3.8781771428571425
0_0_0_0_12_0,0.0,0.0,1.5940912162162162,0.5391081081081084,2.1169371428571426
0_0_0_0_12_36,0.0,0.0,2.5020033783783786,1.0603445945945946,3.0281428571428566
0_0_0_0_13_0,0.0,0.0,1.7850506756756754,0.3750202702702707,2.138805714285714
0_0_0_0_13_15,0.0,0.0,2.384472972972973,0.7473648648648651,2.750666666666667
0_0_0_0_13_35,0.0,0.0,2.7646283783783785,0.8987871621621624,3.22352
0_0_0_0_13_37,0.0,0.0,3.249976351351351,0.7806891891891902,3.6327142857142856
0_0_0_0_13_4,0.0,0.0,3.6757939189189193,0.8572162162162157,4.104468571428571
0_0_0_0_13_6,0.0,0.0,3.2387466216216216,0.9064560810810809,3.7810457142857143
0_0_0_0_14_0,0.0,0.0,1.8287533783783785,0.3829695945945954,2.2338333333333327
0_0_0_0_14_19,0.0,0.0,2.103976351351351,1.355962837837839,3.0817200000000002
0_0_0_0_14_22,0.0,0.0,4.684030405405405,-0.36645945945945796,3.894548571428572
0_0_0_0_14_6,0.0,0.0,3.2824493243243245,0.9144054054054056,3.7857542857142854
0_0_0_0_14_8,0.0,0.0,4.060962837837837,0.9301858108108121,4.600085714285713
0_0_0_0_15_10,0.0,0.0,2.808277027027027,0.8622364864864869,3.334017241379311
0_0_0_0_15_28,0.0,0.0,2.144493243243244,0.8088682432432427,2.6496914285714284
0_0_0_0_16_16,0.0,0.0,1.1696283783783787,0.760777027027026,1.622302857142857
0_0_0_0_16_24,0.0,0.0,2.242513513513514,1.2800304054054044,3.1646514285714287
0_0_0_0_16_30,0.0,0.0,2.5746520270270272,0.904807432432432,3.108234285714286
0_0_0_0_16_5,0.0,0.0,2.078591216216217,0.7267466216216203,2.486417142857143
0_0_0_0_17_0,0.0,0.0,1.3402452817224004,0.4171513284470909,1.7742971428571424
0_0_0_0_18_0,0.0,0.0,1.3578243243243246,0.3924121621621617,1.7634971428571427
0_0_0_0_18_21,0.0,0.0,1.9574425675675666,1.4046418918918935,2.771868571428571
0_0_0_0_19_0,0.0,0.0,0.2752229729729727,0.9729932432432437,1.3062399999999998
0_0_0_0_19_23,0.0,0.0,0.8178108108108106,1.3638547297297299,1.7259257142857138
0_0_0_0_19_29,0.0,0.0,2.078912162162162,1.3420236486486496,2.9425942857142853
0_0_0_0_19_32,0.0,0.0,1.9796858108108104,1.718486486486487,2.983051428571429
0_0_0_0_19_6,0.0,0.0,1.728918918918919,1.5044290540540537,2.731697142857143
0_0_0_0_19_9,0.0,0.0,2.38520608108108,1.33548310810811,3.2511428571428573
0_0_0_0_1_0,0.0,0.0,1.510864864864864,0.3625439189189205,1.8609485714285712
0_0_0_0_1_15,0.0,0.0,2.1102871621621615,0.7348885135135149,2.4680571428571443
0_0_0_0_1_2,0.0,0.0,3.5637364864864853,0.8586317567567584,4.02168
0_0_0_0_1_35,0.0,0.0,2.490442567567567,0.8863108108108122,2.9488563218390804
0_0_0_0_1_6,0.0,0.0,2.96456081081081,0.8939797297297307,3.4864457142857144
0_0_0_0_1_9,0.0,0.0,3.620847972972971,0.7250337837837869,3.971154285714286
0_0_0_0_20_0,0.0,0.0,1.87335472972973,-0.2659932432432437,1.6830919540229892
0_0_0_0_20_5,0.0,0.0,3.3671317567567574,0.0803648648648636,3.193348571428572
0_0_0_0_20_6,0.0,0.0,3.327050675675676,0.26544256756756646,3.1716400000000005
0_0_0_0_21_0,0.0,0.0,0.599618243243242,1.0122297297297318,1.5470057471264371
0_0_0_0_21_28,0.0,0.0,2.1446891891891884,1.4487533783783801,3.16569540229885
0_0_0_0_22_0,0.0,0.0,2.855277027027027,-0.7494290540540534,2.01664
0_0_0_0_22_1,0.0,0.0,4.366141891891891,-0.38688513513513284,3.561891428571428
0_0_0_0_22_35,0.0,0.0,3.83485472972973,-0.22566216216216173,3.0823428571428564
0_0_0_0_23_0,0.0,0.0,0.5425878378378379,0.3908614864864863,0.9682571428571429
0_0_0_0_24_0,0.0,0.0,1.6576993243243248,0.8996418918918914,2.51024
0_0_0_0_24_14,0.0,0.0,3.486452702702703,1.2826114864864868,4.314177142857142
0_0_0_0_24_33,0.0,0.0,3.133716216216217,1.2813614864864853,3.9148742857142858
0_0_0_0_25_0,0.0,0.0,0.6722432432432432,0.4272398648648647,1.113557471264368
0_0_0_0_25_10,0.0,0.0,2.881097972972973,0.9171317567567572,3.279131428571429
0_0_0_0_26_0,0.0,0.0,2.0213817567567567,1.6273074324324326,3.608857142857143
0_0_0_0_26_22,0.0,0.0,4.876658783783784,0.8778783783783792,5.515148571428572
0_0_0_0_26_33,0.0,0.0,3.497398648648649,2.0090270270270265,5.106685714285714
0_0_0_0_27_0,0.0,0.0,1.583672297297297,0.3158412162162167,1.9556342857142854
0_0_0_0_27_2,0.0,0.0,3.6365439189189184,0.8119290540540546,4.133622857142857
0_0_0_0_27_3,0.0,0.0,3.3941993243243234,0.6963141891891906,3.7756034482758625
0_0_0_0_28_0,0.0,0.0,1.5450709459459464,0.4365236486486483,2.019045714285714
0_0_0_0_28_11,0.0,0.0,2.925567567567568,0.8538750000000003,3.4468
0_0_0_0_28_33,0.0,0.0,3.0210878378378387,0.8182432432432423,3.519085714285714
0_0_0_0_28_4,0.0,0.0,3.4358141891891902,0.9187195945945933,3.9242914285714288
0_0_0_0_29_0,0.0,0.0,1.803689189189189,0.3690304054054061,2.1740742857142856
0_0_0_0_2_15,0.0,0.0,2.652293918918919,0.8684324324324323,3.142268571428572
0_0_0_0_2_20,0.0,0.0,3.9262263513513513,0.2300945945945942,3.7599199999999997
0_0_0_0_30_0,0.0,0.0,1.9898378378378376,0.524418918918919,2.4904228571428573
0_0_0_0_30_14,0.0,0.0,3.818591216216216,0.9073885135135145,4.3139199999999995
0_0_0_0_30_30,0.0,0.0,3.9796756756756753,1.048837837837838,4.5167085714285715
0_0_0_0_31_24,0.0,0.0,2.8933007329363267,1.294023534127347,3.6880971428571425
0_0_0_0_32_0,0.0,0.0,1.7044628378378377,0.7454932432432435,2.4647600000000005
0_0_0_0_32_21,0.0,0.0,2.3040810810810797,1.7577229729729753,3.061257142857143
0_0_0_0_32_6,0.0,0.0,3.158158783783784,1.2769290540540537,3.9481314285714286
0_0_0_0_33_0,0.0,0.0,1.4760168918918923,0.3817195945945939,1.8775942857142858
0_0_0_0_33_36,0.0,0.0,2.3839290540540548,0.9029560810810802,2.8953257142857143
0_0_0_0_34_0,0.0,0.0,1.606858108108108,0.4698817567567572,2.059897142857143
0_0_0_0_34_27,0.0,0.0,3.190530405405405,0.7857229729729739,3.6265371428571433
0_0_0_0_34_9,0.0,0.0,3.716841216216215,0.8323716216216236,4.162062857142857
0_0_0_0_35_25,0.0,0.0,1.6518209459459463,0.9510067567567564,2.1696057142857135
0_0_0_0_35_8,0.0,0.0,3.211787162162162,1.0709831081081083,3.72376
0_0_0_0_36_0,0.0,0.0,0.9079121621621624,0.5212364864864862,1.4353200000000004
0_0_0_0_36_32,0.0,0.0,2.612375,1.2667297297297297,3.3414799999999993
0_0_0_0_36_4,0.0,0.0,2.7986554054054062,1.0034324324324313,3.2606057142857146
0_0_0_0_37_0,0.0,0.0,1.4649256756756754,0.4056689189189195,1.8818000000000006
0_0_0_0_37_20,0.0,0.0,3.3382804054054054,0.1396756756756758,3.1251149425287363
0_0_0_0_37_22,0.0,0.0,4.320202702702702,-0.34376013513513387,3.5071371428571427
0_0_0_0_37_4,0.0,0.0,3.3556689189189193,0.8878648648648645,3.8256457142857143
0_0_0_0_38_0,0.0,0.0,1.5038783783783778,0.3456824324324334,1.8869142857142873
0_0_0_0_38_8,0.0,0.0,3.736087837837837,0.8928986486486501,4.366668571428571
0_0_0_0_3_0,0.0,0.0,1.8105270270270264,0.3804729729729739,2.196062857142857
0_0_0_0_3_31,0.0,0.0,3.0461284356390284,0.7748546152084295,3.441125714285714
0_0_0_0_4_0,0.0,0.0,1.890743243243244,0.482195945945945,2.348354285714286
0_0_0_0_5_0,0.0,0.0,1.4937770270270274,0.3463581081081073,1.8846628571428572
0_0_0_0_5_2,0.0,0.0,3.546648648648649,0.8424459459459452,3.993274285714286
0_0_0_0_5_25,0.0,0.0,2.1660202702702707,0.7735979729729721,2.67024
0_0_0_0_6_0,0.0,0.0,1.4536959459459462,0.5314358108108101,2.0020399999999996
0_0_0_0_6_21,0.0,0.0,2.053314189189188,1.543665540540542,3.1490685714285713
0_0_0_0_7_0,0.0,0.0,1.841902027027026,0.3686351351351367,2.2231657142857135
0_0_0_0_7_23,0.0,0.0,2.384489864864864,0.759496621621623,2.8423142857142856
0_0_0_0_7_9,0.0,0.0,3.951885135135133,0.7311250000000031,4.307611428571429
0_0_0_0_8_0,0.0,0.0,2.232209459459459,0.5472162162162166,2.7537428571428575
0_0_0_0_9_0,0.0,0.0,2.109983108108107,0.3624898648648664,2.447491428571429
0_0_0_0_9_14,0.0,0.0,3.9387364864864853,0.7454594594594618,4.302396551724138
0_0_0_0_9_19,0.0,0.0,2.38520608108108,1.33548310810811,3.3105428571428575
10_0_0_0_0_0,0.919427927927928,0.4975416666666663,0.0,0.0,1.421954285714286
10_0_0_0_19_0,0.919427927927928,0.4975416666666663,0.2752229729729727,0.9729932432432437,2.411965714285714
10_0_0_0_23_0,0.919427927927928,0.4975416666666663,0.5425878378378379,0.3908614864864863,2.067885714285714
10_0_0_0_31_0,0.919427927927928,0.4975416666666663,1.235601408612002,0.3943816422354556,2.872754285714285
10_0_0_0_7_0,0.919427927927928,0.4975416666666663,1.841902027027026,0.3686351351351367,3.454874285714286
10_11_30_23_9_0,2.8674436936936933,1.8918231981981974,2.109983108108107,0.3624898648648664,5.8847828571428575
10_13_36_0_0_0,2.420438063063063,1.2857578828828822,0.0,0.0,2.9153371428571426
10_15_0_0_20_7,1.264022667582837,0.7438181134524355,3.715256756756756,0.10264189189189299,5.072834285714286
10_1_0_0_4_0,1.4994324324324326,0.7902263513513508,1.890743243243244,0.482195945945945,3.845176136363636
10_1_14_0_28_0,2.440191441441441,1.2230957207207207,1.5450709459459464,0.4365236486486483,4.843057142857143
10_20_0_0_3_19,1.4773344594594597,0.9007331081081076,2.085749999999999,1.3534662162162174,4.981074285714286
10_22_0_0_33_9,1.7975912162162162,0.7790675675675671,3.5859999999999994,0.7442094594594604,6.195011494252874
10_23_27_0_0_0,2.048911036036036,1.372247747747747,0.0,0.0,2.6101771428571428
10_24_15_0_0_0,1.7468582531684227,1.4292460413803627,0.0,0.0,2.494
10_24_19_0_18_0,1.8078063063063066,1.506697072072071,1.3578243243243246,0.3924121621621617,4.146240000000001
10_24_19_38_14_0,2.518698198198199,1.8889943693693678,1.8287533783783785,0.3829695945945954,5.385474285714286
10_25_0_0_24_37,1.4099864864864866,0.9917364864864862,3.122625,1.305310810810811,5.575965714285715
10_25_0_0_33_0,1.4099864864864866,0.9917364864864862,1.4760168918918923,0.3817195945945939,3.7426914285714283
10_25_26_21_15_0,2.594686936936937,2.4854211711711707,0.5994222972972976,0.3723445945945944,4.615331428571428
10_28_0_0_0_0,1.6872511261261258,0.8928299549549554,0.0,0.0,2.183666666666667
10_32_11_3_0_0,3.7550630630630626,2.0805754504504512,0.0,0.0,4.653251428571428
10_32_14_15_0_0,3.4332186135287817,2.086980275614599,0.0,0.0,4.3222571428571435
10_37_20_34_4_0,3.0477871621621624,1.723648648648648,1.890743243243244,0.482195945945945,5.71608
10_38_34_0_2_0,2.5294324324324324,1.3110912162162158,2.0528716216216214,0.4960878378378379,5.447462857142858
10_3_0_0_0_0,1.7603085585585587,0.8423840090090087,0.0,0.0,2.2262285714285723
10_3_21_10_22_7,3.2154481981981986,1.6253355855855847,4.697179054054053,-0.3807939189189167,7.610645714285717
10_4_0_0_33_28,1.8118630325240495,1.009174129638112,3.0210878378378387,0.8182432432432423,5.792022857142859
10_4_24_0_0_0,2.294698618109635,1.6946020575660392,0.0,0.0,3.090811428571428
10_4_5_0_0_0,2.275244789280806,1.2856065620705448,0.0,0.0,2.805405714285715
10_5_0_0_36_0,1.3828096846846847,0.7739740990990991,0.9079121621621624,0.5212364864864862,2.9880114285714288
10_6_17_0_35_0,2.0245720720720723,1.2879515765765763,0.9795777027027032,0.5237668918918916,3.7951954022988503
10_8_3_19_31_0,3.1685168918918922,1.7520608108108107,1.235601408612002,0.3943816422354556,5.2821371428571435
11_0_0_0_0_0,0.7663175675675676,0.3278986486486488,0.0,0.0,1.1416685714285713
11_0_0_0_28_0,0.7663175675675676,0.3278986486486488,1.5450709459459464,0.4365236486486483,2.9321942857142855
11_0_0_0_33_15,0.7663175675675676,0.3278986486486488,2.07543918918919,0.7540641891891884,3.441868571428571
11_13_26_0_0_0,2.336100225225225,1.8687342342342341,0.0,0.0,3.603103448275862
11_14_0_0_20_0,1.7070765765765765,0.7607680180180187,1.87335472972973,-0.2659932432432437,3.5131028571428566
11_15_0_0_0_0,1.1109123072224765,0.574175095434418,0.0,0.0,1.4627931034482757
11_15_33_0_0_0,1.9105846045197739,0.9742291494884716,0.0,0.0,2.267457142857143
11_19_0_0_2_0,1.1718603603603603,0.6516261261261262,2.0528716216216214,0.4960878378378379,3.957594285714286
11_19_20_0_10_26,1.729766891891892,1.0548175675675675,4.230236486486486,2.117199324324325,7.85816
11_20_23_0_3_4,1.6925281531531533,1.2062691441441435,3.7012702702702702,0.862668918918919,6.213262857142858
11_22_31_8_0_0,3.487365990990991,1.6088907657657665,0.0,0.0,3.821040229885058
11_2_0_0_0_0,1.4625191441441443,0.8378795045045049,0.0,0.0,2.0233199999999996
11_34_0_0_0_0,1.66543018018018,0.7591509009009014,0.0,0.0,2.077925714285714
11_36_0_0_2_9,1.3465337837837839,0.7835540540540542,4.1628547297297285,0.8585777027027043,6.372988571428573
11_4_0_0_0_0,1.6587526721636892,0.8395311116200945,0.0,0.0,2.1446034482758622
11_7_14_0_26_33,2.4540101351351353,1.100219594594595,3.497398648648649,2.0090270270270265,8.039542857142857
11_9_36_9_0_0,3.0608085585585583,1.5078873873873881,0.0,0.0,3.5827142857142857
12_0_0_0_0_0,0.8040743243243244,0.5851216216216217,0.0,0.0,1.385017142857143
12_0_0_0_29_0,0.8040743243243244,0.5851216216216217,1.803689189189189,0.3690304054054061,3.435114285714286
12_0_0_0_29_15,0.8040743243243244,0.5851216216216217,2.4031114864864866,0.7413750000000006,4.103459770114942
12_0_0_0_2_0,0.8040743243243244,0.5851216216216217,2.0528716216216214,0.4960878378378379,3.652976878612717
12_0_0_0_33_33,0.8040743243243244,0.5851216216216217,2.9520337837837847,0.7634391891891879,4.72364
12_0_0_0_4_6,0.8040743243243244,0.5851216216216217,3.34443918918919,1.0136317567567552,5.03228
12_0_0_0_7_7,0.8040743243243244,0.5851216216216217,3.683804054054052,0.7372702702702734,5.43732
12_13_15_0_33_0,2.0694629828981523,1.1639588792182014,1.4760168918918923,0.3817195945945939,4.3762742857142864
12_13_37_4_2_25,3.288643437929455,1.8209781836921657,2.7251148648648646,0.9233277027027026,6.92389142857143
12_17_33_38_34_32,2.9304177927927935,1.6609707207207198,3.311320945945946,1.2153750000000008,7.661274285714287
12_23_2_0_21_29,1.868579954954955,1.5702815315315313,2.403307432432431,1.381260135135138,5.688000000000001
12_28_0_0_0_0,1.5718975225225222,0.9804099099099108,0.0,0.0,2.132379310344828
12_2_26_0_0_0,2.1492646396396395,2.3033772522522526,0.0,0.0,3.5036800000000006
12_2_31_0_32_0,2.3404954954954955,1.5086193693693701,1.7044628378378377,0.7454932432432435,5.113959770114942
12_2_6_25_38_0,2.480199324324324,2.08620945945946,1.5038783783783778,0.3456824324324334,4.87848
12_32_26_30_33_0,3.4948941441441437,3.294893018018019,1.4760168918918923,0.3817195945945939,6.813297142857145
12_32_27_2_22_14,3.4898918918918915,2.404922297297299,4.684030405405405,-0.36645945945945796,8.28965142857143
12_38_25_35_11_33,2.5927286036036037,1.9473153153153149,2.856513513513514,0.799070945945946,6.777754285714284
12_3_9_0_13_30,2.5020923423423422,1.292130630630631,3.7748885135135133,0.8994391891891897,7.575188571428571
12_4_4_29_15_19,3.2805075965796306,1.9291207817987477,0.8746452702702703,1.345337837837838,5.608251428571428
12_5_16_17_14_29,2.2210968468468466,1.3887477477477481,3.6324425675675673,0.7520000000000016,6.9712
12_5_17_9_0_0,2.7403727477477475,1.517218468468469,0.0,0.0,3.3463942857142857
12_8_22_0_0_0,2.684903153153153,1.452596846846847,0.0,0.0,3.0786724137931043
12_9_7_1_9_20,2.988149774774775,1.5794245495495494,3.983337837837837,0.0964966216216227,7.287074285714285
13_0_0_0_0_0,0.920793918918919,0.3325608108108104,0.0,0.0,1.2849542857142855
13_0_0_0_32_0,0.920793918918919,0.3325608108108104,1.7044628378378377,0.7454932432432435,3.491748571428571
13_0_0_0_33_21,0.920793918918919,0.3325608108108104,2.0756351351351343,1.3939493243243257,4.248205714285714
13_0_0_0_3_0,0.920793918918919,0.3325608108108104,1.8105270270270264,0.3804729729729739,3.452448275862069
13_0_0_0_4_11,0.920793918918919,0.3325608108108104,3.2712398648648655,0.899547297297297,5.312611428571428
13_10_32_0_14_22,3.0686587837837838,1.7403952702702705,4.684030405405405,-0.36645945945945796,7.858337142857144
13_11_0_0_36_8,1.6871114864864867,0.6604594594594593,3.1401216216216215,1.0684527027027029,5.791200000000002
13_12_0_0_23_17,1.7248682432432434,0.9176824324324322,1.8828331195602384,0.8080128149335772,4.460664739884393
13_12_17_19_0_0,2.7461903153153155,1.5349076576576572,0.0,0.0,3.310520000000001
13_13_0_0_2_0,1.841587837837838,0.6651216216216208,2.0528716216216214,0.4960878378378379,4.757394285714286
13_15_15_35_0_0,2.1971872270575656,1.3108152809589253,0.0,0.0,2.6403714285714286
13_16_25_28_0_0,2.5170371621621617,1.4557398648648654,0.0,0.0,2.9806400000000006
13_18_0_0_0_0,1.5474224919835091,0.6392193999083822,0.0,0.0,1.8478742857142865
13_18_0_0_18_20,1.5474224919835091,0.6392193999083822,3.2311790540540546,0.126418918918918,4.924479999999999
13_1_0_0_23_26,1.5007984234234235,0.6252454954954948,2.5639695945945946,2.018168918918919,6.01657142857143
13_20_4_32_13_13,3.5995724919835084,2.157677508016491,3.570101351351351,0.7500405405405414,8.532748571428572
13_21_14_35_38_0,2.9844684684684686,1.5365416666666665,1.5038783783783778,0.3456824324324334,5.268485714285715
13_23_23_35_38_25,2.244605855855856,1.7686204954954938,2.176121621621621,0.7729222972972981,5.212531428571429
13_29_0_0_29_35,1.612356981981982,0.653295045045045,2.783266891891892,0.8927972972972977,5.265205714285713
13_30_0_0_11_0,1.734188063063063,0.9237646396396393,1.3804966216216217,0.417351351351352,4.147399999999999
13_31_10_0_0_0,2.6804414414414417,1.2436193693693691,0.0,0.0,3.1989022988505753
13_31_6_10_24_0,3.169806306306306,1.7405315315315315,1.6576993243243248,0.8996418918918914,5.995445714285713
13_36_23_0_16_13,1.8693141891891893,1.2633952702702693,2.369864864864865,0.7554087837837837,5.156560000000001
13_37_23_33_2_27,2.7601103603603607,1.5994572072072053,3.6365439189189184,0.8119290540540546,7.499817142857145
13_7_0_0_0_0,1.6677274774774777,0.6720123873873867,0.0,0.0,2.0820914285714287
13_8_7_0_21_38,2.6703930180180184,1.2579617117117112,2.1034966216216198,1.3579121621621653,6.105428571428572
14_0_0_0_0_0,0.9407590090090088,0.4328693693693699,0.0,0.0,1.365611428571429
14_0_0_0_16_0,0.9407590090090088,0.4328693693693699,0.5848141891891894,0.380388513513513,2.1164342857142855
14_0_0_0_17_0,0.9407590090090088,0.4328693693693699,1.3402452817224004,0.4171513284470909,2.927462857142858
14_0_0_0_27_23,0.9407590090090088,0.4328693693693699,2.126260135135135,0.706702702702703,3.7203771428571426
14_0_0_0_29_0,0.9407590090090088,0.4328693693693699,1.803689189189189,0.3690304054054061,3.394954285714286
14_10_25_2_26_0,3.0469470720720717,1.9345867117117121,2.0213817567567567,1.6273074324324326,6.810468571428572
14_12_37_31_21_17,3.256393018018018,1.8231711711711718,1.9398635249656424,1.4293810581768227,6.680468571428573
14_17_20_0_33_31,2.11444481981982,1.1295585585585588,2.7116183005038943,0.7761012368300495,5.769948571428571
14_17_34_3_12_0,3.296531531531531,1.5024617117117125,1.5940912162162162,0.5391081081081084,5.787142857142857
14_1_0_0_0_0,1.5207635135135131,0.7255540540540544,0.0,0.0,1.8910399999999998
14_1_0_0_35_23,1.5207635135135131,0.7255540540540544,1.522165540540541,0.914628378378378,3.692920454545455
14_22_10_8_10_5,3.7410157657657654,1.7978862612612616,3.702631756756757,0.8362499999999997,8.536708571428571
14_24_0_0_31_31,1.4235945945945945,1.118297297297297,2.471202817224004,0.7887632844709112,5.106097142857143
14_25_10_24_0_0,2.833581081081081,2.1100337837837833,0.0,0.0,3.6249371428571435
14_25_37_0_4_31,2.1026576576576574,1.3187274774774775,3.126344651855246,0.8765775881814006,6.198028571428571
14_28_0_0_0_0,1.7085822072072068,0.828157657657659,0.0,0.0,2.164228571428572
14_28_35_0_23_0,2.2957860360360356,1.3138592342342355,0.5425878378378379,0.3908614864864863,4.538340909090909
14_28_37_0_4_0,2.379922297297297,1.2198209459459468,1.890743243243244,0.482195945945945,5.037104046242774
14_29_21_13_34_0,3.0888277027027025,1.3715743243243246,1.606858108108108,0.4698817567567572,5.378954285714286
14_29_22_10_12_0,3.429913288288288,1.5326711711711716,1.5940912162162162,0.5391081081081084,5.371325714285716
14_2_0_0_24_26,1.6369605855855855,0.942850225225226,3.6790810810810815,2.526949324324324,7.036925714285717
14_2_0_0_35_1,1.6369605855855855,0.942850225225226,2.490442567567567,0.8863108108108122,5.133542857142858
14_30_24_10_22_0,3.156416666666667,2.2070427927927923,2.855277027027027,-0.7494290540540534,5.823445714285715
14_36_18_0_35_1,2.1476037982898153,1.195183363872347,2.490442567567567,0.8863108108108122,5.593908571428573
14_3_38_0_38_3,2.4925315315315313,1.1600090090090092,3.314405405405404,0.7261554054054074,6.88189142857143
14_4_16_30_15_28,2.9844497442357607,1.7694016071155905,2.144493243243244,0.8088682432432427,6.046782857142857
14_4_8_0_1_0,2.835859654145671,1.5304511566651402,1.510864864864864,0.3625439189189205,5.270222857142857
14_8_0_0_5_0,1.9434245495495492,1.0188186936936945,1.4937770270270274,0.3463581081081073,4.291114285714286
14_9_34_0_8_0,2.697009009009008,1.2262882882882895,2.232209459459459,0.5472162162162166,5.78584
15_0_0_0_0_0,0.3445947396549089,0.2462764467857692,0.0,0.0,0.66968
15_0_0_0_17_19,0.3445947396549089,0.2462764467857692,1.6154682546953731,1.3901445716903345,3.193868571428571
15_0_0_0_29_5,0.3445947396549089,0.2462764467857692,3.2974662162162165,0.7153885135135134,4.296251428571429
15_0_0_0_8_0,0.3445947396549089,0.2462764467857692,2.232209459459459,0.5472162162162166,3.282548571428572
15_0_0_0_9_22,0.3445947396549089,0.2462764467857692,4.965260135135134,-0.38693918918918696,4.868190751445088
15_12_8_0_1_5,2.1513346045197737,1.4173473927317155,3.0046418918918913,0.7089020270270279,6.141251428571428
15_14_19_0_0_0,1.6908965414567105,1.0028732936326166,0.0,0.0,2.1589428571428573
15_15_0_0_8_35,0.6891894793098178,0.4925528935715384,3.211787162162162,1.0709831081081083,4.661137142857143
15_19_0_0_0_0,0.7501375324477018,0.5700039242632466,0.0,0.0,1.1411028571428568
15_19_0_0_31_0,0.7501375324477018,0.5700039242632466,1.235601408612002,0.3943816422354556,2.584394285714285
15_19_15_0_0_0,1.0947322721026107,0.8162803710490159,0.0,0.0,1.436542857142857
15_19_8_36_0_0,2.3330192892044583,1.6116086539929766,0.0,0.0,2.78452
15_22_17_4_29_19,2.730972411818598,1.3329325584058633,2.078912162162162,1.3420236486486496,5.895834285714285
15_22_5_1_20_0,2.2661442892044583,1.0969194648037872,1.87335472972973,-0.2659932432432437,3.97188
15_28_11_34_7_0,2.777848118033287,1.4007156359749597,1.841902027027026,0.3686351351351367,5.265319999999999
15_28_30_12_25_34,2.729886406321575,1.8178901855245089,2.2791013513513514,0.8971216216216219,5.806468571428573
15_29_0_0_26_0,1.0361578027179719,0.5670106810200037,2.0213817567567567,1.6273074324324326,4.8680514285714285
15_29_17_36_0_0,2.2321532982134675,1.3161638341731567,0.0,0.0,2.7385828571428577
15_29_29_0_15_15,1.727720865781035,0.8877449152542383,1.1988445945945951,0.7446891891891888,3.502137142857143
15_30_16_0_18_0,1.4958503702855392,1.071176221560544,1.3578243243243246,0.3924121621621617,3.6399257142857144
15_31_22_0_8_0,2.0629776225377916,0.9413192395785623,2.232209459459459,0.5472162162162166,4.902851428571429
15_32_0_0_0_0,1.5730316765918455,1.156569239578563,0.0,0.0,2.4347028571428573
15_32_18_10_0_0,3.1190881775843637,1.960769495342801,0.0,0.0,3.9547200000000005
15_4_14_0_0_0,2.177788853260039,1.1907782791265848,0.0,0.0,2.6140914285714287
15_8_17_0_0_0,1.963039559474729,1.1257235188578414,0.0,0.0,2.4776914285714287
16_0_0_0_0_0,0.3378614864864864,0.233695945945946,0.0,0.0,0.6076228571428572
16_0_0_0_10_0,0.3378614864864864,0.233695945945946,2.2088547297297296,0.4898918918918924,3.2278685714285715
16_0_0_0_19_0,0.3378614864864864,0.233695945945946,0.2752229729729727,0.9729932432432437,1.6962742857142854
16_0_0_0_1_0,0.3378614864864864,0.233695945945946,1.510864864864864,0.3625439189189205,2.4083542857142857
16_0_0_0_21_0,0.3378614864864864,0.233695945945946,0.599618243243242,1.0122297297297318,2.134897142857143
16_0_0_0_34_37,0.3378614864864864,0.233695945945946,3.0717837837837836,0.8755506756756767,4.1390342857142866
16_0_0_0_9_0,0.3378614864864864,0.233695945945946,2.109983108108107,0.3624898648648664,3.0085600000000006
16_11_10_18_0_0,2.650235555046572,1.3657948503588329,0.0,0.0,3.0510628571428566
16_12_14_0_12_0,2.082694819819819,1.2516869369369377,1.5940912162162162,0.5391081081081084,4.4622399999999995
16_13_27_37_6_0,2.6911745495495496,1.3574470720720715,1.4536959459459462,0.5314358108108101,4.901622857142858
16_18_23_0_13_30,1.3327941136051307,1.0155335890975712,3.7748885135135133,0.8994391891891897,6.053531428571429
16_19_5_0_0_0,1.2067860360360358,0.8338558558558562,0.0,0.0,1.6615402298850577
16_22_13_0_9_6,2.1368186936936935,0.8477826576576573,3.5636790540540533,0.8939256756756766,6.5075771428571425
16_23_0_0_32_0,0.7061655405405405,0.7088749999999995,1.7044628378378377,0.7454932432432435,3.503422857142857
16_24_0_0_20_3,0.8206970720720721,0.9191238738738732,3.6838817567567563,0.1144797297297302,4.895434285714284
16_26_11_36_0_0,2.3333840090090088,2.225524774774775,0.0,0.0,3.558862857142857
16_27_0_0_0_0,1.0990405405405403,0.6332229729729733,0.0,0.0,1.4808742857142856
16_27_10_0_37_0,2.0184684684684684,1.1307646396396396,1.4649256756756754,0.4056689189189195,4.227399999999999
16_34_0_0_0_0,1.2369740990990987,0.6649481981981986,0.0,0.0,1.6393390804597705
16_34_28_0_0_0,2.0047972972972965,1.0602364864864877,0.0,0.0,2.3796000000000004
16_35_16_0_0_0,1.2629268018018016,0.9530934684684684,0.0,0.0,2.5810228571428566
16_38_0_0_22_0,1.0487533783783785,0.6159932432432429,2.855277027027027,-0.7494290540540534,3.1860852272727267
16_4_17_33_0_0,2.645748167659185,1.438880210719193,0.0,0.0,5.307920454545455
16_6_0_0_25_5,0.8272263513513511,0.7306081081081084,2.1660202702702707,0.7735979729729721,3.6736857142857144
16_7_5_0_0_0,1.5481768018018018,0.849579954954955,0.0,0.0,1.853748571428571
16_9_7_0_20_4,1.9419324324324325,0.9353141891891892,3.7640979729729738,0.2162027027027013,5.826120000000001
16_9_7_27_29_0,2.7031114864864865,1.3348412162162164,1.803689189189189,0.3690304054054061,5.225508571428572
17_0_0_0_0_0,0.6157792792792794,0.2934977477477476,0.0,0.0,0.9677714285714285
17_0_0_0_25_0,0.6157792792792794,0.2934977477477476,0.6722432432432432,0.4272398648648647,1.8962400000000001
17_0_0_0_38_0,0.6157792792792794,0.2934977477477476,1.5038783783783778,0.3456824324324334,2.670817142857143
17_11_0_0_0_0,1.382096846846847,0.6213963963963964,0.0,0.0,1.6222228571428565
17_15_17_12_24_0,2.380227622537792,1.4183935639028862,1.6576993243243248,0.8996418918918914,5.25632183908046
17_16_24_0_0_0,1.4364763513513514,1.2126216216216208,0.0,0.0,2.1812
17_16_6_1_0_0,2.023010135135135,1.3167905405405405,0.0,0.0,2.5313085714285717
17_17_0_0_25_37,1.231558558558559,0.5869954954954952,2.1371689189189187,0.8329087837837842,4.083337142857143
17_1_19_29_32_31,2.2928896396396397,1.230644144144144,2.9400642464498397,1.139874885478699,6.373868571428572
17_23_32_0_38_0,2.21252027027027,1.6789695945945948,1.5038783783783778,0.3456824324324334,4.845657142857144
17_28_26_0_0_0,2.032591216216216,1.8970608108108116,0.0,0.0,3.281125714285714
17_30_28_0_34_0,2.1969966216216212,1.2799898648648655,1.606858108108108,0.4698817567567572,4.601074285714287
17_30_30_34_0_0,3.1416801801801797,1.9071576576576579,0.0,0.0,3.696171428571429
17_33_25_29_8_32,2.5975731981981984,1.5084808558558556,3.9366722972972967,1.2927094594594601,7.73236
17_35_0_0_0_0,1.2029831081081082,0.779199324324324,0.0,0.0,1.756788571428571
17_3_6_0_0_0,1.946024774774775,1.1352522522522523,0.0,0.0,2.4694285714285713
17_4_37_31_0_0,3.0197740685600856,1.6103103908993734,0.0,0.0,3.555971428571429
17_5_0_0_0_0,1.079161036036036,0.5699301801801804,0.0,0.0,1.4195257142857147
18_0_0_0_0_0,0.6266285730645902,0.3066585890975717,0.0,0.0,0.9294799999999999
18_0_0_0_31_0,0.6266285730645902,0.3066585890975717,1.235601408612002,0.3943816422354556,2.397897142857143
18_0_0_0_7_38,0.6266285730645902,0.3066585890975717,3.345780405405404,0.7143175675675701,4.590068571428571
18_12_38_9_36_26,2.998732176668194,1.6362441746831573,2.929293918918919,2.148543918918919,8.035143678160921
18_14_0_0_0_0,1.567387582073599,0.7395279584669416,0.0,0.0,1.9843771428571428
18_15_11_0_3_0,1.7375408802870669,0.8808336845319897,1.8105270270270264,0.3804729729729739,4.155502857142858
18_16_0_0_4_1,0.9644900595510766,0.5403545350435177,3.4016081081081078,0.8447398648648655,5.21064
18_17_18_0_10_35,1.86903642540846,0.906814925942891,3.1884324324324327,1.013658783783784,5.937354285714287
18_19_17_20_31_33,2.2058571766681943,1.327075255764238,2.7116183005038943,0.7761012368300495,5.802422857142858
18_1_13_0_15_0,2.1274269964880137,0.9319040845930666,0.5994222972972976,0.3723445945945944,3.3503657142857146
18_23_18_0_0_0,1.6215612001832345,1.088496232249197,0.0,0.0,2.179674285714285
18_31_34_0_0_0,2.365960780271797,1.1514277332417167,0.0,0.0,2.7931885714285722
18_33_27_25_2_8,2.6780384829745003,1.6004344899984724,4.28508108108108,1.0433040540540546,8.05316
18_34_0_0_11_2,1.5257411856772025,0.7379108413498243,3.433368243243243,0.9134391891891899,6.032862857142858
18_34_0_0_26_0,1.5257411856772025,0.7379108413498243,2.0213817567567567,1.6273074324324326,5.339085714285714
18_38_20_0_0_0,1.895426996488014,1.0921473278363099,0.0,0.0,2.3967771428571436
18_3_31_0_2_0,2.307728798289815,1.0650178233318064,2.0528716216216214,0.4960878378378379,5.11416
18_6_22_28_0_0,2.761979924415941,1.480384940448924,0.0,0.0,3.085188571428572
18_7_9_0_0_0,2.2306995190105363,1.0082768323408149,0.0,0.0,2.5956628571428575
19_0_0_0_0_0,0.4055427927927928,0.3237274774774774,0.0,0.0,0.7677657142857144
19_0_0_0_13_0,0.4055427927927928,0.3237274774774774,1.7850506756756754,0.3750202702702707,2.796257142857143
19_0_0_0_16_12,0.4055427927927928,0.3237274774774774,2.1789054054054056,0.9194966216216214,3.387348571428572
19_0_0_0_18_0,0.4055427927927928,0.3237274774774774,1.3578243243243246,0.3924121621621617,2.4803028571428567
19_0_0_0_26_0,0.4055427927927928,0.3237274774774774,2.0213817567567567,1.6273074324324326,4.227620689655172
19_0_0_0_32_8,0.4055427927927928,0.3237274774774774,3.9366722972972967,1.2927094594594601,5.445224137931035
19_0_0_0_6_0,0.4055427927927928,0.3237274774774774,1.4536959459459462,0.5314358108108101,2.6414514285714286
19_12_0_0_15_10,1.209617117117117,0.9088490990990992,2.808277027027027,0.8622364864864869,4.909685714285715
19_12_0_0_4_33,1.209617117117117,0.9088490990990992,3.366760135135136,0.863915540540539,5.560977142857144
19_14_0_0_0_0,1.3463018018018016,0.7565968468468474,0.0,0.0,1.8171714285714287
19_14_32_4_18_0,3.4671738433348596,2.178522102611087,1.3578243243243246,0.3924121621621617,5.897845714285715
19_15_28_0_0_0,1.5179607306458998,0.9652922125515357,0.0,0.0,1.957531428571429
19_17_23_16_26_0,1.7274876126126129,1.3261002252252245,2.0213817567567567,1.6273074324324326,5.492040229885058
19_1_14_28_20_7,2.6941295045045037,1.444569819819821,3.715256756756756,0.10264189189189299,6.509845714285717
19_1_1_13_5_0,2.486345720720721,1.2416576576576566,1.4937770270270274,0.3463581081081073,4.6562011494252875
19_1_38_0_0_0,1.6964391891891895,0.9987094594594587,0.0,0.0,2.1679425287356326
19_21_0_0_31_0,0.9412545045045045,0.609137387387387,1.235601408612002,0.3943816422354556,2.859948571428571
19_22_0_0_0_0,1.283706081081081,0.6052533783783782,0.0,0.0,1.568
19_22_0_0_12_0,1.283706081081081,0.6052533783783782,1.5940912162162162,0.5391081081081084,3.3960057142857143
19_23_12_2_0_0,2.274122747747748,1.8940090090090087,0.0,0.0,2.7458114285714283
19_23_35_0_30_0,1.3610506756756755,1.2846081081081073,1.9898378378378376,0.524418918918919,4.088394285714285
19_28_14_23_3_0,2.4824290540540535,1.62706418918919,1.8105270270270264,0.3804729729729739,5.037788571428571
19_29_0_0_0_0,1.097105855855856,0.644461711711712,0.0,0.0,1.5790399999999996
19_2_36_0_21_0,1.6819605855855855,1.2893637387387389,0.599618243243242,1.0122297297297318,3.3208628571428576
19_34_29_0_17_0,1.9962184684684683,1.0757139639639646,1.3402452817224004,0.4171513284470909,4.071325714285715
19_36_29_0_36_23,1.677322072072072,1.1001171171171173,1.4505000000000003,0.9120979729729726,3.7933942857142857
19_38_0_0_36_27,1.1164346846846849,0.7060247747747743,2.4915844594594594,0.837077702702703,4.394537142857143
19_3_8_7_26_0,2.996022522522523,1.5939707207207205,2.0213817567567567,1.6273074324324326,6.78904
19_5_5_27_6_35,2.09348536036036,1.27611936936937,2.4332736486486493,1.0552027027027018,5.384337142857143
19_7_0_0_0_0,1.1524763513513516,0.6631790540540536,0.0,0.0,1.6695942857142856
19_8_0_0_11_13,1.4082083333333333,0.909676801801802,3.165547297297297,0.7923716216216227,5.514000000000001
1_0_0_0_0_0,0.5800045045045045,0.2926846846846844,0.0,0.0,0.8994597701149423
1_0_0_0_31_29,0.5800045045045045,0.2926846846846844,3.039290597801191,0.7634120476408617,4.356314285714285
1_0_0_0_35_0,0.5800045045045045,0.2926846846846844,0.9795777027027032,0.5237668918918916,2.262342857142857
1_0_0_0_35_18,0.5800045045045045,0.2926846846846844,2.3374020270270277,0.9161790540540533,3.6572971428571424
1_0_0_0_36_33,0.5800045045045045,0.2926846846846844,2.3839290540540548,0.9029560810810802,3.6987657142857144
1_0_0_0_8_22,0.5800045045045045,0.2926846846846844,5.087486486486486,-0.20221283783783672,5.373262857142857
1_11_0_0_31_35,1.346322072072072,0.6205833333333333,2.215179111314705,0.9181485341273472,4.3644742857142855
1_11_3_21_9_0,2.7229144144144146,1.2508355855855853,2.109983108108107,0.3624898648648664,5.617801136363637
1_14_0_0_6_8,1.5207635135135131,0.7255540540540544,3.6859054054054052,1.0786520270270268,6.078245714285716
1_14_14_22_33_0,3.33968581081081,1.439949324324325,1.4760168918918923,0.3817195945945939,5.343754285714285
1_16_5_0_8_0,1.3812477477477474,0.8028130630630632,2.232209459459459,0.5472162162162166,4.397188571428572
1_18_10_6_29_0,2.6154258703618876,1.5937971026110849,1.803689189189189,0.3690304054054061,5.360662857142858
1_19_38_0_0_0,1.6964391891891895,0.9987094594594587,0.0,0.0,2.1637011494252874
1_20_13_29_36_0,2.7502680180180183,1.3491711711711705,0.9079121621621624,0.5212364864864862,4.461811428571428
1_21_0_0_24_0,1.1157162162162162,0.578094594594594,1.6576993243243248,0.8996418918918914,3.8503828571428573
1_24_19_36_0_0,2.048599099099099,1.7574954954954944,0.0,0.0,2.842291428571429
1_25_37_0_5_0,1.741903153153153,1.178542792792792,1.4937770270270274,0.3463581081081073,4.009668571428572
1_26_0_0_0_0,1.2289932432432433,1.5009594594594593,0.0,0.0,2.5280342857142863
1_26_38_0_23_0,1.9398851351351354,1.8832567567567562,0.5425878378378379,0.3908614864864863,3.8512114285714287
1_28_11_0_17_0,2.11414527027027,1.0158716216216224,1.3402452817224004,0.4171513284470909,4.1202000000000005
1_28_3_0_0_0,2.188708333333333,1.032815315315316,0.0,0.0,2.6214342857142854
1_31_0_0_20_0,1.4202240990990989,0.7062015765765767,1.87335472972973,-0.2659932432432437,3.327205714285714
1_36_0_0_0_0,1.1602207207207207,0.7483400900900898,0.0,0.0,1.682217142857143
1_36_18_0_36_5,1.7868492937853109,1.0549986791876615,2.40168918918919,0.8675945945945935,5.021948275862069
1_38_0_0_0_0,1.2908963963963966,0.6749819819819813,0.0,0.0,1.662714285714285
1_3_0_0_21_32,1.4208851351351353,0.6375270270270267,2.3040810810810797,1.7577229729729753,4.704131428571429
1_5_20_0_0_0,1.6012927927927927,0.9723085585585582,0.0,0.0,2.0030171428571433
1_7_24_10_23_0,2.729201576576577,1.8151058558558542,0.5425878378378379,0.3908614864864863,4.138428571428571
20_0_0_0_16_28,0.5579065315315316,0.4031914414414412,2.1298851351351358,0.8169121621621613,3.431414772727273
20_0_0_0_17_15,0.5579065315315316,0.4031914414414412,1.939667579019698,0.7894959230416854,3.2651485714285715
20_0_0_0_18_35,0.5579065315315316,0.4031914414414412,2.3374020270270277,0.9161790540540533,3.750365714285715
20_0_0_0_27_11,0.5579065315315316,0.4031914414414412,2.9641689189189186,0.7331925675675687,4.330085714285714
20_0_0_0_28_0,0.5579065315315316,0.4031914414414412,1.5450709459459464,0.4365236486486483,2.8048685714285715
20_0_0_0_35_0,0.5579065315315316,0.4031914414414412,0.9795777027027032,0.5237668918918916,2.3134799999999998
20_0_0_0_37_0,0.5579065315315316,0.4031914414414412,1.4649256756756754,0.4056689189189195,2.743045977011494
20_0_0_0_38_28,0.5579065315315316,0.4031914414414412,3.048949324324324,0.7822060810810817,4.352588571428571
20_10_20_4_23_0,2.927676095587113,1.8155570125209946,0.5425878378378379,0.3908614864864863,3.9058000000000006
20_16_0_0_11_31,0.895768018018018,0.6368873873873873,2.6160980302336236,0.8117329935868076,4.328234285714286
20_16_20_0_12_11,1.4536745495495496,1.0400788288288285,2.974587837837838,0.9564594594594604,5.1969257142857135
20_25_0_0_38_35,1.04846509009009,0.897386261261261,2.483456081081081,0.8694493243243251,4.271828571428571
20_25_10_17_3_4,2.5836722972972974,1.688425675675675,3.7012702702702702,0.862668918918919,7.246485714285717
20_27_20_0_0_0,1.8769921171171173,1.2059099099099095,0.0,0.0,2.271942857142857
20_27_4_0_3_20,2.211520690181707,1.3143509314399142,3.6838817567567563,0.1144797297297302,6.173182857142859
20_32_19_24_22_2,2.6747218468468468,2.3226396396396396,4.908148648648648,-0.25334121621621547,7.524514285714286
20_32_32_0_26_0,3.0147804054054044,2.2237770270270283,2.0213817567567567,1.6273074324324326,6.974834285714284
20_36_31_1_0_0,2.5583468468468467,1.5650484234234234,0.0,0.0,3.0756400000000004
20_38_0_0_18_0,1.2687984234234237,0.7854887387387381,1.3578243243243246,0.3924121621621617,3.402085714285714
20_8_0_0_26_35,1.560572072072072,0.9891407657657658,3.0009594594594597,2.151074324324324,6.455331428571428
21_0_0_0_0_0,0.5357117117117117,0.2854099099099096,0.0,0.0,0.9934342857142857
21_0_0_0_12_0,0.5357117117117117,0.2854099099099096,1.5940912162162162,0.5391081081081084,2.8319428571428573
21_0_0_0_23_38,0.5357117117117117,0.2854099099099096,2.0464662162162157,0.7365439189189197,3.207811428571428
21_0_0_0_29_0,0.5357117117117117,0.2854099099099096,1.803689189189189,0.3690304054054061,2.989537142857143
21_0_0_0_5_0,0.5357117117117117,0.2854099099099096,1.4937770270270274,0.3463581081081073,2.6103142857142854
21_0_0_0_9_0,0.5357117117117117,0.2854099099099096,2.109983108108107,0.3624898648648664,3.2551714285714293
21_16_0_0_19_0,0.8735731981981981,0.5191058558558557,0.2752229729729727,0.9729932432432437,2.255588571428571
21_17_0_0_0_0,1.1514909909909912,0.5789076576576573,0.0,0.0,1.4962342857142858
21_20_26_4_0_0,2.6350420865781037,2.4085085890975715,0.0,0.0,3.7932457142857143
21_20_34_14_36_0,2.933489864864865,1.5527229729729735,0.9079121621621624,0.5212364864864862,4.410034285714286
21_26_0_0_9_34,1.1847004504504506,1.4936846846846845,3.716841216216215,0.8323716216216236,6.476834285714286
21_27_34_28_35_13,2.963826576576576,1.5114774774774786,2.7646283783783785,0.8987871621621624,6.651937142857145
21_28_0_0_26_0,1.3035349099099096,0.6806981981981988,2.0213817567567567,1.6273074324324326,5.118485714285715
21_29_4_9_10_13,2.9768472667582837,1.4799432737822569,3.993905405405405,0.8649121621621632,8.142234285714286
21_2_0_0_31_0,1.2319132882882884,0.7953907657657657,1.235601408612002,0.3943816422354556,3.156468571428572
21_32_0_0_0_0,1.7641486486486482,1.1957027027027032,0.0,0.0,2.6586457142857145
21_33_0_0_35_0,1.3353840090090092,0.6854639639639633,0.9795777027027032,0.5237668918918916,3.0398742857142858
21_34_10_0_0_0,2.354252252252252,1.2142038288288286,0.0,0.0,2.7903828571428577
21_36_0_0_5_0,1.115927927927928,0.741065315315315,1.4937770270270274,0.3463581081081073,3.2691828571428565
21_4_4_0_0_0,2.3205819209039547,1.308674835852801,0.0,0.0,2.778405714285715
22_0_0_0_0_0,0.8781632882882883,0.2815259009009008,0.0,0.0,1.2990914285714288
22_0_0_0_14_31,0.8781632882882883,0.2815259009009008,3.06435478699038,0.777351236830051,4.72012
22_13_0_0_17_38,1.7989572072072073,0.6140867117117113,2.844123660100778,0.7628337608795244,5.288794285714287
22_14_32_0_14_0,3.047359234234234,1.6246880630630645,1.8287533783783785,0.3829695945945954,5.923697142857144
22_15_4_0_28_16,2.1151931325393187,1.0394348106581157,2.1298851351351358,0.8169121621621613,4.906491428571428
22_17_0_0_0_0,1.4939425675675677,0.5750236486486484,0.0,0.0,1.8043371428571429
22_22_0_0_0_0,1.7563265765765765,0.5630518018018016,0.0,0.0,1.8807314285714285
22_24_25_0_0_0,1.8515574324324326,1.4611486486486478,0.0,0.0,2.687097701149425
22_25_0_0_8_14,1.3687218468468467,0.7757207207207206,4.060962837837837,0.9301858108108121,6.038617142857143
22_28_0_0_0_0,1.6459864864864862,0.6768141891891899,0.0,0.0,2.0077142857142856
22_29_0_0_0_0,1.5697263513513513,0.6022601351351353,0.0,0.0,1.8991314285714291
22_35_24_2_31_0,2.6444042792792795,1.9626362612612605,1.235601408612002,0.3943816422354556,5.992869318181819
22_38_29_0_0_0,2.2806182432432434,0.9845574324324322,0.0,0.0,4.923505681818183
22_4_19_0_28_9,2.176141185677203,1.116885841349824,3.6550540540540535,0.7990135135135147,5.998542857142857
22_7_31_0_0_0,2.4653164414414412,1.0344943693693693,0.0,0.0,2.776874285714286
22_8_35_0_15_0,2.4680326576576577,1.3531768018018018,0.5994222972972976,0.3723445945945944,3.6562114285714284
23_0_0_0_0_0,0.3683040540540541,0.4751790540540535,0.0,0.0,0.8885714285714283
23_0_0_0_15_19,0.3683040540540541,0.4751790540540535,0.8746452702702703,1.345337837837838,2.5029085714285713
23_0_0_0_32_0,0.3683040540540541,0.4751790540540535,1.7044628378378377,0.7454932432432435,3.135285714285715
23_11_25_0_0_0,1.6251801801801804,1.2972725225225221,0.0,0.0,2.113565714285714
23_15_0_0_1_0,0.712898793708963,0.7214555008398227,1.510864864864864,0.3625439189189205,2.972577142857143
23_15_11_0_21_0,1.4792163612765306,1.0493541494884715,0.599618243243242,1.0122297297297318,3.350514285714285
23_16_0_0_32_9,0.7061655405405405,0.7088749999999995,3.8144459459459448,1.10798310810811,5.625068571428573
23_18_0_0_0_0,0.9949326271186443,0.7818376431516252,0.0,0.0,1.5496034482758625
23_21_35_28_22_0,2.2590427927927923,1.6415788288288287,2.855277027027027,-0.7494290540540534,4.525245714285715
23_22_15_26_10_0,2.2400508207359904,2.2112561765154983,2.2088547297297296,0.4898918918918924,5.981257142857144
23_26_0_0_29_0,1.0172927927927928,1.6834538288288283,1.803689189189189,0.3690304054054061,4.4106571428571435
23_27_0_0_27_34,1.129483108108108,0.8747060810810807,3.190530405405405,0.7857229729729739,5.21584
23_27_24_18_0_0,2.238947266758284,1.8667925981065796,0.0,0.0,3.0037371428571435
23_2_27_1_29_0,2.4056891891891894,1.6773716216216212,1.803689189189189,0.3690304054054061,5.074194285714286
23_35_0_0_24_32,0.9555078828828828,0.9608806306306299,3.3621621621621625,1.6451351351351349,5.688217142857145
23_37_0_0_0_0,1.0396441441441442,0.8668423423423413,0.0,0.0,1.6223257142857146
23_6_0_0_28_18,0.8576689189189188,0.9720912162162159,2.902895270270271,0.82893581081081,4.581297142857142
23_6_27_27_0_0,2.380027027027027,1.7711452702702704,0.0,0.0,2.9021257142857135
23_8_11_0_0_0,2.137287162162162,1.3890270270270269,0.0,0.0,2.663388571428572
24_0_0_0_0_0,0.4828355855855857,0.6854279279279272,0.0,0.0,1.220554285714286
24_0_0_0_11_0,0.4828355855855857,0.6854279279279272,1.3804966216216217,0.417351351351352,2.988742857142857
24_0_0_0_13_0,0.4828355855855857,0.6854279279279272,1.7850506756756754,0.3750202702702707,3.257971428571429
24_0_0_0_22_22,0.4828355855855857,0.6854279279279272,5.710554054054054,-1.4988581081081067,5.651154285714286
24_0_0_0_25_16,0.4828355855855857,0.6854279279279272,1.2570574324324326,0.8076283783783778,2.70224
24_0_0_0_9_16,0.4828355855855857,0.6854279279279272,2.6947972972972964,0.7428783783783794,4.245479999999999
24_10_0_0_11_17,1.4022635135135137,1.1829695945945935,2.720741903344022,0.834502679798443,5.317674285714286
24_11_0_0_13_21,1.2491531531531535,1.013326576576576,2.3846689189189174,1.3872500000000025,5.294371428571429
24_17_23_2_37_13,2.163120495495496,1.9640855855855843,3.249976351351351,0.7806891891891902,6.6455028571428585
24_23_5_0_23_0,1.3145213963963964,1.4370394144144134,0.5425878378378379,0.3908614864864863,2.7399485714285707
24_28_22_21_26_0,2.6645337837837837,1.6476520270270267,2.0213817567567567,1.6273074324324326,6.450903409090911
24_2_0_0_0_0,1.1790371621621625,1.1954087837837832,0.0,0.0,1.9961428571428566
24_2_1_11_27_0,2.5253592342342346,1.8159921171171165,1.583672297297297,0.3158412162162167,5.095000000000001
24_2_31_6_0_0,2.5086216216216215,2.105837837837838,0.0,0.0,3.272542857142857
24_32_18_0_0_0,2.3379010955871125,1.9023793098182926,0.0,0.0,4.975
24_32_19_26_0_0,2.765804054054054,3.127722972972973,0.0,0.0,3.915885714285714
24_34_5_0_0_0,1.8453299549549549,1.3931126126126125,0.0,0.0,2.5634399999999995
24_37_37_3_0_0,2.666396396396397,1.813596846846845,0.0,0.0,3.39476
24_38_37_9_36_0,2.722204954954955,1.8215551801801788,0.9079121621621624,0.5212364864864862,4.662422857142857
24_4_0_0_15_13,1.3752706901817073,1.1970603908993729,2.384472972972973,0.7473648648648651,4.864771428571428
24_4_0_0_3_0,1.3752706901817073,1.1970603908993729,1.8105270270270264,0.3804729729729739,4.2264228571428575
24_5_23_0_14_0,1.3145213963963964,1.4370394144144134,1.8287533783783785,0.3829695945945954,4.174668571428571
24_7_25_0_0_0,1.7203277027027029,1.5190743243243232,0.0,0.0,2.4700857142857138
24_9_17_0_0_0,1.9557522522522524,1.3410923423423418,0.0,0.0,2.6925771428571426
25_0_0_0_0_0,0.4905585585585585,0.4941948198198198,0.0,0.0,0.9923314285714286
25_13_11_9_0_0,3.0348074324324323,1.516820945945946,0.0,0.0,3.523005714285714
25_13_3_0_36_0,2.252233108108108,1.1715979729729724,0.9079121621621624,0.5212364864864862,3.930342857142857
25_16_24_0_13_5,1.3112556306306307,1.413318693693693,3.278827702702703,0.721378378378378,5.761325714285714
25_17_0_0_27_0,1.106337837837838,0.7876925675675674,1.583672297297297,0.3158412162162167,3.486474285714286
25_18_0_0_0_0,1.1171871316231488,0.8008534089173915,0.0,0.0,1.6811314285714292
25_19_0_0_12_0,0.8961013513513514,0.8179222972972972,1.5940912162162162,0.5391081081081084,3.2326971428571443
25_19_3_23_0_0,2.105286036036036,1.6379436936936929,0.0,0.0,2.565857142857143
25_1_22_8_16_10,2.951391891891892,1.6543547297297296,2.793668918918919,0.8702804054054054,6.45744
25_23_15_14_36_0,2.1442163612765306,1.6485196900290124,0.9079121621621624,0.5212364864864862,3.7649314285714293
25_23_24_6_0_0,1.831063063063063,2.151713963963963,0.0,0.0,2.584171428571429
25_25_20_0_0_0,1.5390236486486486,1.3915810810810807,0.0,0.0,1.9379257142857145
25_25_3_28_2_0,2.5898209459459456,1.7285202702702709,2.0528716216216214,0.4960878378378379,5.427868571428572
25_27_0_0_0_0,1.2517376126126125,0.893721846846847,0.0,0.0,1.7952228571428566
25_29_36_0_9_24,1.7623378378378378,1.2705844594594597,3.767682432432432,1.2621317567567578,6.705720000000001
25_30_28_23_7_0,2.440079954954954,1.9558659909909912,1.841902027027026,0.3686351351351367,5.066451428571428
25_35_0_0_26_36,1.0777623873873872,0.9798963963963963,2.929293918918919,2.148543918918919,6.014252873563219
25_36_9_13_18_0,2.848706081081081,1.6445777027027026,1.3578243243243246,0.3924121621621617,5.064862857142858
25_38_0_0_0_0,1.2014504504504506,0.8764921171171167,0.0,0.0,1.7818914285714285
25_6_6_7_0_0,2.2162218468468464,1.8274707207207208,0.0,0.0,2.7376857142857145
25_7_4_22_28_0,3.008090510001527,1.6268047602687425,1.5450709459459464,0.4365236486486483,5.047508571428571
25_9_18_0_0_0,1.9743245190105358,1.1630200755840585,0.0,0.0,2.510468571428572
26_0_0_0_0_0,0.6489887387387387,1.2082747747747749,0.0,0.0,1.8631028571428572
26_0_0_0_11_0,0.6489887387387387,1.2082747747747749,1.3804966216216217,0.417351351351352,3.5354712643678163
26_0_0_0_27_16,0.6489887387387387,1.2082747747747749,2.1684864864864863,0.6962297297297297,4.307419540229885
26_0_0_0_38_0,0.6489887387387387,1.2082747747747749,1.5038783783783778,0.3456824324324334,3.6257542857142853
26_11_0_0_7_10,1.4153063063063063,1.5361734234234237,4.050756756756756,0.8585270270270291,7.078011428571429
26_14_0_0_0_0,1.5897477477477475,1.6411441441441448,0.0,0.0,2.8602298850574717
26_14_15_21_0_0,2.4700541991143683,2.1728305008398237,0.0,0.0,3.63904
26_15_0_0_0_0,0.9935834783936477,1.454551221560544,0.0,0.0,2.2403485714285716
26_15_13_0_28_14,1.9143773973125668,1.7871120323713545,3.3738243243243247,0.8194932432432437,6.892171428571428
26_17_0_0_3_38,1.2647680180180183,1.5017725225225225,3.314405405405404,0.7261554054054074,6.269880000000001
26_22_0_0_18_26,1.527152027027027,1.4898006756756756,3.3792060810810813,2.0197195945945943,7.043891428571428
26_24_26_0_8_32,1.7808130630630632,3.101977477477477,3.9366722972972967,1.2927094594594601,7.627528735632184
26_26_33_9_6_0,2.9547871621621624,3.1787702702702703,1.4536959459459462,0.5314358108108101,6.476531428571429
26_27_0_0_17_11,1.4101677927927927,1.607801801801802,2.720741903344022,0.834502679798443,5.905771428571429
26_30_0_0_0_0,1.4623828828828827,1.7994786036036037,0.0,0.0,2.831234285714286
26_30_0_0_12_0,1.4623828828828827,1.7994786036036037,1.5940912162162162,0.5391081081081084,4.631537142857143
26_34_33_0_16_35,2.3477736486486487,2.039581081081081,1.5643918918918924,0.9041554054054046,5.530000000000001
26_35_0_0_17_0,1.2361925675675676,1.6939763513513513,1.3402452817224004,0.4171513284470909,4.158148571428573
26_36_18_0_0_0,1.855833528019545,1.970588769277752,0.0,0.0,3.12224
26_38_0_0_25_26,1.3598806306306308,1.5905720720720717,2.693625,2.0545472972972973,6.211714285714287
26_4_2_27_18_34,2.9988044739654907,2.629415120629104,2.964682432432433,0.8622939189189189,7.712965714285712
26_6_36_0_0_0,1.7185698198198196,2.1608423423423426,0.0,0.0,3.0389885714285723
26_7_13_10_0_0,3.2361441441441445,2.377828828828828,0.0,0.0,4.491582857142857
27_0_0_0_0_0,0.761179054054054,0.3995270270270272,0.0,0.0,1.1357999999999997
27_0_0_0_11_24,0.761179054054054,0.3995270270270272,3.0381959459459464,1.3169932432432434,4.937817142857144
27_0_0_0_17_23,0.761179054054054,0.3995270270270272,1.8828331195602384,0.8080128149335772,3.3796514285714285
27_0_0_0_27_37,0.761179054054054,0.3995270270270272,3.0485979729729724,0.7215101351351362,4.595331428571429
27_0_0_0_30_0,0.761179054054054,0.3995270270270272,1.9898378378378376,0.524418918918919,3.471834285714286
27_0_0_0_37_0,0.761179054054054,0.3995270270270272,1.4649256756756754,0.4056689189189195,2.8170114285714294
27_0_0_0_6_38,0.761179054054054,0.3995270270270272,2.957574324324324,0.8771182432432436,4.579851428571429
27_11_0_0_27_29,1.5274966216216215,0.7274256756756761,3.387361486486486,0.6848716216216229,5.707057142857142
27_11_0_0_9_0,1.5274966216216215,0.7274256756756761,2.109983108108107,0.3624898648648664,4.256920000000001
27_15_21_11_0_0,2.407803072988242,1.259112032371355,0.0,0.0,2.741
27_17_10_0_38_0,2.2963862612612616,1.1905664414414412,1.5038783783783778,0.3456824324324334,4.591428571428571
27_20_2_0_29_25,2.015287162162162,1.3126993243243246,2.4759324324324323,0.7962702702702709,5.21505142857143
27_21_18_25_0_0,2.4140778973889145,1.4857903458543282,0.0,0.0,2.899942857142857
27_26_0_0_0_0,1.4101677927927927,1.607801801801802,0.0,0.0,2.6634057142857146
27_26_7_0_0_0,2.1571013513513515,1.9472533783783783,0.0,0.0,3.3670514285714286
27_30_0_0_27_25,1.5745731981981979,0.9907308558558561,2.25591554054054,0.7430810810810814,4.573497142857143
27_31_25_0_15_0,2.091957207207207,1.3072387387387392,0.5994222972972976,0.3723445945945944,3.4253314285714285
27_31_6_0_3_0,2.090763513513513,1.309956081081082,1.8105270270270264,0.3804729729729739,4.748057142857142
27_32_34_0_0_0,2.888728603603603,1.7410720720720734,0.0,0.0,3.731422857142858
27_33_0_0_0_0,1.5608513513513516,0.7995810810810808,0.0,0.0,1.9315828571428573
27_37_0_0_33_0,1.4325191441441443,0.791190315315315,1.4760168918918923,0.3817195945945939,3.5850571428571443
27_5_0_0_15_0,1.2245608108108106,0.6759594594594599,0.5994222972972976,0.3723445945945944,2.327525714285714
27_7_37_17_0_0,2.7952319819819826,1.4241396396396389,0.0,0.0,3.158777142857143
27_8_0_0_0_0,1.7638445945945944,0.9854763513513518,0.0,0.0,2.241811428571428
28_0_0_0_0_0,0.7678231981981979,0.3952882882882891,0.0,0.0,1.2096857142857145
28_0_0_0_12_27,0.7678231981981979,0.3952882882882891,3.177763513513513,0.8549493243243251,4.7363599999999995
28_0_0_0_26_0,0.7678231981981979,0.3952882882882891,2.0213817567567567,1.6273074324324326,4.6125428571428575
28_13_0_0_31_27,1.688617117117117,0.7278490990990996,2.819273705909299,0.7102228584516723,5.326228571428572
28_15_0_0_0_0,1.1124179378531067,0.6415647350740583,0.0,0.0,1.5615600000000005
28_21_38_0_3_0,2.0144268018018017,1.0629954954954957,1.8105270270270264,0.3804729729729739,4.52544
28_23_18_4_9_0,2.6551909299129637,1.68875839441136,2.109983108108107,0.3624898648648664,5.626365714285715
28_24_0_0_0_0,1.2506587837837837,1.0807162162162163,0.0,0.0,2.013817142857143
28_26_0_0_6_0,1.4168119369369365,1.603563063063064,1.4536959459459462,0.5314358108108101,4.3378114285714275
28_27_23_0_21_14,1.8973063063063058,1.2699943693693698,2.4283716216216202,1.3951993243243273,5.717102857142859
28_28_0_0_0_0,1.5356463963963958,0.7905765765765782,0.0,0.0,1.976137142857143
28_28_0_0_14_0,1.5356463963963958,0.7905765765765782,1.8287533783783785,0.3829695945945954,4.036537142857142
28_2_23_0_22_0,1.8323288288288286,1.3804481981981986,2.855277027027027,-0.7494290540540534,4.14783908045977
28_33_0_0_2_30,1.5674954954954954,0.7953423423423427,4.042709459459459,1.020506756756757,6.670457142857144
28_4_0_0_27_5,1.6602583027943194,0.9069207512597348,3.0774493243243244,0.662199324324324,5.668137142857143
28_4_34_37_37_38,3.2307110054970223,1.7298362918002752,2.9688040540540532,0.7513513513513529,7.286211428571429
29_0_0_0_14_0,0.691563063063063,0.3207342342342345,1.8287533783783785,0.3829695945945954,3.1529085714285707
29_0_0_0_15_0,0.691563063063063,0.3207342342342345,0.5994222972972976,0.3723445945945944,1.8539542857142863
29_0_0_0_1_0,0.691563063063063,0.3207342342342345,1.510864864864864,0.3625439189189205,2.8194628571428573
29_0_0_0_24_14,0.691563063063063,0.3207342342342345,3.486452702702703,1.2826114864864868,5.336320000000001
29_0_0_0_24_29,0.691563063063063,0.3207342342342345,3.461388513513514,1.2686722972972975,5.240662857142857
29_0_0_0_29_37,0.691563063063063,0.3207342342342345,3.2686148648648645,0.7746993243243256,4.8178342857142855
29_0_0_0_34_0,0.691563063063063,0.3207342342342345,1.606858108108108,0.4698817567567572,2.9669828571428574
29_0_0_0_9_0,0.691563063063063,0.3207342342342345,2.109983108108107,0.3624898648648664,3.3938793103448277
29_13_37_26_4_36,2.932685810810811,2.2532331081081076,2.7986554054054062,1.0034324324324313,7.384085714285716
29_16_1_1_0_0,2.1894335585585587,1.1397995495495494,0.0,0.0,2.5503428571428555
29_20_0_0_10_0,1.2494695945945946,0.7239256756756758,2.2088547297297296,0.4898918918918924,4.289262857142857
29_20_11_0_2_0,2.0157871621621624,1.0518243243243246,2.0528716216216214,0.4960878378378379,4.940771428571427
29_20_30_7_6_0,2.8097972972972975,1.6545810810810808,1.4536959459459462,0.5314358108108101,4.999126436781609
29_23_1_35_0_0,2.2270754504504504,1.5742995495495489,0.0,0.0,2.709206896551724
29_28_0_0_26_34,1.459386261261261,0.7160225225225236,3.628239864864865,2.09718918918919,7.035857142857145
29_2_0_0_0_0,1.3877646396396397,0.8307150900900906,0.0,0.0,1.9073599999999993
29_2_9_30_14_0,3.058296171171171,1.7840855855855864,1.8287533783783785,0.3829695945945954,5.785725714285714
29_32_32_6_0_0,3.637801801801801,2.6382319819819844,0.0,0.0,4.773491428571429
29_33_5_0_0_0,1.9546171171171172,0.9972207207207209,0.0,0.0,2.3961085714285715
29_34_0_0_21_0,1.5906756756756755,0.7519864864864871,0.599618243243242,1.0122297297297318,3.405617142857143
29_36_22_16_25_3,2.487804054054054,1.2916114864864867,2.4827702702702696,0.8077128378378386,5.524965714285715
29_6_0_0_7_0,1.1809279279279277,0.8176463963963969,1.841902027027026,0.3686351351351367,3.7733828571428574
29_7_35_0_29_10,2.0257004504504503,1.1458873873873872,4.012543918918919,0.8589222972972985,7.12208
29_7_38_8_0_0,3.1520540540540543,1.6284324324324322,0.0,0.0,3.7304628571428577
2_0_0_0_0_0,0.6962015765765767,0.5099808558558561,0.0,0.0,1.2365885714285718
2_0_0_0_13_0,0.6962015765765767,0.5099808558558561,1.7850506756756754,0.3750202702702707,3.2756379310344825
2_0_0_0_19_1,0.6962015765765767,0.5099808558558561,1.7860878378378366,1.3355371621621641,3.7809885714285723
2_0_0_0_20_0,0.6962015765765767,0.5099808558558561,1.87335472972973,-0.2659932432432437,2.6012342857142854
2_0_0_0_25_36,0.6962015765765767,0.5099808558558561,1.5801554054054057,0.948476351351351,3.0201542857142862
2_0_0_0_30_0,0.6962015765765767,0.5099808558558561,1.9898378378378376,0.524418918918919,3.4683428571428565
2_0_0_0_33_0,0.6962015765765767,0.5099808558558561,1.4760168918918923,0.3817195945945939,2.9915428571428575
2_0_0_0_7_0,0.6962015765765767,0.5099808558558561,1.841902027027026,0.3686351351351367,3.2207657142857147
2_0_0_0_9_0,0.6962015765765767,0.5099808558558561,2.109983108108107,0.3624898648648664,3.5931542857142857
2_12_26_0_8_0,2.1492646396396395,2.3033772522522526,2.232209459459459,0.5472162162162166,5.8556742857142865
2_14_0_0_23_5,1.6369605855855855,0.942850225225226,2.0363648648648653,0.7372195945945936,4.3838171428571435
2_14_37_35_2_0,2.8955045045045047,1.8202150900900902,2.0528716216216214,0.4960878378378379,5.772845714285715
2_1_7_25_15_8,2.5136981981981985,1.6363119369369366,2.8316317567567566,0.9195608108108111,6.136462857142858
2_21_28_11_0_0,2.7660540540540537,1.5185777027027036,0.0,0.0,3.2084742857142854
2_23_0_0_15_0,1.0645056306306309,0.9851599099099095,0.5994222972972976,0.3723445945945944,2.3897068965517243
2_23_0_0_17_15,1.0645056306306309,0.9851599099099095,1.939667579019698,0.7894959230416854,3.8553714285714284
2_25_19_0_0_0,1.592302927927928,1.3279031531531533,0.0,0.0,2.0959942857142857
2_26_23_2_24_1,2.409695945945946,2.7034155405405405,3.1685641891891887,1.262185810810812,7.122668571428573
2_29_0_0_1_5,1.3877646396396397,0.8307150900900906,3.0046418918918913,0.7089020270270279,5.309537142857142
2_30_15_29_0_0,2.5457535234386928,1.6681953657046886,0.0,0.0,3.0435942857142853
2_32_0_0_6_0,1.9246385135135133,1.4202736486486498,1.4536959459459462,0.5314358108108101,4.50568
2_35_17_18_15_0,2.525813257749275,1.5958387692777518,0.5994222972972976,0.3723445945945944,3.872701149425288
2_38_20_0_38_10,1.9650000000000003,1.2954695945945942,3.7127331081081074,0.8355743243243259,6.526314285714289
2_3_18_11_21_0,2.930028347839365,1.489380435944419,0.599618243243242,1.0122297297297318,4.728594285714285
2_9_22_0_0_0,2.431502252252252,1.1536734234234238,0.0,0.0,2.7293485714285723
30_0_0_0_0_0,0.813394144144144,0.5912038288288288,0.0,0.0,1.410371428571429
30_0_0_0_21_35,0.813394144144144,0.5912038288288288,1.579195945945945,1.5359966216216234,2.4610397727272733
30_0_0_0_22_0,0.813394144144144,0.5912038288288288,2.855277027027027,-0.7494290540540534,3.1369200000000004
30_0_0_0_37_38,0.813394144144144,0.5912038288288288,2.9688040540540532,0.7513513513513529,4.685662857142857
30_0_0_0_6_0,0.813394144144144,0.5912038288288288,1.4536959459459462,0.5314358108108101,3.065834285714286
30_12_12_18_22_20,3.048171365857383,2.068105661169644,4.728631756756757,-1.015422297297297,7.919314285714288
30_13_0_0_0_0,1.734188063063063,0.9237646396396393,0.0,0.0,2.306714285714285
30_13_25_31_0_0,3.0649662162162157,1.8314763513513515,0.0,0.0,3.5863085714285723
30_17_0_0_18_26,1.4291734234234235,0.8847015765765764,3.3792060810810813,2.0197195945945943,6.821862857142861
30_20_9_0_32_31,2.228438063063063,1.356561936936937,2.9400642464498397,1.139874885478699,6.333674285714286
30_25_6_0_32_0,1.7933175675675672,1.582310810810811,1.7044628378378377,0.7454932432432435,4.668988571428571
30_27_15_0_23_19,1.9191679378531068,1.2370073026416253,0.8178108108108106,1.3638547297297299,3.959302857142857
30_29_0_0_2_4,1.504957207207207,0.9119380630630634,3.9436148648648652,0.9782837837837829,6.478451428571429
30_2_0_0_0_0,1.5095957207207207,1.101184684684685,0.0,0.0,2.1055828571428576
30_32_15_20_0_0,2.944332352267521,2.150964509848833,0.0,0.0,3.7366800000000002
30_33_0_0_33_23,1.6130664414414415,0.9912578828828824,2.0186047297297303,0.7725810810810803,4.492126436781609
30_37_1_30_2_22,2.8781328828828827,1.8667556306306299,4.908148648648648,-0.25334121621621547,7.732554285714286
31_0_0_0_0_0,0.8402195945945944,0.4135168918918923,0.0,0.0,1.3194514285714285
31_0_0_0_16_0,0.8402195945945944,0.4135168918918923,0.5848141891891894,0.380388513513513,2.027714285714285
31_0_0_0_25_36,0.8402195945945944,0.4135168918918923,1.5801554054054057,0.948476351351351,3.0675771428571426
31_0_0_0_27_0,0.8402195945945944,0.4135168918918923,1.583672297297297,0.3158412162162167,3.01756
31_12_9_27_0_0,3.26261036036036,1.7603322072072083,0.0,0.0,3.8106379310344827
31_24_0_0_0_0,1.3230551801801802,1.0989448198198195,0.0,0.0,2.0657714285714284
31_24_22_0_3_0,2.2012184684684684,1.3804707207207203,1.8105270270270264,0.3804729729729739,5.089651428571429
31_24_38_0_17_28,2.0339470720720723,1.4812421171171164,2.885316227668347,0.8536749770957393,6.09883908045977
31_25_18_0_0_0,1.957406726217743,1.2143703008092839,0.0,0.0,2.50412
31_26_0_0_11_0,1.489208333333333,1.6217916666666672,1.3804966216216217,0.417351351351352,4.395022857142857
31_26_10_0_14_25,2.408636261261261,2.1193333333333335,2.5009966216216215,0.8102094594594601,6.401177142857144
31_27_27_12_14_0,3.1666520270270264,1.7976925675675683,1.8287533783783785,0.3829695945945954,5.881600000000001
31_29_38_0_19_0,2.2426745495495495,1.1165484234234238,0.2752229729729727,0.9729932432432437,3.697702857142857
31_29_7_0_16_9,2.2787162162162162,1.073702702702703,2.6947972972972964,0.7428783783783794,5.788268571428571
31_2_0_0_11_34,1.536421171171171,0.9234977477477484,2.98735472972973,0.8872331081081092,5.4087257142857155
31_2_0_0_9_0,1.536421171171171,0.9234977477477484,2.109983108108107,0.3624898648648664,4.4726
31_30_10_0_0_0,2.5730416666666667,1.5022623873873875,0.0,0.0,3.158445714285715
31_30_20_0_0_0,2.21152027027027,1.4079121621621624,0.0,0.0,2.6340685714285708
31_30_9_11_22_0,3.277068693693693,1.694786036036037,2.855277027027027,-0.7494290540540534,5.697302857142857
31_31_0_0_11_0,1.6804391891891888,0.8270337837837846,1.3804966216216217,0.417351351351352,3.775782857142857
31_31_1_0_0_0,2.260443693693693,1.119718468468469,0.0,0.0,2.6016628571428577
31_34_31_0_36_11,2.5795518018018013,1.2582860360360373,2.288408783783784,0.9385878378378383,5.777662857142857
31_37_4_0_0_0,2.403994789280806,1.3168126431516258,0.0,0.0,2.9642628571428564
31_37_6_0_0_0,2.0009245495495493,1.3020923423423425,0.0,0.0,2.516028571428571
31_38_0_0_0_0,1.5511114864864863,0.7958141891891892,0.0,0.0,1.9160228571428566
31_7_0_0_23_19,1.587153153153153,0.7529684684684685,0.8178108108108106,1.3638547297297299,3.575393063583815
32_0_0_0_0_0,1.2284369369369366,0.9102927927927936,0.0,0.0,2.113165714285714
32_0_0_0_11_37,1.2284369369369366,0.9102927927927936,2.845422297297297,0.8230202702702715,5.346902857142856
32_0_0_0_29_17,1.2284369369369366,0.9102927927927936,3.1439344709115895,0.786181733852497,5.689262857142857
32_0_0_0_35_34,1.2284369369369366,0.9102927927927936,2.586435810810811,0.9936486486486489,5.022577142857143
32_0_0_0_9_0,1.2284369369369366,0.9102927927927936,2.109983108108107,0.3624898648648664,4.516241379310346
32_10_5_13_10_0,3.5320405405405397,2.0168277027027033,2.2088547297297296,0.4898918918918924,6.886827586206897
32_12_0_0_0_0,2.032511261261261,1.4954144144144155,0.0,0.0,2.9836057142857144
32_13_0_0_17_30,2.1492308558558557,1.242853603603604,3.3300831195602383,0.9415702473660099,6.848188571428571
32_13_14_0_6_0,3.0899898648648643,1.675722972972974,1.4536959459459462,0.5314358108108101,5.7213085714285725
32_17_6_4_38_0,3.226016185677202,2.2123351656741495,1.5038783783783778,0.3456824324324334,5.965851428571428
32_18_0_0_0_0,1.8550655100015268,1.2169513818903654,0.0,0.0,3.7109375000000004
32_18_3_0_8_20,2.6959461406321577,1.5617937242327078,4.105564189189189,0.28122297297297294,7.43773142857143
32_24_6_26_8_0,2.8496261261261258,3.300907657657658,2.232209459459459,0.5472162162162166,6.602205714285715
32_25_16_24_28_36,2.5396925675675677,2.3236114864864863,2.452983108108109,0.9577601351351346,6.440302857142857
32_30_18_1_15_0,3.2484641586501755,2.1008398954038787,0.5994222972972976,0.3723445945945944,5.007287356321839
32_30_1_0_16_0,2.6218355855855853,1.794181306306307,0.5848141891891894,0.380388513513513,4.392377142857143
32_32_21_0_16_14,2.992585585585585,2.1059954954954967,2.4135675675675676,0.7633581081081084,6.864502857142858
32_34_19_0_0_0,2.533092342342342,1.6652725225225238,0.0,0.0,3.385005714285714
32_37_0_0_31_31,1.8997770270270267,1.3019560810810815,2.471202817224004,0.7887632844709112,5.492125
32_38_0_0_9_20,1.9393288288288286,1.2925900900900906,3.983337837837837,0.0964966216216227,6.583931428571429
32_38_28_1_29_0,3.287156531531531,1.9805630630630642,1.803689189189189,0.3690304054054061,6.382005714285716
32_38_29_0_0_0,2.6308918918918915,1.6133243243243252,0.0,0.0,3.5582228571428565
32_5_10_0_11_0,2.6112466216216212,1.6842668918918926,1.3804966216216217,0.417351351351352,5.188108571428572
32_9_0_0_0_0,2.0855743243243237,1.2724594594594605,0.0,0.0,2.927788571428571
33_0_0_0_12_7,0.7996722972972975,0.4000540540540536,3.4359932432432423,0.9077432432432451,5.066851428571429
33_0_0_0_12_8,0.7996722972972975,0.4000540540540536,3.8263006756756752,1.086324324324325,5.5246400000000015
33_0_0_0_16_6,0.7996722972972975,0.4000540540540536,2.0385101351351356,0.9118243243243231,3.63680459770115
33_0_0_0_32_0,0.7996722972972975,0.4000540540540536,1.7044628378378377,0.7454932432432435,3.602382857142858
33_0_0_0_3_5,0.7996722972972975,0.4000540540540536,3.304304054054054,0.7268310810810812,4.921657142857143
33_11_10_0_28_0,2.485417792792793,1.2254943693693687,1.5450709459459464,0.4365236486486483,4.761308571428572
33_12_31_15_2_37,2.788560955871125,1.6449690143533369,3.517797297297297,0.9017567567567574,7.3629371428571435
33_13_28_27_20_6,3.2494684684684683,1.5274301801801804,3.327050675675676,0.26544256756756646,6.857514285714286
33_19_0_0_0_0,1.2052150900900904,0.723781531531531,0.0,0.0,1.7495428571428575
33_1_0_0_0_0,1.379676801801802,0.692738738738738,0.0,0.0,1.7930171428571433
33_23_7_0_16_19,1.9149099099099103,1.2146846846846833,0.8600371621621621,1.3533817567567565,4.109914285714286
33_24_0_0_14_5,1.282507882882883,1.0854819819819808,3.3225304054054057,0.7293277027027028,5.75242857142857
33_25_7_30_29_0,2.8505585585585584,1.8249042792792785,1.803689189189189,0.3690304054054061,5.575342857142857
33_26_0_0_8_30,1.4486610360360364,1.6083288288288284,4.222047297297297,1.0716351351351356,7.395497142857144
33_30_0_0_12_0,1.6130664414414415,0.9912578828828824,1.5940912162162162,0.5391081081081084,4.159725714285715
33_30_0_0_15_0,1.6130664414414415,0.9912578828828824,0.5994222972972976,0.3723445945945944,3.0275085714285717
33_31_0_0_0_0,1.6398918918918919,0.8135709459459459,0.0,0.0,2.045528735632184
33_32_0_0_22_0,2.028109234234234,1.3103468468468473,2.855277027027027,-0.7494290540540534,4.683354285714286
33_32_0_0_28_37,2.028109234234234,1.3103468468468473,3.009996621621622,0.8421925675675678,6.313651428571429
33_33_1_4_32_12,3.0717842036952208,1.6044252557642373,3.298554054054054,1.284601351351352,7.825234285714286
33_34_4_0_9_0,2.5912200145060313,1.342938769277752,2.109983108108107,0.3624898648648664,5.652114285714287
33_36_15_0_0_0,1.7244832531684227,1.1019859062452282,0.0,0.0,2.2749771428571433
33_36_21_0_2_0,1.9156002252252256,1.1411193693693686,2.0528716216216214,0.4960878378378379,4.726908571428572
33_37_1_0_22_18,2.051016891891892,1.0844020270270258,4.2131013513513516,-0.3570168918918917,5.871320000000001
33_3_0_0_30_0,1.6405529279279283,0.7448963963963959,1.9898378378378376,0.524418918918919,4.456422857142858
33_4_36_0_6_31,2.272323618109635,1.3673419224309047,2.689297354557948,0.9258174530462657,5.944754285714286
33_6_23_16_19_0,1.9952027027027026,1.6058412162162155,0.2752229729729727,0.9729932432432437,3.4907085714285713
33_8_28_26_26_17,3.2191497747747744,2.589566441441442,3.361627038479157,2.0444587608795235,9.014771428571429
33_9_16_0_32_6,1.994671171171171,0.9959166666666666,3.158158783783784,1.2769290540540537,6.444268571428571
33_9_7_0_30_0,2.4037432432432433,1.1016722972972968,1.9898378378378376,0.524418918918919,5.341308571428572
34_0_0_0_0_0,0.8991126126126124,0.4312522522522526,0.0,0.0,1.3981828571428574
34_0_0_0_11_33,0.8991126126126124,0.4312522522522526,2.856513513513514,0.799070945945946,4.595381502890174
34_0_0_0_21_3,0.8991126126126124,0.4312522522522526,2.4101452702702684,1.3927027027027057,4.693725714285714
34_0_0_0_24_30,0.8991126126126124,0.4312522522522526,3.6475371621621626,1.4240608108108104,5.712388571428573
34_0_0_0_9_0,0.8991126126126124,0.4312522522522526,2.109983108108107,0.3624898648648664,3.770571428571429
34_12_21_0_0_0,2.2388986486486484,1.301783783783784,0.0,0.0,2.7029028571428575
34_19_16_37_24_2,2.313856981981982,1.3803389639639638,3.710570945945946,1.3957297297297293,7.147234285714285
34_19_36_33_0_0,2.684543918918919,1.610689189189189,0.0,0.0,3.1624971428571427
34_1_24_0_0_0,1.9619527027027026,1.4093648648648642,0.0,0.0,2.669285714285715
34_22_2_0_27_5,2.4734774774774775,1.2227590090090095,3.0774493243243244,0.662199324324324,6.210360000000001
34_27_9_16_26_36,2.85529054054054,1.4266418918918928,2.929293918918919,2.148543918918919,7.87965142857143
34_33_0_0_0_0,1.69878490990991,0.8313063063063062,0.0,0.0,2.216891428571428
34_33_15_29_13_0,2.734942712627882,1.39831698732631,1.7850506756756754,0.3750202702702707,5.317188571428572
34_34_0_0_0_0,1.7982252252252249,0.8625045045045052,0.0,0.0,2.2822873563218393
34_5_14_6_34_0,2.7926182432432425,1.6374662162162177,1.606858108108108,0.4698817567567572,5.107645714285715
34_9_22_5_11_36,3.097795045045044,1.3513772522522531,2.288408783783784,0.9385878378378383,6.074314285714287
35_0_0_0_0_0,0.5872038288288287,0.4857015765765764,0.0,0.0,1.1197126436781608
35_0_0_0_17_0,0.5872038288288287,0.4857015765765764,1.3402452817224004,0.4171513284470909,2.7026857142857135
35_0_0_0_19_8,0.5872038288288287,0.4857015765765764,2.5074324324324317,1.5202094594594602,4.07213142857143
35_0_0_0_21_0,0.5872038288288287,0.4857015765765764,0.599618243243242,1.0122297297297318,2.504691428571429
35_0_0_0_24_12,0.5872038288288287,0.4857015765765764,3.251790540540541,1.4387499999999998,5.069714285714285
35_10_27_23_26_30,2.636114864864865,1.8579493243243235,4.0112195945945945,2.1517263513513516,8.746365714285714
35_14_0_0_6_35,1.5279628378378374,0.9185709459459463,2.4332736486486493,1.0552027027027018,4.810948571428572
35_14_24_0_7_0,2.010798423423423,1.6039988738738735,1.841902027027026,0.3686351351351367,4.815199999999999
35_15_0_0_2_20,0.9317985684837375,0.7319780233623456,3.9262263513513513,0.2300945945945942,5.059086206896552
35_19_0_0_0_0,0.9927466216216215,0.8094290540540539,0.0,0.0,1.516959770114942
35_1_12_0_0_0,1.9712826576576576,1.3635078828828826,0.0,0.0,2.5461199999999997
35_21_21_0_30_35,1.658627252252252,1.0565213963963958,2.969415540540541,1.0481858108108106,5.425885714285714
35_21_23_13_0_0,2.4120135135135135,1.57885135135135,0.0,0.0,2.8660285714285707
35_22_0_0_20_9,1.465367117117117,0.7672274774774772,3.983337837837837,0.0964966216216227,5.4904399999999995
35_22_0_0_3_0,1.465367117117117,0.7672274774774772,1.8105270270270264,0.3804729729729739,3.9228285714285716
35_23_9_0_0_0,1.81264527027027,1.3230472972972969,0.0,0.0,2.3311942857142856
35_24_6_0_34_1,1.559404279279279,1.668041666666666,3.117722972972972,0.8324256756756777,5.759200000000002
35_26_11_0_0_0,2.002510135135135,2.021875,0.0,0.0,3.272331428571429
35_2_4_0_31_34,2.175840510001527,1.5073148954038782,2.84245951672011,0.8642633989922128,5.918379310344829
35_31_27_0_6_0,2.188602477477477,1.298745495495496,1.4536959459459462,0.5314358108108101,4.470672413793103
35_38_27_12_5_16,2.863349099099099,1.8526475225225223,2.078591216216217,0.7267466216216203,5.863028571428572
35_3_0_0_6_4,1.4280844594594595,0.8305439189189188,3.34443918918919,1.0136317567567552,5.7036742857142855
35_4_3_0_32_0,2.320519564055581,1.3421763818903645,1.7044628378378377,0.7454932432432435,5.194502857142858
35_5_35_0_0_0,1.637789414414414,1.2478355855855856,0.0,0.0,2.165028571428571
35_5_38_0_6_0,1.7614774774774773,1.144431306306306,1.4536959459459462,0.5314358108108101,3.9777485714285716
35_7_0_0_7_0,1.3341373873873874,0.8251531531531526,1.841902027027026,0.3686351351351367,3.8729600000000004
35_9_12_0_4_4,2.2484155405405404,1.4329898648648651,3.781486486486488,0.96439189189189,7.1464252873563225
36_0_0_0_0_0,0.5802162162162162,0.4556554054054054,0.0,0.0,1.1005599999999998
36_0_0_0_19_0,0.5802162162162162,0.4556554054054054,0.2752229729729727,0.9729932432432437,2.1183028571428566
36_10_0_0_15_11,1.4996441441441442,0.9531970720720717,1.9799189189189192,0.7896959459459464,4.303908571428572
36_11_9_0_20_0,2.203671171171171,1.1457207207207212,1.87335472972973,-0.2659932432432437,4.060937142857144
36_13_15_0_0_0,1.8456048747900442,1.034492663001985,0.0,0.0,2.3367931034482763
36_13_25_11_8_22,2.7578862612612616,1.6103096846846845,5.087486486486486,-0.20221283783783672,7.600120000000002
36_14_30_0_3_0,2.334369369369369,1.4797286036036041,1.8105270270270264,0.3804729729729739,5.039874285714285
36_15_30_0_28_30,1.7382051000152692,1.2931356810200034,3.5349087837837843,0.9609425675675674,6.289314285714287
36_15_4_5_0_0,2.280627817224003,1.489996747595053,0.0,0.0,2.798251428571429
36_17_2_0_16_18,1.8921970720720722,1.259134009009009,1.942638513513514,0.7728006756756747,4.760655172413793
36_17_8_28_16_0,2.9664842342342337,1.7303907657657667,0.5848141891891894,0.380388513513513,4.346742857142857
36_22_0_0_16_4,1.4583795045045045,0.7371813063063062,2.475557432432433,0.862584459459458,4.633925714285715
36_23_0_0_9_15,0.9485202702702703,0.9308344594594589,2.7094054054054046,0.7348344594594608,4.573640000000001
36_23_17_0_2_0,1.5642995495495498,1.2243322072072065,2.0528716216216214,0.4960878378378379,4.46128
36_23_27_0_0_0,1.7096993243243244,1.3303614864864861,0.0,0.0,2.2405714285714287
36_29_12_16_5_19,2.41371509009009,1.5952072072072077,1.7690000000000001,1.3193513513513508,5.5078514285714295
36_29_15_0_0_0,1.6163740189341882,1.0226660864254091,0.0,0.0,2.0884742857142853
36_35_24_21_18_21,2.1859673423423422,1.9121948198198186,1.9574425675675666,1.4046418918918935,5.523462857142858
36_35_2_36_9_12,2.4438378378378376,1.9069932432432433,3.7040743243243233,0.9015979729729748,7.190720000000001
36_35_33_0_0_0,1.9670923423423425,1.3414110360360354,0.0,0.0,2.5005714285714284
36_35_3_0_22_0,2.0083006756756756,1.2861993243243242,2.855277027027027,-0.7494290540540534,4.396325714285714
36_36_14_30_0_0,2.914585585585585,1.9353840090090095,0.0,0.0,3.4232342857142855
36_36_2_17_0_0,2.4724132882882888,1.7147894144144145,0.0,0.0,2.997422857142858
36_37_0_0_27_0,1.2515563063063064,0.8473186936936932,1.583672297297297,0.3158412162162167,3.5518628571428574
36_37_28_0_24_28,2.019379504504504,1.2426069819819823,3.202770270270271,1.3361655405405397,6.448920000000001
36_3_0_0_0_0,1.4210968468468468,0.8004977477477477,0.0,0.0,1.892908571428571
36_6_3_7_21_0,2.6573952702702703,1.6368614864864863,0.599618243243242,1.0122297297297318,4.60116
36_7_36_11_38_0,2.6736835585585585,1.5786610360360358,1.5038783783783778,0.3456824324324334,4.966434285714286
37_0_0_0_0_0,0.6713400900900902,0.3916632882882878,0.0,0.0,1.1426857142857134
37_0_0_0_15_8,0.6713400900900902,0.3916632882882878,2.8316317567567566,0.9195608108108111,4.3032514285714285
37_0_0_0_17_30,0.6713400900900902,0.3916632882882878,3.3300831195602383,0.9415702473660099,4.975388571428571
37_0_0_0_17_32,0.6713400900900902,0.3916632882882878,3.044708119560238,1.1626445716903344,4.9287028571428575
37_0_0_0_28_14,0.6713400900900902,0.3916632882882878,3.3738243243243247,0.8194932432432437,4.907811428571428
37_0_0_0_2_29,0.6713400900900902,0.3916632882882878,3.8565608108108105,0.865118243243244,5.480874285714286
37_0_0_0_34_31,0.6713400900900902,0.3916632882882878,2.84245951672011,0.8642633989922128,4.406017142857143
37_0_0_0_36_0,0.6713400900900902,0.3916632882882878,0.9079121621621624,0.5212364864864862,2.362028571428571
37_0_0_0_9_0,0.6713400900900902,0.3916632882882878,2.109983108108107,0.3624898648648664,3.4452471264367817
37_12_10_0_15_0,2.3948423423423426,1.4743265765765758,0.5994222972972976,0.3723445945945944,3.7762057142857137
37_14_0_0_22_27,1.6120990990990989,0.8245326576576577,4.438949324324324,-0.43358783783783666,5.640816091954022
37_14_28_6_0_0,2.8692871621621614,1.7167331081081092,0.0,0.0,3.4212971428571426
37_14_30_0_10_38,2.425493243243243,1.4157364864864865,3.7127331081081074,0.8355743243243259,7.257337142857143
37_17_14_0_34_33,2.2278783783783784,1.1180304054054053,3.0828750000000005,0.8516013513513512,6.379148571428573
37_19_0_0_0_0,1.0768828828828831,0.7153907657657652,0.0,0.0,1.6530971428571433
37_22_15_0_4_7,1.8940981180332874,0.9194656359749578,3.73264527027027,0.8508310810810817,6.3948742857142875
37_22_31_0_34_0,2.3897229729729728,1.086706081081081,1.606858108108108,0.4698817567567572,4.60108
37_23_0_0_1_28,1.0396441441441442,0.8668423423423413,3.0559358108108103,0.7990675675675688,4.996108571428572
37_27_15_0_7_30,1.7771138837990532,1.0374667621010842,3.831739864864864,0.8930540540540557,6.650337142857145
37_27_4_9_33_0,3.182091636127653,1.6649894449534277,1.4760168918918923,0.3817195945945939,5.644285714285715
37_28_28_0_15_31,2.206986486486486,1.182239864864866,1.8350237059092995,0.76672623683005,4.957388571428572
37_31_0_0_0_0,1.5115596846846846,0.8051801801801801,0.0,0.0,2.0101502890173415
37_35_0_0_25_0,1.258543918918919,0.8773648648648642,0.6722432432432432,0.4272398648648647,2.6197142857142857
37_37_32_0_33_27,2.571117117117117,1.6936193693693693,3.0596891891891893,0.6975608108108107,6.96068
37_3_0_0_2_0,1.512220720720721,0.7365056306306301,2.0528716216216214,0.4960878378378379,4.418057471264367
37_5_18_0_29_0,1.761350419911437,0.9747543098182923,1.803689189189189,0.3690304054054061,4.29921264367816
37_7_17_0_25_0,2.0340529279279282,1.0246126126126116,0.6722432432432432,0.4272398648648647,3.4216457142857144
38_0_0_0_32_0,0.7108918918918921,0.3822972972972969,1.7044628378378377,0.7454932432432435,3.468428571428572
38_19_32_0_27_0,2.344871621621621,1.616317567567568,1.583672297297297,0.3158412162162167,4.979571428571429
38_21_0_0_21_0,1.246603603603604,0.6677072072072066,0.599618243243242,1.0122297297297318,2.8176857142857146
38_22_38_0_27_29,2.2999470720720723,1.0461204954954946,3.387361486486486,0.6848716216216229,6.403205714285715
38_23_37_0_18_0,1.7505360360360362,1.2491396396396381,1.3578243243243246,0.3924121621621617,3.9651657142857135
38_24_34_0_0_0,2.0928400900900903,1.4989774774774767,0.0,0.0,2.8595085714285715
38_26_4_0_19_0,2.252315735226752,2.1022045350435175,0.2752229729729727,0.9729932432432437,4.602637931034483
38_27_29_32_20_0,3.392070945945946,2.0128513513513524,1.87335472972973,-0.2659932432432437,5.727251428571428
38_32_18_0_37_2,2.565957401893419,1.5992486791876623,3.517797297297297,0.9017567567567574,7.530405714285717
38_33_29_22_37_24,3.080290540540541,1.3846114864864858,3.122625,1.305310810810811,7.16357142857143
38_34_17_29_0_0,2.917346846846847,1.4277815315315316,0.0,0.0,3.4829142857142865
38_37_0_0_12_0,1.3822319819819824,0.7739605855855847,1.5940912162162162,0.5391081081081084,3.824373563218391
38_37_26_35_1_6,2.61842454954955,2.467936936936936,2.96456081081081,0.8939797297297307,7.344794285714286
38_38_13_0_0_0,2.342577702702703,1.0971554054054042,0.0,0.0,2.8314342857142853
38_38_28_0_0_0,2.189606981981982,1.1598828828828829,0.0,0.0,2.6473142857142853
38_3_0_0_12_0,1.5517725225225227,0.7271396396396392,1.5940912162162162,0.5391081081081084,3.9792799999999997
38_6_0_0_18_10,1.2002567567567568,0.8792094594594593,3.5666790540540543,0.8823040540540541,5.746354285714286
38_7_36_0_0_0,2.038041666666667,1.1774042792792785,0.0,0.0,2.5468742857142863
3_0_0_0_0_0,0.8408806306306307,0.3448423423423423,0.0,0.0,1.191502857142857
3_0_0_0_10_0,0.8408806306306307,0.3448423423423423,2.2088547297297296,0.4898918918918924,3.774485714285715
3_0_0_0_28_8,0.8408806306306307,0.3448423423423423,3.7772804054054054,0.983739864864865,5.452005714285715
3_0_0_0_2_2,0.8408806306306307,0.3448423423423423,4.105743243243243,0.9921756756756758,2.769056818181818
3_0_0_0_7_19,0.8408806306306307,0.3448423423423423,2.117124999999999,1.3416283783783802,4.0784
3_0_0_0_8_38,0.8408806306306307,0.3448423423423423,3.736087837837837,0.8928986486486501,5.508114285714287
3_10_31_18_25_15,3.227156726217743,1.5625594899984727,1.2716655405405408,0.7995844594594591,5.19384
3_13_18_0_32_34,2.38830312261414,0.9840617422507244,3.311320945945946,1.2153750000000008,6.888942528735633
3_13_21_18_0_0,2.9240148343258516,1.269471652160634,0.0,0.0,3.2872171428571426
3_14_0_0_17_0,1.7816396396396394,0.7777117117117123,1.3402452817224004,0.4171513284470909,3.79456
3_15_0_0_0_0,1.1854753702855396,0.5911187891281116,0.0,0.0,1.5094655172413796
3_15_2_11_9_0,2.647994514429684,1.4289982936326164,2.109983108108107,0.3624898648648664,5.537331428571429
3_16_0_0_25_13,1.178742117117117,0.5785382882882883,2.4572939189189187,0.8022601351351354,4.338268571428571
3_18_36_0_0_0,2.047725419911437,1.1071563368453194,0.0,0.0,2.496222857142857
3_19_0_0_28_1,1.2464234234234235,0.6685698198198197,3.0559358108108103,0.7990675675675688,5.079097142857142
3_19_0_0_8_22,1.2464234234234235,0.6685698198198197,5.087486486486486,-0.20221283783783672,5.939377142857143
3_19_29_0_0_0,1.9379864864864866,0.9893040540540542,0.0,0.0,2.3965485714285717
3_1_0_0_26_0,1.4208851351351353,0.6375270270270267,2.0213817567567567,1.6273074324324326,5.197611428571429
3_21_0_0_31_19,1.3765923423423425,0.6302522522522519,1.5108243815849747,1.3673748854786991,3.945005714285714
3_23_28_26_35_12,2.6259966216216215,2.4235844594594598,2.5736689189189192,1.062875,6.505704545454549
3_23_33_29_22_11,2.7004200450450453,1.540809684684684,4.235773648648649,-0.33207770270270137,6.790274285714286
3_24_0_0_36_38,1.3237162162162164,1.0302702702702695,2.41179054054054,0.8669189189189197,4.8708914285714275
3_24_5_0_13_0,1.787097972972973,1.3067027027027023,1.7850506756756754,0.3750202702702707,4.625577142857143
3_29_0_0_0_0,1.5324436936936938,0.6655765765765769,0.0,0.0,1.8890057142857137
3_29_18_13_0_0,3.079866185677203,1.304795976484959,0.0,0.0,3.3474285714285723
3_29_37_0_0_0,2.203783783783784,1.0572398648648647,0.0,0.0,2.5859028571428575
3_32_18_0_3_0,2.695946140632157,1.5617937242327076,1.8105270270270264,0.3804729729729739,5.692302857142858
3_33_23_14_16_0,2.949615990990991,1.6529448198198193,0.5848141891891894,0.380388513513513,4.338417142857143
3_34_0_0_30_0,1.739993243243243,0.776094594594595,1.9898378378378376,0.524418918918919,4.506850574712644
3_35_20_0_22_8,1.9859909909909912,1.23373536036036,5.087486486486486,-0.20221283783783672,6.953788571428573
3_36_13_2_0_0,3.0380923423423423,1.6430394144144143,0.0,0.0,3.581154285714286
3_38_0_0_29_29,1.5517725225225227,0.7271396396396392,3.607378378378378,0.7380608108108122,6.038408045977013
3_5_0_0_29_0,1.3042623873873873,0.621274774774775,1.803689189189189,0.3690304054054061,3.7176609195402297
3_8_29_19_17_0,2.940652027027027,1.5752533783783789,1.3402452817224004,0.4171513284470909,5.165982857142858
4_0_0_0_0_0,0.8924351045961215,0.5116324629714457,0.0,0.0,1.4315172413793102
4_0_0_0_16_7,0.8924351045961215,0.5116324629714457,2.4267162162162155,0.7490236486486497,4.078775862068966
4_0_0_0_37_0,0.8924351045961215,0.5116324629714457,1.4649256756756754,0.4056689189189195,3.121794285714286
4_10_11_1_37_0,3.1581851045961216,1.6297574629714453,1.4649256756756754,0.4056689189189195,5.425651428571429
4_10_15_0_8_0,2.156457772178958,1.2554505764238812,2.232209459459459,0.5472162162162166,5.2031600000000005
4_10_6_5_10_36,2.7646096541456706,1.7825187242327072,3.116766891891892,1.0111283783783787,6.999377142857144
4_11_20_27_3_7,2.9778382577492746,1.642249580088563,3.6524290540540525,0.7491081081081106,7.677308571428572
4_14_28_2_2_10,3.2972188883799047,1.8497709764849608,4.261726351351351,0.9859797297297304,9.024948571428572
4_15_37_30_0_0,2.7217640784852644,1.7407760268743315,0.0,0.0,3.410268571428572
4_16_15_33_0_0,2.374563628034814,1.3916589097572145,0.0,0.0,2.9356114285714283
4_17_10_0_20_22,2.427642311803329,1.3026718773858597,4.728631756756757,-1.015422297297297,7.079725714285715
4_19_0_0_25_13,1.2979778973889142,0.8353599404489231,2.4572939189189187,0.8022601351351354,4.610805714285714
4_20_16_14_0_0,2.728962131623148,1.581389219728203,0.0,0.0,3.1504057142857147
4_21_32_9_0_0,3.5137211406321573,2.069501832340816,0.0,0.0,4.336017142857145
4_24_1_0_3_0,1.955275194686212,1.4897450755840573,1.8105270270270264,0.3804729729729739,4.867617142857142
4_25_0_0_0_0,1.38299366315468,1.0058272827912655,0.0,0.0,1.9710228571428572
4_25_28_0_8_0,2.1508168613528778,1.4011155710795546,2.232209459459459,0.5472162162162166,5.220491428571428
4_26_21_0_26_15,2.077135555046572,2.0053171476561302,2.6208040540540543,1.999652027027027,6.870457142857145
4_28_8_0_27_0,2.66292384333486,1.4928700755840594,1.583672297297297,0.3158412162162167,5.150994285714287
4_29_0_0_0_0,1.5839981676591846,0.8323666972056802,0.0,0.0,2.129045714285714
4_2_0_0_0_0,1.5886366811726982,1.0216133188273018,0.0,0.0,2.183390804597701
4_2_28_0_9_0,2.356459879370896,1.4169016071155909,2.109983108108107,0.3624898648648664,5.359337142857143
4_30_0_0_2_21,1.7058292487402655,1.1028362918002745,2.6524898648648634,1.5083175675675697,5.318925714285713
4_30_10_0_1_0,2.6252571766681934,1.6003779584669409,1.510864864864864,0.3625439189189205,5.034588571428571
4_31_22_0_1_13,2.6108179874790043,1.2066752557642388,3.2959155405405394,0.7375641891891912,6.765194285714289
4_31_25_35_18_29,2.810417086578103,1.9050457512597343,3.1615135135135137,0.7614425675675678,7.1119942857142835
4_32_13_37_0_0,3.7130060505420674,2.1461493548633377,0.0,0.0,4.688908571428572
4_34_0_0_12_6,1.791547717208734,0.9428847152236983,3.0477871621621624,1.0705439189189185,5.945028571428571
4_34_19_0_11_0,2.1970905100015266,1.2666121927011758,1.3804966216216217,0.417351351351352,4.440827586206897
4_38_17_6_7_0,2.7084711406321578,1.6843396701786526,1.841902027027026,0.3686351351351367,5.422754285714285
4_3_0_0_15_37,1.733315735226752,0.8564748053137881,2.064347972972973,0.7780135135135139,4.6992457142857145
4_6_17_23_25_0,2.3658833027943196,1.7772214269354092,0.6722432432432432,0.4272398648648647,3.81692
4_6_34_31_14_17,3.1211321766681928,1.853313769277753,3.1689986601007787,0.8001209230416864,7.425520000000001
4_7_0_0_2_14,1.6393686631546802,0.8510840395480219,3.8816249999999997,0.8790574324324333,6.534657142857142
4_8_0_0_0_0,1.895100645136662,1.0975817872957703,0.0,0.0,2.533274285714286
4_8_17_0_0_0,2.5108799244159417,1.391079535043518,0.0,0.0,3.11764
4_9_22_30_22_0,3.441129924415941,1.7465288593678423,2.855277027027027,-0.7494290540540534,5.651902857142858
4_9_29_7_6_5,3.1880691136051307,1.5339849404489234,2.9474729729729736,0.8777939189189174,7.242828571428573
4_9_35_0_16_0,2.3367763208123375,1.359500706214689,0.5848141891891894,0.380388513513513,3.760137142857143
5_0_0_0_0_0,0.4633817567567566,0.2764324324324327,0.0,0.0,0.8017085714285717
5_0_0_0_17_7,0.4633817567567566,0.2764324324324327,3.1821473087494265,0.7857864635822276,4.335605714285714
5_0_0_0_25_14,0.4633817567567566,0.2764324324324327,2.5009966216216215,0.8102094594594601,3.6346457142857145
5_13_0_0_7_12,1.3841756756756756,0.6089932432432431,3.4359932432432423,0.9077432432432451,5.572371428571429
5_14_2_0_13_0,2.100342342342342,1.2192826576576588,1.7850506756756754,0.3750202702702707,4.730965714285714
5_16_22_0_36_0,1.6794065315315314,0.7916542792792796,0.9079121621621624,0.5212364864864862,3.2084628571428575
5_16_36_0_4_4,1.3814594594594594,0.9657837837837842,3.781486486486488,0.96439189189189,6.023748571428573
5_18_11_10_0_0,2.7757558253168426,1.4085313368453196,0.0,0.0,3.2554457142857145
5_18_31_7_23_0,2.6771634829745,1.336059489998473,0.5425878378378379,0.3908614864864863,3.892331428571429
5_19_11_31_0_0,2.4754617117117115,1.3415754504504511,0.0,0.0,2.924845714285714
5_24_37_0_33_0,1.6175574324324327,1.3535236486486477,1.4760168918918923,0.3817195945945939,4.123491428571429
5_28_0_0_0_0,1.2312049549549544,0.6717207207207219,0.0,0.0,1.6393999999999997
5_29_17_2_26_0,2.4669256756756757,1.400645270270271,2.0213817567567567,1.6273074324324326,6.3451257142857145
5_31_34_24_0_0,2.685549549549549,1.8066295045045049,0.0,0.0,3.396262857142857
5_34_4_0_38_0,2.2549294739654906,1.219317147656131,1.5038783783783778,0.3456824324324334,4.537834285714286
5_35_0_0_6_25,1.0505855855855852,0.7621340090090092,2.1259391891891894,0.9586756756756749,3.9618742857142863
5_37_28_0_0_0,1.9025450450450445,1.0633840090090096,0.0,0.0,2.3554628571428577
5_38_6_7_11_0,2.410572072072072,1.4950934684684682,1.3804966216216217,0.417351351351352,4.572525714285714
5_4_37_4_34_24,2.9195920560390896,1.691360646663612,3.264557432432433,1.3695236486486486,7.53665142857143
5_5_0_0_4_0,0.9267635135135132,0.5528648648648654,1.890743243243244,0.482195945945945,3.556434285714286
5_7_0_0_14_17,1.2103153153153152,0.615884009009009,3.1689986601007787,0.8001209230416864,5.212154285714286
6_0_0_0_0_0,0.4893648648648647,0.4969121621621624,0.0,0.0,1.062548571428572
6_0_0_0_1_14,0.4893648648648647,0.4969121621621624,3.339618243243242,0.7455135135135159,4.673354285714286
6_0_0_0_23_26,0.4893648648648647,0.4969121621621624,2.5639695945945946,2.018168918918919,5.071725714285714
6_0_0_0_29_0,0.4893648648648647,0.4969121621621624,1.803689189189189,0.3690304054054061,3.1262514285714285
6_0_0_0_38_7,0.4893648648648647,0.4969121621621624,3.345780405405404,0.7143175675675701,4.70362643678161
6_12_0_0_37_32,1.293439189189189,1.0820337837837841,3.169388513513513,1.151162162162163,5.7363125
6_14_5_34_0_0,2.7926182432432425,1.6374662162162177,0.0,0.0,3.3147371428571435
6_17_9_9_12_7,2.8194189189189185,1.514743243243244,3.4359932432432423,0.9077432432432451,7.3124971428571435
6_19_0_0_0_0,0.8949076576576576,0.8206396396396398,0.0,0.0,1.4663085714285713
6_20_0_0_14_35,1.0472713963963962,0.9001036036036036,2.8083310810810818,0.9067364864864871,4.666788571428571
6_21_0_0_22_29,1.0250765765765764,0.782322072072072,4.658966216216216,-0.38039864864864725,5.326125714285714
6_21_17_0_12_0,1.6408558558558557,1.0758198198198197,1.5940912162162162,0.5391081081081084,4.091657142857143
6_21_21_0_37_0,1.560788288288288,1.0677319819819817,1.4649256756756754,0.4056689189189195,3.7521028571428574
6_21_37_0_18_35,1.6964166666666665,1.1739853603603598,2.3374020270270277,0.9161790540540533,4.879804597701149
6_29_36_36_7_0,2.34136036036036,1.7289572072072077,1.841902027027026,0.3686351351351367,4.996079999999999
6_30_28_0_18_8,2.0705822072072064,1.4834042792792803,3.5900337837837837,0.9396283783783783,6.781542857142856
6_32_0_0_0_0,1.7178018018018013,1.4072049549549561,0.0,0.0,2.6542685714285716
6_35_27_0_24_0,1.8377477477477473,1.382140765765766,1.6576993243243248,0.8996418918918914,4.68601142857143
6_4_9_18_1_0,2.8655659299129637,1.6773698808978468,1.510864864864864,0.3625439189189205,5.270897142857143
6_5_12_33_0_0,2.556493243243243,1.7585202702702705,0.0,0.0,3.096091428571429
6_9_20_0_21_0,1.9044087837837833,1.2622702702702706,0.599618243243242,1.0122297297297318,3.83564
7_0_0_0_8_34,0.7469335585585587,0.3394515765765762,3.839067567567567,1.0170979729729739,5.429994285714287
7_14_15_37_0_0,2.7036273973125664,1.4102606810200031,0.0,0.0,3.1243942857142852
7_16_21_34_1_37,2.5196193693693694,1.2898096846846845,2.9757905405405394,0.76821283783784,6.366868571428572
7_19_30_22_33_29,2.8440337837837837,1.5359087837837833,3.2797060810810814,0.75075,6.95825287356322
7_21_33_8_26_0,3.0849831081081085,1.610864864864864,2.0213817567567567,1.6273074324324326,6.917582857142856
7_25_0_0_26_14,1.2374921171171172,0.833646396396396,3.850135135135135,2.010277027027028,7.058588571428572
7_25_5_14_0_0,2.641632882882883,1.5429481981981987,0.0,0.0,3.1565942857142857
7_26_0_0_19_27,1.3959222972972976,1.547726351351351,1.8588952702702697,1.2888344594594603,5.345172413793103
7_26_9_0_0_0,2.253059684684685,1.909893018018018,0.0,0.0,3.5057428571428573
7_2_23_6_0_0,2.300804054054054,1.8215236486486481,0.0,0.0,2.8783942857142857
7_34_2_0_16_0,2.3422477477477477,1.2806846846846849,0.5848141891891894,0.380388513513513,3.661857142857143
7_35_0_0_34_0,1.3341373873873874,0.8251531531531526,1.606858108108108,0.4698817567567572,3.65208
7_3_37_35_9_0,2.8463581081081086,1.5616587837837828,2.109983108108107,0.3624898648648664,5.830640000000001
7_8_22_0_31_5,2.627762387387387,1.2069268018018016,2.7293784356390294,0.7407397503435629,6.091011428571429
8_0_0_0_0_0,1.0026655405405405,0.5859493243243246,0.0,0.0,1.5919085714285708
8_0_0_0_1_0,1.0026655405405405,0.5859493243243246,1.510864864864864,0.3625439189189205,3.2692586206896546
8_0_0_0_21_1,1.0026655405405405,0.5859493243243246,2.110483108108106,1.3747736486486524,4.354268571428571
8_10_34_0_0_0,2.821206081081081,1.5147432432432435,0.0,0.0,3.33956
8_11_0_0_11_0,1.7689831081081082,0.9138479729729734,1.3804966216216217,0.417351351351352,4.0940457142857145
8_14_1_17_29_0,3.1392083333333334,1.6050011261261266,1.803689189189189,0.3690304054054061,5.807902857142858
8_14_30_0_23_0,2.756818693693693,1.6100225225225233,0.5425878378378379,0.3908614864864863,3.997302857142857
8_15_0_0_0_0,1.3472602801954494,0.8322257711100938,0.0,0.0,1.8924742857142856
8_23_0_0_17_29,1.3709695945945946,1.061128378378378,3.1439344709115895,0.786181733852497,5.505628571428572
8_23_21_29_16_0,2.5982443693693695,1.6672725225225222,0.5848141891891894,0.380388513513513,3.926154285714286
8_23_7_24_0_0,2.6007387387387393,2.0860078828828814,0.0,0.0,3.369588571428572
8_24_35_0_0_0,2.072704954954955,1.7570788288288282,0.0,0.0,2.8494685714285723
8_26_0_0_0_0,1.6516542792792792,1.7942240990990994,0.0,0.0,2.9695142857142858
8_26_21_0_5_0,2.187365990990991,2.079634009009009,1.4937770270270274,0.3463581081081073,5.191337142857142
8_27_0_0_18_0,1.7638445945945944,0.9854763513513518,1.3578243243243246,0.3924121621621617,3.9022914285714285
8_2_10_0_26_0,2.6182950450450453,1.593471846846847,2.0213817567567567,1.6273074324324326,6.4364742857142865
8_35_9_0_0_0,2.4470067567567564,1.433817567567568,0.0,0.0,2.9675542857142854
8_3_5_0_9_0,2.306927927927928,1.2072240990990997,2.109983108108107,0.3624898648648664,5.264348571428572
9_0_0_0_0_0,0.8571373873873872,0.3621666666666669,0.0,0.0,1.1884514285714287
9_0_0_0_14_33,0.8571373873873872,0.3621666666666669,3.3047702702702706,0.7646891891891894,4.925434285714285
9_0_0_0_1_0,0.8571373873873872,0.3621666666666669,1.510864864864864,0.3625439189189205,2.9286800000000004
9_12_26_35_0_0,2.897404279279279,2.64126463963964,0.0,0.0,4.122971428571429
9_13_31_0_0_0,2.6181509009009005,1.1082443693693695,0.0,0.0,2.9245257142857146
9_15_14_28_6_0,2.910314334249503,1.4366007711100952,1.4536959459459462,0.5314358108108101,5.111411428571429
9_17_23_0_0_0,1.8412207207207207,1.130843468468468,0.0,0.0,2.3564342857142857
9_19_17_29_19_0,2.570022522522523,1.3001261261261265,0.2752229729729727,0.9729932432432437,4.042245714285714
9_1_16_10_0_0,2.6944313063063063,1.3860889639639637,0.0,0.0,3.1143885714285715
9_21_34_19_0_0,2.6975045045045043,1.4025563063063067,0.0,0.0,3.078445714285715
9_22_0_0_15_17,1.7353006756756755,0.6436925675675678,1.939667579019698,0.7894959230416854,4.344108571428572
9_28_22_16_2_0,2.8409853603603596,1.2726768018018029,2.0528716216216214,0.4960878378378379,5.5247142857142855
9_28_4_0_10_0,2.5173956901817065,1.2690874179264018,2.2088547297297296,0.4898918918918924,5.580439999999999
9_29_19_20_0_0,2.5121497747747745,1.4098198198198202,0.0,0.0,2.8555999999999995
9_29_29_35_0_0,2.827467342342342,1.4893367117117124,0.0,0.0,3.2631839080459755
9_2_5_0_0_0,2.0167207207207203,1.1485799549549558,0.0,0.0,2.502068571428571
9_30_26_0_0_0,2.31952027027027,2.1616452702702706,0.0,0.0,3.566937142857143
9_32_0_0_0_0,2.0855743243243237,1.2724594594594605,0.0,0.0,2.921057142857143
9_33_25_0_38_36,2.147368243243243,1.2564155405405404,2.41179054054054,0.8669189189189197,5.4521999999999995
9_35_24_35_20_0,2.5143806306306304,2.018997747747747,1.87335472972973,-0.2659932432432437,4.649577142857142
9_35_8_0_16_0,2.4470067567567564,1.433817567567568,0.5848141891891894,0.380388513513513,3.8073542857142857
9_36_14_0_0_0,2.378112612612612,1.2506914414414423,0.0,0.0,2.8137828571428574
9_7_35_0_34_0,2.1912747747747745,1.1873198198198196,1.606858108108108,0.4698817567567572,4.485434285714286
